:020000040800F2
:10000000200B0024AD02000803570008B954000873
:1000100001570008BF0800086D63000800000000D9
:100020000000000000000000000000004959000826
:10003000BD0F000800000000055700084B590008DC
:10004000CB020008CB020008CB020008CB0200085C
:10005000CB020008CB020008CB020008CB0200084C
:10006000CB020008CB020008CB020008CB0200083C
:10007000CB020008CB020008CB020008CB0200082C
:10008000CB020008CB020008CB020008CB0200081C
:10009000CB020008CB020008CB020008CB0200080C
:1000A000CB020008CB020008CB020008CB020008FC
:1000B000CB020008CB020008CB020008CB020008EC
:1000C000CB020008CB020008CB020008CB020008DC
:1000D000CB02000861630008CB020008CB020008D5
:1000E000CB020008CB02000800000000CB02000891
:1000F000CB020008CB020008CB020008CB020008AC
:10010000CB020008CB020008CB020008CB0200089B
:10011000CB020008CB020008CB020008CB0200088B
:100120006D0B0008790B0008CB020008CB02000819
:10013000CB020008CB020008CB020008CB0200086B
:1001400000000000000000000000000000000000AF
:10015000CB020008CB020008CB020008CB0200084B
:10016000CB020008CB020008CB020008CB0200083B
:10017000CB020008CB020008CB0200080000000000
:10018000CB020008CB020008CB020008CB0200081B
:10019000CB020008CB020008CB020008CB0200080B
:1001A000CB020008CB020008CB020008CB020008FB
:1001B000CB020008CB020008CB020008CB020008EB
:1001C000CB020008CB020008CB020008CB020008DB
:1001D000CB020008CB020008CB020008CB020008CB
:1001E000CB020008CB020008CB020008CB020008BB
:1001F000CB020008CB020008CB020008CB020008AB
:10020000CB020008CB020008CB020008CB0200089A
:10021000CB020008CB020008CB020008CB0200088A
:10022000CB020008CB020008CB020008000000004F
:10023000CB020008CB02000800000000CB0200083F
:10024000CB020008CB020008CB020008CB0200085A
:10025000CB020008CB020008CB020008CB0200084A
:10026000CB020008CB020008CB020008CB0200083A
:10027000CB020008CB020008CB02000800000000FF
:10028000CB020008CB020008CB02000800000000EF
:1002900000000000CB020008DFF80CD000F08EFA5E
:1002A00000480047B16F0008200B00240748804732
:1002B0000748804707480047FEE7FEE7FEE7FEE7FE
:1002C000FEE7FEE7FEE7FEE7FEE7FEE7791000083F
:1002D000FD590008990200082DE9F05F054600204D
:1002E00092469B4688460646814640241BE02846A7
:1002F00041464746224600F069F853465A46C01A1E
:10030000914110D311461846224600F050F82D1A9C
:1003100067EB01084F4622460120002100F047F814
:1003200017EB00094E41201EA4F10104DFDC484612
:1003300031462A464346BDE8F09F40EA01039B0749
:1003400003D009E008C9121F08C0042AFAD203E04A
:1003500011F8013B00F8013B521EF9D27047D2B2AE
:1003600001E000F8012B491EFBD270470022F6E79E
:1003700010B513460A4604461946FFF7F0FF20461B
:1003800010BD30B50B46014600202022012409E0B3
:1003900021FA02F59D4205D303FA02F5491B04FA3E
:1003A00002F52844151EA2F10102F1DC30BD202A1D
:1003B00004DB203A00FA02F1002070479140C2F1BC
:1003C000200320FA03F3194390407047202A04DBEE
:1003D000203A21FA02F00021704721FA02F3D040BE
:1003E000C2F1200291400843194670472DE9FE4FA3
:1003F000804681EA0300C00F0C46009021F00041C6
:1004000023F00045B8EB0200A94105D24046214641
:1004100090461C460B46024623F00040104347D04E
:10042000270DC7F30A00C3F30A510290401A019046
:1004300040286BDAC3F3130040F4801B0098924607
:1004400020B10023D2EB030A63EB0B0B0198594652
:10045000C0F140025046FFF7AAFF06460D4650463F
:100460005946019A00F0BCF910EB080061410024E4
:1004700087EA115284EAE7731A4340D0009A62B3C4
:10048000019A012A4FEA075215DC001B61EB0201B9
:100490004FF0004202EA0752CDE90042001C41F54C
:1004A000801132462B4600F0BCF903B0BDE8F08F56
:1004B00040462146F9E7001B61EB0201001C41F5B3
:1004C000801300185B412018A2F5001747EB0301C9
:1004D00040EAD570B6196D4111E06D084FEA360655
:1004E00045EAC0754FEA0752001B61EB0201001C90
:1004F00041F5801149084FEA300000195141324658
:100500002B4603B0BDE8F04F00F07CB90098012203
:1005100040000023D0EB020263EBE0730098214619
:100520004FEAE074B8EB000061EB0401E9E783F007
:1005300000435BE781F0004158E72DE9FE4F81EA77
:10054000030404F0004421F0004100944FF0000B3C
:1005500023F0004350EA01045ED052EA03045BD06A
:10056000C3F30A54C1F30A552C44A4F2F3340194A2
:10057000A0FB0254C1F3130141F48011C3F3130330
:1005800043F4801301FB024400FB034E840A970AE4
:1005900044EA815447EA8357A4FB076802958D0A11
:1005A00005FB07854FEA932C04FB0C542705029D9D
:1005B0004FEA065847EA1637B5EB08056EEB070C0D
:1005C000870E920E47EA811742EA8312A7FB0201C7
:1005D000B6EB0B0164EB00042B0D43EA0C335E1801
:1005E00044EB1C50DA465146E7FB0201C5F3130405
:1005F0004FEA0B3343EA14534FEA0432019C43EAB7
:100600000603A4F10C040294009CCDE900B400F0B0
:1006100008F903B0BDE8F08F00200146F9E72DE9A5
:10062000F04D81EA030404F0004B21F0004514462C
:100630004FF0000A23F0004150EA050220D054EAAE
:1006400001021DD0C5F30A570246C5F31303C1F3D7
:100650001300C1F30A5640F4801543F48013A7EB4E
:100660000608101BD64608F2FD3873EB050002D3CE
:1006700008F1010801E092185B41B8F1000F03DABC
:1006800000200146BDE8F08D00204FF480110646A1
:1006900084460EE0171B73EB050705D3121B63EBB3
:1006A000050306434CEA010C49084FEA3000921852
:1006B0005B4150EA0107EDD152EA030012D082EA11
:1006C000040083EA0501084305D0101BAB4106D2A4
:1006D0000122002306E000224FF0004302E06FF009
:1006E000010253101AEB06004CEB085110EB0A0004
:1006F00041EB0B01BDE8F04D00F084B8C1F30A52A4
:10070000C1F3130140F2FF3341F480119A4202DA3F
:1007100000200146704740F233439A42A2F233422E
:1007200002DC5242FFF752BEFFF741BE30B5041E55
:1007300071F1000404DB4FF00044404264EB01011E
:10074000141E73F1000405DB1C464FF000435242B7
:1007500063EB0403994208BF904230BD70B5044674
:1007600001F000450020054304D14FF000456442EC
:1007700065EB010103F00045284305D118464FF011
:100780000043524263EB0003101B73EB010002D2E3
:100790004FF0004009E082EA040283EA01034FF0CF
:1007A00000501A4301D14FF0C0404FEA2062EFF3EE
:1007B000008162F31F6181F3008870BD064C074D14
:1007C00006E0E06840F0010394E807009847103421
:1007D000AC42F6D3FFF764FD4C7600086C76000857
:1007E000202A06DBCB17203A41FA02F043EAE073F5
:1007F00006E041FA02F3D040C2F1200291400843E2
:100800001946704710B5141E73F1000408DA401C35
:1008100041F1000192185B411A4301D120F001001F
:1008200010BD2DE9F04D92469B4611B1B1FA81F20F
:1008300002E0B0FA80F220329046FFF7B8FD04469D
:100840000F4640EA0A0041EA0B0153465A46084364
:1008500013D0114653EA010019D0C8F140025046A6
:10086000FFF7B4FD05460E46504659464246FFF78F
:100870009EFD084305D0012004E020463946BDE82E
:10088000F08D0020054346EAE0762C4337430A9872
:100890006305E40AA0EB08000022FD0A44EA47547D
:1008A0000A3002D500200146E9E701051019694127
:1008B000DDE9084500196941BDE8F04DA2E7FEE712
:1008C00030B5002308E000BF01EB830504682D6804
:1008D0004FEA354525605B1CB3EB520FF4D3D207CA
:1008E00003D0026831F8231011800068006830BD21
:1008F000F0B500230BE000BF01EB83040568266818
:10090000E77834BA24F0FF043C432C605B1CB3EB63
:10091000920FF1D394071BD002F00304012C03D1F2
:10092000056811F823602E70022C05D101EB8304B9
:100930000568248864BA2C80D243920708D101EB61
:1009400083020368118849BA19809178026811708E
:1009500000680068F0BD000070B50A4DE86F01F056
:1009600037FA002407E0012002F0DAF8641CE86F8F
:10097000E4B201F02DFA012802D0642CF3D3002058
:1009800070BD0000D003002470B5224C207B0528E8
:1009900009D021A006F0F4FA207B0325042804D016
:1009A00001280AD020E026A02FE032A006F0E8FAC5
:1009B0002573BDE8704006F0FBBD616839A006F004
:1009C000DFFA606806F02EFA30B10420207306F0DA
:1009D000EFFD04F013FE0FE03CA006F0D1FA257302
:1009E0000020606106F0E4FD606806F01BFA6168B3
:1009F00038B140A006F0C4FA6068BDE8704004F069
:100A000069BD44A006F0BCFA4BA0BDE8704006F0FA
:100A1000B7BA000010000024436865636B696E6715
:100A2000206170707320286865616465722F43527D
:100A30004320656E61626C6564290D0A0000000048
:100A4000426F6F742D7570207570677261646520D8
:100A5000696E2070726F67726573732E20537461B4
:100A60007920696E20626F6F746C6F616465722E9D
:100A70000D0A000050726576696F75732041505001
:100A800020636865636B2074696D6564206F75749D
:100A90002E204D61726B696E67206661696C6564BA
:100AA0002E0D0A0050656E64696E67207570646172
:100AB00074652073746174652073657420666F7249
:100AC000203078253038580D0A00000050656E64DB
:100AD000696E672061707020696E76616C69642E42
:100AE000204D61726B696E67206661696C65642E6A
:100AF0000D0A00004163746976652041505020431F
:100B00006865636B204F4B3A203078253038580D9C
:100B10000A0000004163746976652041505020430B
:100B20006865636B204661696C65643A203078259E
:100B30003038580D0A0000004E6F2076616C6964F1
:100B4000206170706C69636174696F6E20666F7587
:100B50006E642E205374617920696E20626F6F7409
:100B60006C6F616465722E0D0A000000014801F08F
:100B700033B90000F8040024014801F02DB9000049
:100B800070050024294A016891423AD0274A183258
:100B9000914236D0254A3032914232D0234A4832EF
:100BA00091422ED0214A603291422AD01F4A783297
:100BB000914226D01D4A9032914222D01B4AA8323F
:100BC00091421ED01A4A91421BD0194A18329142C2
:100BD00017D0174A3032914213D0154A4832914209
:100BE0000FD0134A603291420BD0114A78329142B1
:100BF00007D00F4A9032914203D00D4AA832914259
:100C000011D1CAB21823103AB2FBF3F26FF3090103
:100C1000032A02F00703074AD25CC26500D9091D06
:100C200081650846704721F0FF01F9E71000024096
:100C3000100402400C76000830B5224A01230168F6
:100C40009142CAB21BD01F4C1434A14217D01D4C84
:100C50002834A14213D01B4C3C34A1420FD0194C74
:100C60005034A1420BD0174C6434A14207D0154C2C
:100C70007834A14203D0134C8C34A1420CD11421FE
:100C8000114C083AB2FBF1F10F4A803201F01F0516
:100C900004EB8101AB4010E00C4D1824103A0D44D8
:100CA000B2FBF4F1A82D00D80831094A01F01F0465
:100CB00002EB8101064AA3408032603080E80E00DA
:100CC00030BD00000854025800580258F0FBFDBF28
:100CD0000008024010B50279531E072B2DD8174C7F
:100CE0000168A1421BD0154C1434A14217D0134CFB
:100CF0002834A14213D0114C3C34A1420FD00F4CE8
:100D00005034A1420BD00D4C6434A14207D00B4C9F
:100D10007834A14203D0094C8C34A14203D1084954
:100D2000074C443102E00749064C443104EB82028F
:100D3000C0E91B2101219940416710BD08540258A8
:100D4000FC580258FC08024010B583694FF0C0748B
:100D5000826A0146002053B1B3F5005F15D072B12D
:100D6000012A0CD0022A0AD0032A09D104E01AB1C0
:100D7000012A06D0022A03D1C96AC90100D501207F
:100D800010BDC96AA142FAD010BD002AF7D0012ACD
:100D9000F2D0022AF3D0032AF3D010BD2DE9F04F90
:100DA000804E804FDFF8FC911836DFF8F8A1483705
:100DB0000468856D0AF1300ADFF8ECB14C45DFF8C4
:100DC000ECC1DFF8ECE16DD0B4426BD0544569D092
:100DD000BC4267D0DFF8D081A8F11808444561D043
:100DE0005C455FD064455DD074455BD0DFF8C4815D
:100DF000444557D0DFF8BC8108F11808444551D06C
:100E0000DFF8B08108F1300844454BD0DFF8A48109
:100E100008F14808444545D0DFF8988108F160089A
:100E200044453FD0DFF88C8108F17808444539D03B
:100E3000DFF8808108F19008444533D0DFF87481F1
:100E400008F1A80844452DD0DFF86C81444529D02D
:100E5000DFF8648108F11408444523D0DFF8588195
:100E600008F1280844451DD0DFF84C8108F13C0802
:100E7000444517D0DFF8408108F15008444511D0AF
:100E8000DFF8348108F1640844450BD0DFF828818D
:100E900008F17808444505D0DFF81C8108F18C087A
:100EA000444509D1D0E91948C4F80480C46E1CB186
:100EB000D0E91C48C4F8048004684C452ED0B442E4
:100EC0002CD054452AD0BC4228D0374E183EB442CC
:100ED00024D05C4522D0644520D074451ED0354EC8
:100EE000B4421BD0334E1836B44217D0314E303690
:100EF000B44213D02F4E4836B4420FD02D4E603638
:100F0000B4420BD02B4E7836B44207D0294E9036DF
:100F1000B44203D0274EA836B44215D190F85C6095
:100F20003F2406F01F06B440AC600468256825F431
:100F3000802525602EE09A600068C160BDE8F08FD2
:100F400099600068C260F9E71B4EB4421BD01A4E8C
:100F50001436B44217D0184E2836B44213D0164E69
:100F60003C36B4420FD0144E5036B4420BD0124E21
:100F70006436B44207D0104E7836B44203D00E4ED9
:100F80008C36B442DAD190F85C60012406F01F067A
:100F9000B4406C60046863608368402B0368CFD101
:100FA000C9E700001000024088000240A000024093
:100FB000B800024010040240085402587047000074
:100FC00028494FF4967210B501F5967003F042FE71
:100FD00025482649006888423AD024491831884279
:100FE00036D022493031884232D0204948318842B7
:100FF0002ED01E49603188422AD01C49783188425F
:1010000026D01A499031884222D01849A831884206
:101010001ED0174988421BD015491831884217D075
:1010200013493031884213D01149483188420FD0DA
:101030000F49603188420BD00D497831884207D082
:101040000B499031884203D00949A831884203D125
:10105000016821F0080102E0016821F0040101604B
:1010600010BD0000A4020024F80400241000024077
:101070001004024072B6FEE70548054908390268C7
:1010800042F00202026008688004FCD5704700004C
:101090000C48025830B587B005460024009400F093
:1010A00073F901460120B5F1016FCDE9021000D3BB
:1010B0000220059405A90190684601F043FD07B0A0
:1010C00030BD000030B584240D4BCD0744EA00202C
:1010D00007D0DC6824F4E664DC60DC681443044375
:1010E000DC6089070BD5D3F80C1121F4E661C3F855
:1010F0000C11D3F80C1111430143C3F80C1130BD8E
:1011000000200052CB431D4A9B0720D0CB070AD0BA
:10111000D36823F03003D360D3680343D360D3682C
:1011200043F08803D360890710D5D2F80C1121F061
:101130003001C2F80C11D2F80C110143C2F80C11A5
:10114000D2F80C0140F08800C2F80C017047D16859
:1011500021F03001D160D2F80C1121F03001C2F839
:101160000C11D1680143D160D2F80C110143C2F8CF
:101170000C11906940F010009061704700200052FF
:10118000002A10B509D0002305E000BF10F8014B7C
:101190005B1C01F8014B9342F8D310BD2DE9F047D9
:1011A00004250E46804601F0C5FF022E814600D17F
:1011B000274DDFF8A0A0284C05EA0A0777B3D4F83A
:1011C000100125EA00004000D0B1012E2AD02349A9
:1011D000D4F81001084040F00040410026D02049DA
:1011E0008A6910EA0A0F42EA00028A6101D160614D
:1011F00003E020F00040C4F814010120BDE8F087AE
:10120000B8F1FF3FDAD001F095FFA0EB09014145AD
:1012100002D8B8F1000FD1D10320EFE7206925EA09
:101220000000D1E70F4920690840D6E7012E4FF4AE
:10123000803007D0D4F81011C90301D5C4F81401C7
:101240000020DBE72169C903FAD56061F8E70000F7
:1012500004000080F0FF10E0002000520000EE9734
:10126000040700240000EE172DE9F04188B016466F
:101270000F468046012080F31088002501F064FDB0
:101280004FF0FF3420B1002080F3108825462EE077
:10129000404604F012F930B14046FFF7FBFE10B1B2
:1012A00001F0DAFCEFE700241FE020216846FFF799
:1012B0005DF8301B00EE100AB8EEC01B9FED130B5B
:1012C00005F0F6F8BCEEC00B3919684610EE102A8E
:1012D000FFF733F801206A4608EB040101F0D4FC63
:1012E00010B16FF0010502E02034A642DDDC01F010
:1012F000B3FC18B1002080F31088C51E002080F3D5
:10130000108808B02846BDE8F08100000000000009
:10131000000040402DE9F041002406464AF6AA2785
:101320004FEA04052DED028B9FED148B06EB441064
:10133000006881B2B94216D1000C2546001D00EEAE
:10134000100AB8EE400B20EE080B05F039F801EE5C
:10135000104AB8EE411B30EE010BBCEEC00B10EE94
:10136000100A84B2E2E7074806EB451206EB441187
:10137000C0E90012BDEC028BBDE8F0810000000066
:101380000000A03F000000240021A0F100634FF402
:101390000032934245D3A0F10163934241D32249E5
:1013A0000144914203D321490144914201D20121D8
:1013B00037E01F490144914203D31E490144914241
:1013C00001D202212DE01C490144914203D31B4963
:1013D0000144914201D2032123E019490144914281
:1013E00003D318490144914201D2042119E016495E
:1013F0000144914203D315490144914201D2052190
:101400000FE013490144914203D312490144914230
:1014100001D2062105E010490144914200D30F4951
:1014200007210846704700000000FEF70000EEF7B5
:101430000000FCF70000ECF70000FAF70000EAF704
:101440000000F8F70000E8F70000F6F70000E6F704
:101450000000F4F70000E4F70000F2F700001E08B7
:10146000F0B50446C8074FF0000010D01E23012637
:1014700003F01F0706FA07F50D4201D15B1EF7D2F4
:101480007AB1082A0BD0102A06D0182A01D00120E0
:10149000F0BD072BFBD204E0082BF8D201E0102BA3
:1014A000F5D22368596121688B6823F01803134330
:1014B0008B60F0BD70B50446036A0220607700209F
:1014C000012B0FD0022B11D0032B12D105E000BF4E
:1014D000236851F820501D60401C9042F8D32068CA
:1014E000006806E02046FFF703FA02E02046FFF717
:1014F000E7F90121617770BD70B50446022060777D
:10150000002023689D6845F001059D60236A012B3A
:101510000ED0022B10D0032B11D104E0236851F818
:1015200020501D60401C9042F8D32068006806E0FF
:101530002046FFF7DDF902E02046FFF7C1F901215F
:10154000617770BD10B5040010D0607F20B9002015
:101550002077204600F040F821790220607739B1E9
:10156000D4E902122046FFF77BFF48B1012010BDED
:101570002168114848612068816821F01801816064
:101580006079A0B12168206908610122206863693F
:10159000816821F06001194381602068A369816836
:1015A00021F08001194381606277002010BD21681D
:1015B0004FF0FF30E8E70000B71DC10400680449A0
:1015C000884204D10348016821F40021016070477A
:1015D000004C0258E044025808B5006806498842A9
:1015E00008D10648016841F400210160006800F458
:1015F0000020009008BD0000004C0258E044025852
:101600002DE9F84F044601F095FD00903CB194F8A7
:101610003500022806D0802161650020E4E0012029
:10162000BDE8F88FC74DC74EC6491835206830361B
:10163000DFF81483DFF814938842DFF814A3DFF88F
:1016400014B32ED0A8422CD0B0422AD0404528D086
:10165000484526D0504524D0584522D0BD4A18329E
:1016600090421ED0BC4A90421BD0BB4A18329042D6
:1016700017D0B94A3032904213D0B74A483290421C
:101680000FD0B54A603290420BD0B34A78329042C4
:1016900007D0B14A9032904203D0AF4AA83290426C
:1016A00009D1026822F01E0202602068426922F01D
:1016B0008002426103E0026822F00E0202602768A5
:1016C0008F4238464DD0A8424BD0B04249D0404519
:1016D00047D0484545D0504543D0584541D09D4A14
:1016E000183290423DD09C4A90423AD09A4A1832E1
:1016F000904236D0984A3032904232D0964A4832A0
:1017000090422ED0944A603290422AD0924A783247
:10171000904226D0904A9032904222D08E4AA832EF
:1017200090421ED08D4A90421BD08C4A1432904277
:1017300017D08A4A2832904213D0884A3C329042CD
:101740000FD0864A503290420BD0844A6432904285
:1017500007D0824A7832904203D0804A8C32974236
:1017600004D1206E026822F48072026075492068FC
:10177000884228D0A84226D0B04224D0404522D06A
:10178000484520D050451ED058451CD071491831CD
:10179000884218D07049884215D06F491831884264
:1017A00011D06D49303188420DD06B4948318842A3
:1017B00009D069496031884205D06749783188424B
:1017C00001D065499031016821F0010101600EE00E
:1017D00001F0B0FC0099401A052808D92022626562
:1017E0000321002084F8351084F8340017E73868A6
:1017F000C007EDD1534A0121206890422ED0A84263
:101800002CD0B0422AD0404528D0484526D050455B
:1018100024D0584522D04F4B183398421ED04E4BFF
:1018200098421BD04C4B1833984217D04A4B303358
:10183000984213D0484B483398420FD0464B603300
:1018400098420BD0444B7833984207D0424B9033A8
:10185000984203D0404BA833984208D194F85C706A
:101860003F23A06D07F01F07BB40836007E094F89B
:101870005C30A06D03F01F0301FA03F3436020689E
:1018800090424DD0A8424BD0B04249D0404547D0BD
:10189000484545D0504543D0584541D02D4A18328F
:1018A00090423DD02C4A90423AD02B4A1832904276
:1018B00036D0294A3032904232D0274A48329042BC
:1018C0002ED0254A603290422AD0234A7832904264
:1018D00026D0214A9032904222D01F4AA83290420C
:1018E0001ED01E4A90421BD01C4A1432904217D080
:1018F0001A4A2832904213D0184A3C3290420FD0F4
:10190000164A503290420BD0144A6432904207D0AB
:10191000124A7832904203D0104A8C3290420BD156
:10192000D4E919024260E06E30B1026822F480729C
:101930000260D4E91C024260002084F8351084F86B
:1019400034006DE610000240580002407000024072
:1019500088000240A00002401004024008540258CF
:101960002DE9F05F28B190F83510022904D08021CC
:1019700041650120BDE8F09F904C904B0168183CF8
:1019800018338E4ADFF83C92A1428D4CDFF838E2E2
:101990008E4FDFF83CB2DFF83CA28F4D8F4E31D036
:1019A00091422FD099422DD0A1422BD0494529D028
:1019B000714527D0B94225D0DFF810C20CF1180CC0
:1019C00061451FD0DFF808C2ACF1600C614519D049
:1019D000DFF8FCC1ACF1480C614513D0DFF8F0C171
:1019E000ACF1300C61450DD0DFF8E4C1ACF1180C5E
:1019F000614507D0594505D0514503D0A94201D0D2
:101A0000B1422CD1DFF8B4C14FF0040880F8358022
:101A1000ACF1180C61451DD091421BD0994219D0F0
:101A2000A14217D0494515D0714513D0B94211D004
:101A30006648183081420DD065486038814209D02F
:101A400063484838814205D061483038814201D02E
:101A50005F481838086820F001000860ABE0D1F852
:101A600000C02CF00E08DFF854C1C1F80080ACF1C2
:101A7000180C0168614527D0914225D0994223D0A6
:101A8000A14221D049451FD071451DD0B9421BD07C
:101A9000DFF838C10CF1180C614515D0DFF830C102
:101AA000ACF1600C61450FD0DFF824C1ACF1480CFB
:101AB000614509D0DFF818C1ACF1300C614503D0A5
:101AC000DFF80CC1ACF1180CD1F800C02CF0010CFF
:101AD000C1F800C0DFF8E4804FF0010C0168A8F104
:101AE0001808414546D0914244D0994242D0A14283
:101AF00040D049453ED071453CD0B9423AD0334AF6
:101B00001832914236D0324A603A914232D0304A4D
:101B1000483A91422ED02E4A303A91422AD02C4A4D
:101B2000183A914226D0594524D0514522D0A94295
:101B300020D0B1421ED02A4A91421BD0284A1432EA
:101B4000914217D0264A2832914213D0244A3C327F
:101B500091420FD0224A503291420BD0204A643237
:101B6000914207D01E4A7832914203D01C4A8C32EF
:101B7000914218D1016E0A6822F480720A6090F8CE
:101B80005C20816D02F01F020CFA02F24A60D0E97B
:101B900019124A60C16E31B10A6822F480720A607B
:101BA000D0E91C124A600022016D80F835C080F82F
:101BB000342001B188470020DCE600002800024004
:101BC000580002407000024088000240A00002401D
:101BD0007004024088040240A0040240B80402409D
:101BE000085402582DE9F05F04007DD06D4A6D4B1A
:101BF0006C491832206830336B4E6C4F8842DFF8E6
:101C0000B0C1DFF8B081DFF8B091DFF8B0A1DFF844
:101C1000B0B1DFF8B0E121D090421FD098421DD082
:101C2000B0421BD0B84219D0604517D0404515D0FE
:101C3000484513D0504511D058450FD070450DD0B0
:101C4000604D1835A84209D05E4D3035A84205D008
:101C50005C4D4835A84201D05A4D6035056825F0E5
:101C60000105056020680025884227D0904225D0D4
:101C7000984223D0B04221D0B8421FD060451DD039
:101C800040451BD0484519D0504517D0584515D070
:101C9000704513D04B49183188420FD04949303133
:101CA00088420BD047494831884207D045496031C6
:101CB000884203D043497831884218D121210560F8
:101CC00020684560206885602068C56020680561DF
:101CD000206841612046FEF755FF94F85C203F21C3
:101CE00002F01F02914000E059E0816031E0364986
:101CF00088421BD034491431884217D032492831E8
:101D0000884213D030493C3188420FD02E4950319F
:101D100088420BD02C496431884207D02A49783157
:101D2000884203D028498C31884238D10560206828
:101D30004560206885602068C56020680561204690
:101D4000FEF720FF94F85C20012102F01F02914071
:101D500041602046FEF770FF206E18B10560D4E99F
:101D6000190141606068401E072807D82046FEF729
:101D7000B1FFE06E0560D4E91C014160E5662567AE
:101D80006567E56325646564A564E5642565656547
:101D900084F83550002084F83450BDE8F09F0120CD
:101DA000FBE70000100002405800024070000240B3
:101DB00088000240A0000240B80002401004024027
:101DC000280402404004024008540258406D704705
:101DD00090F83500704700002DE9FC5F0446F74E8F
:101DE0000020DFF8D88300904FF41652F44808F131
:101DF0001808A56DDFF8C493DFF8C0A3016809F1E6
:101E0000300920680AF1480AB1FBF2F1B0420191B1
:101E10002F68D5F800C0DFF8ACB335D04146884212
:101E200032D0484530D050452ED058452CD0E549C9
:101E30001831884228D0E3493031884224D0E14922
:101E40004831884220D0E04988421DD0DE4918310F
:101E5000884219D0DC493031884215D0DA494831FE
:101E6000884211D0DFF860E30EF1600E70450BD0B0
:101E7000D54A7832904207D0D34B9033984203D062
:101E8000D149A83188427DD194F85C20082102F024
:101E90001F0201FA02F23A424AD0B04232D0404523
:101EA00030D048452ED050452CD058452AD0C54A70
:101EB0001832904226D0C34A3032904222D0C14AD2
:101EC000483290421ED0C04A90421BD0BE4A1832BF
:101ED000904217D0BC4A3032904213D0BA4A4832AE
:101EE00090420FD0B84A603290420BD0B64A783256
:101EF000904207D0B44A9032904203D0B24AA832FE
:101F0000904203D1026802F0040202E0026802F08B
:101F100008026AB1026822F00402026094F85C00D0
:101F200000F01F008140A960606D40F00100606515
:101F300094F85C00012100F01F008140394240D03C
:101F40002068B04234D0404532D0484530D050456A
:101F50002ED058452CD09B4A1832904228D0994A0E
:101F60003032904224D0974A4832904220D0964A4C
:101F700090421DD0944A1832904219D0924A303281
:101F8000904200E0AFE113D08F4A483290420FD028
:101F90008D4A603290420BD08B4A7832904207D003
:101FA000894A9032904203D0874AA83290427DD12C
:101FB000406910F0800F04D0A960606D40F002000D
:101FC000606594F85C00042100F01F0081403942F4
:101FD0003ED02068B04232D0404530D048452ED067
:101FE00050452CD058452AD0764A1832904226D0F7
:101FF000744A3032904222D0724A483290421ED007
:10200000714A90421BD0704A1832904217D06E4AE3
:102010003032904213D06C4A483290420FD06A4A14
:10202000603290420BD0684A7832904207D0664ABC
:102030009032904203D0644AA83290424ED1006858
:1020400010F0020F04D0A960606D40F004006065DC
:1020500094F85C00102100F01F008140394258D0F4
:102060002068B04234D0404532D0484530D0504549
:102070002ED058452CD0534A1832904228D0514A7D
:102080003032904224D04F4A4832904220D04E4ABB
:1020900090421DD04C4A1832904219D04A4A3032F0
:1020A000904215D0484A4832904200E014E00FD0E8
:1020B000454A603290420BD0434A7832904207D072
:1020C000414A9032904203D03F4AA832904207D111
:1020D000006800F0080006E0006872E70068B7E7F3
:1020E000006800F00400A0B1A960206801684903FD
:1020F00004D50068000308D5A16C07E00168C90594
:1021000003D4016821F008010160216C09B1204667
:10211000884794F85C00202100F01F00814039427C
:1021200079D02068B04232D0404530D048452ED0DA
:1021300050452CD058452AD0224A1832904226D0F9
:10214000204A3032904222D01E4A483290421ED05D
:102150001D4A90421BD01C4A1832904217D01A4A8E
:102160003032904213D0184A483290420FD0164A6B
:10217000603290420BD0144A7832904207D0124A13
:102180009032904203D0104AA832904203D10068A6
:1021900000F0100002E0006800F00200B0B3A96097
:1021A00094F835000428206801680FD049037ED5D3
:1021B000006800032BD4616C2AE00000100002408C
:1021C00038000024700002401004024021F0160183
:1021D00001602068416921F080014161206C08B9EB
:1021E000A06C20B12068016821F00801016094F81A
:1021F0005C303F21012003F01F0300229940A960B9
:1022000084F8350084F83420216D65E003E0E16B4B
:1022100009B120468847606D00287DD0606DC007F9
:1022200059D02068042184F83510B0422BD04045A5
:1022300029D0484527D0504525D0584523D09D4921
:10224000884220D09B49183188421CD099493031AE
:10225000884218D09849884215D097491831884249
:1022600011D09549303188420DD093494831884288
:1022700009D091496031884205D08F497831884230
:1022800001D08D499031016821F001010160206881
:102290000099019A491C0091914202D80168C9072E
:1022A000F6D10068C00710D003200FE0FFE70168F7
:1022B000C905ACD403680121002223F01003036098
:1022C00084F8351084F83420A1E7012084F8350023
:1022D000002084F83400E16C00291DD002B02046B3
:1022E000BDE8F05F0847754988421DD07349143135
:1022F000884219D071492831884215D06F493C3144
:10230000884211D06D49503188420DD06B496431FB
:10231000884209D0694900E084E07831884203D0DE
:1023200066498C3188427DD194F85C80042701682D
:1023300008F01F0807FA08F717EA0C0F009746D0B5
:102340004F0744D500980F04686003D5C8033CD4F8
:10235000A16CC1E7880638D42068B0422DD0554919
:102360006039884229D0484527D0504525D0584566
:1023700023D05049884220D04E49183188421CD081
:102380004C493031884218D04B49884215D04A49CF
:102390001831884211D04849303188420DD0464921
:1023A0004831884209D0704507D0904205D0984204
:1023B00003D04149A831884203D1016821F00801C6
:1023C00002E0016821F004010160216C84E702272A
:1023D00007FA08F717EA0C0F00974ED08F074CD575
:1023E00000980F04686003D5C80344D4616C73E798
:1023F000880640D42068B0422FD02E4960398842E8
:102400002BD0484529D0504527D0584525D02949BB
:10241000884222D02749183188421ED025493031C0
:10242000884200E044E018D02349884215D0224970
:102430001831884211D02049303188420DD01E49D0
:102440004831884209D0704507D0904205D0984263
:1024500003D01949A831884203D1016821F0140141
:1024600002E0016821F00A010160012184F83510C1
:10247000002084F83400E16B2EE7082202FA08F20B
:1024800012EA0C0F14D0090712D5016821F00E01D1
:10249000016094F85C100120002201F01F0100FA95
:1024A00001F16960606584F8350084F8342012E732
:1024B000BDE8FC9F88000240100402400854025806
:1024C0002DE9F05F044600F035FE002C07467DD074
:1024D000E34E022120684FF00308DFF888934FF0A5
:1024E0000005DFF884A3B042DFF880B334D0DC4AC3
:1024F0001832904230D048452ED050452CD0584507
:102500002AD0DA4A1832904226D0D84A3032904245
:1025100022D0D64A483290421ED0D54A90421BD093
:10252000D34A1832904217D0D14A3032904213D059
:10253000CF4A483290420FD0CD4A603290420BD001
:10254000CB4A7832904207D0C94A9032904203D0A9
:10255000C74AA83290427DD184F83510B04284F841
:1025600034502ED0BE49183188422AD0484528D050
:10257000504526D0584524D0BC491831884220D037
:10258000BA49303188421CD0B8494831884218D005
:10259000B749884215D0B6491831884211D0B4499C
:1025A000303188420DD0B2494831884209D0B04913
:1025B0006031884205D0AE497831884201D0AC49BB
:1025C0009031016821F00101016008E027E100BFBE
:1025D00000F0B0FDC01B052801D920211CE12068B6
:1025E0000068C007F4D104F108002168D4E9053C73
:1025F0008E4685C809681043D4E907281F43636ADB
:1026000038439C4F40EA0C001043394040EA080030
:10261000042B40EA010003D1D4E90B121143084313
:10262000954909686FF30F01B1F1005F0FD361683D
:10263000A1F12902052A08D9163A032A05D9083A30
:10264000012A02D94F39032901D840F48010CEF86D
:10265000000000E023E02068676A4069042F20F052
:10266000070047EA00070DD1D4E90A01074349B141
:102670002046FEF769FB28B140206065012184F8FF
:102680003510CCE0206847612046FEF77BFA94F8CD
:102690005C203F2102F01F029140816054E0774AA4
:1026A00090421BD0754B1433984217D0734B28338C
:1026B000984213D0714B3C3398420FD06F4B50333C
:1026C00098420BD06D4B6433984207D06B4B7833F4
:1026D000984203D0694B8C3398427DD184F83510F1
:1026E00084F83450664B0168A26801EA030E402A60
:1026F00073D0802A72D00022D4E90378D4E905315E
:1027000042EAD70242EAD8085C4AD4E9077C48EAA0
:10271000D30848EAD10141EAD701524241EA1C11EB
:10272000142341EA0E01016020681044B0FBF3F06D
:102730008000E0652046FEF725FA94F85C20012130
:1027400002F01F02914041602068B04257D04449D6
:102750001831884253D0484551D050454FD0584544
:102760004DD042491831884249D0404930318842E1
:1027700045D03E494831884241D03D4988423ED00B
:102780003B49183188423AD039493031884236D0F5
:1027900037494831884232D03549603188422ED09D
:1027A0003349783188422AD031499031884226D045
:1027B0002F49A831884222D0304988421FD02F4962
:1027C000143188421BD02D492831884217D02B491B
:1027D0003C31884213D002E01DE017E018E02749A1
:1027E000503188420BD025496431884207D02349B3
:1027F0007831884203D021498C31884229D1204642
:10280000FEF71AFAA06880280CD00CE0102273E7BB
:102810004FF4804270E74021616584F835800120E3
:10282000BDE8F09F6560216E20790860D4E9190148
:1028300041606068401E072808D82046FEF74AFA23
:10284000E06E0560D4E91C01416002E0E5662567A1
:1028500065670120656584F835000020E0E7000029
:102860001000024040000240580002407000024048
:10287000100402403F8010FE0010005C0854025813
:102880000F00FEFF2DE9F84F04008C464FF00000CA
:10289000009014D094F83400012812D094F83550E8
:1028A0000120002184F83400012D0CD0C0026065A5
:1028B0000120009084F834100098BDE8F88F0120C2
:1028C000FBE70220F9E78C4D0226206884F835608A
:1028D000A8428A4D61658A4E8A4FDFF82C82DFF864
:1028E0002C92DFF82CA2DFF82CB226D0A84224D0FC
:1028F000B04222D0B84220D040451ED048451CD01E
:1029000050451AD0584518D08349884215D082497D
:102910001831884211D08049303188420DD07E492B
:102920004831884209D07C496031884205D07A49D3
:102930007831884201D078499031016821F0010155
:10294000016061462046FEF729FA6B4920688842FB
:102950002CD0A8422AD0B04228D0B84226D0404538
:1029600024D0484522D0504520D058451ED06A4A30
:1029700090421BD0684A1832904217D0664A3032D3
:10298000904213D0644A483290420FD0624A60327B
:1029900090420BD0604A7832904207D05E4A903223
:1029A000904203D05C4AA83290420CD1026822F0D7
:1029B0001E0242F016020260206C88B12068026894
:1029C00042F008020BE0026822F00E0242F00A0216
:1029D0000260206C20B12068026842F004020260AC
:1029E000206888424BD0A84249D0B04247D0B84274
:1029F00045D0404543D0484541D050453FD058454B
:102A00003DD0454A90423AD0434A1832904236D09F
:102A1000414A3032904232D03F4A483290422ED022
:102A20003D4A603290422AD03B4A7832904226D0CA
:102A3000394A9032904222D0374AA83290421ED072
:102A4000364A90421BD0354A1432904217D0334A4E
:102A50002832904213D0314A3C3290420FD02F4A54
:102A6000503290420BD02D4A6432904207D02B4A0C
:102A70007832904203D0294A8C3290420DD1206E98
:102A80000268D20303D5026842F480720260E06EED
:102A900018B1026842F4807202602068884226D031
:102AA000A84224D0B04222D0B84220D040451ED007
:102AB00048451CD050451AD0584518D01649884270
:102AC00015D015491831884211D013493031884248
:102AD0000DD011494831884209D00F4960318842F0
:102AE00005D00D497831884201D00B4990310168F9
:102AF00041F001010160DFE61000024028000240C1
:102B0000400002405800024070000240880002402D
:102B1000A0000240B80002401004024008540258CD
:102B200070B5044600F006FB0546601C02D0044860
:102B30000078044400F0FEFA401BA042FAD370BDB6
:102B40002C0000242DE9F05F044641488846002609
:102B5000017D01291AD0012202758146B246C0F8D2
:102B600018A02079C00706D001214CF25030FEF7A2
:102B700015FB00B10126207980070AD502214CF20D
:102B80005030FEF70BFB20B101265DE00220BDE8CE
:102B9000F09F6EBB20682F4D012807D04FF0FF310A
:102BA000C8F80010A76840F2047B48E0616820691B
:102BB000FEF7A8FA2079C0070AD001214CF2503064
:102BC000FEF7ECFA00B10126E86820F00800E860A2
:102BD0002079800738D502214CF25030FEF7DEFA1A
:102BE00000B10126D5F80C0120F00800C5F80C0151
:102BF0002AE0226938466168FEF764FA2079C00746
:102C000009D001214CF25030FEF7C8FAE9680646B7
:102C100021EA0B01E960207980070BD502214CF2F3
:102C20005030FEF7BBFAD5F80C11064621EA0B012D
:102C3000C5F80C1116B1C8F8007005E07F1CD4E986
:102C400002010844B842D4D8304689F814A09EE75F
:102C500004070024002000520A48C16841F0010125
:102C6000C160C168C9070BD0D0F80C1141F0010157
:102C7000C0F80C11D0F80C01C00701D0002070473B
:102C800001207047002000522DE9F05F2C481446C7
:102C900008250E46027D012A08D001230375A1F103
:102CA00000621F05BA4204D2012707E00220BDE8F6
:102CB000F09FA6F10161B9420DD202274FF0000A40
:102CC0008146C0F818A04CF2503B39465846FEF7F2
:102CD00065FA10B127E00120E9E7DFF86880012FED
:102CE000404623D0D0F80C1141F00201C0F80C117D
:102CF000BFF36F8FBFF34F8F01CC6D1E15F0FF0533
:102D000001C6F9D1BFF36F8FBFF34F8F39465846D5
:102D1000FEF744FA012F41460DD0D1F80C2122F0E4
:102D20000202C1F80C2189F814A0C0E7C16841F083
:102D30000201C160DCE7CA6822F00202CA60F2E761
:102D400004070024002000520D480E4A0E49C368B3
:102D5000DB0704D042604160C368DB070BD1D0F8C9
:102D60000C31DB0709D0C0F80421C0F80411D0F8F9
:102D70000C01C00701D001207047002070470000FF
:102D80000020005223016745AB89EFCD2DE9F04FBC
:102D90004F4D00224FF0010A4FF00F0B92E000BFA1
:102DA0000AFA02F919EA01037ED022F0030606F1BD
:102DB000B0469407D6F808C4270FDFF818810BFA3D
:102DC00007FE40450EEA0C0402D14FF0000C40E033
:102DD000DFF804C1604502D14FF0010C39E0DFF8A3
:102DE000FCC0604502D14FF0020C32E0DFF8F0C0C9
:102DF000604502D14FF0030C2BE0DFF8E8C06045DE
:102E000002D14FF0040C24E0DFF8DCC0604502D1B1
:102E10004FF0050C1DE0DFF8D4C0604502D14FF043
:102E2000060C16E0DFF8C8C0604502D14FF0070C71
:102E30000FE0DFF8C0C0604502D14FF0080C08E099
:102E4000DFF8B4C0604502D14FF0090C01E04FF04B
:102E50000A0C0CFA07FCA44513D12C689C432C6087
:102E60006F684FF0B0449F436F6067689F4367602F
:102E700027689F432760D6F8084424EA0E04C6F862
:102E8000084407680323D4084FEA42084FEA427C0B
:102E900003FA08F34FEADC6C1F4307600BFA0CF6E9
:102EA00000EB8404276A00E00BE0B7432762C468A4
:102EB0009C43C460446824EA0904446084689C43D9
:102EC0008460521C31FA02F37FF46AAFBDE8F08FE0
:102ED0008000005800000258000402580008025800
:102EE000000C025800100258001402580018025832
:102EF000001C025800200258002402582DE9F84F07
:102F000003247D4D00234FF001094FF0B04B4FF0EB
:102F10000F0AE9E009FA03F73A4076D00E7906F095
:102F20000306012E01D0022E18D1D0F808C04FEAB6
:102F3000430ECE6804FA0EF82CEA080C06FA0EF6D8
:102F400046EA0C068660D0F804C00E792CEA070C1D
:102F5000C6F300169E4046EA0C0646600E79F6431C
:102F6000B6070BD0C6684FEA43088F6804FA08FC1E
:102F700026EA0C0607FA08F73743C7600E7906F011
:102F80000306022E12D1DE080F694FEA437C00EBE4
:102F90008606B646366A4FEADC6C0AFA0CF807FA7F
:102FA0000CF726EA08063743CEF820700F7906683A
:102FB0004FEA430807F0030704FA08FC07FA08F78A
:102FC00026EA0C06374307604E6816F4403F1CD0D3
:102FD0004A4E376847F00207376036689F0706F0A9
:102FE0000206009623F0030606F1B046B6463F0FF0
:102FF000D6F80864DFF808810AFA07FC404526EA9B
:103000000C0603D14FF0000C41E06CE0DFF8F4C097
:10301000604502D14FF0010C39E0DFF8ECC06045AB
:1030200002D14FF0020C32E0DFF8E0C0604502D17F
:103030004FF0030C2BE0DFF8D8C0604502D14FF011
:10304000040C24E0DFF8CCC0604502D14FF0050C41
:103050001DE0DFF8C4C0604502D14FF0060C16E059
:10306000DFF8B8C0604502D14FF0070C0FE0DFF881
:10307000B0C0604502D14FF0080C08E0DFF8A4C0F2
:10308000604502D14FF0090C01E04FF00A0C0CFA38
:1030900007FC4CEA060CCEF808C44F68DBF8006069
:1030A000FF0226EA020600D516435F46CBF8006011
:1030B000D1F804C0DBF804605FEA8C2C26EA020633
:1030C00000D516437E606E684F6826EA0206BF038D
:1030D00000D516436E602E684F6826EA0206FF038D
:1030E00000D516432E605B1C0A6832FA03F67FF4A3
:1030F00011AFBDE8F88F000080000058F44402587A
:10310000000002580004025800080258000C02583F
:10311000001002580014025800180258001C0258EF
:10312000002002580024025801480068000C704733
:103130000010005C01488068704700002C000024EB
:1031400070B5040013D022684CF6CC4145F25550BE
:10315000116021680860D4E9000141602168A0681D
:103160008860FFF7E7FF054641F601060DE0012004
:1031700070BD00BFFFF7DEFF401BB04205D92068DD
:10318000C068400701D0032070BD2068C0684007B8
:10319000F0D12068E16802698A4201D0016102E051
:1031A0004AF6AA210160002070BD00000248816833
:1031B00002781144816070472C000024032010B570
:1031C00000F0E4F801F0B6F90F4A104914681368EA
:1031D000C4F3032203F00F038A5CC95C02F01F02F0
:1031E00001F01F01D0400A4A20FA01F1116009499B
:1031F00008600F2000F010F808B1012010BD00F0A9
:1032000079F8002010BD0000184402583C760008F0
:103210003C0000243800002470B50D4D0446287889
:10322000A0B14FF47A71B1FBF0F00A490968B1FB23
:10323000F0F001F0DCFC48B9102C07D20022214646
:10324000501E00F083F800206C6070BD012070BD3E
:103250002C00002438000024154BF0B5083B4278C0
:1032600013491A600B680A1F23F001030B604368BF
:103270001360057BC67A827A437B2D07847B45EAFF
:103280000665C77B90F809C0067A90F800E045EA29
:10329000C24040EA834040EA444040EA074040EAF6
:1032A0000C2040EA460040EA0E000860F0BD000035
:1032B000A0ED00E0BFF35F8F044800210368034ADC
:1032C00023F48033036070321160704724ED00E016
:1032D000074A40F00100064970321060086840F467
:1032E00080300860BFF34F8FBFF36F8F70470000CF
:1032F00024ED00E0054808B5016841F002010160D5
:10330000006800F00200009008BD0000F44402587C
:1033100000280DDB410900F01F028900012001F1A6
:10332000E0219040C1F88001BFF34F8FBFF36F8F52
:103330007047002809DB410900F01F0289000120C5
:1033400001F1E0219040C1F8000170470E4BF0B44C
:103350001B680D46C3F30223C3F10706042E00D9F0
:103360000426191D072901D2002300E0DB1E0124D9
:1033700004FA06F19C40491E2940641E99401440FD
:103380002143F0BC03F00AB80CED00E0064900F060
:10339000070210B54FF6FF040868044B204040EACE
:1033A00002201843086010BD0CED00E00000FA0593
:1033B000134970B50A68D243520705D5096801F070
:1033C0000701814213D118E00A6822F00702024384
:1033D0000A60FFF7AFFE0A4D4FF47A760446083DC7
:1033E00007E000BFFFF7A6FE001BB04201D9012095
:1033F00070BD2868C0438004F4D4002070BD000074
:103400000C48025810B501F04FF805490968054A03
:10341000C1F30211515C01F01F01C84010BD000052
:10342000204402583C760008494930B5484C0B1DF1
:103430000A68143409681D68246802F00303C5F3A0
:103440000012C1F30531C4F3CC04002914FB02F2CD
:1034500000EE102AF8EE400A75D03F4A9FED3D1A63
:10346000B7EE000A6BB1DFED3D1A012B01D0022B44
:1034700064D002EE101A1168F8EE422A81EEA22AF8
:1034800021E0334C283C23689B0612D5344B24683A
:1034900001EE901A1168C4F3C104F8EE612AE3400A
:1034A00001EE903AC1F30801F8EE611A81EEA22A0A
:1034B0000BE001EE901ADFED2B2A00BFF8EE611A47
:1034C000116882EEA12AC1F3080101EE901A116879
:1034D000F8EE611A40EE811A71EE800A62EE200A5F
:1034E000C1F3462101EE101AB8EE411A31EE001A6E
:1034F000C0EE811ABCEEE11A80ED001A1168C1F32A
:10350000064101EE101AB8EE411A31EE001AC0EE73
:10351000811ABCEEE11A80ED011A1168C1F306614F
:1035200001EE101AB8EE411A31EE000A80EE801A50
:10353000BCEEC10A80ED020A30BD04E001EE901A33
:10354000DFED092ABAE70021016041608160F3E7FD
:103550002844025800000039384402580024744AB4
:103560000090D0030024744C20BCBE4B494930B5B8
:10357000484C0B1D0A681C3409681D68246802F059
:103580000303C5F30022C1F30551C4F3CC040029A1
:1035900014FB02F200EE102AF8EE400A75D03F4A02
:1035A0009FED3D1AB7EE000A6BB1DFED3D1A012B1E
:1035B00001D0022B64D002EE101A1168F8EE422AF4
:1035C00081EEA22A21E0334C283C23689B0612D5C9
:1035D000344B246801EE901A1168C4F3C104F8EE6C
:1035E000612AE34001EE903AC1F30801F8EE611A56
:1035F00081EEA22A0BE001EE901ADFED2B2A00BF2C
:10360000F8EE611A116882EEA12AC1F3080101EEF9
:10361000901A1168F8EE611A40EE811A71EE800A74
:1036200062EE200AC1F3462101EE101AB8EE411AEB
:1036300031EE001AC0EE811ABCEEE11A80ED001ADC
:103640001168C1F3064101EE101AB8EE411A31EECD
:10365000001AC0EE811ABCEEE11A80ED011A116861
:10366000C1F3066101EE101AB8EE411A31EE000AFC
:1036700080EE801ABCEEC10A80ED020A30BD04E083
:1036800001EE901ADFED092ABAE7002101604160DE
:103690008160F3E728440258000000394044025892
:1036A0000024744A0090D0030024744C20BCBE4B0C
:1036B0002DE9FE4F0546DFF8E48350F8081B00248F
:1036C000F64FC943019005F12800264608F1240869
:1036D000009008011DD4A86E50B1B0F5801F0CD029
:1036E000B0F5001F0ED0B0F5401F1ED001240FE032
:1036F000386840F40030386017E00198022102F089
:1037000003F803E00098022102F08EF804000CD0C8
:1037100026462888C043C00523D4A86D05281ED29C
:10372000DFE800F00C11161B1B00AA6ED8F8001081
:1037300021F440111143C8F80010EAE7386840F45A
:103740000030386009E00198002101F0DDFF03E05E
:103750000098002102F068F8044674B100E00124EA
:1037600026462888C043800528D4E86D80281ED0CE
:103770000CDC90B140280ED114E0AA6DD8F80010EE
:1037800021F007011143C8F80010EAE7C02813D060
:10379000B0F5807F10D001240FE0386840F400308D
:1037A000386009E00198002101F0AEFF03E00098C5
:1037B000002102F039F804469CB126462888DFF83B
:1037C000DC92C04309F12C0940052CD4D5F8A8009F
:1037D000B0F5800F20D00DDCA0B1B0F5001F0FD1E7
:1037E00015E0EA6DD8F8001021F4E0711143C8F833
:1037F0000010E3E7B0F5C00F13D0B0F5000F10D004
:1038000001240FE0386840F40030386009E0019886
:10381000002101F079FF03E00098002102F004F894
:1038200004467CB126462888C04300052DD4D5F82F
:10383000AC00B0F1007F21D00EDCA8B1B0F1807FE8
:1038400010D116E0D5F8A820D9F8001021F46001B5
:103850001143C9F80010E6E7B0F1407F13D0B0F192
:10386000806F10D001240FE0386840F400303860D9
:1038700009E00198002101F047FF03E000980021D2
:1038800001F0D2FF044674B126462868C043800187
:103890001FD4E86CD8B110280FD0202812D03028BF
:1038A00015D0012414E0D5F8AC20D9F8001021F08F
:1038B000E0611143C9F80010E7E7386840F40030D0
:1038C000386004E00198022101F01EFF044674B143
:1038D00026462888C043C0042BD4286EB0F5005F6C
:1038E00020D00DDCA0B1B0F5805F0FD115E06B48A2
:1038F000EA6C2030016821F0300111430160E8E7F3
:10390000B0F5405F13D0B0F5804F10D001240FE028
:10391000386840F40030386009E00198002101F077
:10392000F3FE03E00098002101F07EFF04468CB115
:1039300026462888C043800429D4686EB0F5403FED
:1039400023D010DC08B3B0F5803F14D0B0F5003FB1
:103950000FD115E02A6ED8F8001021F4E041114390
:10396000C8F80010E5E7B0F5802F0ED0B0F5A02F15
:103970000BD001240AE00198012101F0C5FE03E00B
:103980000098012101F050FF044694B12646288892
:10399000C04340042AD4D5F8B000B0F1405F23D032
:1039A00010DC08B3B0F1805F14D0B0F1005F0FD12C
:1039B00015E06A6ED8F8001021F4E0211143C8F830
:1039C0000010E4E7B0F1804F0ED0B0F1A04F0BD063
:1039D00001240AE00198012101F096FE03E000981D
:1039E000012101F021FF044674B126462888C04316
:1039F00000041FD4286FD8B1B0F1805F0ED0B0F1B1
:103A0000005F10D0012414E0D5F8B020D9F80010E0
:103A100021F0E0411143C9F80010E7E7386840F4AD
:103A20000030386004E00198012101F06DFE044689
:103A300074B126462868C043C0011ED4A86CD0B11A
:103A400001280ED0022811D0032814D0012413E03D
:103A50002A6FD8F8001021F040511143C8F8001027
:103A6000E8E7386840F40030386004E0019802214B
:103A700001F04AFE0446ACB126462868DFF81CB0C7
:103A8000C043ABF11C0B400252D40548016841F41D
:103A900080710160FFF74EFB824611E02C44025812
:103AA00000480258FA48AA6C016821F0030111434A
:103AB0000160E2E7FFF73EFBA0EB0A00642835D87F
:103AC000F4480068C005F5D58CBBDFF8C4A3B5F891
:103AD000B4100AF1240ADAF8000001F4407100F48D
:103AE0004070884211D0DAF80010DAF8002021F492
:103AF000407142F48032CAF80020DAF8002022F443
:103B00008032CAF80020CAF80010D5F8B400B0F529
:103B1000807F1AD1FFF70EFB029012E0FFF70AFB3D
:103B20000299411A41F2883081420AD9032426467B
:103B30002878DFF85CA3C0430AF1080AC00721D047
:103B40003CE0DAF800008007E8D5D5F8B410C1F3FE
:103B50000120032858460DD0016821F47C510160F2
:103B6000B5F8B420DAF80010C2F30B021143CAF81A
:103B70000010DDE7C84A036802EA111223F47C5101
:103B80001143ECE7E86F182816D005DCA0B108282F
:103B900008D0102804D10AE020280DD028280BD006
:103BA00001240AE00198012101F0AEFD03E0009834
:103BB000012101F039FE044664B126462878C0434D
:103BC00080071ED4A86F062819D2DFE800F0160C73
:103BD00011161616EA6FDAF8001021F038011143B9
:103BE000CAF80010EAE70198012101F08DFD03E019
:103BF0000098012101F018FE04467CB100E0012488
:103C000026462878C04340071FD4D5F894000628DC
:103C100019D2DFE800F0160C11161616AA6FDAF8A2
:103C2000001021F007011143CAF80010E9E70198DC
:103C3000012101F069FD03E00098012101F0F4FD8C
:103C40000446A4B100E0012426462878C04380063B
:103C50002BD4D5F89000B0F1405F24D011DC10B324
:103C6000B0F1805F15D0B0F1005F10D116E0D5F84B
:103C70009420D9F8001021F007011143C9F8001071
:103C8000E3E7B0F1804F0ED0B0F1A04F0BD001248C
:103C90000AE00198002101F037FD03E000980221BD
:103CA00001F0C2FD044694B126462878C043400680
:103CB0002BD4D5F89C00B0F5406F24D011DC10B3A4
:103CC000B0F5806F15D0B0F5006F10D116E0D5F8C3
:103CD0009020DAF8001021F0E0411143CAF80010FA
:103CE000E3E7B0F5805F0ED0B0F5A05F0BD0012404
:103CF0000AE00198002101F007FD03E0009802218D
:103D000001F092FD044694B126462878C04300068F
:103D10002BD4D5F8A000B0F5C04F24D011DC10B3DF
:103D2000B0F5005F15D0B0F5804F10D116E0D5F892
:103D30009C20D9F8001021F4E0511143C9F800107B
:103D4000E3E7B0F5004F0ED0B0F5204F0BD00124C3
:103D50000AE00198002101F0D7FC03E0009802215D
:103D600001F062FD044654B126462878C04300079E
:103D70001ED4D5F88400B0F5805F0AD00FE0D5F8E6
:103D8000A020D9F8001021F460411143C9F80010B7
:103D9000EBE70098022101F047FD00B10126D5F8BC
:103DA0008420DAF8001021F440511143CAF80010C1
:103DB0002878C043C00613D4D5F89800B0F5807FAA
:103DC00005D10098022101F02FFD00B10126D5F8A0
:103DD0009820D9F8001021F440711143C9F800105F
:103DE0002868C043000316D4D5F8A40038B1B0F554
:103DF000803F09D0B0F5003F0BD001240AE00198C4
:103E0000002101F081FC03E00098022101F00CFD8B
:103E100004468CB126462868C043400322D4D5F816
:103E20008800B0F5801F11D0B0F5001F13D0B0F599
:103E3000401F15D0012414E0D5F8A420D9F80010B3
:103E400021F440311143C9F80010E4E7386840F428
:103E50000030386004E00098012101F0E5FC0446E0
:103E60005CB126462868C043C00323D4286DA8B19E
:103E7000B0F5803F17D001241BE0D5F88820DAF890
:103E8000001021F440111143CAF80010EAE70000C5
:103E90004C44025800480258CFFFFF00386840F4F5
:103EA0000030386004E00198022101F02DFC044646
:103EB000E4B126462868C043800005D4009802215A
:103EC00001F0B2FC00B101262868C04380031BD476
:103ED000D5F88000B0B1B0F5807F0FD0B0F5007F8D
:103EE00010D0B0F5407F0DD001240CE05A482A6D67
:103EF000016821F4803111430160DBE7386840F448
:103F000000303860ECB326462868C043C00207D4AE
:103F10006A6FD8F8001021F000411143C8F8001072
:103F20002868C043C00008D4D5F8B820DBF80010DA
:103F300021F480411143CBF800102868C04380026F
:103F400007D4EA6ED8F8001021F080711143C8F848
:103F500000102868C04340000CD4DBF8001021F4A6
:103F60000041CBF80010DBF80010D5F8BC2011435D
:103F7000CBF800102868C04308D437486A6D016840
:103F800000E018E021F04051114301602868C0436F
:103F9000000208D4D5F88C20DAF8001021F4400192
:103FA0001143CAF8001028790024C04300F0010032
:103FB00020430AD00FE0D5F88020DAF8001021F471
:103FC00040711143CAF800109EE70198002101F0EA
:103FD0009BFB00B106462879C04300F00200204355
:103FE00005D10198012101F08FFB00B10646287927
:103FF000C04300F00400204305D10198022101F0E4
:1040000083FB00B106462879C04300F00800204336
:1040100005D10098002101F007FC00B1064628797F
:10402000C04300F01000204305D10098012101F0A9
:10403000FBFB00B106462879C04300F02000044392
:1040400004D10098022101F0EFFB00B916B1012064
:10405000BDE8FE8F0020FBE74C4402582DE9F05FDD
:1040600004000F467ED0DFF83882D8F8000000F058
:104070000F00B8420CD2D8F8001021F00F013943DC
:10408000C8F80010D8F8000000F00F00B84269D15D
:104090002078844D40070AD52069296801F0700115
:1040A000884204D9296821F07001014329602078F1
:1040B0007C4E361D00070AD56069316801F0700139
:1040C000884204D9316821F07001014331602078C1
:1040D000C0060AD5A069316801F4E061884204D9BC
:1040E000316821F4E061014331602078DFF8B4B138
:1040F00080060BF1080B0CD5E1695846DBF800206F
:1041000002F07002914204D9026822F070020A4360
:104110000260207880070AD5E068296801F00F0165
:10412000884204D9296821F00F01014329602078D1
:10413000C0073ED05B49A2682868183920F4706037
:10414000104328606068022818D0032819D0096835
:10415000012819D0490700294ADADFF848A1AAF155
:10416000080A00E044E0DAF8002022F007020243E7
:10417000CAF80020FEF7DEFF814612E009688903D5
:10418000E9E709688901E6E7C905E4E7FEF7D2FF38
:10419000A0EB090141F28830814202D90320BDE839
:1041A000F09F6168DAF8000000F03800B0EBC10F52
:1041B000ECD1207880070AD5E068296801F00F016A
:1041C000884204D2296821F00F0101432960D8F800
:1041D0000010404601F00F01B9420BD9016821F0EF
:1041E0000F0139430160006800F00F00B84201D0B0
:1041F0000120D4E7207840070AD52069296801F01A
:104200007001884204D2296821F0700101432960BD
:10421000207800070AD56069316801F07001884292
:1042200004D2316821F07001014331602078C0066A
:104230000AD5A069316801F4E061884204D231688E
:1042400021F4E06101433160207880060CD5E169FA
:104250005846DBF8002002F07002914204D2026856
:1042600022F070020A43026000F064F90E492A68E5
:104270002B68C2F3032203F00F038A5CC95C02F0CF
:104280001F0201F01F01D040084A20FA01F111601D
:104290000749086007480068BDE8F05FFEF7BCBF4B
:1042A00000200052184402583C7600083C000024CC
:1042B00038000024300000242DE9F047704C2068BD
:1042C00000F00F00072809D2206820F00F00C01D61
:1042D0002060206800F00F0007287CD1FEF72AFF3D
:1042E000DFF8A0810546D8F8000040F00100C8F8CA
:1042F000000004E0FEF71EFF401B022875D8D8F826
:1043000000004007F6D55F4800275E4E001D1036BE
:1043100003685D4943F08043036037605B48016098
:104320005B4801605B480068FEF776FF002852D1C9
:10433000FEF700FF054641F2883904E0FEF7FAFE79
:10434000411B494551D8306810F0380FF6D1FEF7BF
:10435000F1FE51490546D8F800000840C8F80000B1
:1043600005E000BFFEF7E6FE401B64283DD8D8F804
:1043700000008003F6D4FEF7DDFE0546D8F8000005
:1043800020F08070C8F8000005E000BFFEF7D2FE04
:10439000401B022829D8D8F800008001F6D4FEF787
:1043A000C9FE0546D8F8000020F08060C8F800007B
:1043B00005E000BFFEF7BEFE401B022815D8D8F866
:1043C00000000001F6D4FEF7B5FE0546D8F800005F
:1043D00020F0805001E04EE007E0C8F8000007E060
:1043E000FEF7A8FE401B022802D90320BDE8F08793
:1043F000D8F800008000F3D4224D384627491835FC
:10440000274B2E1D321D2F601E4F264D2837306042
:104410003E1D1060321D3B60131D35601D1D116077
:104420002A1D161D1860331D296010603160186048
:10443000D8F800304FF0FF351249124A23F4802398
:10444000104ED0316032C8F80030683610603560E8
:10445000086840F480300860206800F00F000728EA
:104460000BD9206820F00F00C01D2060206800F0EC
:104470000F00072801D00120B8E70020B6E70000B0
:1044800000200052004402580090D003380000245D
:104490003C0000243000002445EDF6FF80020101BD
:1044A000000202020000FF0130B500F043F80B4AA1
:1044B0000B490C4B15681468C5F3032204F00F0474
:1044C0008A5C095D02F01F0201F01F01D040064A1C
:1044D00020FA01F119601060084630BD18440258F6
:1044E0003C7600083C0000243800002400B5FFF7AB
:1044F000DBFF05490968054AC1F30211515C01F06F
:104500001F01C84000BD00001C4402583C76000852
:1045100000B5FFF7C9FF05490968054AC1F3022143
:10452000515C01F01F01C84000BD00001C4402584E
:104530003C760008454970B545480968434B103B37
:1045400011F0380208D00111082A03D0102A0BD02C
:10455000182A0BD0084670BD19688906FBD5196862
:10456000C1F3C101C84070BD3A4870BD3749374DED
:1045700018310C1D24350A68096826682D6802F078
:10458000030406F00102C1F30511C5F3CC0515FBC8
:1045900002F200EE102AB8EE400AE9B32F4ADFED2E
:1045A0002E0AB7EE001A6CB1DFED2D1A012C01D0E6
:1045B000022C43D002EE101A1068F8EE422A81EE67
:1045C000A22A1EE01C68A40611D51B6801EE901AF1
:1045D0001168C3F3C103F8EE612AD84001EE900AD6
:1045E000C1F30800F8EE611A81EEA22A0BE001EE99
:1045F000901ADFED1C2A00BFF8EE611A106882EEF7
:10460000A12AC0F3080001EE900AF8EE611A40EE0C
:10461000201A31EE810A00E015E022EE000A10684F
:10462000C0F34620401C00EE900AF8EE600A80EECF
:10463000201ABCEEC10A10EE100A70BD01EE901AED
:10464000DFED092AD8E7002070BD000010440258B1
:104650000090D00340787D010000003930440258BA
:104660000024744A0024744C20BCBE4B2DE9F05F3A
:1046700004007DD0FF4F2078FE4D1837DFF8F4930B
:10468000103DC00748D0D9F80000396800F0380064
:10469000102815D0182803D101F0030002280FD0EC
:1046A0006068B0F5803F12D010B1B0F5A02F18D0DF
:1046B000286820F480302860286820F4802009E0F1
:1046C0002868800328D560680028D2D024E02868B4
:1046D00040F480302860606888B1FEF72BFD064604
:1046E00009E0286840F480202860F0E7FEF722FD0A
:1046F000801B64286FD828688003F7D50CE0FEF78C
:1047000019FD064605E000BFFEF714FD801B642876
:10471000F0D828688003F7D4207841F20308D54EFA
:104720000C3E800769D5D9F80000396810F03800D0
:104730000ED0182801D188070AD0E06890B3296804
:1047400021F0190101432960FEF7F4FC824631E0B3
:104750002868400702D5E06800288AD0E168286808
:1047600020F0190008432860FEF7E4FC824607E0C9
:10477000DFE000BFFEF7DEFCA0EB0A000228B9D89C
:1047800028684007F6D500BFFEF7CEFC40451BD891
:104790002069402812D0316821F47C3141EA003090
:1047A00030602AE018E000BFFEF7C4FCA0EB0A006E
:1047B00002289FD828684007F6D5E5E7306820F43E
:1047C0007C3040F40030EBE7207C316821F0FE4182
:1047D00041EA0060E4E70DE1286820F0010028606C
:1047E000FEF7A8FC824605E0FEF7A4FCA0EB0A0059
:1047F00002288DD828684007F6D42078C0065DD5F9
:10480000D9F80000DFF86CB2396800F03800ABF17D
:10481000040B082810D0182803D101F00300012848
:104820000AD0E0690028286838D040F0800028606D
:10483000FEF780FC824623E02868C00523D5E069A6
:10484000802876D11FE0206A202821D0316821F00D
:10485000F84141EA8060306030E000BF94F82010F9
:10486000DBF8002022F07C5242EA0161CBF8001014
:1048700024E000BFFEF75EFCA0EB0A00022898D8F7
:104880002868C005F6D5FEF74FFC4045E6D8DAE7C4
:10489000306820F0F84040F08040DCE720F08000F5
:1048A0002860FEF747FC064605E000BFFEF742FC25
:1048B000801B02289DD82868C005F7D420780007FF
:1048C00029D56C486169643000298046016811D09F
:1048D00041F001010160FEF72DFC064605E000BF36
:1048E000FEF728FC801B0228C9D8D8F800008007F2
:1048F000F6D510E021F001010160FEF71BFC064631
:1049000005E000BFFEF716FC801B022872D8D8F81D
:1049100000008007F6D42078800623D5A0690028FF
:10492000286810D040F480502860FEF703FC06464B
:1049300005E036E1FEF7FEFB801B02285AD8286806
:104940008004F7D50EE020F480502860FEF7F2FBDB
:10495000064604E0FEF7EEFB801B02284AD82868D2
:104960008004F7D4207840074FD5DFF80C81D8F8C1
:10497000001041F48071C8F80010FEF7DBFB06461A
:1049800005E000BFFEF7D6FB801B642832D8D8F8BC
:104990000000C005F6D5374EA068603601280AD061
:1049A00008B1052813D0306820F00100306030686D
:1049B00020F0040002E0306840F001003060A068A0
:1049C00041F2883A90B1FEF7B5FB80460AE03068C4
:1049D00040F004003060EEE7FEF7ACFBA0EB08010E
:1049E000514507D830688007F6D50EE0FEF7A2FBE8
:1049F000804607E084E000BFFEF79CFBA0EB0801C7
:104A000051457DD830688007F6D4606AB0B3DFF8CE
:104A10006480D9F8001008F120084FF6F87B08F1FF
:104A20000409C1F3C2010329A8F1040A69D00228CC
:104A3000286820F08070286003D0FEF77BFB0446D6
:104A400084E0FEF777FB064605E000BFFEF772FB49
:104A5000801B022877D828688001F7D4E26A40F2E8
:104A6000F331386854F8283F884340EA021018436D
:104A7000386004E01044025800480258B5E0217B39
:104A8000434622894FF4FE0C208A4FF0FE4749022C
:104A9000267D521E401EA1F50071C2F308088AB29D
:104AA000761E0CEA004042EA08020243504607EA3A
:104AB00006610A431A60DAF8002022F00102CAF8FF
:104AC0000020D9F80020266A22EA0B0242EAC60238
:104AD000C9F80020DAF80010A26921F00C01114396
:104AE000CAF800100168E26921F002011143016077
:104AF000016841F480310160016841F4003101E056
:104B000021E027E00160016841F480210160016833
:104B100041F001010160286840F080702860FEF7D4
:104B200009FB044605E000BFFEF704FB001B02285A
:104B300009D828688001F7D557E000BFFEF7FAFAD8
:104B4000001B022802D90320BDE8F09F28688001DD
:104B5000F4D44AE039680128D8F8000021D0A26ACC
:104B600001F0030393421CD1E26AC1F305118A42AA
:104B700017D1216BC0F30802491E8A4211D1616B23
:104B8000C0F34622491E91420BD1A16BC0F30642ED
:104B9000491E914205D1E16BC0F30660491E814276
:104BA00001D00120D0E7A16C4E46D9F80000C0F337
:104BB000CC00814219D0DAF80000554620F00100FF
:104BC000CAF80000FEF7B6FA4FEA0007FEF7B2FA9D
:104BD000B842FBD0A26C306820EA0B0040EAC20069
:104BE0003060286840F0010028600020ACE7401EDB
:104BF000B0F1807F10B501D3012010BD4FF0E0244B
:104C000060610F21601701F0C9FB0020A06107213E
:104C1000216110BD30B590F88410012918D001220F
:104C200080F884202421C0F8881000222024016804
:104C30000B680D6823F0005325F001050D604266F6
:104C400001680B60C0F8884080F88420104630BDB1
:104C5000022030BD10B50446D0F88C00202801D0C9
:104C6000022010BD61B15AB10123E3660020206724
:104C7000204601F0D7FA0028F3D1E16E012901D0D6
:104C8000012010BD226810211162226852E8001F25
:104C900041F0100142E80013002BF6D110BD0000D6
:104CA0000F4AF0B400681268904216D10D4A0020F5
:104CB0000D4C4FF4967509E01388AB4208D2138867
:104CC000265C5F1C17801344401C1E718842F3D37E
:104CD00001209070F0BCFCF773B9F0BC7047000085
:104CE000D003002440000024A4020024704770B5C3
:104CF000044690F8840001281DD0012284F8842005
:104D00002420C4F8880020680568026822F00102A7
:104D100002602068826822F060620A438260204656
:104D200000F0E8FE2268202100201560C4F88810F9
:104D300084F8840070BD022070BD70B5044690F800
:104D4000840001281DD0012284F884202420C4F886
:104D5000880020680568026822F00102026020686D
:104D6000826822F060420A438260204600F0C2FE60
:104D70002268202100201560C4F8881084F884007F
:104D800070BD022070BD70477047000070B50446CA
:104D9000216851E8000F20F4907041E80002002AD9
:104DA000F6D1244A2068083050E8001F114040E83E
:104DB0000013002BF6D1E06E012808D1216851E8DC
:104DC000000F20F0100041E80002002AF6D1206810
:104DD00000258068400618D52068083050E8001F7C
:104DE00021F0400140E80012002AF5D1D4F88000FB
:104DF00058B10565D4F88000FCF702FC28B1D4F85E
:104E00008000FCF7E3FF20280FD00F20A4F85E50AD
:104E10002268202110622068826942F008028261C3
:104E2000C4F88C10E566002070BD1020C4F8900016
:104E3000032070BDFEFFFFEF044900680968884247
:104E400003D102210162FCF7BBB87047D0030024F4
:104E50002DE9F04107680025044640F60F030226BD
:104E6000F8693968BA6818420AD183067ED501F01C
:104E7000200302F0805C53EA0C0377D0616F7EE17F
:104E8000D44BDFF854C3134001EA0C0C53EA0C0C6A
:104E90006CD05FEAC07C0CD05FEAC15C09D54FF0F2
:104EA000010CC7F820C0D4F8907047F00107C4F88F
:104EB0009070870709D5D70707D027683E62D4F8D6
:104EC000906046F00406C4F8906046070AD5D607FD
:104ED00008D0276804263E62D4F8906046F00206A7
:104EE000C4F8906006070CD501F020061E4308D0D8
:104EF000266808233362D4F8903043F00803C4F8DE
:104F0000903003050BD54B0109D526684FF400639B
:104F10003362D4F8903043F02003C4F89030D4F8D2
:104F20009030002B3DD0800609D501F0200002F022
:104F30008051084303D0616F09B12046884721683A
:104F4000D4F890008968490602D410F0280F2AD0BE
:104F5000204600F04FFF2068806840061ED520687C
:104F6000083050E8001F21F0400100E021E040E857
:104F70000012002AF3D1D4F8800078B19749016576
:104F8000D4F88000FCF7ECFC00280AD0D4F88000AC
:104F9000016D00E02046BDE8F04108472046FFF7DC
:104FA0004BFFBDE8F0812046FFF746FFC4F8905064
:104FB000F7E7D4F86CC02023BCF1010F7ED15FEA83
:104FC000C06C7BD55FEAC16C78D510203862206850
:104FD0008068400673D5D4F88020814910688842E3
:104FE00034D07F491831884230D07D4930318842F1
:104FF0002CD07B494831884228D079496031884299
:1050000024D077497831884220D075499031884240
:105010001CD07349A831884218D07249884215D0F3
:1050200070491831884211D06E49303188420DD014
:105030006C494831884209D06A496031884205D0BC
:1050400068497831884201D06649903140684FF410
:1050500080770004000C40D0B4F85C1081423CD949
:10506000A4F85E00D069B8422FD0216851E8000F43
:1050700020F4807041E80002002AF6D12068083050
:1050800050E8001F21F0010140E80012002AF5D18C
:105090002068083050E8001F21F0400140E800126D
:1050A000002AF5D1C4F88C30E566206850E8001F6E
:1050B00021F0100140E80012002A01E04AE019E066
:1050C000F3D1D4F88000FCF79BFA2667B4F85C00B3
:1050D000B4F85E10401A81B208E0B4F85C10814266
:1050E0007FF466AFD069B842FAD126672046FFF751
:1050F000D7FD56E7B4F85C00B4F85E10B4F85E2053
:10510000401A81B2002AF4D00029F2D0226852E875
:10511000000F20F4907042E80007002FF6D1324FC4
:10512000206800F1080050E8002F02EA070240E87A
:10513000002CBCF1000FF3D1C4F88C30E566656734
:10514000226852E8000F20F0100042E80003002B14
:10515000F6D1CAE7C60209D5560207D54FF480102A
:1051600038622046BDE8F041FFF70EBE06060AD5BC
:1051700001F0800602F40002164304D0A16F00295A
:105180007FF408AF0DE7420611D54A060FD5204639
:10519000016851E8002F22F0400241E80024002C71
:1051A000F6D1C0F88830856700F084F9F9E602028C
:1051B00006D54A0004D52046BDE8F041FFF7E3BD1F
:1051C000C00196D5002994DA2046BDE8F041FFF7EA
:1051D0008DBD00000100001020010004AB5C000840
:1051E0001000024010040240FEFFFFEF10B5040063
:1051F00003D0D4F8880010B107E0012010BD0020D2
:1052000084F88400204600F05DF82420C4F888006B
:105210002068016821F001010160A06A10B12046F8
:1052200000F08AFC204600F027FE0128E6D0206826
:10523000416821F4904141602068816821F02A0191
:1052400081602068016841F0010101602046BDE8ED
:10525000104000F0D5BC000010B5154904460068A8
:10526000884215D11348016821F0100101601248ED
:105270004FF4C061FDF78AFDD4F88000FCF7B2FC62
:10528000E06FFCF7AFFCBDE810402520FEF740B80A
:105290000A4988420BD107480838016821F40031D7
:1052A0000160BDE8104006486021FDF76FBD10BDEC
:1052B00000100140F0440258000002580044004031
:1052C000000C02582DE9F041B6B00746142130A871
:1052D000FBF74CF8C0216846FBF748F84A4902251D
:1052E00038680024474E4FF0070888425ED10020FE
:1052F0001F940121CDE900106846FEF7D9F908B1E5
:10530000FBF7B8FE3F481030016841F01001016022
:10531000006800F010003590306840F00100306007
:1053200030684FF4C061309130A900F00100CDE940
:1053300031543394CDE934803448FDF7DFFD344EE9
:10534000292234494FF48068304686E81600C6E9C1
:1053500003487461B461F46134627462FDF7B0F8BB
:1053600008B1FBF787FE2A4D2A222A4940237835C7
:10537000C7F880601831B763284685E81E016C6164
:10538000AC61EC612C626C62FDF79AF808B1FBF736
:1053900071FEFD6700220521AF632520FDF7D6FFD2
:1053A0002520FDF7C6FF36B0BDE8F0811A498842D6
:1053B000F9D100201E940221CDE900106846FEF7C5
:1053C00077F908B1FBF756FE0E480830016841F442
:1053D00000310160006800F400303590306840F022
:1053E0000800306030686021309130A900F008007A
:1053F000CDE931543394CDE934800848FDF77EFD82
:10540000D1E70000E04402580010014000000258BB
:10541000F80400241004024000440040000C02582C
:105420007047704770B50446D0F88800202801D036
:10543000022070BD39B332B3E06F0023216521250E
:10544000A4F85420A4F85620C4F89030C4F888502A
:10545000D8B11549C163E16F14480864E16F14487D
:10546000C864E06F036513462068E56F00F1280209
:10547000216D2846FDF706FA38B11021C4F89010C6
:105480002020C4F88800012070BD216840200862F7
:105490002068083050E8001F41F0800140E8001209
:1054A000002AF5D1002070BDAB5D0008EB5D00085F
:1054B000BB5C000870477047FEE70146C003C00BA5
:1054C0004FF0000005D14914A1F580610F2900D8E3
:1054D0000120704710B50446014612A001F050FDAE
:1054E0000A20FDF71DFB012080F310881448FFF708
:1054F000B3FE1448FFF7B0FE1348FCF75FF8FEF761
:10550000DBFE616811480160216881F30888104959
:105510000C60BFF34F8FBFF36F8F0068BDE8104082
:105520000047000054727920746F206A756D7020F6
:10553000746F206170703A202523780D0A000000F6
:10554000D003002464040024700100240800002417
:1055500008ED00E00A480021084B032210B5036063
:1055600001714171416102628161FBF7EBFF00282B
:1055700003D0BDE81040FBF77DBD10BD004C0258C4
:10558000700100240D4808B5016841F00201016076
:1055900000680022052100F0020000903820FDF78D
:1055A000D5FE3820FDF7C5FE002205213920FDF784
:1055B000CDFEBDE808403920FDF7BBBED8440258F7
:1055C0000D4808B5016841F080010160016801F0F3
:1055D00080010091016841F001010160016801F062
:1055E00001010091016841F008010160006800F0CC
:1055F0000800009008BD0000E04402580A4840F648
:10560000FF71084B042210B50360C160C0E901219D
:10561000FDF796FD002803D0BDE81040FBF72ABD3A
:1056200010BD0000004800589401002419480021D2
:105630002DE9F041164A0C24C0E90541C1614FF43F
:10564000612301629514416256141715816280E846
:10565000EC00FFF7CBFD08B1FBF70CFD0D48002176
:10566000FFF76BFB08B1FBF705FD0A480021FFF7C8
:105670003EFB08B1FBF7FEFC0648FFF7CBFA08B18A
:10568000FBF7F8FCBDE8F0410248FFF77FBB0000E4
:1056900000100140D00300241848002110B5164C1A
:1056A0000C224FF4E1330460C0E90131C160C0E96C
:1056B00004128161C161016241628162FFF796FD5E
:1056C00008B1FBF7D7FC0D480021FFF736FB08B106
:1056D000FBF7D0FC09480021FFF709FB08B1FBF7F5
:1056E000C9FC0648FFF796FA002803D0BDE8104031
:1056F000FBF7C0BC10BD000000440040640400245F
:10570000FEE7FEE7704700002DE9F047454D0446EF
:1057100089464FF0000A2868C04380070AD0414EEE
:10572000283E306820F080603060FDF703FD0746BA
:10573000B04608E00120BDE8F08700BFFDF7FAFCA5
:10574000C01B022867D8D8F800000001F6D42068F2
:1057500029684FF4FE0721F47C313E0241EA003013
:105760002860207AA389B4F804C040022D4D2D4949
:105770005B1E227CACF1010C1035091DA0F50070F8
:1057800080B2521ECCF3080C07EA034340EA0C0037
:10579000184306EA0262104328600868626920F034
:1057A000C000104308600A68A06922F0200202438A
:1057B0000A60281D0A6822F010020A6002684FF68B
:1057C000F873E4699A4342EAC40202600868B9F1D6
:1057D000000F40F010020A6011D00868B9F1010F03
:1057E00011D040F400100860D8F80000444640F0A2
:1057F0008060C8F80000FDF79DFC05460DE00868D4
:1058000040F40020EFE740F48010ECE7FDF792FC55
:10581000401B022801D903208DE720680001F5D53F
:10582000504688E7284402582DE9F047454D044684
:1058300089464FF0000A2868C04380070AD0414ECD
:10584000283E306820F080503060FDF773FC07463A
:10585000B04608E00120BDE8F08700BFFDF76AFC14
:10586000C01B022867D8D8F800008000F6D4208832
:1058700029684FF4FE0721F07C713E0241EA005096
:105880002860207AA389B4F804C040022D4D2D4928
:105890005B1E227CACF1010C1835091DA0F50070CF
:1058A00080B2521ECCF3080C07EA034340EA0C0016
:1058B000184306EA0262104328600868626920F40F
:1058C0004060104308600A68A06922F40072024335
:1058D0000A60281D0A6822F480720A6002684FF686
:1058E000F873E4699A4342EAC40202600868B9F1B5
:1058F000000F40F480720A6011D00868B9F1010FFE
:1059000011D040F080700860D8F80000444640F0A4
:105910008050C8F80000FDF70DFC05460DE0086852
:1059200040F48000EFE740F40000ECE7FDF702FCF4
:10593000401B022801D903208DE720688000F5D59F
:10594000504688E7284402587047FDF72FBC0000F6
:1059500070B59CB04C216846FAF708FD202113A8C9
:10596000FAF704FD0220FDF723FD22480024224916
:10597000026842F44042026002680A6842F0010292
:105980000A60096801F001011B9101688904FCD5D6
:10599000402501210A220092CDE90315022005913C
:1059A00004230B933C26CDE90904CDE90C600FAE2E
:1059B0000E900C2286E8150068461294FEF756FEFB
:1059C00008B172B6FEE708221A95CDE91625D30173
:1059D00013AA3F200321CDE9185382E813000421C4
:1059E00013A8FEF73BFB002801D072B6FEE71CB0FF
:1059F00070BD0000184802582C0400583348F0B518
:105A0000334A016841F470010160106800F00F0032
:105A1000072804D2106820F00F00C01D10602D4927
:105A200000202C4C10340B682B4D43F001030B600D
:105A300020600B682B400B60136803F00F03072BEB
:105A400004D9136823F00F03DB1D1360214C234A94
:105A50001834234B261D371D20601E4C214D283441
:105A60003060261D3860371D23603B1D35601C1DCE
:105A70003A60251D2E1D1860331D2260286032609B
:105A800018600A68134B184C22F4802260330A60B5
:105A9000186020686FF30F00B0F1005F03D2134964
:105AA0000120C1F808010B48D4300168C9040BD4A7
:105AB000026843F2D2010E4B42F480520260196038
:105AC000016821F480510160F0BD000088ED00E024
:105AD00000200052004402587FEDF6EA80020101E6
:105AE000000202020000FF010010005C0080005173
:105AF0000040005230B5416EB9B101680D4B03F161
:105B000008048A688968C2F34262490F5D5C615C7F
:105B10002D01B5FBF1F1A0F86A10995CA25C0901B6
:105B2000B1FBF2F1A0F8681030BD0121A0F86A10B5
:105B3000F8E700002C76000890F82810090706D531
:105B40000168836B4A6822F400421A434A6090F865
:105B50002810C90706D00168C36A4A6822F40032D7
:105B60001A434A6090F82810890706D50168036B2C
:105B70004A6822F480321A434A6090F82810490794
:105B800006D50168436B4A6822F480221A434A60B2
:105B900090F82810C90606D50168C36B8A6822F4FC
:105BA00080521A438A6090F82810890606D5016849
:105BB000036C8A6822F400521A438A6090F8281015
:105BC000490611D50168436C4A6822F480121A43D1
:105BD0004A60416CB1F5801F06D10168836C4A6848
:105BE00022F4C0021A434A6090F82810090606D52C
:105BF0000168C26C486820F4002010434860704778
:105C00002DE9F84300250446C0F89050FDF792FABC
:105C10008046206820266FF07E470068000713D575
:105C20000022434631042046009700F04FFB58B154
:105C3000216851E8000F20F0800041E80002002AAE
:105C4000F6D1C4F8886021E020680068400722D5BA
:105C5000002243464FF480012046009700F036FBB7
:105C6000C8B1206850E8001F21F4907140E800128C
:105C7000002AF6D12068083050E8001F21F0010109
:105C800040E80012002AF5D1C4F88C60032084F8A3
:105C90008450BDE8F883C4F88860C4F88C60E56679
:105CA0002567002084F88450F3E710B5806B00214D
:105CB000A0F85E10FFF7C0F810BD70B5846B00252A
:105CC0002168D4F88800D4F88C608968090606D564
:105CD000212804D1A4F85650204600F0B5F82068D9
:105CE0008068400606D5222E04D1A4F85E502046D6
:105CF00000F080F8D4F8900040F01000C4F8900054
:105D00002046FFF799F870BD10B5C1690022806B7D
:105D1000B1F5807F2DD0A0F85E20036853E8001F06
:105D200021F4807143E80014002CF6D10168083199
:105D300051E8003F23F0010341E80034002CF5D185
:105D40000168083151E8003F23F0400341E8003486
:105D5000002CF5D12021C0F88C10C16E012908D18A
:105D6000016851E8003F23F0100341E80034002CA3
:105D7000F6D10267C16E012902D0FFF751FB10BDB9
:105D8000B0F85C10FEF78CFF10BD10B5806B0121E0
:105D90000167C16E012902D0FFF743FB10BDB0F8C7
:105DA0005C104908FEF77CFF10BD10B5C169806B1F
:105DB000B1F5807F16D00021A0F856100168083197
:105DC00051E8002F22F0800241E80023002BF5D19A
:105DD000026852E8001F41F0400142E80013002B26
:105DE000F6D110BDFFF766FB10BD10B5806BFFF755
:105DF00062FB10BD10B5026852E8001F21F49071DB
:105E000042E80013002BF6D10E4B0268083252E82C
:105E1000001F194042E80014002CF6D1C16E012980
:105E200008D1026852E8001F21F0100142E8001377
:105E3000002BF6D100212022C0F88C20C1664167DA
:105E400010BD0000FEFFFFEF026852E8001F21F0C6
:105E5000C00142E80013002BF6D10168083151E877
:105E6000002F22F4000241E80023002BF5D120216D
:105E7000C0F88810704700002DE9F04304468068A0
:105E8000D84E87B0D84B2168D4E90427D4F81CC079
:105E900010430A68002547EA0C07384332400243A2
:105EA0000A602068E268416821F440511143416072
:105EB0002268A1699A4201D0206A01439768DFF8FD
:105EC0002CC3CB4ECB4807EA0C070F4397602168E1
:105ED000676ACA6A22F00F023A43CA622268B24273
:105EE0000ED1006800F03800182873D047DCB8B332
:105EF000082879D010286FD178E028287ED17BE05F
:105F0000BD498A4209D1006800F00700062875D211
:105F1000DFE800F0546A6C6E7072B8498A4209D1A9
:105F2000006800F00700062868D2DFE800F0475D4F
:105F30005F616365B2498A4209D1006800F00700D9
:105F400006285BD2DFE800F03A5052545658AD496B
:105F50008A420BD1006800F0070006284ED200E00C
:105F600010E0DFE800F02B4143454749A6498A424B
:105F70000AD1006800F03800182839D0B7DD202891
:105F8000BBD13CE001203AE0A0498A4209D1006837
:105F900000F00700062831D2DFE800F01026282A9A
:105FA0002C2E9B498A420BD1006800F0070006287E
:105FB00024D2DFE800F003191B1D1F2100201EE082
:105FC0009A421BD18B48001D006800F0070006288C
:105FD00014D202E00CE007E010E0DFE800F0030577
:105FE00007090B0D02200AE0042008E0082006E063
:105FF000102004E0202002E0402000E080208549BD
:10600000DFF814829A42854A4FF400434FEA211781
:106010004FF000064ED110281AD006DC022809D015
:1060200004280BD008287CD10DE020283ED0402841
:1060300077D13DE0FDF7E6F9014610E06846FDF74F
:10604000F3F901990BE003A8FDF790FA049906E033
:106050001068800605D51068C0F3C100C140002952
:1060600070D0606A676838F8102007EB4703B1FB0F
:10607000F2F0834255D8B0EB073F52D800230846D0
:106080001946FAF729F902467808130E120243EA74
:10609000012110183A4671410023FAF71DF9604AB0
:1060A000A0F5407191423CD821688FE03946D8E78D
:1060B0001946D6E7D4F81CC04FF6EF799C4546D177
:1060C000082819D005DC58B101280CD0042875D156
:1060D0000DE0102815D0202835D040286ED134E0AE
:1060E000FEF704FA01E0FEF713FA014610E06846F5
:1060F000FDF79AF901990BE003A8FDF737FA049927
:1061000006E01068800604D51068C0F3C100C140E5
:10611000C1B1636A606838F81330B1FBF3F149002C
:1061200000E04BE001EB5001B1FBF0F0A0F11001F9
:10613000494543D84FF6F0732168C0F34202184036
:10614000104343E043E03946E3E71946E1E7082816
:1061500019D005DC58B101280CD004282ED10DE04F
:10616000102815D020282BD0402827D12AE0FEF770
:10617000BDF901E0FEF7CCF9014610E06846FDF7F5
:1061800053F901990BE003A8FDF7F0F9049906E033
:106190001068800604D51068C0F3C100C140B1B1D9
:1061A000636A606838F81330B1FBF3F101EB50011A
:1061B000B1FBF0F0A0F11001494505D9012506E039
:1061C0003946EDE71946EBE7216880B2C860012047
:1061D000A4F86A00A4F8680028466667A66707B0B6
:1061E000BDE8F083F369FFCF000C0058FFF4FF1106
:1061F0000010014054440258004400400048004050
:10620000004C004000500040001401400078004065
:10621000007C00400090D00314760008004402582F
:10622000FFFC0F0070B50446D0F880000023222543
:10623000A165A4F85C20C4F89030C4F88C50F0B18B
:106240001F49C163D4F880101E480864D4F8801038
:106250001D48C864D4F8800003651346A56D216805
:10626000D4F880002A462431FCF70CFB38B1102109
:10627000C4F890102020C4F88C00012070BD206963
:1062800040B1216851E8000F40F4807041E80002FD
:10629000002AF6D12068083050E8001F41F00101C3
:1062A00040E80012002AF5D12068083050E8001FAD
:1062B00041F0400140E80012002AF5D1002070BDF5
:1062C000095D00088B5D0008BB5C00082DE9F04704
:1062D000994617460D460446089E4FF0000833E0E5
:1062E000701C31D0FCF726FFA0EB0900B04218D893
:1062F000BEB120680168490726D5802D24D0402DE5
:1063000022D0C169C94309070DD40825056220467A
:10631000FFF770FDC4F89050012084F88480BDE838
:10632000F0870320FBE7C069C04300050CD4216857
:106330004FF4006008622046FFF75CFD2021C4F89E
:10634000901084F88480ECE72068C06935EA00008A
:1063500004D00020B842C3D00020E0E70120F9E7D4
:106360000148FEF775BD0000D0030024FEE70000E1
:106370007CB5044600201D46164600290BD0491E58
:10638000CDE90041044B6A462946304600F092F9B7
:10639000009A002111707CBDE36D000809070028F8
:1063A0004FEA116104DB00F1E02080F8001470472F
:1063B00000F00F0000F1E02080F8141D704700008D
:1063C0002DED020B9FED340BDDE90010C0F30A52F6
:1063D0009FED331BA2F2FF32142A2DDA9DED002B24
:1063E0009FED2D0B002A32EE000B10DAB4EEC01B2D
:1063F000F1EE10FA49D20028BCBF4FF00040002156
:1064000043DB50EA010218BF274813D13DE0274B78
:10641000D34000EA030C5CEA010C17D0B4EEC10BC8
:10642000F1EE10FA31DD002803DD4FF48011D14088
:1064300008449843002128E0332A07DCA2F1140322
:106440004FF0FF3C2CFA03F3194203D19DED000BF2
:1064500002B070479DED002B30EE420BB4EEC10B45
:10646000F1EE10FA11DD00280EDD142A08BF401CE1
:106470000AD0C2F134024FF0010C0CFA02F20A44C5
:106480008A4238BF401C11469943CDE900109DED6A
:10649000000B02B0704700009C7500883CE4377E1A
:1064A00000000000000000000000F03FFFFF0F00B0
:1064B00000B52DED048BB0EE418BB0EE409B83B068
:1064C00053EC182B51EC190BFAF748F900F0704017
:1064D000B0F1004F17D018EE101A18EE900A8DED9B
:1064E000008B002918BF0121084320F00040C0F1B3
:1064F0007F6000F1E040C00F01BFB0EE480B03B079
:10650000BDEC048B00BDB0EE490B03B0BDEC048BB9
:1065100000BD02E008C8121F08C1002AFAD1704766
:106520007047002001E001C1121F002AFBD1704713
:106530002DE9FF5F82B00021DDE90430020DDDF8B6
:1065400040B0034318D044F61050A2F2FF32424349
:106550001514119801281FD0A5EB0B00401C5FEA11
:10656000000A4FF000064E4FDFF83891B046504613
:1065700015D5CAF1000413E0119801244AA301289B
:1065800001D16FEA0B010298119AC0E90031C0E90C
:10659000024206B0BDE8F09FCBF10000DFE7044601
:1065A0000021404A491842EB0450CDE9001012E0A6
:1065B000E00707D032463B4640464946F9F7BDFF63
:1065C0008046894632463B4610461946F9F7B5FFE4
:1065D00006460F466410002CEAD1DDE90401DDE92E
:1065E0000023BAF1000F06DAF9F7A7FF42464B463F
:1065F000F9F7A3FF05E0FAF712F842464B46FAF71F
:106600000EF804460E460022284BFAF78FF803D8FE
:106610004FF0FF30014607E00022254B204631466F
:10662000F9F7E4FEFAF76AF8102409E0002C0ADB17
:106630000A220023F9F750FE039B30321A55641EDC
:1066400050EA0102F2D1641C039AC4F1110314440C
:10665000119A012A03D0012208430DD10AE0084310
:1066600004D000204FF0110B119072E7A3EB0B0543
:106670006D1E0DE05B4504DD4FF0000205F10105E4
:1066800004E003DA4FF00002A5F10105002AECD086
:1066900002981199C0E90231C0E9004579E700008C
:1066A000000014400000F03F300000000000F04304
:1066B0000000E03F2DE9FF4F95B09B468946064616
:1066C00000250FE2252877D100242746F84A01212A
:1066D000059400E0044316F8013F203B01FA03F063
:1066E0001042F7D130782A2811D06FF02F0330787C
:1066F000A0F13002092A16D8059A44F0020402EBF0
:10670000820203EB42021044761C0590EFE759F831
:10671000042B0592002A03DA504244F400540590F9
:1067200044F00204761C30782E2816D116F8010F9A
:1067300044F004042A280DD06FF02F023078A0F125
:106740003003092B09D807EB870302EB4303C71873
:10675000761CF3E759F8047B761C30786C280FD050
:1067600006DC4C2817D068280DD06A2814D104E024
:10677000742810D07A280FD10DE044F400140AE0F8
:1067800044F4801401E044F440147278824202D14F
:1067900004F58014761C761C307866280BD013DC48
:1067A000582877D009DC002875D04528F6D046282F
:1067B000F4D047281AD19DE118E0632835D0642829
:1067C00079D0652812D195E1702873D008DC67284C
:1067D000F1D069286FD06E280DD06F2806D1B5E0B2
:1067E00073282CD0752875D0782874D05A461799FC
:1067F00090476D1C75E1C4F30250022809D00328AC
:106800000DD0D9F8001004280DD00D6009F104094D
:1068100067E1D9F80010EA17C1E90052F6E7D9F8A4
:1068200000100D80F2E70D70F0E719F8041B8DF8E9
:10683000001000208DF80100EA46012003E059F81D
:1068400004AB4FF0FF3061074FF0000102D40DE0C0
:1068500008F101018846B9420FDA8045F8DB1AF8E1
:1068600008100029F4D108E008F1010188468142AE
:10687000FADB1AF808100029F6D105985B46A0EB60
:10688000080721463846179A00F094FA284400EB8E
:10689000080507E04DE029E10DE01AF8010B5A4622
:1068A00017999047B8F10108F7D25B462146384660
:1068B000179A13E142E00A220092C4F302524FF009
:1068C000000A022A08D059F804CB032A4FEAEC71D7
:1068D0000AD00DE029E02AE009F1070121F00702C2
:1068E000F2E802C1914609E00FFA8CFC4FEAEC7124
:1068F000042A03D14FFA8CFC4FEAEC71002907DA25
:106900000A460021DCF1000C61EB02012D2202E0BD
:10691000220504D52B228DF80420012203E0E20792
:1069200001D02022F7E7904659E00A2102E0102228
:106930000DE010214FF0000A00910BE010224FF003
:10694000000A44F004040827009203E008224FF0F4
:10695000000A0092C4F30252022A05D059F804CB6F
:106960000021032A08D009E009F1070121F00702FC
:10697000F2E802C1914605E01FFA8CFC042A01D11D
:106980000CF0FF0C4FF00008220728D5702806D025
:10699000009B83F0100353EA0A0305D00EE0402267
:1069A0008DF80420012208E05CEA010206D03022C2
:1069B0008DF804208DF8050002229046009B83F09C
:1069C000080353EA0A030AD15CEA010201D1620713
:1069D00005D530228DF804204FF001087F1E58287D
:1069E00004D034A003900EA802900DE036A0F9E781
:1069F00053466046009AF9F76FFC84460398825C20
:106A00000298401E029002705CEA0100F0D10298E8
:106A100006A9081A00F1200A600702D524F4803480
:106A200000E00127574502DDA7EB0A0000E0002047
:106A300000EB0A01009005984144401A0590E003DC
:106A400006D45B462146179A059800F0B3F9054431
:106A5000002706E001A85A46C05D179990476D1CB3
:106A60007F1C4745F6DBE0030CD55B462146179AB1
:106A7000059800F09FF9054404E030205A46179924
:106A800090476D1C0099481E00900029F5DC08E035
:106A9000029802995A460078491C0291179990472A
:106AA0006D1CBAF10001AAF1010AF1DC65E10000F8
:106AB00009280100303132333435363738396162D4
:106AC0006364656600000000303132333435363798
:106AD00038394142434445460000000000F058F96F
:106AE0000544761C307800287FF4ECAD19B02846B8
:106AF000BDE8F08F620700D4062709F1070222F0F3
:106B0000070CFCE80223E14603F000485FEA080CAA
:106B100002D00FF2702C0DE05FEA045C02D50FF298
:106B2000682C07E05FEAC47C02D00FF2602C01E021
:106B3000AFF2700C4FF0FF3823F00043CDF850C097
:106B400065280CD006DC452809D046281DD04728EA
:106B50003DD13DE0662818D067287ED138E000217D
:106B6000112F01DB112000E0781CCDE9000106A9FE
:106B70000EA8FFF7DDFCDDE90F010E9A039100215D
:106B8000009207F1010A04914DE04FF00040009798
:106B9000CDE9011006A90EA8FFF7CAFCDDE90F0236
:106BA00003920E9B11990022DDF80CA00093049231
:106BB00011B9791C00EB010AB7EB0A0004D4C0F14B
:106BC000FF3007F1010A0490AAEB0700019044E0AE
:106BD000012F00DA01270021112F01DD112000E033
:106BE0003846CDE9000106A90EA8FFF7A1FCDDE9B2
:106BF0000F010E9A0391002104910092BA462107D9
:106C00000CD40399514500DA8A46BAF1010F05DD2B
:106C1000009AAAF10101515C302908D0B84202DA89
:106C200010F1040F06DA0121CDE9011015E0AAF1F7
:106C30000101E9E7002805DC049901440491AAEB6D
:106C4000000102E0411C514500DD8A460499401ACA
:106C5000401C01904FF000400290200704D401989E
:106C6000504501DBCDF8048000208DF84F000298DC
:106C70000DF14F07B0F1004F25D02B200E90029858
:106C80004FF0020800280CDA404202902D200E90AE
:106C900007E00A210298F9F774FB3031029007F8F7
:106CA000011DB8F10001A8F10108F2DC02980028EA
:106CB000EFD1791E0E980870307800F0200040F077
:106CC000450007F8020D12A8C01B00F10708149830
:106CD000007800B1012000EB0A01019801EBE0719E
:106CE00005984144401A401E0590E00306D45B46D7
:106CF0002146179A059800F05DF80544149800782D
:106D000018B15A46179990476D1CE00324D55B468D
:106D10002146179A059800F04DF805441CE00498A8
:106D2000002807DBDDE90301884203DD0098405CB1
:106D3000179901E0179930205A469047049805F1B9
:106D40000105401C04900198401E019004D12E20A2
:106D50005A46179990476D1CBAF10001AAF1010A31
:106D6000DDDC05E017F8010B5A46179990476D1CBA
:106D7000B8F10001A8F10108F4DC5B462146179A3E
:106D80000598ABE62D0000002B000000200000005D
:106D90002DE9F041044600251E461746880404D418
:106DA00005E039462020B0476D1C641EF9D5284601
:106DB000BDE8F0812DE9F041044600251E469046CD
:106DC000C80301D5302700E02027880404D505E05A
:106DD00041463846B0476D1C641EF9D52846BDE8CB
:106DE000F0814A68002A06D00A68531C0B601070B4
:106DF0004868401E4860704708B500F0B3F80122AB
:106E000069468DF80000E42000F070FA08BD08B56E
:106E1000684600F0ADF803226946D02000F066FA1B
:106E200008BD0000F8B5164A0446016840681140E4
:106E3000B1F1105F1FD1401C1DD012484068A04224
:106E400019D1104D55F8100FB0F1A53F13D1686856
:106E5000002811D0C01C214682080B48FAF74CFBD1
:106E600000900646D5E9012308A0214600F088F8E5
:106E7000A968B14201D00020F8BD0120F8BD000092
:106E80000000FE2F100000247001002441707020CB
:106E90006174203078253038583A2073697A653D1E
:106EA000307825582C2073746F72656420435243E8
:106EB0003D3078253038582C2063616C6320435274
:106EC000433D3078253038580D0A000010B5094C84
:106ED000206800280DD0211DC01C49688208064882
:106EE000FAF70AFB2168024604A000F049F80020E6
:106EF000206010BD0C000024700100244352432088
:106F00006F6620415050312073697A6520307825B2
:106F1000583A203078253038580D0A0014280B468E
:106F200010B51BD004DC112811D0132816D112E0A3
:106F3000762802D0772811D105E0BDE8104091B243
:106F4000184600F067BABDE81040FFF760BFBDE823
:106F5000104000F019BB087800F0FAF9BDE81040C5
:106F6000FFF74ABF0148C07E70470000E8060024D2
:106F700002498A7B8270498901807047E8060024B3
:106F80000FB410B5F9F7E8FC00280BD007488021B2
:106F9000029A03ABFFF7ECF9044982B201F5D6700F
:106FA000FEF740FA10BC5DF814FB00002402002438
:106FB0001FB500240094019402940394FCF77AF91D
:106FC00001208DF80C001F218DF8081087228DF804
:106FD00009208DF80D008DF8000068468DF80A40F4
:106FE0008DF80E408DF8014001948DF80B408DF81E
:106FF0000F40FCF731F90420FCF76AF9FCF7DEF8E2
:10700000FEF7A6FCFEF7DCFAFEF7BCFAFEF70EFB75
:10701000FEF742FBFEF79EFA0DA0FFF7B1FF12A0AC
:10702000FFF7AEFF00F032F800F052F813A0FFF7C0
:10703000A7FFF9F7A9FC00F0A7FAF9F7C1FF00BF15
:1070400000F0FAF80120FBF76BFDFFF73FFFF7E7D1
:10705000426F6F744C6F616465722052756E6E6919
:107060006E672E2E2E0D0A005265616420436F6EEE
:107070006669672E2E2E0D0A0000000043686563C6
:107080006B204170702E2E2E0D0A000070B500F09E
:107090003DF90C4C4FF000610B4A00250B4B4FF0B3
:1070A000A53084E80E002169814206D0C117A16194
:1070B000C4E90405257300F07BFA207B052800D97C
:1070C000257370BD100000240000020800000E08A7
:1070D00070B51E4D287B062810D2DFE800F00305AE
:1070E000090B070D1AA40AE01BA408E01CA406E083
:1070F0001EA404E01FA402E020A400E021A422A01A
:10710000FFF73EFF21A0FFF73BFF29682AA0FFF70A
:1071100037FF69682EA0FFF733FFA96832A0FFF799
:107120002FFF37A02146FFF72BFF18A0FFF728FFFE
:10713000D5E9051237A0FFF723FF14A0FFF720FFC2
:10714000BDE8704010A0FFF71BBF00001000002436
:107150004E4F4E450000000050454E44494E4700FA
:107160004150505F434845434B0000004150504C54
:10717000494544004641494C45440000424F4F5464
:107180005F555000554E4B000D0A0000202D2D2D4F
:107190002D2D2D2D2D2D2D2D2D2D2D2D2D2D2D2D1F
:1071A0002D2D2D2D2D2D2D2D2D2D2D2D2D2D2D2D0F
:1071B0002D2D2D2D0D0A00007C20626F6F74203A5A
:1071C0000930782530385809097C0D0A0000000084
:1071D0007C2061707020203A0930782530385809B9
:1071E000097C0D0A000000007C2063666720203ABD
:1071F0000930782530385809097C0D0A0000000054
:107200007C2070656E64203A09252D397309097C4C
:107210000D0A00007C20617070202073697A653A45
:10722000307825303858206372633A30782530380A
:1072300058097C0D0A0000002DE9F0412A4FB8786A
:1072400000284ED0388809284BD3002635462EE03A
:107250007819041D8288A2F5A8415A3926D1A1784F
:10726000142923D1E1781C2920D161793B8801F1CF
:1072700009029B1B934219D30A3000F091F86279FE
:1072800005F10A03D119CB5C98420FD105F10B002F
:10729000085AA0F57E435A3B08D12079A11DFFF77B
:1072A0003DFE607908350544681C86B26D1C38883F
:1072B000A842CDD8388800253C46B0420AD920885B
:1072C000A119091D821B201DF9F737F82088801BA2
:1072D000208000E025802088B0F5967F00D12580B1
:1072E000A570BDE8F08100004000002470B5144690
:1072F0000D460646F9F730FB002806D022462946FF
:107300003046BDE8704000F057B870BD054810B574
:10731000FAF700F805481C2203494068BDE8104010
:1073200000F006B800000E08100000240000002441
:1073300010B503689BB2A3F52A44AA3C02D04FF0D3
:10734000FF3010BD001DF9F71BFF002010BD00002D
:107350000F4910B5C97E814218D000280D4813D0BE
:10736000017B012903D00121017300F021F9BFF352
:107370004F8F0948094A016801F4E0611143016037
:10738000BFF34F8F00BFFDE70521EDE710BD000003
:10739000E8060024100000240CED00E00400FA05CB
:1073A00003460020024610B503E09C5C521C2044BA
:1073B000C0B28A42F9D310BD70B50D46134945F2EB
:1073C0005A464FF01C0314004FF014020E800E4674
:1073D00008718B70CA704C7104D0B01D22462946CA
:1073E000F8F7ABFF21462846FFF7DAFF31195A2399
:1073F00004F109028871FE24CB71D2B20C72BDE88F
:10740000704002490248FEF70DB80000E80500246C
:10741000D00300242DE9F84F0D1F0646002D7BDD1B
:10742000564C2089A389401C834201D1012700E0EA
:107430000027A27B4FF0000B4FF001084FF003092B
:107440008AB1022A0FD03288012A0CD0B6F802C0C5
:10745000634503D1904201D1E80611D03FB300BF8C
:1074600084F80E905BE07088A081A4F808B0012831
:10747000A4F80A802068606017D0002784F80E8086
:1074800084F80E80C246308860813088012810D090
:107490006068311D2A46F9F7E7FE8046D4F81700E8
:1074A000A84229D2C01C82082AE00127E6E706206C
:1074B00034E0A1F10C056068E41D2A4606F10C01D8
:1074C0000091F9F7D1FEA168804670684860706845
:1074D0002061A168B06888602069E41FA84202D2D8
:1074E000C01C820803E0E81705EB90708210244866
:1074F0000099FAF701F807E0E81705EB90708210A1
:107500001F48311DF9F7D6FFB8F1000FC4F813007A
:107510000CD017B1042001E01FE00720A073194927
:1075200081F80C90BDE8F84F00F042B8BFB1D4F834
:107530000F00D4F813108068814291D1114855464C
:1075400080F80CA000F034F80221A173216861607A
:10755000A4F808B06581A4F80CB0BDE8F88F052048
:10756000A073606828446060D4F81700401BC4F81A
:1075700017002089401C2081EFE70000E806002466
:10758000700100241000002407480021074A81737D
:10759000C176C0F80F20103A0123526802604260A1
:1075A0000181438181817047E80600242000002486
:1075B00010B588B04AF6AA201C210A46ADF8000092
:1075C00001A8ADF802100D49F8F7B7FE0C4C2022C7
:1075D00069462068F9F748FEB7EE000BFEF7F0FEAB
:1075E00094ED001A9FED072BB8EE411B00EE021B35
:1075F000BCEEC10B84ED000A08B010BD10000024E1
:1076000000000024000000000000404000061016AA
:1076100000061016010002000400060008000A001F
:107620000C00100020004000800000010101010357
:107630000701000008040204080101010000000025
:107640000102030401020304060708096C7600081E
:10765000000000244000000012650008AC7600081D
:1076600040000024E00A00002265000800000E0827
:1076700000000E08000000000000000000000008EC
:107680000000020800000E080000000000000000DA
:1076900000000000000000000100000010000000D9
:0C76A000000000000090D0030090D00318
:020000040802F0
:10000000F06300246D0302087DA00208F18F02084E
:100010007BA00208190F0208ADC30208000000000F
:10002000000000000000000000000000AD02020817
:100030008D160208000000000903020861AB0208E7
:100040008B0302088B0302088B0302088B03020850
:100050008B0302088B03020899170208A7170208EE
:100060008B0302088B0302088B03020801120208AB
:100070000D120208191202088B0302088B030208F2
:100080008B0302088B030208D50C020881180208B2
:100090008B0302088B0302088B0302088B03020800
:1000A0008B0302088B0302088B0302088B030208F0
:1000B00021B002082DB0020839B002088B030208F3
:1000C0008B0302088B0302088B0302088B030208D0
:1000D0008B030208A1C302088B0302088B030208EA
:1000E0009F1702088B030208000000008B03020820
:1000F0008B0302088B0302088B0302088B030208A0
:100100008B0302088B0302088B0302088B0302088F
:100110008B0302088B03020845B002088B03020818
:1001200025120208311202083D1202084912020883
:100130008B0302088B0302088B0302088B0302085F
:1001400000000000000000000000000000000000AF
:100150008B0302088B0302088B0302088B0302083F
:100160008B0302088B0302088B0302088B0302082F
:100170008B0302088B0302088B03020800000000B7
:100180008B0302088B0302088B0302088B0302080F
:100190008B0302088B0302088B0302088B030208FF
:1001A0008B0302088B0302088B0302088B030208EF
:1001B0008B0302088B0302088B0302088B030208DF
:1001C0008B0302088B0302088B0302088B030208CF
:1001D0008B0302088B0302088B0302088B030208BF
:1001E0008B0302088B0302088B0302088B030208AF
:1001F0008B0302088B0302088B0302088B0302089F
:100200008B0302088B0302088B0302088B0302088E
:100210008B0302088B0302088B0302088B0302087E
:100220008B0302088B0302088B0302080000000006
:100230008B0302088B030208000000008D0A0208ED
:100240008B0302088B0302088B0302088B0302084E
:100250008B0302088B0302088B0302088B0302083E
:100260008B0302088B0302088B0302088B0302082E
:100270008B0302088B0302088B03020800000000B6
:100280008B0302088B0302088B03020800000000A6
:10029000000000008B030208DFF80CD000F04AFBDE
:1002A00000480047E9F40208F06300242C4B196869
:1002B0000868B0E8F04F80F30988BFF36F8F4FF004
:1002C000000080F3118870470000000008480068B3
:1002D000006880F308884FF0000080F3148862B64D
:1002E00061B6BFF34F8FBFF36F8F00DF00BF00BF5A
:1002F00008ED00E0DFF80C00016841F470010160D6
:10030000704700BF88ED00E0EFF30980BFF36F8F07
:10031000134B1A681EF0100F08BF20ED108A20E959
:10032000F04F106009B44FF0500080F31188BFF314
:100330004F8FBFF36F8F10F08BFC4FF0000080F3F6
:10034000118809BC19680868B0E8F04F1EF0100F5A
:1003500008BFB0EC108A80F30988BFF36F8F704735
:10036000F8000024EFF3058070470000074880473D
:100370000748804707480047FEE7FEE7FEE7FEE73D
:10038000FEE7FEE7FEE7FEE7FEE7FEE76518020888
:1003900025AC0208990202082DE9F05F054600200D
:1003A00092469B4688460646814640241BE02846E6
:1003B00041464746224600F069F853465A46C01A5D
:1003C000914110D311461846224600F050F82D1ADC
:1003D00067EB01084F4622460120002100F047F854
:1003E00017EB00094E41201EA4F10104DFDC484652
:1003F00031462A464346BDE8F09F40EA01039B0789
:1004000003D009E008C9121F08C0042AFAD203E089
:1004100011F8013B00F8013B521EF9D27047D2B2ED
:1004200001E000F8012B491EFBD270470022F6E7DD
:1004300010B513460A4604461946FFF7F0FF20465A
:1004400010BD30B50B46014600202022012409E0F2
:1004500021FA02F59D4205D303FA02F5491B04FA7D
:1004600002F52844151EA2F10102F1DC30BD202A5C
:1004700004DB203A00FA02F1002070479140C2F1FB
:10048000200320FA03F3194390407047202A04DB2D
:10049000203A21FA02F00021704721FA02F3D040FD
:1004A000C2F1200291400843194670472DE9FE4FE2
:1004B000804681EA0300C00F0C46009021F0004105
:1004C00023F00045B8EB0200A94105D24046214681
:1004D00090461C460B46024623F00040104347D08E
:1004E000270DC7F30A00C3F30A510290401A019086
:1004F00040286BDAC3F3130040F4801B0098924647
:1005000020B10023D2EB030A63EB0B0B0198594691
:10051000C0F140025046FFF7AAFF06460D4650467E
:100520005946019A00F018FA10EB080061410024C6
:1005300087EA115284EAE7731A4340D0009A62B303
:10054000019A012A4FEA075215DC001B61EB0201F8
:100550004FF0004202EA0752CDE90042001C41F58B
:10056000801132462B4600F018FA03B0BDE8F08F38
:1005700040462146F9E7001B61EB0201001C41F5F2
:10058000801300185B412018A2F5001747EB030108
:1005900040EAD570B6196D4111E06D084FEA360694
:1005A00045EAC0754FEA0752001B61EB0201001CCF
:1005B00041F5801149084FEA300000195141324697
:1005C0002B4603B0BDE8F04F00F0D8B900980122E7
:1005D00040000023D0EB020263EBE0730098214659
:1005E0004FEAE074B8EB000061EB0401E9E783F047
:1005F00000435BE781F0004158E72DE9FE4F81EAB7
:10060000030404F0004421F0004100944FF0000B7B
:1006100023F0004350EA01045ED052EA03045BD0A9
:10062000C3F30A54C1F30A552C44A4F2F3340194E1
:10063000A0FB0254C1F3130141F48011C3F313036F
:1006400043F4801301FB024400FB034E840A970A23
:1006500044EA815447EA8357A4FB076802958D0A50
:1006600005FB07854FEA932C04FB0C542705029DDC
:100670004FEA065847EA1637B5EB08056EEB070C4C
:10068000870E920E47EA811742EA8312A7FB020106
:10069000B6EB0B0164EB00042B0D43EA0C335E1840
:1006A00044EB1C50DA465146E7FB0201C5F3130444
:1006B0004FEA0B3343EA14534FEA0432019C43EAF6
:1006C0000603A4F10C040294009CCDE900B400F0F0
:1006D00064F903B0BDE8F08F00200146F9E72DE989
:1006E000F04D81EA030404F0004B21F0004514466C
:1006F0004FF0000A23F0004150EA050220D054EAEE
:1007000001021DD0C5F30A570246C5F31303C1F316
:100710001300C1F30A5640F4801543F48013A7EB8D
:100720000608101BD64608F2FD3873EB050002D30D
:1007300008F1010801E092185B41B8F1000F03DAFB
:1007400000200146BDE8F08D00204FF480110646E0
:1007500084460EE0171B73EB050705D3121B63EBF2
:10076000050306434CEA010C49084FEA3000921891
:100770005B4150EA0107EDD152EA030012D082EA50
:10078000040083EA0501084305D0101BAB4106D2E3
:100790000122002306E000224FF0004302E06FF048
:1007A000010253101AEB06004CEB085110EB0A0043
:1007B00041EB0B01BDE8F04D00F0E0B870B521F061
:1007C000004303430CD0C1F30A550024D5EB0405C4
:1007D00064EB0403D617AD1AB34102DB00200146D7
:1007E00070BD201841EB025170BD00002DE9F041B1
:1007F000054621F000400C46284309D0C4F30A50B6
:1008000040F23341884205DD28462146BDE8F081AB
:100810002846FBE740F2FE31884210DC0CDB4FEA51
:10082000043040EA155050EA053105D0104804F074
:10083000004101430020E9E700200146E6E7A0F27D
:1008400033404642C6F1400228462146FFF70FFEDC
:1008500007468846284621463246FFF717FE43469C
:100860003A4600F08BF83246BDE8F041FFF7FFBD95
:100870000000F03FC1F30A52C1F3130140F2FF330D
:1008800041F480119A4202DA00200146704740F29A
:1008900033439A42A2F2334202DC5242FFF7F6BDE2
:1008A000FFF7E5BD30B5041E71F1000404DB4FF025
:1008B0000044404264EB0101141E73F1000405DBA7
:1008C0001C464FF00043524263EB0403994208BFB9
:1008D000904230BD70B5044601F00045002005434C
:1008E00004D14FF00045644265EB010103F000457F
:1008F000284305D118464FF00043524263EB0003F2
:10090000101B73EB010002D24FF0004009E082EAB5
:10091000040283EA01034FF000501A4301D14FF063
:10092000C0404FEA2062EFF3008162F31F6181F360
:10093000008870BD064C074D06E0E06840F00103FA
:1009400094E8070098471034AC42F6D3FFF7A8FCB0
:10095000641A0308841A0308202A06DBCB17203AFE
:1009600041FA02F043EAE07306E041FA02F3D040B4
:10097000C2F12002914008431946704710B5141E79
:1009800073F1000408DA401C41F1000192185B4148
:100990001A4301D120F0010010BD2DE9F04D92461F
:1009A0009B4611B1B1FA81F202E0B0FA80F2203236
:1009B0009046FFF75CFD04460F4640EA0A0041EA14
:1009C0000B0153465A46084313D0114653EA01001F
:1009D00019D0C8F140025046FFF758FD05460E46B3
:1009E000504659464246FFF742FD084305D00120D4
:1009F00004E020463946BDE8F08D0020054346EA74
:100A0000E0762C4337430A986305E40AA0EB08001C
:100A10000022FD0A44EA47540A3002D5002001466C
:100A2000E9E7010510196941DDE908450019694147
:100A3000BDE8F04DA2E770B58C1810F8015B15F019
:100A4000070301D110F8013B2A1106D110F8012B40
:100A500003E010F8016B01F8016B5B1EF9D12B0765
:100A600005D40023521E0DD401F8013BFAE710F81B
:100A7000013BCB1A921C03E013F8015B01F8015B08
:100A8000521EF9D5A142D8D3002070BD014801F013
:100A900007BD00005409002470B53A4905460068B6
:100AA000884202D0384A904202D1D1F8080302E0CD
:100AB0003648D0F8080310F4403F11D006F0ACF8E7
:100AC00004466868B0F5803F06D0B0F5003F03D01B
:100AD000B0F5403F27D101E0000C18E0A40822E067
:100AE00000214FF4002005F001F9044668688103F5
:100AF000890B18D181140C2915D2DFE801F01406F6
:100B000006060606060B0D0F1113800C4000B4FB01
:100B1000F0F408E0240906E0640904E0A40902E016
:100B2000E40900E0240A04F0A9FA41F20301884232
:100B300008D8174884422868816813D821F4807146
:100B4000816070BD13496008884204D828688168B4
:100B500021F44071F4E71049884206D8286881687A
:100B600021F4407141F48071EAE70C498842286819
:100B7000816804D821F4407141F40071E0E741F448
:100B80004071DDE700200240002102400060025871
:100B9000002D3101105E5F0020BCBE0040787D0159
:100BA00010B5846B616D11F0500F06D0616DC906F0
:100BB00025D5204601F073FC10BD606D40F4007037
:100BC000606520680168090707D508F09FFC90B1AF
:100BD0002068C068800403D50DE0C06880070AD192
:100BE000606D20F480706065606DC00403D4606D3A
:100BF00040F001006065204601F0F2FB10BDE16CA1
:100C0000C96CBDE81040084710B5806B416D41F0DC
:100C100040014165816D41F00401816501F03FFCB7
:100C200010BD10B5806B01F039FC10BD70B50446E5
:100C30000068816811F0010F40D18168204A11429B
:100C40002DD18168D5432940491C816004F01CFAEC
:100C50001C49064620681C4B884201D0984201D1AD
:100C60001A4A00E01A4A9268984202F01F0200D025
:100C7000014681421DD0E2B120E0816811F0010FF0
:100C800003D181682940491C816004F0FDF9801B73
:100C900002280ED920680068C043C00709D0606DE3
:100CA00040F010006065A06D40F00100A0650120DB
:100CB00070BD20680168C943C907DED1002070BD3E
:100CC0003F0000800020024000210240002302403B
:100CD00000630258044810B501F0E2FBBDE8104083
:100CE000024801F0DDBB00008C080024F00800245D
:100CF0001CB5A52040F2FF34012269468DF804009E
:100D0000204600F01EF89DF80000A52815D00A2006
:100D10000EF078FC0122204601A900F047F80A20D5
:100D20000EF070FC01226946204600F00AF89DF89A
:100D30000000A52803D000201CBD01201CBD0220FE
:100D40001CBD10B5012A0C4603D9BDE810400FF0B8
:100D5000DFBF00F003F8207010BD00003EB5010AAF
:100D600000228DF80410A0258DF8050001F0070081
:100D7000FF248DF808200123009445EA40010A4829
:100D80000DF1050204F0CEFA9DF80400012302AA39
:100D9000009400F0070045EA4001034804F030FAEF
:100DA0009DF808003EBD0000040C00242DE9F04130
:100DB0000F46054600F00F0100F00F00C1F11004CE
:100DC000C0F11000A242A2EB000002D9C0F3071646
:100DD00001E04FF0000605D9C6F1000100EB01105B
:100DE000C0B201E04FF00000012A804637D94FF42D
:100DF0008060824200D90246A918814201D9684226
:100E0000C2B2A24228D93A462146284600F05AF8F2
:100E1000281985B2052027440EF0F4FB00240CE0CD
:100E200010213A46284600F04DF81035ADB20520A5
:100E300010370EF0E7FB641CE4B2B442F0D3052097
:100E40000EF0E0FBB8F1000012D03A460146284609
:100E5000BDE8F04100F036B8D1B23A46F7E739467E
:100E6000284600F01BF8BDE8F04105200EF0CABB93
:100E7000BDE8F0812DE9F041002415460E460746F5
:100E800008E0381980B2311900F008F805200EF09A
:100E9000B9FB641CAC42F4D3BDE8F0813EB501253A
:100EA0004FF0FF34C2B22B46C0F302200294CDE9CA
:100EB0000015A02141EA4001014804F0D9FA3EBDE5
:100EC000040C00243EB5102913464FEA1024C2B288
:100ED00000D910214518B5F5806F01D94142C9B23A
:100EE00000F00F050D44102D04D9084400F00F0048
:100EF000081AC1B24FF0FF3000930123CDE9011071
:100F000004F00700A02141EA4001024804F0B0FAD1
:100F10003EBD0000040C0024FEE7000030B50023B5
:100F200008E000BF01EB830504682D684FEA3545F2
:100F300025605B1CB3EB520FF4D3D20703D00268D9
:100F400031F8231011800068006830BDF0B500232F
:100F50000BE000BF01EB830405682668E77834BA2C
:100F600024F0FF043C432C605B1CB3EB920FF1D3E5
:100F700094071BD002F00304012C03D1056811F87B
:100F800023602E70022C05D101EB830405682488B0
:100F900064BA2C80D243920708D101EB8302036824
:100FA000118849BA19809178026811700068006848
:100FB000F0BD00001E4810B59FED1E4B9FED1F2B8E
:100FC000B0F8F7304FF4FA741E4A00EE103A9FED75
:100FD0001E1B02F10801B8EE400B1460B0F8F930A6
:100FE000B1EE043B84EE005B85EE020B02EE103A9C
:100FF000B8EE424BB0EE412B04EE002BBCEEC22B00
:1010000082ED012AB0F8F30002EE100AB8EE422B8E
:1010100002EE001BBCEEC11B81ED001AB8EE411BB5
:1010200000EE031BBCEEC10B81ED010A10BD0000F8
:101030001C06002400000000D012634100000000E4
:1010400000408F40C00000240000000000407F40AE
:101050002DE9F04732490123324D4FF4FA780E461C
:1010600042460020B1F8F940B1F8F370C5F80080AD
:10107000B6F8FB6020E010F10100624401EB400C87
:10108000BCF8FDC0A445F6D904EB840C02EB4C0A75
:1010900001EB400C45F823A05B1CBCF8FD20DBB243
:1010A00003F1010C121B401C02EB82090AEB4902FE
:1010B00045F823200CF0FF038642DFD804EB8400C0
:1010C000DFF864C05C1C02EB4002164845F82320A0
:1010D000603007EB8707E3B2ACF8003008EB47025B
:1010E0000260022332324260002412E001EB440528
:1010F000B5F8FD5005EB850502EB4502323A40F8A4
:1011000023205D1CEBB232325D1C40F82320641CAE
:10111000EBB2A642EAD8ACF80230BDE8F087000096
:101120001C060024880F0024BC00002470B50A4D62
:10113000E86F02F02DF9002407E001200EF062FABA
:10114000641CE86FE4B202F023F9012802D0322CCB
:10115000F3D3002070BD0000741200240A4B00215C
:1011600030B40846997059770246C0EB021404EB7C
:1011700042121A44401C042882F83810F4D3034861
:10118000016030BC0FF02CBB1C0600246B00002457
:10119000002805480A4603D04FF4805103F069BF88
:1011A0004FF48041FAE7000000040258090541EAC3
:1011B000021141F0407100F001B8000038B50C4652
:1011C00005460121FFF7E4FF00212846FFF7E0FF75
:1011D000200E8DF80000210C8DF80110220A8DF8E8
:1011E00002200648C823042269468DF8034006F011
:1011F000E3F901212846FFF7CBFF38BD580C002446
:10120000014802F0C9B80000B8090024014802F002
:10121000C3B80000300A0024014802F0BDB8000045
:10122000A80A0024014802F0B7B800009C1300246B
:10123000014802F0B1B8000014140024014802F083
:10124000ABB80000980E0024014802F0A5B80000D9
:10125000100F0024294A016891423AD0274A1832D7
:10126000914236D0254A3032914232D0234A483218
:1012700091422ED0214A603291422AD01F4A7832C0
:10128000914226D01D4A9032914222D01B4AA83268
:1012900091421ED01A4A91421BD0194A18329142EB
:1012A00017D0174A3032914213D0154A4832914232
:1012B0000FD0134A603291420BD0114A78329142DA
:1012C00007D00F4A9032914203D00D4AA832914282
:1012D00011D1CAB21823103AB2FBF3F26FF309012D
:1012E000032A02F00703074AD25CC26500D9091D30
:1012F00081650846704721F0FF01F9E710000240C0
:10130000100402406818030830B5224A012301681E
:101310009142CAB21BD01F4C1434A14217D01D4CAD
:101320002834A14213D01B4C3C34A1420FD0194C9D
:101330005034A1420BD0174C6434A14207D0154C55
:101340007834A14203D0134C8C34A1420CD1142127
:10135000114C083AB2FBF1F10F4A803201F01F053F
:1013600004EB8101AB4010E00C4D1824103A0D4401
:10137000B2FBF4F1A82D00D80831094A01F01F048E
:1013800002EB8101064AA3408032603080E80E0003
:1013900030BD00000854025800580258F0FBFDBF51
:1013A0000008024010B50279531E072B2DD8174CA8
:1013B0000168A1421BD0154C1434A14217D0134C24
:1013C0002834A14213D0114C3C34A1420FD00F4C11
:1013D0005034A1420BD00D4C6434A14207D00B4CC9
:1013E0007834A14203D0094C8C34A14203D108497E
:1013F000074C443102E00749064C443104EB8202B9
:10140000C0E91B2101219940416710BD08540258D1
:10141000FC580258FC08024010B583694FF0C074B4
:10142000826A0146002053B1B3F5005F15D072B156
:10143000012A0CD0022A0AD0032A09D104E01AB1E9
:10144000012A06D0022A03D1C96AC90100D50120A8
:1014500010BDC96AA142FAD010BD002AF7D0012AF6
:10146000F2D0022AF3D0032AF3D010BD2DE9F04FB9
:10147000804E804FDFF8FC911836DFF8F8A148372E
:101480000468856D0AF1300ADFF8ECB14C45DFF8ED
:10149000ECC1DFF8ECE16DD0B4426BD0544569D0BB
:1014A000BC4267D0DFF8D081A8F11808444561D06C
:1014B0005C455FD064455DD074455BD0DFF8C48186
:1014C000444557D0DFF8BC8108F11808444551D095
:1014D000DFF8B08108F1300844454BD0DFF8A48133
:1014E00008F14808444545D0DFF8988108F16008C4
:1014F00044453FD0DFF88C8108F17808444539D065
:10150000DFF8808108F19008444533D0DFF874811A
:1015100008F1A80844452DD0DFF86C81444529D056
:10152000DFF8648108F11408444523D0DFF85881BE
:1015300008F1280844451DD0DFF84C8108F13C082B
:10154000444517D0DFF8408108F15008444511D0D8
:10155000DFF8348108F1640844450BD0DFF82881B6
:1015600008F17808444505D0DFF81C8108F18C08A3
:10157000444509D1D0E91948C4F80480C46E1CB1AF
:10158000D0E91C48C4F8048004684C452ED0B4420D
:101590002CD054452AD0BC4228D0374E183EB442F5
:1015A00024D05C4522D0644520D074451ED0354EF1
:1015B000B4421BD0334E1836B44217D0314E3036B9
:1015C000B44213D02F4E4836B4420FD02D4E603661
:1015D000B4420BD02B4E7836B44207D0294E903609
:1015E000B44203D0274EA836B44215D190F85C60BF
:1015F0003F2406F01F06B440AC600468256825F45B
:10160000802525602EE09A600068C160BDE8F08FFB
:1016100099600068C260F9E71B4EB4421BD01A4EB5
:101620001436B44217D0184E2836B44213D0164E92
:101630003C36B4420FD0144E5036B4420BD0124E4A
:101640006436B44207D0104E7836B44203D00E4E02
:101650008C36B442DAD190F85C60012406F01F06A3
:10166000B4406C60046863608368402B0368CFD12A
:10167000C9E700001000024088000240A0000240BC
:10168000B80002401004024008540258704700009D
:101690002DE9F04300232E4855214FF0A60C5FF0B2
:1016A000FA041D464FF07E5603EBC3025B1C02EBAF
:1016B00042073A18022BC155A2F80350C2F80B603A
:1016C000C2F80F50C2F81360C2F81750A2F809C050
:1016D000A2F80740E8D3DFF87CC0C3270023C82660
:1016E0004FF07C591A46C3EB021808EB4212024431
:1016F0005B1C042B82F83610A2F83B70A2F839600C
:10170000C2F84590C2F849C0C2F84D50EAD380F8FB
:10171000F510642280F8F610AA23A0F8F3200B2518
:1017200080F8F2304FF47A77A0F8FB505FF00002B7
:10173000A0F8F770A0F8F96000EB4203521C0B2AE6
:10174000A3F8FD40F8D380F81F11BDE8F083000036
:101750001C060024CDCCCC3D0D4900200D4A08606C
:101760004FEA0001C1EB011303EB41131344491C81
:10177000042983F83800F5D35FF0000101EBC103C1
:10178000491C03EB4303134402299870F6D37047B6
:101790006B0000241C060024012003F043BB4FF41F
:1017A000006003F03FBB022003F03CBB28494FF42C
:1017B000967210B501F5967007F041F82548264954
:1017C000006888423AD024491831884236D02249EC
:1017D0003031884232D02049483188422ED01E49CB
:1017E000603188422AD01C497831884226D01A4973
:1017F0009031884222D01849A83188421ED017491A
:1018000088421BD015491831884217D0134930310E
:10181000884213D01149483188420FD00F496031B6
:1018200088420BD00D497831884207D00B4990315E
:10183000884203D00949A831884203D1016821F0C8
:10184000080102E0016821F00401016010BD000000
:10185000481100249C130024100002401004024090
:1018600072B6FEE7054805490839026842F00202EF
:10187000026008688004FCD5704700000C480258DC
:10188000014802F0CBBD0000200B0024F0B5036836
:101890004FF6FC716D4C426BD3F884508D4345EA92
:1018A0008205C3F88450036853F8845F068F25F4DB
:1018B0007F0545EA06451D60836B654D9F180268EC
:1018C000D2F888308B4343EA8703C2F88830026835
:1018D00052F8883F868F23F4FE0343EA06431360E1
:1018E000066856F8A03FC26B8B4307EB420243EAFF
:1018F00082033360076857F8A03FB0F8406023F4D4
:10190000FE0343EA06433B60D0E9103603FB0622A0
:101910000368D3F8B0608E4346EA8206C3F8B0602D
:101920000368B0F84860D3F8B07027F4FE0747EAC0
:101930000646C3F8B060D0E91267036806FB0722C9
:10194000D3F8AC608E4346EA8206C3F8AC60D0E9B7
:101950001467036806FB0722D3F8F0608E4346EA5B
:101960008206C3F8F0600368B0F85860D3F8F070EE
:1019700027F47C1747EA0646C3F8F0600368876DD2
:1019800053F8C06F02EB47028E4346EA82011960AA
:101990000168B0F85C20D1F8C03023F47C1343EA2E
:1019A0000242C1F8C020016890F86020D1F8C03030
:1019B00023F07C5343EA0262C1F8C020416B04EB80
:1019C0008101C166826B01EB82020267C36B02EB8D
:1019D000C3024267D0E91034634302EB830282679B
:1019E000D0E91234634302EB8302C267D0E91434B6
:1019F000634302EB8302C0F88020836D02EBC303D4
:101A0000C0F88430C46D826E544303EB8403C0F885
:101A10008830046E544303EB8402C0F89020AA423D
:101A20000AD9D0F89C20032142F02002C0F89C2063
:101A300080F898100120F0BD002200E004C1D0F829
:101A400090308B42FAD80020F0BD000000AC00407E
:101A5000FCD30040F0B58E680C69D1E9005744EA28
:101A60000604DFB145F080452C43866ED1E906C5FA
:101A70004F695E4391F8203045EA0C05B1F80CC07F
:101A8000D0F884E0002047EA03630C4F1D430EEBBF
:101A9000860345EA0C45E3E802450AE044EA85444A
:101AA000E3E71418155C001DD4F8014045EA04244E
:101AB00010C3CC683C5D8442F3D8F0BD70180308B5
:101AC00030B587B005460024009400F073F9014654
:101AD0000120B5F1016FCDE9021000D30220059479
:101AE00005A90190684602F0C3FF07B030BD0000B1
:101AF00030B584240D4BCD0744EA002007D0DC68C4
:101B000024F4E664DC60DC6814430443DC60890789
:101B10000BD5D3F80C1121F4E661C3F80C11D3F8FE
:101B20000C1111430143C3F80C1130BD00200052C9
:101B3000CB431D4A9B0720D0CB070AD0D36823F0A4
:101B40003003D360D3680343D360D36843F0880382
:101B5000D360890710D5D2F80C1121F03001C2F8FA
:101B60000C11D2F80C110143C2F80C11D2F80C017F
:101B700040F08800C2F80C017047D16821F03001B4
:101B8000D160D2F80C1121F03001C2F80C11D168EB
:101B90000143D160D2F80C110143C2F80C119069D5
:101BA00040F010009061704700200052002A10B5EC
:101BB00009D0002305E000BF10F8014B5B1C01F8C1
:101BC000014B9342F8D310BD2DE9F04704250E4692
:101BD000804603F059FA022E814600D1274DDFF8E6
:101BE000A0A0284C05EA0A0777B3D4F8100125EA2B
:101BF00000004000D0B1012E2AD02349D4F81001B2
:101C0000084040F00040410026D020498A6910EA8F
:101C10000A0F42EA00028A6101D1606103E020F00C
:101C20000040C4F814010120BDE8F087B8F1FF3F7F
:101C3000DAD003F029FAA0EB0901414502D8B8F146
:101C4000000FD1D10320EFE7206925EA0000D1E79A
:101C50000F4920690840D6E7012E4FF4803007D0A5
:101C6000D4F81011C90301D5C4F814010020DBE732
:101C70002169C903FAD56061F8E70000040000801B
:101C8000F0FF10E0002000520000EE97FC1400244A
:101C90000000EE172DE9F04188B016460F46804649
:101CA000012080F31088002502F0E4FF4FF0FF349C
:101CB00020B1002080F3108825462EE0404607F032
:101CC000B5FB30B14046FFF7FBFE10B102F05AFF02
:101CD000EFE700241FE020216846FEF7A7FB301B3A
:101CE00000EE100AB8EEC01B9FED130B0AF060FD6A
:101CF000BCEEC00B3919684610EE102AFEF77DFBCA
:101D000001206A4608EB040102F054FF10B16FF0A5
:101D1000010502E02034A642DDDC02F033FF18B1F9
:101D2000002080F31088C51E002080F3108808B0C2
:101D30002846BDE8F081000000000000000040409F
:101D40002DE9F041002406464AF6AA274FEA040589
:101D50002DED028B9FED148B06EB4410006881B2D1
:101D6000B94216D1000C2546001D00EE100AB8EE4F
:101D7000400B20EE080B0AF06FFB01EE104AB8EEA4
:101D8000411B30EE010BBCEEC00B10EE100A84B20A
:101D9000E2E7074806EB451206EB4411C0E90012E2
:101DA000BDEC028BBDE8F081000000000000A03F08
:101DB000000000240021A0F100634FF400329342A0
:101DC00045D3A0F10163934241D32249014491429A
:101DD00003D321490144914201D2012137E01F4937
:101DE0000144914203D31E490144914201D2022190
:101DF0002DE01C490144914203D31B490144914207
:101E000001D2032123E019490144914203D3184927
:101E10000144914201D2042119E016490144914242
:101E200003D315490144914201D205210FE0134922
:101E30000144914203D312490144914201D2062147
:101E400005E010490144914200D30F49072108469B
:101E5000704700000000FEF70000EEF70000FCF7FE
:101E60000000ECF70000FAF70000EAF70000F8F7CE
:101E70000000E8F70000F6F70000E6F70000F4F7CE
:101E80000000E4F70000F2F700001E0870477047FA
:101E900070477047704700002DE9F0470F4690F8F3
:101EA00050109AB0044601294FF0000915D00026C1
:101EB000DFF8F880012084F8500015961696216806
:101EC00041450ED13A4D0095284607F01BFB82464E
:101ED000206807F017FB60B10EE002201AB0BDE8E1
:101EE000F087606D84F8506040F02000606501204C
:101EF000F4E7BAF1000F09D0616D4FF0010941F02C
:101F000020006065484684F85060E7E72068414655
:101F1000884201D0A84201D1264800E0264840F678
:101F20001F72D7F800C0254BBCF1000F23D0D0F8AA
:101F300008C0D7F804802CF4404C4CEA080CC0F8D8
:101F400008C0D4F800C08C4501D0AC4507D18968E1
:101F5000AB6801F0010103F00103194302E0996845
:101F600001F001010029CDD1BD683968836829439A
:101F70009343194317E0876827F440478760276831
:101F80008F4201D0AF4207D18968AB6801F00101EF
:101F900003F00103194302E0996801F001010029EF
:101FA000B0D1816891438160ACE70000002002401D
:101FB00000210240002302400063025800600258E2
:101FC0002DE9F84F0446EB4E0020DFF8ACB300904B
:101FD000002794F850000D46DFF8A0A3012808D090
:101FE0004FF0010984F85090206807F087FA18B183
:101FF00071E10220BDE8F88F286800280EDB216817
:102000000303CA6928D090FAA0F0B0FA80F000BFAC
:1020100000F01F0309FA03F00243CA61D5E9001278
:102020004FF00C0C20681F23C1F384610CEA921C52
:1020300002F01F02604493409140026B9A430A43AE
:102040000263206807F05AFA8046206807F052FAC7
:1020500058EA000003D08DE0C0F38460D8E72A6816
:10206000042320684FF0070CA96803EAD2531844F0
:102070004369C2F304520CFA02FC914023EA0C03B8
:102080000B434361BE490968B9EB117F06D1216852
:102090006869C968C1F38201490008E02068C16825
:1020A000C906C1686869F5D501F010014908884082
:1020B000296904292ED023682A6803EB810102F0E4
:1020C000F8420B6E024303F0004010430866697E3D
:1020D00022682869012917D05FF0000102EB800017
:1020E000026E22F000420A430266297E20682A69B5
:1020F00001290CD00021036902F01F02914023F452
:10210000F0420A43026135E04FF00041E6E74FF448
:102110000061F0E720682978026E02F0F842B2EB25
:10212000816F03D1016E21F000410166206829789A
:10213000426E02F0F842B2EB816F03D1416E21F0A2
:102140000041416620682978826E02F0F842B2EBC5
:10215000816F03D1816E21F000418166206829786A
:10216000C26E02F0F842B2EB816F03D1C16E21F072
:102170000041C1662068816811F0010F72D150F8EA
:10218000C03F2A7BDFF8FCC1296802F018022CFA54
:1021900002FCC1F3130823EA08030CEA010C43EA2A
:1021A0000C030360E96859456CD177482268DFF871
:1021B000DCC1DFF8DCB18242DFF8D8E17648774B4A
:1021C000DFF8DC8122D12968614524D0B1EB4C0CC9
:1021D00038D0A1F1496CBCF1080C35D0A1F1865C76
:1021E000BCF1100C32D0DFF8BCC1614528D071457C
:1021F0003AD0814230D0994232D06B48814201D1ED
:102200006A4831E041452ED169482DE0B2422AD1D9
:102210002968614501D1012026E0A1F1066CBCF1DD
:10222000040C0FD0A1F1496CBCF1080C0CD0A1F149
:10223000865CBCF1100C09D0DFF868C1614507D19C
:102240005C4811E058460FE05B480DE05B480BE04E
:10225000714509D0814201D1184605E09942D1D19A
:10226000574801E03CE00020D16903031AD090FAFE
:10227000A0F0B0FA80F000BF00F01F0309FA03F0ED
:102280000143D161D5F800C0BCF1000F28DA3E4B04
:1022900020684C49DFF83091984201D0B04203D118
:1022A0000A4602E0800EE7E74A469268984202F04A
:1022B000E07201D0B04209D19D68D6F8088005F0DF
:1022C000010508F0010845EA080503E0DAF80850BE
:1022D00005F001054DB1606D012740F020006065FB
:1022E000002084F85000384684E6384DAC451CD1B7
:1022F00015021AD45045F3D1984202D0B04200D012
:1023000049468B6842F4000023F0E07202438A6081
:1023100030492F480968B1FBF0F04000801C00E014
:10232000401E00900028FBD1DAE72B4DAC450CD1C4
:10233000D5010AD45045D3D1984202D0B04200D042
:1023400049468B6842F080700EE0244DAC45C7D101
:102350005502C5D45045C3D1984202D0B04200D0F6
:1023600049468B6842F4800023F0E07202438A60A1
:10237000B6E70000002102400000FF47006002585D
:102380000010005CFFFF0F0000200240020030043C
:10239000400020190004002A0008302E001060328E
:1023A0000000844B2000F01400002143000052473D
:1023B0000000B84F0002B0258000501D00018021B0
:1023C000002090360023024000630258000084CBB6
:1023D000400D0300E0000024000052C70000B8CF09
:1023E0002DE9F041284980460068284E884213D1E3
:1023F000274F00255FF0000404EB850104EB440047
:1024000037F8111006EBC0000BF0EBFC641C042C39
:10241000F2D36D1C072DEDD31E49D8F80000884279
:1024200015D11B4F383700255FF0000404EBC501C0
:1024300004EB440006EBC00037F8111060300BF0DD
:10244000D0FC641C082CF1D36D1C072DECD3124971
:10245000D8F80000884215D10D4FA8370025002478
:1024600004EB850104EB440006EBC00037F81110C3
:1024700000F590700BF0B5FC641C042CF0D36D1CBF
:10248000072DECD3BDE8F0810020024008030024B2
:10249000AC070024002102400060025870477047DA
:1024A0002DE9F05F0446006806684568DFF8708231
:1024B000DFF870B2DFF87092404501D0484501D195
:1024C000584600E09948806800F01F07B0070ED515
:1024D000A8070CD5606DC00603D4606D40F40060A1
:1024E00060652046FFF7D2FC216802200860700773
:1024F00001D5680703D4300737D5280735D5606D77
:10250000C00603D4606D40F400706065206806F07A
:10251000FDFF20B32068484501D1424600E0024655
:10252000824208D03FB1052F05D0092F03D048457E
:1025300003D1414602E0C16801E00146C96889044F
:102540000DD4016809070AD506F0D8FF58B3606DAD
:1025500040F010006065A06D40F00100A0652046CD
:10256000FFF73EFF21680C200860B00601D5A806E1
:1025700003D4700658D5680656D5606DC00603D4DE
:10258000606D40F4005060652068C16C11F4C07F3C
:102590001AD000218A4606F0B9FF02462068484555
:1025A00014D1434613E02068416821F00C014160DA
:1025B000606D20F480706065606DC004CFD4606D84
:1025C00040F001006065CAE70121E3E7034683426A
:1025D00008D03FB1062F05D0072F03D0484503D1BF
:1025E000414602E0C16801E00146C968BAF1000F46
:1025F00014D08B0102D58AB18A040FD40268520626
:102600000CD589020AD406F075FFE8B3606D40F07E
:1026100010006065A06D40F00100A0652046FFF746
:1026200036FC21686020086030060BD5280609D5E5
:10263000606D40F480306065204600F08DF92168BF
:1026400080200860F0050CD5E8050AD5606D40F4DF
:10265000003060652046FFF71CFC21684FF4807055
:102660000860B0050CD5A8050AD5606D40F480203F
:1026700060652046FFF70EFC21684FF4007008608B
:10268000F00631D5E80600E00AE02DD5206BE8B170
:102690002068EFB3404501D0484512D1584611E0BB
:1026A0002068416821F060014160606D20F4805035
:1026B0006065606DC005B1D4606D40F0010060657B
:1026C000ACE71A48806800F4404050B1606D40F4B7
:1026D00080606065A06D40F00200A0652046FFF7B5
:1026E000DEFE216810200860700517D5680515D535
:1026F000616D4FF4806041F480416165A16D41F0EE
:102700000801A165216808602046BDE8F05F00E08F
:1027100001E0FFF7BDBBC0688007D6E7BDE8F09FCA
:1027200000200240002302400021024000630258C2
:10273000F8B54FF0000604003546009602D0606DF3
:1027400010B107E00120F8BD204600F007F9A665AA
:1027500084F8506020688168C1F3407119B18168C4
:10276000704A1140816020688168C1F3007181B9AD
:1027700081686D4A114041F0805181606C496B481D
:102780000968B1FBF0F0401C00E0401E00900028FA
:10279000FBD120688168C1F3007141B9616D0125E9
:1027A00041F010016165A16D41F00101A16506F0E4
:1027B000A5FE616DC90600D420B1606D012540F011
:1027C000100093E0606D20F4807040F002006065BE
:1027D0002068816811F0010F1FD1564A564B904274
:1027E00001D0984207D191689E6801F0010106F07E
:1027F0000106314303E05149896801F0010161B9E3
:10280000904201D0984201D14D4800E04D48826885
:10281000616822F47C120A43826002F02FFC41F2CC
:102820000301884202D9A06810280CD0617D227F64
:10283000A368206B490341EA024118430843217F02
:1028400001290CD010E0607D227F216B400340EA1B
:10285000024241F01000104340F00C00EFE7218CE1
:10286000394A02EB41410843616A29B1A26A01F485
:102870007871014342EA01002168344BCA681A406A
:102880000243CA60206806F039FE0646206806F05A
:1028900031FE30431DD1216844F20303267DE26AF4
:1028A000C86842EA863298431043C86094F83800FA
:1028B00001281ED02068016921F001010161206812
:1028C000626B016921F07041114301612046FEF7FE
:1028D000E3F8E068012820681CD0016B21F00F01AB
:1028E0000163606D20F0020040F001006065284641
:1028F000F8BD2068A28F164FD4E9101C154E07EBC7
:102900000247A36C026941EA0C013B433240194380
:102910001143D3E7A269016B521E21F00F0111434D
:10292000DEE70000C0FFFF5FC0FFFF7F400D030038
:10293000E000002400200240002102400060025814
:1029400000230240006302580000FEFF03C0F0FFB6
:102950000100FFFF1EF800FC704700002DE9F04F5A
:1029600087B0064614216846FDF760FD754A0024CD
:1029700072480325DFF8D0C14FF480673368083010
:1029800011684FF40069DFF8B4816345DFF8B0E106
:102990004FF4005A4FF4807B01F1010135D1012938
:1029A00011600AD1D8F8001041F02001C8F80010D9
:1029B000D8F8001001F020010591016841F00101F3
:1029C000016000686946029400F0010005900F2044
:1029D000CDE90005704602F031FA5C4D4FF0090C6C
:1029E0005B4B05F10C0128462B60C5E901C481E869
:1029F000900E2C626C6256E0F56400220521AE63F5
:102A0000122002F01DFF122092E0DFF848C163455A
:102A100050D1012911600AD1D8F8001041F02001ED
:102A2000C8F80010D8F8001001F0200105910168E5
:102A300041F001010160016801F0010105910168A7
:102A400041F004010160016801F004010591016891
:102A500041F00201016000686946029400F0020042
:102A60000590F020CDE90005704602F0E7F930202E
:102A70006946CDE900053848029402F0DFF9009577
:102A800069463648CDE9015402F0D8F92F4D0A23A2
:102A90002F4A783518321CC5A5F10C0085E8900E38
:102AA0006C61AC610C3D00F0EBFF0028A4D0FEF798
:102AB000D7FEA1E72A498B423CD1016841F08071E1
:102AC0000160016801F080710591016841F0040125
:102AD000016000686946009500F0040005901E48FA
:102AE000CDE9015402F0AAF94FF08060014605F0EB
:102AF00029F84FF00060014605F024F8134D7322C9
:102B00001349F035303116C5A5F10C0085E8900E5B
:102B10006C61AC610C3D00F0B3FF08B1FEF7A0FEA4
:102B2000F56400220521AE637F2002F089FE7F203C
:102B300002F079FE07B0BDE8F08F0000D8440258DB
:102B4000000002588800002400200240B809002438
:102B50001000024000210240000802580004025800
:102B6000006002582DE9F047384E0446006891464F
:102B7000DFF8DC808A46B04201D0404501D13549BA
:102B800000E03549896801F01F0506F0B7FC002810
:102B900059D194F85000012855D001204FF000077A
:102BA00084F8500025B1052D02D0092D00D003E096
:102BB0002046FEF73BF818B184F85070BDE8F08766
:102BC000616D40F6016320689943404541F480718E
:102BD000616500D00646864200D01DB9606D20F4C4
:102BE00080106065606DC00404D5A06D20F0060003
:102BF000A06500E0A7651C20E16C184ACA63E26C7E
:102C000017491164E26C1749D1642168086084F89F
:102C100050702068416841F0100141602068E16A0D
:102C2000C26822F003020A43C26021684B46E06C8E
:102C30005246403101F006F921680B4B8A681A4070
:102C4000121D8A60BAE70220B8E7000000200240A7
:102C5000002102400023024000630258A10B020839
:102C6000230C0208090C0208C0FFFF7FF0B50446E0
:102C7000C8074FF0000010D01E23012603F01F07E5
:102C800006FA07F50D4201D15B1EF7D27AB1082A88
:102C90000BD0102A06D0182A01D00120F0BD072B36
:102CA000FBD204E0082BF8D201E0102BF5D2236808
:102CB000596121688B6823F0180313438B60F0BDC2
:102CC00070B5044602206077002023689D6845F0B7
:102CD00001059D60236A012B0ED0022B10D0032B1F
:102CE00011D104E0236851F820501D60401C90422F
:102CF000F8D32068006806E02046FEF727F902E0D6
:102D00002046FEF70BF90121617770BD10B5040074
:102D100010D0607F20B900202077204600F032F8E4
:102D200021790220607739B1D4E902122046FFF7F9
:102D30009DFF48B1012010BD2168114848612068FD
:102D4000816821F0180181606079A0B12168206953
:102D50000861012220686369816821F060011943DC
:102D600081602068A369816821F080011943816036
:102D70006277002010BD21684FF0FF30E8E70000C7
:102D8000B71DC10408B500680649884208D1064845
:102D9000016841F400210160006800F40020009007
:102DA00008BD0000004C0258E04402582DE9F84FDD
:102DB000044602F069F900903CB194F8350002280D
:102DC00006D0802161650020E4E00120BDE8F88F95
:102DD000C74DC74EC649183520683036DFF8148312
:102DE000DFF814938842DFF814A3DFF814B32ED071
:102DF000A8422CD0B0422AD0404528D0484526D001
:102E0000504524D0584522D0BD4A183290421ED099
:102E1000BC4A90421BD0BB4A1832904217D0B94AE4
:102E20003032904213D0B74A483290420FD0B54A60
:102E3000603290420BD0B34A7832904207D0B14A08
:102E40009032904203D0AF4AA832904209D1026832
:102E500022F01E0202602068426922F08002426174
:102E600003E0026822F00E02026027688F423846B3
:102E70004DD0A8424BD0B04249D0404547D04845FC
:102E800045D0504543D0584541D09D4A18329042D4
:102E90003DD09C4A90423AD09A4A1832904236D05D
:102EA000984A3032904232D0964A483290422ED0E0
:102EB000944A603290422AD0924A7832904226D088
:102EC000904A9032904222D08E4AA83290421ED030
:102ED0008D4A90421BD08C4A1432904217D08A4AB5
:102EE0002832904213D0884A3C3290420FD0864A12
:102EF000503290420BD0844A6432904207D0824ACA
:102F00007832904203D0804A8C32974204D1206EAE
:102F1000026822F48072026075492068884228D0D5
:102F2000A84226D0B04224D0404522D0484520D0E7
:102F300050451ED058451CD071491831884218D0D0
:102F40007049884215D06F491831884211D06D49B7
:102F5000303188420DD06B494831884209D06949E7
:102F60006031884205D067497831884201D065498F
:102F70009031016821F0010101600EE002F084F857
:102F80000099401A052808D92022626503210020F3
:102F900084F8351084F8340017E73868C007EDD19D
:102FA000534A0121206890422ED0A8422CD0B04232
:102FB0002AD0404528D0484526D0504524D05845F1
:102FC00022D04F4B183398421ED04E4B98421BD004
:102FD0004C4B1833984217D04A4B3033984213D099
:102FE000484B483398420FD0464B603398420BD041
:102FF000444B7833984207D0424B9033984203D0E9
:10300000404BA833984208D194F85C703F23A06DE0
:1030100007F01F07BB40836007E094F85C30A06DA9
:1030200003F01F0301FA03F34360206890424DD080
:10303000A8424BD0B04249D0404547D0484545D042
:10304000504543D0584541D02D4A183290423DD08A
:103050002C4A90423AD02B4A1832904236D0294A14
:103060003032904232D0274A483290422ED0254A00
:10307000603290422AD0234A7832904226D0214AA8
:103080009032904222D01F4AA83290421ED01E4A4F
:1030900090421BD01C4A1432904217D01A4A283250
:1030A000904213D0184A3C3290420FD0164A503208
:1030B00090420BD0144A6432904207D0124A7832C0
:1030C000904203D0104A8C3290420BD1D4E91902BD
:1030D0004260E06E30B1026822F480720260D4E98E
:1030E0001C024260002084F8351084F834006DE63C
:1030F0001000024058000240700002408800024068
:10310000A000024010040240085402582DE9F05F6C
:1031100028B190F83510022904D0802141650120A2
:10312000BDE8F09F904C904B0168183C18338E4AD4
:10313000DFF83C92A1428D4CDFF838E28E4FDFF889
:103140003CB2DFF83CA28F4D8F4E31D091422FD050
:1031500099422DD0A1422BD0494529D0714527D085
:10316000B94225D0DFF810C20CF1180C61451FD010
:10317000DFF808C2ACF1600C614519D0DFF8FCC182
:10318000ACF1480C614513D0DFF8F0C1ACF1300C64
:1031900061450DD0DFF8E4C1ACF1180C614507D0F2
:1031A000594505D0514503D0A94201D0B1422CD197
:1031B000DFF8B4C14FF0040880F83580ACF1180C8A
:1031C00061451DD091421BD0994219D0A14217D020
:1031D000494515D0714513D0B94211D06648183011
:1031E00081420DD065486038814209D06348483833
:1031F000814205D061483038814201D05F4818389B
:10320000086820F001000860ABE0D1F800C02CF0A5
:103210000E08DFF854C1C1F80080ACF1180C016849
:10322000614527D0914225D0994223D0A14221D097
:1032300049451FD071451DD0B9421BD0DFF838C1B8
:103240000CF1180C614515D0DFF830C1ACF1600C01
:1032500061450FD0DFF824C1ACF1480C614509D0BD
:10326000DFF818C1ACF1300C614503D0DFF80CC1B8
:10327000ACF1180CD1F800C02CF0010CC1F800C062
:10328000DFF8E4804FF0010C0168A8F1180841450F
:1032900046D0914244D0994242D0A14240D04945C3
:1032A0003ED071453CD0B9423AD0334A18329142AF
:1032B00036D0324A603A914232D0304A483A91424E
:1032C0002ED02E4A303A91422AD02C4A183A9142B6
:1032D00026D0594524D0514522D0A94220D0B14210
:1032E0001ED02A4A91421BD0284A1432914217D04C
:1032F000264A2832914213D0244A3C3291420FD0C0
:10330000224A503291420BD0204A6432914207D077
:103310001E4A7832914203D01C4A8C32914218D115
:10332000016E0A6822F480720A6090F85C20816D58
:1033300002F01F020CFA02F24A60D0E919124A6048
:10334000C16E31B10A6822F480720A60D0E91C12A1
:103350004A600022016D80F835C080F8342001B148
:1033600088470020DCE600002800024058000240A8
:103370007000024088000240A00002407004024039
:1033800088040240A0040240B804024008540258D5
:1033900090F83500704700002DE9FC5F0446F74EB9
:1033A0000020DFF8D88300904FF41652F44808F15B
:1033B0001808A56DDFF8C493DFF8C0A3016809F110
:1033C000300920680AF1480AB1FBF2F1B0420191DC
:1033D0002F68D5F800C0DFF8ACB335D0414688423D
:1033E00032D0484530D050452ED058452CD0E549F4
:1033F0001831884228D0E3493031884224D0E1494D
:103400004831884220D0E04988421DD0DE49183139
:10341000884219D0DC493031884215D0DA49483128
:10342000884211D0DFF860E30EF1600E70450BD0DA
:10343000D54A7832904207D0D34B9033984203D08C
:10344000D149A83188427DD194F85C20082102F04E
:103450001F0201FA02F23A424AD0B04232D040454D
:1034600030D048452ED050452CD058452AD0C54A9A
:103470001832904226D0C34A3032904222D0C14AFC
:10348000483290421ED0C04A90421BD0BE4A1832E9
:10349000904217D0BC4A3032904213D0BA4A4832D8
:1034A00090420FD0B84A603290420BD0B64A783280
:1034B000904207D0B44A9032904203D0B24AA83228
:1034C000904203D1026802F0040202E0026802F0B6
:1034D00008026AB1026822F00402026094F85C00FB
:1034E00000F01F008140A960606D40F00100606540
:1034F00094F85C00012100F01F008140394240D067
:103500002068B04234D0404532D0484530D0504594
:103510002ED058452CD09B4A1832904228D0994A38
:103520003032904224D0974A4832904220D0964A76
:1035300090421DD0944A1832904219D0924A3032AB
:10354000904200E0AFE113D08F4A483290420FD052
:103550008D4A603290420BD08B4A7832904207D02D
:10356000894A9032904203D0874AA83290427DD156
:10357000406910F0800F04D0A960606D40F0020037
:10358000606594F85C00042100F01F00814039421E
:103590003ED02068B04232D0404530D048452ED091
:1035A00050452CD058452AD0764A1832904226D021
:1035B000744A3032904222D0724A483290421ED031
:1035C000714A90421BD0704A1832904217D06E4A0E
:1035D0003032904213D06C4A483290420FD06A4A3F
:1035E000603290420BD0684A7832904207D0664AE7
:1035F0009032904203D0644AA83290424ED1006883
:1036000010F0020F04D0A960606D40F00400606506
:1036100094F85C00102100F01F008140394258D01E
:103620002068B04234D0404532D0484530D0504573
:103630002ED058452CD0534A1832904228D0514AA7
:103640003032904224D04F4A4832904220D04E4AE5
:1036500090421DD04C4A1832904219D04A4A30321A
:10366000904215D0484A4832904200E014E00FD012
:10367000454A603290420BD0434A7832904207D09C
:10368000414A9032904203D03F4AA832904207D13B
:10369000006800F0080006E0006872E70068B7E71D
:1036A000006800F00400A0B1A96020680168490327
:1036B00004D50068000308D5A16C07E00168C905BE
:1036C00003D4016821F008010160216C09B1204692
:1036D000884794F85C00202100F01F0081403942A7
:1036E00079D02068B04232D0404530D048452ED005
:1036F00050452CD058452AD0224A1832904226D024
:10370000204A3032904222D01E4A483290421ED087
:103710001D4A90421BD01C4A1832904217D01A4AB8
:103720003032904213D0184A483290420FD0164A95
:10373000603290420BD0144A7832904207D0124A3D
:103740009032904203D0104AA832904203D10068D0
:1037500000F0100002E0006800F00200B0B3A960C1
:1037600094F835000428206801680FD049037ED5FD
:10377000006800032BD4616C2AE0000010000240B6
:10378000E0000024700002401004024021F0160105
:1037900001602068416921F080014161206C08B915
:1037A000A06C20B12068016821F00801016094F844
:1037B0005C303F21012003F01F0300229940A960E3
:1037C00084F8350084F83420216D65E003E0E16B76
:1037D00009B120468847606D00287DD0606DC00724
:1037E00059D02068042184F83510B0422BD04045D0
:1037F00029D0484527D0504525D0584523D09D494C
:10380000884220D09B49183188421CD099493031D8
:10381000884218D09849884215D097491831884273
:1038200011D09549303188420DD0934948318842B2
:1038300009D091496031884205D08F49783188425A
:1038400001D08D499031016821F0010101602068AB
:103850000099019A491C0091914202D80168C90758
:10386000F6D10068C00710D003200FE0FFE7016821
:10387000C905ACD403680121002223F010030360C2
:1038800084F8351084F83420A1E7012084F835004D
:10389000002084F83400E16C00291DD002B02046DD
:1038A000BDE8F05F0847754988421DD0734914315F
:1038B000884219D071492831884215D06F493C316E
:1038C000884211D06D49503188420DD06B49643126
:1038D000884209D0694900E084E07831884203D009
:1038E00066498C3188427DD194F85C800427016858
:1038F00008F01F0807FA08F717EA0C0F009746D0E0
:103900004F0744D500980F04686003D5C8033CD422
:10391000A16CC1E7880638D42068B0422DD0554943
:103920006039884229D0484527D0504525D0584590
:1039300023D05049884220D04E49183188421CD0AB
:103940004C493031884218D04B49884215D04A49F9
:103950001831884211D04849303188420DD046494B
:103960004831884209D0704507D0904205D098422E
:1039700003D04149A831884203D1016821F00801F0
:1039800002E0016821F004010160216C84E7022754
:1039900007FA08F717EA0C0F00974ED08F074CD59F
:1039A00000980F04686003D5C80344D4616C73E7C2
:1039B000880640D42068B0422FD02E496039884212
:1039C0002BD0484529D0504527D0584525D02949E6
:1039D000884222D02749183188421ED025493031EB
:1039E000884200E044E018D02349884215D022499B
:1039F0001831884211D02049303188420DD01E49FB
:103A00004831884209D0704507D0904205D098428D
:103A100003D01949A831884203D1016821F014016B
:103A200002E0016821F00A010160012184F83510EB
:103A3000002084F83400E16B2EE7082202FA08F235
:103A400012EA0C0F14D0090712D5016821F00E01FB
:103A5000016094F85C100120002201F01F0100FABF
:103A600001F16960606584F8350084F8342012E75C
:103A7000BDE8FC9F88000240100402400854025830
:103A80002DE9F05F044601F0FFFA002C07467DD0D7
:103A9000E34E022120684FF00308DFF888934FF0CF
:103AA0000005DFF884A3B042DFF880B334D0DC4AED
:103AB0001832904230D048452ED050452CD0584531
:103AC0002AD0DA4A1832904226D0D84A3032904270
:103AD00022D0D64A483290421ED0D54A90421BD0BE
:103AE000D34A1832904217D0D14A3032904213D084
:103AF000CF4A483290420FD0CD4A603290420BD02C
:103B0000CB4A7832904207D0C94A9032904203D0D3
:103B1000C74AA83290427DD184F83510B04284F86B
:103B200034502ED0BE49183188422AD0484528D07A
:103B3000504526D0584524D0BC491831884220D061
:103B4000BA49303188421CD0B8494831884218D02F
:103B5000B749884215D0B6491831884211D0B449C6
:103B6000303188420DD0B2494831884209D0B0493D
:103B70006031884205D0AE497831884201D0AC49E5
:103B80009031016821F00101016008E027E100BFE8
:103B900001F07AFAC01B052801D920211CE1206818
:103BA0000068C007F4D104F108002168D4E9053C9D
:103BB0008E4685C809681043D4E907281F43636A05
:103BC00038439C4F40EA0C001043394040EA08005B
:103BD000042B40EA010003D1D4E90B12114308433E
:103BE000954909686FF30F01B1F1005F0FD3616868
:103BF000A1F12902052A08D9163A032A05D9083A5B
:103C0000012A02D94F39032901D840F48010CEF897
:103C1000000000E023E02068676A4069042F20F07C
:103C2000070047EA00070DD1D4E90A01074349B16B
:103C30002046FDF7F1FB28B140206065012184F8A2
:103C40003510CCE0206847612046FDF703FB94F86F
:103C50005C203F2102F01F029140816054E0774ACE
:103C600090421BD0754B1433984217D0734B2833B6
:103C7000984213D0714B3C3398420FD06F4B503366
:103C800098420BD06D4B6433984207D06B4B78331E
:103C9000984203D0694B8C3398427DD184F835101B
:103CA00084F83450664B0168A26801EA030E402A8A
:103CB00073D0802A72D00022D4E90378D4E9053188
:103CC00042EAD70242EAD8085C4AD4E9077C48EACB
:103CD000D30848EAD10141EAD701524241EA1C1116
:103CE000142341EA0E01016020681044B0FBF3F098
:103CF0008000E0652046FDF7ADFA94F85C200121D4
:103D000002F01F02914041602068B04257D0444900
:103D10001831884253D0484551D050454FD058456E
:103D20004DD042491831884249D04049303188420B
:103D300045D03E494831884241D03D4988423ED035
:103D40003B49183188423AD039493031884236D01F
:103D500037494831884232D03549603188422ED0C7
:103D60003349783188422AD031499031884226D06F
:103D70002F49A831884222D0304988421FD02F498C
:103D8000143188421BD02D492831884217D02B4945
:103D90003C31884213D002E01DE017E018E02749CB
:103DA000503188420BD025496431884207D02349DD
:103DB0007831884203D021498C31884229D120466C
:103DC000FDF7A2FAA06880280CD00CE0102273E75F
:103DD0004FF4804270E74021616584F8358001200E
:103DE000BDE8F09F6560216E20790860D4E9190173
:103DF00041606068401E072808D82046FDF7D2FAC7
:103E0000E06E0560D4E91C01416002E0E5662567CB
:103E100065670120656584F835000020E0E7000053
:103E20001000024040000240580002407000024072
:103E3000100402403F8010FE0010005C085402583D
:103E40000F00FEFF2DE9F84F04008C464FF00000F4
:103E5000009014D094F83400012812D094F8355012
:103E60000120002184F83400012D0CD0C0026065CF
:103E70000120009084F834100098BDE8F88F0120EC
:103E8000FBE70220F9E78C4D0226206884F83560B4
:103E9000A8428A4D61658A4E8A4FDFF82C82DFF88E
:103EA0002C92DFF82CA2DFF82CB226D0A84224D026
:103EB000B04222D0B84220D040451ED048451CD048
:103EC00050451AD0584518D08349884215D08249A8
:103ED0001831884211D08049303188420DD07E4956
:103EE0004831884209D07C496031884205D07A49FE
:103EF0007831884201D078499031016821F0010180
:103F0000016061462046FDF7B1FA6B49206888429E
:103F10002CD0A8422AD0B04228D0B84226D0404562
:103F200024D0484522D0504520D058451ED06A4A5A
:103F300090421BD0684A1832904217D0664A3032FD
:103F4000904213D0644A483290420FD0624A6032A5
:103F500090420BD0604A7832904207D05E4A90324D
:103F6000904203D05C4AA83290420CD1026822F001
:103F70001E0242F016020260206C88B120680268BE
:103F800042F008020BE0026822F00E0242F00A0240
:103F90000260206C20B12068026842F004020260D6
:103FA000206888424BD0A84249D0B04247D0B8429E
:103FB00045D0404543D0484541D050453FD0584575
:103FC0003DD0454A90423AD0434A1832904236D0CA
:103FD000414A3032904232D03F4A483290422ED04D
:103FE0003D4A603290422AD03B4A7832904226D0F5
:103FF000394A9032904222D0374AA83290421ED09D
:10400000364A90421BD0354A1432904217D0334A78
:104010002832904213D0314A3C3290420FD02F4A7E
:10402000503290420BD02D4A6432904207D02B4A36
:104030007832904203D0294A8C3290420DD1206EC2
:104040000268D20303D5026842F480720260E06E17
:1040500018B1026842F4807202602068884226D05B
:10406000A84224D0B04222D0B84220D040451ED031
:1040700048451CD050451AD0584518D0164988429A
:1040800015D015491831884211D013493031884272
:104090000DD011494831884209D00F49603188421A
:1040A00005D00D497831884201D00B499031016823
:1040B00041F001010160DFE61000024028000240EB
:1040C0004000024058000240700002408800024058
:1040D000A0000240B80002401004024008540258F8
:1040E00010B590F89830012B09D0022B07D0D0F8EA
:1040F0009C1041F00201C0F89C10012010BD036823
:104100009C6D0C4203D1DC6D44F0010404E09C6D15
:1041100031EA04041FD00324DC658B0505D5036850
:10412000D3F8E0401443C3F8E0404B0505D50368DD
:10413000D3F8E4401443C3F8E4400068084A01EAB5
:104140000203446D074A1C434465106840EA9170BD
:104150001060002010BDDC6D44F00204DCE70000BC
:10416000FFFFCF3F14A8004070B5044690F89800B8
:10417000022804D0D4F89C0040F008000DE020682C
:10418000D0F8C03013F07C5F0BD0D0F8C4309B0265
:104190000CD5D4F89C0040F40070C4F89C000120B9
:1041A00070BDD4F89C0040F02000F6E7D0F8C400C1
:1041B000C0F3044520462B46FDF74CFC2168012046
:1041C000A840C1F8D000C4F89400002070BD70472A
:1041D00070B590F89820012A09D0022A07D0D0F8AB
:1041E0009C1041F00201C0F89C10012070BD0B68CA
:1041F000CA6883B10B69072A43EA427325D00C7A57
:104200004A6942EA84724968006F00EBC100C0E964
:104210000032002070BD072A0DD00C7AD6060D8A18
:104220004B6943EA847246EA0543C06E49681A4303
:1042300040F82120EDE70B8A4FF06055D1E90624C4
:1042400042EA034245EA0423EFE78A69DBE730B537
:1042500090F89850039C012D07D0D0F89C1041F0A5
:104260000401C0F89C10012030BD0D01016845EA31
:10427000820040EA43002043C1F88000002030BDA6
:1042800000F001B87047D0F89C007047F0B590F886
:1042900098500024022D04D0D0F89C1041F0080161
:1042A00029E0402905D0412929D0056D8D4219D931
:1042B00042E00568D5F8A06016F4FE0F12D0D5F8DC
:1042C000A460760613D0D5F8A460F60105D5D5F81C
:1042D000A06016F0004F00D50124D5F8A470466FF9
:1042E000456C24E0D0F89C1041F0200103E0D0F8A8
:1042F0009C1041F48071C0F89C100120F0BD05684D
:10430000D5F8B06016F4FE0FECD0D5F8B4607606A0
:10431000EDD0D5F8B460F60105D5D5F8B06016F04B
:10432000004F00D50124D5F8B470866FC56CC7F373
:1043300005273C44654302E0456DC66F4D4306EBDF
:1043400085052E6816F0804656602E6836D026F019
:1043500060461660D5F800C000262E4F0CF0005CB9
:10436000C2F808C0D5F800C00CF0004CC2F810C06C
:10437000B5F804C01FFA8CFCC2F81CC0D5F804C004
:10438000CCF3034CC2F80CC0D5F804C00CF4801C6C
:10439000C2F814C0D5F804C00CF4001CC2F818C050
:1043A000D5F804C0CCF3066CC2F820C0D5F804C020
:1043B00008354FEADC7CC2F824C008E0C6F38A4620
:1043C000C7E700BF15F806C003F806C0761CD2F890
:1043D0000CC017F80CC0B445F4D840290AD04129C4
:1043E0000CD020294FF001020CD200688A40C0F89E
:1043F00098200DE00068C0F8A84009E00068C0F807
:10440000B84005E0006801F01F018A40C0F89C2018
:104410000020F0BD70180308704700002DE9FF5F11
:10442000DFF80CB304460BF10401DBF8000025684B
:104430000F68AA468007D5F85090696DD5F850806E
:104440006E6D2A6DD5F854C02B6D00EA8770009010
:1044500009F470496F6D286D01EA09010191DAF8DC
:104460005410DAF85490DAF8505008F00F0806EAC1
:104470000806029602F0F00203F071536FEA090693
:104480001F4000F060700CEA020CCDF80CC0F20581
:1044900001EA00090CD4E843C00509D400214FF417
:1044A0008073CAF85030CBF800102046FFF7B4FFF5
:1044B000700512D4E84340050FD4206800234FF460
:1044C0008068D0F8DC20D0F8E410C0F85080CBF839
:1044D00000301140204600F0C7FADFF858A20098DB
:1044E00050B12268830F00EA0A001065CBF8003053
:1044F00020460099FFF76BFE019850B12268830FA8
:1045000000EA0A001065CBF800302046019900F05F
:10451000ADFA029850B12268830F00EA0A001065D4
:10452000CBF800302046029900F068FA039850B1A9
:104530002268830F00EA0A001065CBF8003020469D
:10454000039900F071FA30050CD4E843000509D452
:10455000236800204FF400621A65CBF80000204663
:1045600000F085FAB00512D4E84380050FD4206826
:1045700000234FF40078D0F8D820D0F8E010C0F82D
:104580005080CBF800301140204600F06EFA300326
:104590000CD4E843000309D4236800204FF4002220
:1045A0001A65CBF80000204600F026FAF0030CD480
:1045B000E843C00309D4236800204FF480321A6511
:1045C000CBF80000204600F04EFA70030CD4E8430C
:1045D000400309D4226800204FF480231365CBF8F0
:1045E0000000204600F03EFAB0030FD4E8438003F9
:1045F0000CD4236800204FF400321A65CBF8000079
:10460000D4F89C0040F08000C4F89C00B9F1000F81
:104610000BD022684FEA997309EA0A001065CBF8BB
:10462000003049462046FFF72DFE5FB12268BB0FE0
:1046300007EA0A001065CBF80030D4F89C00384334
:10464000C4F89C003C492068884268D16068814673
:104650008068800763D0D9F82060D9F82410D9F891
:104660002080D9F82400D9F820C0D9F82470D9F8CE
:104670002030D9F82450D9F8202003F4FC4306F068
:104680000F0AD9F824601D40D9F824B008F030088A
:104690000CF4C07C02F4F02211EA0A0100EA0808D6
:1046A00007EA0C0706EA0206D9F820A004D0C9F8E8
:1046B0002010204600F0D3F9B8F1000005D0616861
:1046C00008624146204600F0CCF96FEA0B00400634
:1046D0000ED46FEA0A0040060AD460684021C36B1A
:1046E000C26B01622046190C02F03F0200F0B8F9DB
:1046F0002FB1606807623946204600F0AFF935B146
:1047000060680562D4F89C002843C4F89C0036B168
:1047100060680662D4F89C003043C4F89C00D4F86A
:104720009C00002802D02046FFF7AAFDBDE8FF9FAD
:1047300010A80040FFFFCF3F00A000402DE9F0414E
:1047400094B08D494C2204466846FBF756FE64B18E
:104750008A4D2068A84202D100F58070606094F80C
:1047600098004FF0000820B108E0012014B0BDE827
:10477000F081204684F8998000F002F92068816970
:1047800021F01001816100F07FFC0327064604E060
:1047900000F07AFC801B0A2811D820688069000785
:1047A000F6D42068816941F00101816100F06CFC60
:1047B00006460DE000F068FC801B0A2808D9D4F8F2
:1047C0009C0040F00100C4F89C0084F89870CCE78D
:1047D00020688069C007EDD02068816941F002013E
:1047E0008161207C01282068816937D041F0400137
:1047F0008161607C01282068816932D021F4804188
:104800008161A07C0128206881692DD041F480510C
:1048100081612068A268816921F44071114381613E
:104820002068816921F0A40181612068016921F07B
:1048300010010161E068012819D010B302281BD0D3
:104840002068816941F0800181612068016941F03F
:1048500010010161E06803280ED012E021F0400150
:10486000C6E741F48041CBE721F48051D0E72068CE
:10487000816941F0040103E02068816941F0200171
:104880008161207E6FF0FF02D4E90773A68A1102CE
:10489000400602EB0727A0F10070384327685B1E33
:1048A000184301EB06463043F861A068B0F5407F3D
:1048B00011D104F12800A68C6FF00F0C89C801EB10
:1048C0000641401E02EB0322104322680CEB071343
:1048D00018430843D060206E30B12068626ED0F873
:1048E000C0101143C0F8C010D4E917126846D14275
:1048F00009D02168A36E51F8C82F50F8233022F058
:1049000007021A430A60216C49B12168626C51F8B0
:10491000BC3F50F8226023F0070232430A60A16CCA
:1049200051B12168E36C51F8BC2F50F8233022F0CC
:10493000700242EA03120A60216D51B12168626D72
:1049400051F8BC3F50F8220023F4E06242EA002014
:1049500008602068A84204D16068816821F00301E2
:104960008160C4F894800121C4F89C8084F8981078
:104970002046FCF78BFFF9E68018030800A00040F2
:1049800010B586B0044614216846FBF74FFD174961
:104990002068884228D11648016841F4807101607E
:1049A000006800F48070059011480C38016841F0EF
:1049B0000101016000680923022200F00100059056
:1049C00000204FF4C05100916946CDE90120CDE9A6
:1049D0000303084800F032FA00220521132000F0FA
:1049E0002FFF132000F01FFF06B010BD00A00040F5
:1049F000EC4402580000025870470000094B402167
:104A000010B5A3F13404221DFFF740FC6068B0F537
:104A1000926F06D1208ABDE8104081B201480BF0A8
:104A20009BBB10BDF40B0024704790F8981001292F
:104A300007D0D0F89C1041F00401C0F89C10012070
:104A40007047022180F89810002201688B6923F0DA
:104A500001038B61C0F89C20104670477047704777
:104A6000704770477047704770477047704770478E
:104A70002DE9F05F0446414888460026017D012962
:104A80001AD0012202758146B246C0F818A02079DA
:104A9000C00706D001214CF25030FDF795F800B167
:104AA0000126207980070AD502214CF25030FDF70B
:104AB0008BF820B101265DE00220BDE8F09F6EBBBF
:104AC00020682F4D012807D04FF0FF31C8F80010A3
:104AD000A76840F2047B48E061682069FDF728F888
:104AE0002079C0070AD001214CF25030FDF76CF854
:104AF00000B10126E86820F00800E860207980070E
:104B000038D502214CF25030FDF75EF800B1012695
:104B1000D5F80C0120F00800C5F80C012AE0226944
:104B200038466168FCF7E4FF2079C00709D001210D
:104B30004CF25030FDF748F8E968064621EA0B01CF
:104B4000E960207980070BD502214CF25030FDF747
:104B50003BF8D5F80C11064621EA0B01C5F80C11FB
:104B600016B1C8F8007005E07F1CD4E902010844C2
:104B7000B842D4D8304689F814A09EE7FC1400242B
:104B8000002000520A48C16841F00101C160C168BB
:104B9000C9070BD0D0F80C1141F00101C0F80C117D
:104BA000D0F80C01C00701D00020704701207047E9
:104BB000002000522DE9F05F2C48144608250E46CF
:104BC000027D012A08D001230375A1F100621F05AF
:104BD000BA4204D2012707E00220BDE8F09FA6F107
:104BE0000161B9420DD202274FF0000A8146C0F898
:104BF00018A04CF2503B39465846FCF7E5FF10B17F
:104C000027E00120E9E7DFF86880012F404623D044
:104C1000D0F80C1141F00201C0F80C11BFF36F8FF6
:104C2000BFF34F8F01CC6D1E15F0FF0501C6F9D102
:104C3000BFF36F8FBFF34F8F39465846FCF7C4FF61
:104C4000012F41460DD0D1F80C2122F00202C1F80B
:104C50000C2189F814A0C0E7C16841F00201C160CD
:104C6000DCE7CA6822F00202CA60F2E7FC14002402
:104C7000002000520D480E4A0E49C368DB0704D0DD
:104C800042604160C368DB070BD1D0F80C31DB0711
:104C900009D0C0F80421C0F80411D0F80C01C007F5
:104CA00001D0012070470020704700000020005212
:104CB00023016745AB89EFCD70B502282DED028B3E
:104CC0009FED4D8A31D0012839D04FF400618842E0
:104CD0007ED14A4D95F8F500AA2879D140F2E63008
:104CE000401EFDD2464E304600F0BEF900287FD06F
:104CF000444CB4F80D00A4F81300D4F80F00C4F825
:104D000015000D340CF0C4FB3F49C4F802000968DB
:104D1000496A89B22180A2680D3C801A41281DD9B8
:104D200000EE100A9FED391B20E0002005F02AFC60
:104D30000020B0EE480A05F0EBFA002008E0012060
:104D400005F020FC0120B0EE480A05F0E1FA012050
:104D5000BDEC028BBDE8704004F0B8BBB4F81300A2
:104D60009FED2C1B081A80B200EE100A2278032156
:104D70004FF48023B8EE400B04EB820281EE002B4F
:104D8000B7EEC20B10EE100AC2F801002078401CEA
:104D9000C0B2B0FBF1F201FB1200204A20700020EB
:104DA00004EB8001D1F801101144994208D8401C4D
:104DB0000328F5D32878AA2814D0E87EAA2811D091
:104DC000174800224FF4004100F053F9002200E0A0
:104DD0000EE0BDEC028B30464FF48061BDE87040C0
:104DE00000F047B9BDEC028BBDE8704005F09CBDFA
:104DF000BDEC028B70BD0000000000001C0600240A
:104E00000004025884020024000E00240000000068
:104E100000408F400000000080842E410000BABD99
:104E2000000002584FF0B04110B5D1F8882002427E
:104E300003D0C1F88800FFF73FFF10BD2DE9F84F00
:104E400003247D4D00234FF001094FF0B04B4FF08C
:104E50000F0AE9E009FA03F73A4076D00E7906F036
:104E60000306012E01D0022E18D1D0F808C04FEA57
:104E7000430ECE6804FA0EF82CEA080C06FA0EF679
:104E800046EA0C068660D0F804C00E792CEA070CBE
:104E9000C6F300169E4046EA0C0646600E79F643BD
:104EA000B6070BD0C6684FEA43088F6804FA08FCBF
:104EB00026EA0C0607FA08F73743C7600E7906F0B2
:104EC0000306022E12D1DE080F694FEA437C00EB85
:104ED0008606B646366A4FEADC6C0AFA0CF807FA20
:104EE0000CF726EA08063743CEF820700F790668DB
:104EF0004FEA430807F0030704FA08FC07FA08F72B
:104F000026EA0C06374307604E6816F4403F1CD073
:104F10004A4E376847F00207376036689F0706F049
:104F20000206009623F0030606F1B046B6463F0F90
:104F3000D6F80864DFF808810AFA07FC404526EA3B
:104F40000C0603D14FF0000C41E06CE0DFF8F4C038
:104F5000604502D14FF0010C39E0DFF8ECC060454C
:104F600002D14FF0020C32E0DFF8E0C0604502D120
:104F70004FF0030C2BE0DFF8D8C0604502D14FF0B2
:104F8000040C24E0DFF8CCC0604502D14FF0050CE2
:104F90001DE0DFF8C4C0604502D14FF0060C16E0FA
:104FA000DFF8B8C0604502D14FF0070C0FE0DFF822
:104FB000B0C0604502D14FF0080C08E0DFF8A4C093
:104FC000604502D14FF0090C01E04FF00A0C0CFAD9
:104FD00007FC4CEA060CCEF808C44F68DBF800600A
:104FE000FF0226EA020600D516435F46CBF80060B2
:104FF000D1F804C0DBF804605FEA8C2C26EA0206D4
:1050000000D516437E606E684F6826EA0206BF032D
:1050100000D516436E602E684F6826EA0206FF032D
:1050200000D516432E605B1C0A6832FA03F67FF443
:1050300011AFBDE8F88F000080000058F44402581A
:10504000000002580004025800080258000C0258E0
:10505000001002580014025800180258001C025890
:1050600000200258002402580069084000D00120A6
:1050700070470AB1816170470904FBE70148006885
:10508000000C70470010005C014880687047000009
:10509000D400002430B590F84120202A24D190F883
:1050A0004020012A20D0012380F84030242280F8BB
:1050B0004120202300240268156825F001051560B1
:1050C0000268156825F480551560026815680D435F
:1050D000156001680A6842F001020A6080F84130F8
:1050E00080F84040002030BD022030BD30B590F83F
:1050F0004120202A22D190F84020012A1ED00123ED
:1051000080F84030242280F84120202400250268C5
:10511000136823F0010313600268136823F47063BB
:1051200043EA0121116001680A6842F001020A6045
:1051300080F8414080F84050002030BD022030BD52
:1051400070B5040004D094F84100002510B106E0C9
:10515000012070BD204684F8405000F035FA24202C
:1051600084F841002068016821F001010160D4E960
:10517000001020F0706008612068816821F400410F
:105180008160E06821680128A06830D040F40440C4
:105190008860E0680228206841682BD021F4006113
:1051A000416020682021154A43681343436020680A
:1051B000C26822F40042C26054F8106B0DCC104358
:1051C00040EA0320F06054F81C3CD4E9000210438C
:1051D000186054F81C0D026842F001020260656418
:1051E00084F84110256384F84250002070BD40F4DB
:1051F0000040CDE741F40061D2E7000000800002EA
:105200002DE9F84F044690F841001F469046DDF81E
:1052100028A08B4620287ED194F8400001287AD01F
:10522000012084F84000FFF72FFF012206461923D2
:105230000090D103204604F00DF8E0BB00252221A8
:1052400084F84110102084F8420065646785618D00
:10525000FF2732484FF00079C4F82480FF294FF02F
:105260008078656303D927853A46009039E0618DDF
:10527000218500903AE05946204603F0D3FF13E021
:1052800004F026F8B8B92068616A406A0870606A5C
:10529000401C6062208D401E81B22185608D401EC1
:1052A0006085608D00B169B1608D3246514600283D
:1052B0002046E5D100E002E004F05EF8D0B1012024
:1052C000BDE8F88F0022534680212046009603F067
:1052D000C1FF0028F3D1608DFF2804D927853A4605
:1052E00000954346C7E7608D208500954B4694F8AE
:1052F0002820C0E720682021094AC161206843684E
:105300001340436084F8411084F84250002084F830
:105310004050D5E7FFE70220D2E7000000240080DC
:1053200000E800FE2DE9FF4F81B0044690F84100EF
:1053300099469046DDF838B020287BD194F840009B
:10534000012877D0012084F84000FFF79DFE01225C
:10535000064619230090D103204603F07BFF002866
:1053600053D1414921220025C4F82480102084F81B
:105370004120FF2784F842006564A4F82A90608DDC
:105380004FF080794FF0007A6563FF2802D94B46D1
:10539000278505E0608D534620850004000C10D061
:1053A000226898F800009062606A401C6062608D1C
:1053B000401E6085208D401E2085401C0091C2B299
:1053C00001E0002200910299204603F02BFF13E038
:1053D00003F0FEFFC8B9606A216800788862606ADD
:1053E000401C6062608D401E6085208D401E80B232
:1053F0002085618D01B160B1608D3246594600282B
:105400002046E5D103F0B8FFE0B1012005B0BDE8CA
:10541000F08F00225B4680212046009603F01AFFA1
:105420000028F2D1608DFF2805D927853A464B46E2
:105430000095C8E716E0608D53462085009594F8E6
:105440002820C0E721682020084AC86121684B68ED
:1054500013404B6084F8410084F84250002084F8E7
:105460004050D3E70220D1E70020008000E800FE92
:105470002DE9FF4F83B0044690F841009A469346C9
:10548000DDE91087DDF84890202871D15FEA080037
:1054900014D09FB194F84000012869D0012084F80D
:1054A0004000FFF7F1FD0122064619230090D103C9
:1054B000204603F0CFFE00286ED103E04FF40070C9
:1054C000606469E00025C4F82480212184F841103B
:1054D000402084F8420065646785534665635A46F8
:1054E00004992046CDE9009603F06AFE10B184F8D5
:1054F000405051E0608DFF274FF08078FF284FF03B
:10550000007A04D927853A464346009505E0608D28
:1055100053462085009594F828202046049903F0EE
:1055200081FE32464946204603F052FFA0BB606A26
:10553000216800788862606A401C6062608D401E4D
:105540006085208D401E80B22085618DD9B1D0B993
:1055500000224B4680212046009603F07BFED8B9FE
:10556000608DFF2805D927853A464346009506E019
:1055700026E0608D53462085009594F8282020462B
:10558000049903F04FFE608D0028CAD13246494687
:10559000204603F0F1FE18B1012007B0BDE8F08FFE
:1055A00020682021074AC161206843681340436096
:1055B00084F8411084F84250002084F84050ECE711
:1055C0000220EAE700E800FE10B5B6B00446142158
:1055D00030A8FAF72BFFC0216846FAF727FF1849D1
:1055E000206888422AD10020219008210446CDE974
:1055F0000010684600F0DEFC08B1FCF731F91148F4
:10560000016841F002010160006830AB122100F036
:1056100002003590C020042283E813000A4830A914
:10562000CDE93342FFF70AFC06480830016841F42F
:1056300000110160006800F40010359036B010BD14
:1056400000540040E04402580004025802488168B7
:105650000278114481607047D4000024032010B503
:1056600000F00EF901F01EFB0F4A10491468136890
:10567000C4F3032203F00F038A5CC95C02F01F022B
:1056800001F01F01D0400A4A20FA01F111600949D6
:1056900008600F2000F010F808B1012010BD00F0E4
:1056A0009FF8002010BD000018440258F4180308A9
:1056B000E4000024E000002410B5102804468AB05D
:1056C0002CD200220146362000F0BAF8362000F035
:1056D000AAF8174804601748016841F010010160FA
:1056E000006809A900F010000890684601F066FA09
:1056F0000598B0B101F0B2FA40000F4900220F4CFA
:10570000B0FBF1F10E4840F2E7330460C0E9033228
:10571000491EC0E9011202F0C3FA28B101200AB003
:1057200010BD01F09BFAE8E7054802F02BFBF6E715
:10573000D8000024E844025840420F000010004006
:105740008C140024154BF0B5083B427813491A60BD
:105750000B680A1F23F001030B6043681360057B8D
:10576000C67A827A437B2D07847B45EA0665C77B30
:1057700090F809C0067A90F800E045EAC24040EA95
:10578000834040EA444040EA074040EA0C2040EAB7
:10579000460040EA0E000860F0BD0000A0ED00E009
:1057A000BFF35F8F044800210368034A23F480336A
:1057B000036070321160704724ED00E0074A40F04A
:1057C0000100064970321060086840F480300860BB
:1057D000BFF34F8FBFF36F8F7047000024ED00E0E1
:1057E000074882B0016841F00201016000680022B0
:1057F0000F2100F002000090901E02B000F020B8CF
:10580000F444025800280DDB410900F01F02890012
:10581000012001F1E0219040C1F88001BFF34F8FDA
:10582000BFF36F8F7047002809DB410900F01F02AA
:105830008900012001F1E0219040C1F8000170478A
:105840000E4BF0B41B680D46C3F30223C3F10706E9
:10585000042E00D90426191D072901D2002300E0D7
:10586000DB1E012404FA06F19C40491E2940641EF7
:10587000994014402143F0BC06F0C8BD0CED00E097
:10588000064900F0070210B54FF6FF040868044B04
:10589000204040EA02201843086010BD0CED00E0F3
:1058A0000000FA05134970B50A68D243520705D5BE
:1058B000096801F00701814213D118E00A6822F05B
:1058C000070202430A60FFF7DFFB0A4D4FF47A76C6
:1058D0000446083D07E000BFFFF7D6FB001BB042BF
:1058E00001D9012070BD2868C0438004F4D4002091
:1058F00070BD00000C48025810B501F08DF9054943
:105900000968054AC1F30211515C01F01F01C8404A
:1059100010BD000020440258F41803084A4930B56D
:10592000494C0B1D0A680C3409681D68246802F094
:10593000030305F00102C1F30511C4F3CC040029EF
:1059400014FB02F200EE102AF8EE400A76D0414A2B
:105950009FED3E1ADFED3E1AB7EE000A23B1012B90
:105960005AD0022B18D15CE0374C283C23689B06A8
:1059700012D5394B246801EE901A1168C4F3C104A2
:10598000F8EE612AE34001EE903AC1F30801F8EE27
:10599000611A81EEA22A07E002EE101A1168F8EEF1
:1059A000422A81EEA22A45E001EE901A1168F8EE33
:1059B000611A40EE811A71EE800A62EE200AC1F38C
:1059C000462101EE101AB8EE411A31EE001AC0EE6F
:1059D000811ABCEEE11A80ED001A1168C1F306418C
:1059E00001EE101AB8EE411A31EE001AC0EE811A1B
:1059F000BCEEE11A80ED011A1168C1F3066101EEF7
:105A0000101AB8EE411A31EE000A80EE801ABCEE90
:105A1000C10A80ED020A30BD01EE901ADFED0F2AB7
:105A200003E001EE901ADFED0E2A1168F8EE611A1C
:105A300082EEA12AC1F30801B6E7FFE70021016069
:105A40004160816030BD00002844025800000039E8
:105A50000024744C304402580090D0030024744A4F
:105A600020BCBE4B494930B5484C0B1D0A68143464
:105A700009681D68246802F00303C5F30012C1F32E
:105A80000531C4F3CC04002914FB02F200EE102A05
:105A9000F8EE400A75D03F4A9FED3D1AB7EE000A76
:105AA0006BB1DFED3D1A012B01D0022B64D002EE69
:105AB000101A1168F8EE422A81EEA22A21E0334C36
:105AC000283C23689B0612D5344B246801EE901ABB
:105AD0001168C4F3C104F8EE612AE34001EE903A84
:105AE000C1F30801F8EE611A81EEA22A0BE001EE83
:105AF000901ADFED2B2A00BFF8EE611A116882EED2
:105B0000A12AC1F3080101EE901A1168F8EE611A9A
:105B100040EE811A71EE800A62EE200AC1F346213E
:105B200001EE101AB8EE411A31EE001AC0EE811AD9
:105B3000BCEEE11A80ED001A1168C1F3064101EED6
:105B4000101AB8EE411A31EE001AC0EE811ABCEEFE
:105B5000E11A80ED011A1168C1F3066101EE101A15
:105B6000B8EE411A31EE000A80EE801ABCEEC10A8E
:105B700080ED020A30BD04E001EE901ADFED092A43
:105B8000BAE70021016041608160F3E728440258D0
:105B900000000039384402580024744A0090D003B1
:105BA0000024744C20BCBE4B494930B5484C0B1DF9
:105BB0000A681C3409681D68246802F00303C5F3F1
:105BC0000022C1F30551C4F3CC04002914FB02F2F6
:105BD00000EE102AF8EE400A75D03F4A9FED3D1ABC
:105BE000B7EE000A6BB1DFED3D1A012B01D0022B9D
:105BF00064D002EE101A1168F8EE422A81EEA22A51
:105C000021E0334C283C23689B0612D5344B246892
:105C100001EE901A1168C4F3C104F8EE612AE34062
:105C200001EE903AC1F30801F8EE611A81EEA22A62
:105C30000BE001EE901ADFED2B2A00BFF8EE611A9F
:105C4000116882EEA12AC1F3080101EE901A1168D1
:105C5000F8EE611A40EE811A71EE800A62EE200AB7
:105C6000C1F3462101EE101AB8EE411A31EE001AC6
:105C7000C0EE811ABCEEE11A80ED001A1168C1F382
:105C8000064101EE101AB8EE411A31EE001AC0EECC
:105C9000811ABCEEE11A80ED011A1168C1F30661A8
:105CA00001EE101AB8EE411A31EE000A80EE801AA9
:105CB000BCEEC10A80ED020A30BD04E001EE901A8C
:105CC000DFED092ABAE70021016041608160F3E756
:105CD0002844025800000039404402580024744A05
:105CE0000090D0030024744C20BCBE4B2DE9F04F33
:105CF000AC4A0546DFF8A8A280F48070DFF8AC92C9
:105D000089B01311AA4C0843A748AAF104064FF022
:105D1000805C4FF000582CD085F400770F4357D0AB
:105D2000DFF87CB285F480670F430BF1080B61D07C
:105D300085F400670F4374D085F480570F436ED00D
:105D400085F400570F434FF480394FF4003E67D07D
:105D500085F400270F4371D085F480370F436ED050
:105D600085F480460E436BD085F400420A4368D028
:105D70002AE0DAF8001001F00701052924D2DFE853
:105D800001F075BC7D25B10006A8FFF7C7FD079897
:105D900009B0BDE8F08F6846FFF764FE0098F7E7AA
:105DA00003A8FFF701FF0398F2E72068C0F3C100E2
:105DB00022FA00F0ECE72268D20571D561456FD177
:105DC0001846E5E74145E3D00020E1E74846DFE734
:105DD000DAF8001001F4E07180294FD004DC0029CA
:105DE00044D04029F0D188E0C029EFD0B1F5807FC0
:105DF000EAD177E0DBF8001001F46001B1F5800F23
:105E00003CD004DC91B3B1F5001FDDD175E0B1F5F4
:105E1000C00FDBD0B1F5000FD6D163E001E018E090
:105E200030E0DBF8001001F0E061B1F1007F25D037
:105E300008DCD9B1B1F1807FC6D15EE049E06CE009
:105E400079E09CE0B1F1407FC0D0B1F1806FBBD16F
:105E500048E0DAF8001001F4E041B1F5005F0DD040
:105E600005DC19B1B1F5805FAED146E094E0B1F543
:105E7000405FABD0B1F5804FA6D133E02068800001
:105E8000A2D58DE7DAF8001001F4E021B1F5403F2A
:105E90006CD006DC61B149457AD0714594D157E0A8
:105EA00037E0B1F5802F65D0B1F5A02F8CD10CE093
:105EB00000F0D4FE6CE76846FFF7D4FD019867E771
:105EC00003A8FFF771FE049862E721688903F1D403
:105ED0007AE7DBF8001011F440310ED0494510D0BC
:105EE0007145F5D13168256801F040516D077FF5A6
:105EF00062AF00297FF45FAF57E720680001E7D564
:105F000049E720688000E3D503A8FFF74DFE059818
:105F10003EE722689203DBD554E7306810F4803006
:105F20003AD04845D4D120680001D1D56846FFF762
:105F300099FD02982CE7DBF8001001F0E041B1F187
:105F4000405F13D008DC71B1614521D04145BFD11C
:105F500020688000B4D437E7B1F1804F0AD0B1F1A6
:105F6000A04FB2D030E7FFF7C7FC11E72068400729
:105F7000AED51AE72068C005AAD521E708E0DAF80F
:105F8000001011F04051A0D0614505D041459FD18E
:105F9000206800018FD417E72068800198D5F3E6C8
:105FA000504402580090D00340787D010080BB002F
:105FB000004402582DE9FE4F0546DFF8E48350F80F
:105FC000081B0024F64FC943019005F1280026461E
:105FD00008F12408009008011DD4A86E50B1B0F556
:105FE000801F0CD0B0F5001F0ED0B0F5401F1ED0A2
:105FF00001240FE0386840F40030386017E0019861
:10600000022104F05FF803E00098022104F0EAF8AE
:1060100004000CD026462888C043C00523D4A86DB0
:1060200005281ED2DFE800F00C11161B1B00AA6E1B
:10603000D8F8001021F440111143C8F80010EAE725
:10604000386840F40030386009E00198002104F01D
:1060500039F803E00098002104F0C4F8044674B154
:1060600000E0012426462888C043800528D4E86D36
:1060700080281ED00CDC90B140280ED114E0AA6D0F
:10608000D8F8001021F007011143C8F80010EAE722
:10609000C02813D0B0F5807F10D001240FE03868FD
:1060A00040F40030386009E00198002104F00AF85B
:1060B00003E00098002104F095F804469CB12646C0
:1060C0002888DFF8DC92C04309F12C0940052CD464
:1060D000D5F8A800B0F5800F20D00DDCA0B1B0F548
:1060E000001F0FD115E0EA6DD8F8001021F4E0711F
:1060F0001143C8F80010E3E7B0F5C00F13D0B0F5B6
:10610000000F10D001240FE0386840F400303860F0
:1061100009E00198002103F0D5FF03E00098002179
:1061200004F060F804467CB126462888C043000588
:106130002DD4D5F8AC00B0F1007F21D00EDCA8B191
:10614000B0F1807F10D116E0D5F8A820D9F8001062
:1061500021F460011143C9F80010E6E7B0F1407F77
:1061600013D0B0F1806F10D001240FE0386840F4F4
:106170000030386009E00198002103F0A3FF03E03C
:106180000098002104F02EF8044674B126462868D1
:10619000C04380011FD4E86CD8B110280FD020284C
:1061A00012D0302815D0012414E0D5F8AC20D9F84D
:1061B000001021F0E0611143C9F80010E7E73868EA
:1061C00040F40030386004E00198022103F07AFFC7
:1061D000044674B126462888C043C0042BD4286ED8
:1061E000B0F5005F20D00DDCA0B1B0F5805F0FD11D
:1061F00015E06B48EA6C2030016821F03001114352
:106200000160E8E7B0F5405F13D0B0F5804F10D0E3
:1062100001240FE0386840F40030386009E001984C
:10622000002103F04FFF03E00098002103F0DAFFA4
:1062300004468CB126462888C043800429D4686E61
:10624000B0F5403F23D010DC08B3B0F5803F14D048
:10625000B0F5003F0FD115E02A6ED8F8001021F4F8
:10626000E0411143C8F80010E5E7B0F5802F0ED0EB
:10627000B0F5A02F0BD001240AE00198012103F012
:1062800021FF03E00098012103F0ACFF044694B124
:1062900026462888C04340042AD4D5F8B000B0F17F
:1062A000405F23D010DC08B3B0F1805F14D0B0F1B0
:1062B000005F0FD115E06A6ED8F8001021F4E021DC
:1062C0001143C8F80010E4E7B0F1804F0ED0B0F1F0
:1062D000A04F0BD001240AE00198012103F0F2FE47
:1062E00003E00098012103F07DFF044674B12646C7
:1062F0002888C04300041FD4286FD8B1B0F1805F54
:106300000ED0B0F1005F10D0012414E0D5F8B02019
:10631000D9F8001021F0E0411143C9F80010E7E777
:10632000386840F40030386004E00198012103F03F
:10633000C9FE044674B126462868C043C0011ED475
:10634000A86CD0B101280ED0022811D0032814D097
:10635000012413E02A6FD8F8001021F040511143B6
:10636000C8F80010E8E7386840F40030386004E00E
:106370000198022103F0A6FE0446ACB12646286827
:10638000DFF81CB0C043ABF11C0B400252D40548EF
:10639000016841F480710160FEF776FE824611E0EB
:1063A0002C44025800480258FA48AA6C016821F0AF
:1063B000030111430160E2E7FEF766FEA0EB0A006D
:1063C000642835D8F4480068C005F5D58CBBDFF8E3
:1063D000C4A3B5F8B4100AF1240ADAF8000001F4F5
:1063E000407100F44070884211D0DAF80010DAF8F9
:1063F000002021F4407142F48032CAF80020DAF81B
:10640000002022F48032CAF80020CAF80010D5F823
:10641000B400B0F5807F1AD1FEF736FE029012E08C
:10642000FEF732FE0299411A41F2883081420AD9C0
:10643000032426462878DFF85CA3C0430AF1080A43
:10644000C00721D03CE0DAF800008007E8D5D5F895
:10645000B410C1F30120032858460DD0016821F47F
:106460007C510160B5F8B420DAF80010C2F30B02D9
:106470001143CAF80010DDE7C84A036802EA1112A6
:1064800023F47C511143ECE7E86F182816D005DCA3
:10649000A0B1082808D0102804D10AE020280DD087
:1064A00028280BD001240AE00198012103F00AFEFC
:1064B00003E00098012103F095FE044664B12646EE
:1064C0002878C04380071ED4A86F062819D2DFE8B9
:1064D00000F0160C11161616EA6FDAF8001021F00B
:1064E00038011143CAF80010EAE70198012103F0CE
:1064F000E9FD03E00098012103F074FE04467CB13D
:1065000000E0012426462878C04340071FD4D5F870
:106510009400062819D2DFE800F0160C11161616A2
:10652000AA6FDAF8001021F007011143CAF8001031
:10653000E9E70198012103F0C5FD03E0009801217E
:1065400003F050FE0446A4B100E00124264628785A
:10655000C04380062BD4D5F89000B0F1405F24D022
:1065600011DC10B3B0F1805F15D0B0F1005F10D135
:1065700016E0D5F89420D9F8001021F00701114356
:10658000C9F80010E3E7B0F1804F0ED0B0F1A04F92
:106590000BD001240AE00198002103F093FD03E0F1
:1065A0000098022103F01EFE044694B12646287886
:1065B000C04340062BD4D5F89C00B0F5406F24D0E2
:1065C00011DC10B3B0F5806F15D0B0F5006F10D1AD
:1065D00016E0D5F89020DAF8001021F0E0411143E0
:1065E000CAF80010E3E7B0F5805F0ED0B0F5A05F09
:1065F0000BD001240AE00198002103F063FD03E0C1
:106600000098022103F0EEFD044694B12646287856
:10661000C04300062BD4D5F8A000B0F5C04F24D05D
:1066200011DC10B3B0F5005F15D0B0F5804F10D17C
:1066300016E0D5F89C20D9F8001021F4E051114360
:10664000C9F80010E3E7B0F5004F0ED0B0F5204FC9
:106650000BD001240AE00198002103F033FD03E090
:106660000098022103F0BEFD044654B12646287866
:10667000C04300071ED4D5F88400B0F5805F0AD06F
:106680000FE0D5F8A020D9F8001021F460411143A3
:10669000C9F80010EBE70098022103F0A3FD00B158
:1066A0000126D5F88420DAF8001021F44051114376
:1066B000CAF800102878C043C00613D4D5F8980053
:1066C000B0F5807F05D10098022103F08BFD00B169
:1066D0000126D5F89820D9F8001021F44071114313
:1066E000C9F800102868C043000316D4D5F8A400E8
:1066F00038B1B0F5803F09D0B0F5003F0BD0012490
:106700000AE00198002103F0DDFC03E0009802217B
:1067100003F068FD04468CB126462868C043400358
:1067200022D4D5F88800B0F5801F11D0B0F5001F35
:1067300013D0B0F5401F15D0012414E0D5F8A420E3
:10674000D9F8001021F440311143C9F80010E4E7F2
:10675000386840F40030386004E00098012103F00C
:1067600041FD04465CB126462868C043C00323D4DB
:10677000286DA8B1B0F5803F17D001241BE0D5F8F3
:106780008820DAF8001021F440111143CAF80010F3
:10679000EAE700004C44025800480258CFFFFF00CF
:1067A000386840F40030386004E00198022103F0BA
:1067B00089FC0446E4B126462868C043800005D41D
:1067C0000098022103F00EFD00B101262868C043A5
:1067D00080031BD4D5F88000B0B1B0F5807F0FD016
:1067E000B0F5007F10D0B0F5407F0DD001240CE053
:1067F0005A482A6D016821F4803111430160DBE7BA
:10680000386840F400303860ECB326462868C0434E
:10681000C00207D46A6FD8F8001021F0004111437C
:10682000C8F800102868C043C00008D4D5F8B820C4
:10683000DBF8001021F480411143CBF800102868E8
:10684000C043800207D4EA6ED8F8001021F08071AE
:106850001143C8F800102868C04340000CD4DBF88E
:10686000001021F40041CBF80010DBF80010D5F83F
:10687000BC201143CBF800102868C04308D4374827
:106880006A6D016800E018E021F040511143016099
:106890002868C043000208D4D5F88C20DAF800102C
:1068A00021F440011143CAF8001028790024C043A4
:1068B00000F0010020430AD00FE0D5F88020DAF87C
:1068C000001021F440711143CAF800109EE70198AE
:1068D000002103F0F7FB00B106462879C04300F021
:1068E0000200204305D10198012103F0EBFB00B128
:1068F00006462879C04300F00400204305D10198E2
:10690000022103F0DFFB00B106462879C04300F006
:106910000800204305D10098002103F063FC00B17A
:1069200006462879C04300F01000204305D10098A6
:10693000012103F057FC00B106462879C04300F05E
:106940002000044304D10098022103F04BFC00B95D
:1069500016B10120BDE8FE8F0020FBE74C44025831
:106960002DE9F05F04000F467ED0DFF83882D8F8BA
:10697000000000F00F00B8420CD2D8F8001021F04F
:106980000F013943C8F80010D8F8000000F00F00DC
:10699000B84269D12078844D40070AD5206929681A
:1069A00001F07001884204D9296821F07001014387
:1069B000296020787C4E361D00070AD56069316851
:1069C00001F07001884204D9316821F0700101435F
:1069D00031602078C0060AD5A069316801F4E06111
:1069E000884204D9316821F4E061014331602078A4
:1069F000DFF8B4B180060BF1080B0CD5E1695846FD
:106A0000DBF8002002F07002914204D9026822F003
:106A100070020A430260207880070AD5E06829687E
:106A200001F00F01884204D9296821F00F010143C8
:106A300029602078C0073ED05B49A26828681839D1
:106A400020F47060104328606068022818D0032882
:106A500019D00968012819D0490700294ADADFF856
:106A600048A1AAF1080A00E044E0DAF8002022F088
:106A700007020243CAF80020FEF706FB814612E037
:106A800009688903E9E709688901E6E7C905E4E7D8
:106A9000FEF7FAFAA0EB090141F28830814202D9EF
:106AA0000320BDE8F09F6168DAF8000000F03800CC
:106AB000B0EBC10FECD1207880070AD5E0682968D7
:106AC00001F00F01884204D2296821F00F0101432F
:106AD0002960D8F80010404601F00F01B9420BD9E7
:106AE000016821F00F0139430160006800F00F00D8
:106AF000B84201D00120D4E7207840070AD52069A8
:106B0000296801F07001884204D2296821F07001DF
:106B100001432960207800070AD56069316801F0D7
:106B20007001884204D2316821F070010143316064
:106B30002078C0060AD5A069316801F4E061884276
:106B400004D2316821F4E06101433160207880068D
:106B50000CD5E1695846DBF8002002F07002914242
:106B600004D2026822F070020A43026000F09AF830
:106B70000E492A682B68C2F3032203F00F038A5CD4
:106B8000C95C02F01F0201F01F01D040084A20FA40
:106B900001F111600749086007480068BDE8F05F2F
:106BA000FEF78ABD0020005218440258F41803086A
:106BB000E4000024E0000024D800002470B5144C48
:106BC0003F220260124A24680832131D114D04F05E
:106BD0000704446016681C1D06F47066866016681B
:106BE00006F00F06C660126802F0700202611A68B1
:106BF00002F0700242611A6802F4E0628261226867
:106C000002F07002C261286800F00F00086070BDD9
:106C1000104402580020005230B500F043F80B4AEF
:106C20000B490C4B15681468C5F3032204F00F04DC
:106C30008A5C095D02F01F0201F01F01D040064A84
:106C400020FA01F119601060084630BD184402585E
:106C5000F4180308E4000024E000002400B5FFF766
:106C6000DBFF05490968054AC1F30211515C01F0D7
:106C70001F01C84000BD00001C440258F41803085E
:106C800000B5FFF7C9FF05490968054AC1F30221AC
:106C9000515C01F01F01C84000BD00001C440258B7
:106CA000F4180308454970B545480968434B103B43
:106CB00011F0380208D00111082A03D0102A0BD095
:106CC000182A0BD0084670BD19688906FBD51968CB
:106CD000C1F3C101C84070BD3A4870BD3749374D56
:106CE00018310C1D24350A68096826682D6802F0E1
:106CF000030406F00102C1F30511C5F3CC0515FB31
:106D000002F200EE102AB8EE400AE9B32F4ADFED96
:106D10002E0AB7EE001A6CB1DFED2D1A012C01D04E
:106D2000022C43D002EE101A1068F8EE422A81EECF
:106D3000A22A1EE01C68A40611D51B6801EE901A59
:106D40001168C3F3C103F8EE612AD84001EE900A3E
:106D5000C1F30800F8EE611A81EEA22A0BE001EE01
:106D6000901ADFED1C2A00BFF8EE611A106882EE5F
:106D7000A12AC0F3080001EE900AF8EE611A40EE75
:106D8000201A31EE810A00E015E022EE000A1068B8
:106D9000C0F34620401C00EE900AF8EE600A80EE38
:106DA000201ABCEEC10A10EE100A70BD01EE901A56
:106DB000DFED092AD8E7002070BD0000104402581A
:106DC0000090D00340787D01000000393044025823
:106DD0000024744A0024744C20BCBE4B2DE9F05FA3
:106DE00004007DD0FF4F2078FE4D1837DFF8F49374
:106DF000103DC00748D0D9F80000396800F03800CD
:106E0000102815D0182803D101F0030002280FD054
:106E10006068B0F5803F12D010B1B0F5A02F18D047
:106E2000286820F480302860286820F4802009E059
:106E30002868800328D560680028D2D024E028681C
:106E400040F480302860606888B1FEF71DF906467E
:106E500009E0286840F480202860F0E7FEF714F984
:106E6000801B64286FD828688003F7D50CE0FEF7F4
:106E70000BF9064605E000BFFEF706F9801B642803
:106E8000F0D828688003F7D4207841F20308D54E63
:106E90000C3E800769D5D9F80000396810F0380039
:106EA0000ED0182801D188070AD0E06890B329686D
:106EB00021F0190101432960FEF7E6F8824631E02E
:106EC0002868400702D5E06800288AD0E168286871
:106ED00020F0190008432860FEF7D6F8824607E044
:106EE000DFE000BFFEF7D0F8A0EB0A000228B9D817
:106EF00028684007F6D500BFFEF7C0F840451BD80C
:106F00002069402812D0316821F47C3141EA0030F8
:106F100030602AE018E000BFFEF7B6F8A0EB0A00E8
:106F200002289FD828684007F6D5E5E7306820F4A6
:106F30007C3040F40030EBE7207C316821F0FE41EA
:106F400041EA0060E4E70DE1286820F001002860D4
:106F5000FEF79AF8824605E0FEF796F8A0EB0A00E5
:106F600002288DD828684007F6D42078C0065DD561
:106F7000D9F80000DFF86CB2396800F03800ABF1E6
:106F8000040B082810D0182803D101F003000128B1
:106F90000AD0E0690028286838D040F080002860D6
:106FA000FEF772F8824623E02868C00523D5E06921
:106FB000802876D11FE0206A202821D0316821F076
:106FC000F84141EA8060306030E000BF94F8201062
:106FD000DBF8002022F07C5242EA0161CBF800107D
:106FE00024E000BFFEF750F8A0EB0A00022898D872
:106FF0002868C005F6D5FEF741F84045E6D8DAE73F
:10700000306820F0F84040F08040DCE720F080005D
:107010002860FEF739F8064605E000BFFEF734F8B1
:10702000801B02289DD82868C005F7D42078000767
:1070300029D56C486169643000298046016811D007
:1070400041F001010160FEF71FF8064605E000BFB0
:10705000FEF71AF8801B0228C9D8D8F8000080076C
:10706000F6D510E021F001010160FEF70DF80646AB
:1070700005E000BFFEF708F8801B022872D8D8F898
:1070800000008007F6D42078800623D5A069002868
:10709000286810D040F480502860FDF7F5FF0646C0
:1070A00005E036E1FDF7F0FF801B02285AD828687A
:1070B0008004F7D50EE020F480502860FDF7E4FF4F
:1070C000064604E0FDF7E0FF801B02284AD8286846
:1070D0008004F7D4207840074FD5DFF80C81D8F82A
:1070E000001041F48071C8F80010FDF7CDFF06468E
:1070F00005E000BFFDF7C8FF801B642832D8D8F830
:107100000000C005F6D5374EA068603601280AD0C9
:1071100008B1052813D0306820F0010030603068D5
:1071200020F0040002E0306840F001003060A06808
:1071300041F2883A90B1FDF7A7FF80460AE0306837
:1071400040F004003060EEE7FDF79EFFA0EB080181
:10715000514507D830688007F6D50EE0FDF794FF5B
:10716000804607E084E000BFFDF78EFFA0EB08013A
:1071700051457DD830688007F6D4606AB0B3DFF837
:107180006480D9F8001008F120084FF6F87B08F168
:107190000409C1F3C2010329A8F1040A69D0022835
:1071A000286820F08070286003D0FDF76DFF04464A
:1071B00084E0FDF769FF064605E000BFFDF764FFC8
:1071C000801B022877D828688001F7D4E26A40F251
:1071D000F331386854F8283F884340EA02101843D6
:1071E000386004E01044025800480258B5E0217BA2
:1071F000434622894FF4FE0C208A4FF0FE47490295
:10720000267D521E401EA1F50071C2F308088AB205
:10721000761E0CEA004042EA08020243504607EAA2
:1072200006610A431A60DAF8002022F00102CAF867
:107230000020D9F80020266A22EA0B0242EAC602A0
:10724000C9F80020DAF80010A26921F00C011143FE
:10725000CAF800100168E26921F0020111430160DF
:10726000016841F480310160016841F4003101E0BE
:1072700021E027E00160016841F48021016001689C
:1072800041F001010160286840F080702860FDF73E
:10729000FBFE044605E000BFFDF7F6FE001B0228DA
:1072A00009D828688001F7D557E000BFFDF7ECFE4C
:1072B000001B022802D90320BDE8F09F2868800146
:1072C000F4D44AE039680128D8F8000021D0A26A35
:1072D00001F0030393421CD1E26AC1F305118A4213
:1072E00017D1216BC0F30802491E8A4211D1616B8C
:1072F000C0F34622491E91420BD1A16BC0F3064256
:10730000491E914205D1E16BC0F30660491E8142DE
:1073100001D00120D0E7A16C4E46D9F80000C0F39F
:10732000CC00814219D0DAF80000554620F0010067
:10733000CAF80000FDF7A8FE4FEA0007FDF7A4FE1B
:10734000B842FBD0A26C306820EA0B0040EAC200D1
:107350003060286840F0010028600020ACE70000A1
:107360002DE9F047040029D0594A4FF00009206860
:10737000584B594D9042C4F8289006D0984204D0FA
:10738000A84202D0E1680F2918D8E1684FF0010A3D
:10739000E76B0831C9080AEB57167143904205D0D4
:1073A000984203D0A84201D0082907D8904203D0C0
:1073B000984201D0A84204D1102902D90120BDE889
:1073C000F08794F8810020B9204684F8809000F07E
:1073D00085F8022084F881002068016821F001010D
:1073E00001602068A1698268B1F1806F02F4F81130
:1073F00010D16268B2F5800F01D01AB10AE0A26B19
:1074000022B107E0A26BB2F1805F03D1026842F4BF
:10741000805202606068400209D5E068072806D300
:107420002068236D026822F480721A4303E020680A
:10743000026822F480720260A66AE069E26B256845
:107440003043E3680A4310431843A860D4E90D02AF
:10745000D4E90581636A25691843D4F820C00A433A
:10746000266810432843A56DD4E90172D4E912318E
:1074700040EA080040EA0C00384308431043184330
:107480002843F060606868B92068816821F4C051C1
:1074900041F4006181602068816821F4C06141F499
:1074A000806181602068016D21F0010101656068E3
:1074B000400206D52068626DC16821F00041114389
:1074C000C160C4F8849084F881A0002077E70000B0
:1074D0000030014000380040003C0040F0B5B7B03B
:1074E0000446142130A8F8F7A1FFC0216846F8F738
:1074F0009DFF2D490226206805272A4D0024884239
:1075000024D1811418940020CDE900106846FEF7BC
:1075100051FD08B1FAF7A4F922480830016841F496
:1075200080410160006800F480403590286840F098
:1075300002002860286830A900F0020035904FF45E
:10754000204030901948CDE9316425E0184988423F
:1075500026D1411419940020CDE900106846FEF7A9
:1075600029FD08B1FAF77CF90E481030016841F4A2
:1075700000510160006800F400503590286840F028
:1075800010002860286830A900F0100035906420B1
:1075900030900848CDE93164CDE93347FDF74EFC22
:1075A00037B0F0BDE04402580038004000040258F3
:1075B00000340140001002582DE9F84F04460068DD
:1075C0009946174600F1200B8A46FDF75DFD0646F9
:1075D00094F88100012839D1BAF1000F7ED0002F34
:1075E000FCD094F88000012830D0A26800254FF02C
:1075F000010884F88080032184F88110C4F8845045
:10760000C4F85CA06566A4F86850656725672C34EB
:10761000B2F5C02FA786E786E58754F82C0D18D061
:10762000C16821F4C02141F40031C1602068416883
:107630006FF30F01394341602068016841F0010197
:1076400001606068B0F5800F08D00CE00220BDE852
:10765000F88F016841F400610160E7E72068016884
:1076600041F400710160E0680F281CD820E0206818
:10767000416989070BD5E16D09680162E06D001D64
:10768000E065B4F86200401EA4F862000BE0FDF76C
:10769000FBFC811B494503D3B9F1FF3F03D09DE0BB
:1076A000B9F1000F32D0B4F862000028DFD179E0E0
:1076B00007282FD872E02068416989071ED5B4F8E1
:1076C000621001290DD9E16B59B1E16D09680162C0
:1076D000E06D001DE065B4F8620000E07CE0801E13
:1076E00009E0E06D0188ABF80010E06D801CE065FA
:1076F000B4F86200401EA4F862000BE0FDF7C4FC81
:10770000811B494503D3B9F1FF3F03D066E0B9F1CE
:10771000000F63D0B4F862000028CCD142E02068AA
:10772000416989072ED5B4F8621003290CD9E16BA1
:10773000402909D9E16D09680162E06D001DE0652D
:10774000B4F86200001F1AE0B4F8621001290CD9E5
:10775000E16B51B1E06D0188ABF80010E06D801C69
:10776000E065B4F86200801E09E0E16D097880F8F8
:107770002010E06D401CE065B4F86200401EA4F8E3
:1077800062000BE0FDF780FC811B494503D3B9F192
:10779000FF3F03D022E0B9F1000F1FD0B4F8620020
:1077A0000028BCD100224B4608212046009603F059
:1077B0004FF828B1D4F8840040F02000C4F88400C9
:1077C000204602F0E7FF84F88180D4F8840084F832
:1077D000805000283FF43BAF012038E7204602F0FC
:1077E000D9FFD4F8841084F8805041F48071C4F833
:1077F000841084F88180032029E700002DE9FF4FE1
:107800000446C06B17461D4683B042092068521CCF
:1078100000F1200130301FFA82FBCDE90001FDF7B5
:1078200033FC824694F881002E46012835D1049815
:1078300000287CD0002FFCD0002DFAD094F88000D6
:1078400001282AD04FF0010984F8809005224FF0DA
:10785000000884F88120C4F884806766A4F86A5020
:10786000A4F868500499E165A4F86250A4F8605047
:10787000C4F87080C4F874802068C16821F4C02105
:10788000C160AD492068884205D0AC49884202D029
:10789000AB49884205D1102704E0022007B0BDE8BB
:1078A000F08F082741686FF30F012943416020687A
:1078B000016841F0010101606068B0F5800F04D1FA
:1078C0002068016841F400710160E0680F284CD91C
:1078D000BF0838E020684169890710D57EB1F119E9
:1078E000A9420CD9E16D09680162E06D001DE065F7
:1078F000B4F86200401EA4F86200B4F86260206828
:10790000416905B34269D20703D15D4510D209042C
:107910000ED5006B616E0860606E001D6066B4F885
:107920006A00401EA4F86A00B4F86A500BE0F0E068
:10793000FDF7AAFBA0EB0A011098814202D3401C7C
:1079400001D004E018B156EA0500C3D1C8E02046D2
:1079500002F020FFD4F8840084F8808040F4807026
:10796000C4F8840084F88190E2E007287BD97F087E
:107970004EE020684069800711D586B1F019A84211
:107980000DD9E06D018801980180E06D801CE065F3
:10799000B4F86200401EA4F86200B4F86260216886
:1079A00048692DB34969C9070AD000980088616EFB
:1079B0000880606E801C6066B4F86A00401E13E0A8
:1079C0005D4516D2010414D500980088616E0880C8
:1079D000606E801C6066009909880180606E801C62
:1079E0006066B4F86A00801EA4F86A00B4F86A50B1
:1079F0000EE0012D01D18004D7D4FDF745FBA0EBAB
:107A00000A011098814202D3401C01D083E058B390
:107A100056EA0500ADD163E020684169890711D5B8
:107A200086B1F119A9420DD9E16D097880F82010CD
:107A3000E06D401CE065B4F86200401EA4F86200EE
:107A4000B4F86260206841696DB14269D2070CD018
:107A500090F83000616E0870606E401C6066B4F88B
:107A60006A00401E24E038E055E05D4525D20A0456
:107A700023D590F83000616E0870606E401C60661F
:107A8000216891F830100170606E401C60662168BA
:107A900091F830100170606E401C6066216891F8AA
:107AA00030100170606E401C6066B4F86A00001F00
:107AB000A4F86A00B4F86A500FE0042D02D211F461
:107AC000C04FC5D1FDF7E0FAA0EB0A011098814242
:107AD00002D3401C01D01EE0E8B156EA05009BD15C
:107AE000109B002208212046CDF800A002F0B0FE35
:107AF00028B1D4F8840040F02000C4F88400204667
:107B000002F048FE84F88190D4F8841084F88080D4
:107B100081B10120C2E6204602F03CFED4F8842068
:107B200084F8808042F48072C4F8842084F88190C4
:107B30000320B3E60020B1E60030014000380040E9
:107B4000003C0040024A136883430B4313607047B4
:107B50000404005870477047704700002DE9F04357
:107B600090F83C20012A42D0012280F83C2051F8B4
:107B70000C4BDFF880804FF0000991E8680051E974
:107B8000022723F44073B1F80CC03B43CF6923F4C0
:107B900080631343026823F40063234323F4805378
:107BA00043EA050323F4005343EA060323F4804326
:107BB00043EA07030C3923F47023424543EA0C439C
:107BC00002D00D4CA2420CD18D8C23F47006D1E969
:107BD000073446EA055121F08071194321F0007302
:107BE0002343536480F83C900020BDE8F0830220DA
:107BF000FBE700000000014000040140F0B590F8F0
:107C00003C20012A3BD01F4E012480F83C40022238
:107C100080F83D2002681C4D5368B242D2F808C07B
:107C200001D0AA4203D14F6823F470033B430F688D
:107C300023F070031F4357600268B24213D0B2F1C1
:107C4000804F10D0114B9A420DD0114B9A420AD05E
:107C5000104B9A4207D0AA4205D00F4B9A4202D04D
:107C60000E4B9A4204D189682CF08003194391602D
:107C7000002180F83D4080F83C100846F0BD02200D
:107C8000F0BD00000000014000040140000400407D
:107C900000080040000C0040001800400040014077
:107CA00010B5040003D094F83D0010B107E00120A6
:107CB00010BD002084F83C00204600F022F802208D
:107CC00084F83D002068211D03F0C2F9012084F8EA
:107CD000480084F83E0084F83F0084F8400084F8AF
:107CE000410084F8420084F8430084F8440084F89A
:107CF000450084F8460084F8470084F83D000020E1
:107D000010BD704790F83D10012901D00120704747
:107D1000144B0222016880F83D20994214D0B1F141
:107D2000804F11D0104881420ED0104881420BD0B4
:107D30000F48814208D00F48814205D00E48814249
:107D400002D00E48814207D188680D4A10400628AB
:107D500006D0B0F5803F03D0086840F0010008600D
:107D6000002070470000014000040040000800406F
:107D7000000C004000040140001800400040014099
:107D80000700010090F83D10012901D00120704743
:107D9000174A022180F83D100168CB6843F00103C7
:107DA000CB600068904214D0B0F1804F11D01149DF
:107DB00088420ED0104988420BD01049884208D022
:107DC0000F49884205D00F49884202D00E498842A7
:107DD00007D181680D4A1140062906D0B1F5803FD0
:107DE00003D0016841F001010160002070470000EC
:107DF000000001400004004000080040000C00406A
:107E0000000401400018004000400140070001004C
:107E1000016841F21113CA6822F00102CA600168C8
:107E20000A6A1A4207D10A6A9B101A4203D10A68E9
:107E300022F001020A60012180F83D100020704705
:107E4000704770472DE9F041044600680027C66876
:107E50000569A90713D5B10711D5FA1E02610121E1
:107E60002177206880698007204602D0FFF7E9FF6C
:107E700004E000F0D7F9204600F088FC2777680777
:107E800016D5700714D5226802206FF00401116125
:107E900020772068806910F4407F204602D0FFF7E9
:107EA000D0FF04E000F0BEF9204600F06FFC277719
:107EB000280715D5300713D5226804206FF0080174
:107EC000116120772068C0698007204602D0FFF743
:107ED000B8FF04E000F0A6F9204600F057FC277731
:107EE000E80616D5F00614D5226808206FF01001B8
:107EF000116120772068C06910F4407F204602D0CD
:107F0000FFF79FFF04E000F08DF9204600F03EFCF3
:107F10002777E80708D0F00706D021686FF0010046
:107F20000861204600F054FC280601D4A80408D5B6
:107F3000300606D521686FF4025008612046FFF72D
:107F40000AFEE80508D5300606D521686FF4807072
:107F500008612046FFF7FEFD680608D5700606D5C5
:107F600021686FF040000861204600F047FCA80639
:107F70000AD5B00608D521686FF0200008612046B8
:107F8000BDE8F041FFF7E8BDBDE8F08130B587B04E
:107F9000044614216846F8F749FA224A4FF00105D1
:107FA000216802242048914211D1016841F010015A
:107FB0000160006800F0100005900020511500914C
:107FC0006946CDE90140CDE90305184826E0B1F145
:107FD000804F25D1016841F002010160016801F084
:107FE00002010591016841F00101016000686946E4
:107FF000029400F0010005904FF48060CDE9000488
:108000000B48CDE90345FCF719FF4FF400400294FB
:10801000CDE9000407486946CDE90345FCF70EFFAA
:1080200007B030BD00000140E04402580010025883
:10803000000402580000025870B5044690F83C0055
:10804000002501280BD0012084F83C000C2A1ED00A
:1080500007DC82B1042A12D0082A06D113E00220DC
:1080600070BD102A17D0142A19D00125002084F8D9
:108070003C00284670BD206803F0D2F8F6E720687F
:1080800003F020F9F2E7206803F068F9EEE72068D2
:1080900003F0B0F9EAE7206803F0E8F9E6E72068C2
:1080A00003F01EFAE2E700002DE9F0410D0017464B
:1080B00004464FF0000610D0042D15D0082D1AD01C
:1080C0000C2D1FD0102D24D094F84300022827D067
:1080D00094F84300012826D07DE094F83E00022861
:1080E0001ED094F83E00F5E794F83F00022817D020
:1080F00094F83F00EEE794F84000022810D094F87E
:108100004000E7E794F84100022809D094F84100C4
:10811000E0E794F84200022802D094F84200D9E740
:108120000220BDE8F081A7B39BB33B494FF00200AA
:108130003A4ADFF8ECC055B1042D19D0082D29D0EA
:108140000C2D38D0102D48D084F8430047E084F837
:108150003E00606AC1633946606A0264606AC0F8C2
:108160004CC02268606A3432FBF76CFE88B939E093
:1081700084F83F00A06AC1633946A06A0264A06A1D
:10818000C0F84CC02268A06A3832FBF75BFE00B929
:108190002DE020E084F84000E06AC1633946E06ADF
:1081A0000264E06AC0F84CC02268E06A3C32FBF727
:1081B00049FE80B920E084F84100206BC163394654
:1081C000206B0264206BC0F84CC02268206B4032E8
:1081D000FBF738FEA8B10120A3E784F8420001268E
:1081E00030469EE72068C16841F400710DE02068C8
:1081F000C16841F4806108E02068C16841F4006111
:1082000003E02068C16841F48051C1602068012208
:10821000294602F083FFE3E737B1020895B102086F
:10822000CDB10208134A10B50168126891421CD101
:10823000007F012819D1104890F8F510552914D164
:108240000E4C6178890702D4A17889070DD590F882
:10825000F60055280AD02078002806D102F01CFB31
:10826000207820F00C00001D207010BDBDE81040EB
:1082700002F05ABB4C0E00241C06002468000024A7
:1082800010B5040003D094F83D0010B107E00120C0
:1082900010BD002084F83C00204600F023F80220A6
:1082A00084F83D002068211D02F0D2FE012084F8F0
:1082B000480084F83E0084F83F0084F8400084F8C9
:1082C000410084F8420084F8430084F8440084F8B4
:1082D000450084F8460084F8470084F83D000020FB
:1082E00010BD00002DE9F84F016807463A48B1F18A
:1082F000804F11D0394A914256D1016841F00201B4
:10830000016000680022052100F0020000901D209D
:10831000FDF796FA1D2058E0016841F00101016067
:10832000006800262E4D4FF4806900F00100009097
:1083300005F10C014FF040084FF4805A4FF0120C39
:108340004FF4804BC5F8088081E8400EEE61284666
:108350002E62244C6E62C5E9004CFBF791FB08B11C
:10836000F9F77EFA1E4C4FF0140C7D627834AF633F
:1083700004F10C001B4BC4F80880183380E8400E51
:10838000E661204626626662C4E9003CFBF778FBA2
:1083900008B1F9F765FAFC6200220521A7631C20E9
:1083A000FDF74EFA1C2010E00F4A914211D10168EE
:1083B00041F00401016000680022052100F0040082
:1083C00000901E20FDF73CFA1E20BDE8F84FFDF797
:1083D0002ABABDE8F88F0000E844025800040040C3
:1083E000980E0024400402400008004070B5044686
:1083F0004FF002024FF0000569B1042916D0082998
:108400005BD00C2964D0102969D094F8430001286E
:108410006CD0012070BD94F83E000128F9D184F899
:108420003E202068C26842F0020209E094F83F0052
:108430000128EED184F83F202068C26842F004028F
:10844000C2602068012202F069FE2E4920682E4A8F
:108450002E4B884209D0904207D0984205D02C4E2E
:10846000B04202D02B4EB04203D1466C46F40046D7
:1084700046642068884212D0B0F1804F0FD0264960
:1084800088420CD02549884209D02549884206D027
:10849000904204D02349884201D0984207D1816894
:1084A000214A1140062906D0B1F5803F03D001686A
:1084B00041F001010160284670BD94F84000012898
:1084C000A7D184F840202068C26842F00802B7E7CC
:1084D00094F8410001289CD184F8412008E094F8E8
:1084E0004200012895D184F8422003E084F843201B
:1084F0000C2901D00125DEE72068C26842F0100295
:108500009EE70000000001400004014000400140DF
:1085100000440140004801400004004000080040C1
:10852000000C0040001800400700010030B5002298
:10853000044600680D4602F0F1FD41F21111224B94
:1085400020688A1098420BD0204B984208D0204BCC
:10855000984205D01F4B984202D01F4B984209D138
:10856000036A0B4206D1036A134203D1436C23F41E
:10857000004343642068036A0B4206D1016A11423A
:1085800003D1016821F0010101604FF001005DB1EC
:10859000042D0CD0082D0DD00C2D0ED0102D0FD089
:1085A00084F84300002030BD84F83E00FAE784F8E8
:1085B0003F00F7E784F84000F4E784F84100F1E772
:1085C00084F84200EEE70000000001400004014092
:1085D00000400140004401400048014070B504469D
:1085E00090F83C0000260D4601280BD0012084F8AD
:1085F0003C000C2A4AD007DC82B1042A20D0082A89
:1086000006D131E0022070BD102A53D0142A63D065
:108610000126002084F83C00304670BD206802F03E
:10862000FFFD2068816941F008018161206881694E
:1086300021F00401816120682A698169114311E0F8
:10864000206802F03FFE2068816941F40061816189
:108650002068816921F480618161206829698269CB
:1086600042EA01218161D4E7206802F077FE2068A8
:10867000C16941F00801C1612068C16921F00401AC
:10868000C16120682A69C169114311E0206802F0C4
:10869000B1FE2068C16941F40061C1612068C1690F
:1086A00021F48061C16120682969C26942EA01211F
:1086B000C161AEE7206802F0D9FE2068416D41F04B
:1086C000080141652068416D21F004014165206881
:1086D0002A69416D114311E0206802F001FF206812
:1086E000416D41F4006141652068416D21F4806174
:1086F000416520682969426D42EA0121416588E7A8
:1087000010B5040003D094F83D0010B107E001203B
:1087100010BD002084F83C00204600F023F8022021
:1087200084F83D002068211D02F092FC012084F8AD
:10873000480084F83E0084F83F0084F8400084F844
:10874000410084F8420084F8430084F8440084F82F
:10875000450084F8460084F8470084F83D00002076
:1087600010BD000008B500680649884208D10648D7
:10877000016841F001010160006800F00100009013
:1087800008BD000000000140F04402580C4910B53B
:10879000044600680968884211D1207F012804D16D
:1087A0000022C1030748FCF764FC207F042806D19F
:1087B0000022BDE8104001020348FCF75ABC10BD7E
:1087C000B40D002400000258000402587047000055
:1087D00010B5084904460068884201D1FCF736FF0D
:1087E000054920680968884203D1BDE8104007F0B8
:1087F0006FBC10BD00100040B40D0024704730B5B0
:1088000090F88410012918D0012280F884202421B6
:10881000C0F888100022202401680B680D6823F03E
:10882000005325F001050D60426601680B60C0F839
:10883000884080F88420104630BD022030BD10B53D
:108840000446D0F88C00202801D0022010BD61B170
:108850005AB10123E36600202067204603F07AFC2A
:108860000028F3D1E16E012901D0012010BD22685A
:1088700010211162226852E8001F41F0100142E805
:108880000013002BF6D110BD0F4AF0B40068126837
:10889000904216D10D4A00200D4C4FF4967509E018
:1088A0001388AB4208D21388265C5F1C17801344E0
:1088B000401C1E718842F3D301209070F0BCF8F781
:1088C00075BFF0BC7047000074120024EC04002453
:1088D00048110024704770B5044690F884000128C0
:1088E0001DD0012284F884202420C4F88800206848
:1088F0000568026822F0010202602068826822F0A6
:1089000060620A438260204602F024FE2268202131
:1089100000201560C4F8881084F8840070BD02201F
:1089200070BD70B5044690F8840001281DD0012266
:1089300084F884202420C4F8880020680568026830
:1089400022F0010202602068826822F060420A433D
:108950008260204602F0FEFD226820210020156082
:10896000C4F8881084F8840070BD022070BD704780
:1089700070470000044900680968884203D1022159
:108980000162F8F713BF7047741200242DE9F0411B
:1089900007680025044640F60F030226F869396887
:1089A000BA6818420AD183067ED501F0200302F08E
:1089B000805C53EA0C0377D0616F7EE1D44BDFF823
:1089C00054C3134001EA0C0C53EA0C0C6CD05FEA60
:1089D000C07C0CD05FEAC15C09D54FF0010CC7F830
:1089E00020C0D4F8907047F00107C4F89070870752
:1089F00009D5D70707D027683E62D4F8906046F0C3
:108A00000406C4F8906046070AD5D60708D0276840
:108A100004263E62D4F8906046F00206C4F89060E6
:108A200006070CD501F020061E4308D0266808234F
:108A30003362D4F8903043F00803C4F89030030553
:108A40000BD54B0109D526684FF400633362D4F887
:108A5000903043F02003C4F89030D4F89030002BCD
:108A60003DD0800609D501F0200002F08051084376
:108A700003D0616F09B1204688472168D4F890007F
:108A80008968490602D410F0280F2AD0204602F047
:108A9000E1FE2068806840061ED52068083050E856
:108AA000001F21F0400100E021E040E80012002A10
:108AB000F3D1D4F8800078B197490165D4F88000EB
:108AC000FAF724FB00280AD0D4F88000016D00E0FA
:108AD0002046BDE8F04108472046FFF74BFFBDE8C0
:108AE000F0812046FFF746FFC4F89050F7E7D4F82E
:108AF0006CC02023BCF1010F7ED15FEAC06C7BD536
:108B00005FEAC16C78D51020386220688068400622
:108B100073D5D4F8802081491068884234D07F49C9
:108B20001831884230D07D49303188422CD07B4981
:108B30004831884228D079496031884224D0774929
:108B40007831884220D07549903188421CD07349D1
:108B5000A831884218D07249884215D0704918311E
:108B6000884211D06E49303188420DD06C4948316D
:108B7000884209D06A496031884205D06849783115
:108B8000884201D06649903140684FF480770004F4
:108B9000000C40D0B4F85C1081423CD9A4F85E00CF
:108BA000D069B8422FD0216851E8000F20F48070BE
:108BB00041E80002002AF6D12068083050E8001F82
:108BC00021F0010140E80012002AF5D120680830A8
:108BD00050E8001F21F0400140E80012002AF5D1C2
:108BE000C4F88C30E566206850E8001F21F01001C1
:108BF00040E80012002A01E04AE019E0F3D1D4F87D
:108C00008000FAF7D3F82667B4F85C00B4F85E1079
:108C1000401A81B208E0B4F85C1081427FF466AF7C
:108C2000D069B842FAD126672046FFF72DFE56E7F5
:108C3000B4F85C00B4F85E10B4F85E20401A81B25B
:108C4000002AF4D00029F2D0226852E8000F20F464
:108C5000907042E80007002FF6D1324F206800F1F3
:108C6000080050E8002F02EA070240E8002CBCF19F
:108C7000000FF3D1C4F88C30E5666567226852E8CE
:108C8000000F20F0100042E80003002BF6D1CAE7E5
:108C9000C60209D5560207D54FF480103862204627
:108CA000BDE8F041FFF764BE06060AD501F0800674
:108CB00002F40002164304D0A16F00297FF408AF2C
:108CC0000DE7420611D54A060FD52046016851E846
:108CD000002F22F0400241E80024002CF6D1C0F819
:108CE0008830856700F082F9F9E6020206D54A006D
:108CF00004D52046BDE8F041FFF739BEC00196D546
:108D0000002994DA2046BDE8F041FFF7E3BD0000FA
:108D100001000010200100040BB7020810000240FF
:108D200010040240FEFFFFEF10B5040003D0D4F89A
:108D3000880010B107E0012010BD002084F88400F5
:108D4000204600F027F82420C4F888002068016835
:108D500021F001010160A06A10B1204602F01CFC64
:108D6000204603F021F80128E6D02068416821F46C
:108D7000904141602068816821F02A01816020686B
:108D8000016841F0010101602046BDE8104002F099
:108D900067BC00002DE9F041B6B00746142130A8A9
:108DA000F7F744FBC0216846F7F740FB4A49022524
:108DB00038680024474E4FF0070888425ED10020F3
:108DC0001F940121CDE900106846FDF7F3F808B1C2
:108DD000F8F746FD3F481030016841F0100101608E
:108DE000006800F010003590306840F001003060FD
:108DF00030684FF4C061309130A900F00100CDE936
:108E000031543394CDE934803448FCF717F8344EAC
:108E1000292234494FF48068304686E81600C6E9B6
:108E200003487461B461F46134627462FAF728FE35
:108E300008B1F8F715FD2A4D2A222A494023783532
:108E4000C7F880601831B763284685E81E016C6159
:108E5000AC61EC612C626C62FAF712FE08B1F8F7B3
:108E6000FFFCFD6700220521AF632520FCF7E8FC2D
:108E70002520FCF7D8FC36B0BDE8F0811A498842BD
:108E8000F9D100201E940221CDE900106846FDF7BB
:108E900091F808B1F8F7E4FC0E480830016841F495
:108EA00000310160006800F400303590306840F017
:108EB0000800306030686021309130A900F008006F
:108EC000CDE931543394CDE934800848FBF7B6FF3F
:108ED000D1E70000E04402580010014000000258B1
:108EE0009C1300241004024000440040000C02586F
:108EF00030B4D0F88C30202B02D0022030BC704728
:108F0000A9B1A2B10B4D00240368C466AB420BD0DB
:108F10005B681B0208D5046854E8003F43F0806397
:108F200044E80035002DF6D130BC03F067B90120CC
:108F3000E4E70000000C0058054900680968884211
:108F400004D1044901220248FFF7D2BF7047000054
:108F500008130024D00000247047000070B50446B8
:108F6000D0F88800202801D0022070BD39B332B378
:108F7000E06F002321652125A4F85420A4F8562091
:108F8000C4F89030C4F88850D8B11549C163E16F76
:108F900014480864E16F1448C864E06F0365134621
:108FA0002068E56F00F12802216D2846FAF74AFF94
:108FB00038B11021C4F890102020C4F88800012096
:108FC00070BD2168402008622068083050E8001F0A
:108FD00041F0800140E80012002AF5D1002070BD68
:108FE0000BB802084BB802081BB70208704770475D
:108FF000FEE700001E4810B51E491F4C006E884257
:1090000027D900EE100AFBEE0E0A201D30EEC00A32
:1090100080ED050A06F01CFCDFED180A184980EE09
:10902000201A94ED000A31EE000A10EE100A84EDC9
:10903000000A884201DDC4ED000A94ED000ABDE893
:10904000104010480021BCEEC00A10EE102A01F0BA
:10905000C9BC00220B48114601F0C4FC0648001DA3
:1090600001F050F99FED080A84ED000A10BD0000E0
:109070003E0700240000F0C12C0000240000C8427C
:109080000000C842680D00240000000001688A69E1
:10909000D243920701D400228A6200688169C943E1
:1090A000C90703D0816941F0010181617047000067
:1090B0002DE9F047044600680026894617464FF020
:1090C000200835468169C90641D51021C1612FE0CC
:1090D000B9F1FF3F2CD0FBF7D7FFC11B494502D8A0
:1090E000B9F1000F24D12068426894F842108369D6
:1090F00002F48042DB431B0415D4B2F5804F12D03A
:10910000202910D0416841F480414160FBF7BCFF49
:10911000074608E0FBF7B8FFC01B192803D9012652
:1091200045F0200504E020688069C0438006F1D442
:1091300020688069C043800602D5002EC8D003E0B5
:1091400016B92168C1F81C80012645F00405216884
:109150008869C20505D54FF48072CA6145F00105E2
:10916000012641050AD5216880054FF4806245F04B
:109170000805CA614FF0010602D40AE0800507D550
:10918000206801264FF4007145F00205C16100E03E
:109190008EB12046FFF77AFF20680021074F436811
:1091A0003B404360606C2843606484F8418084F8ED
:1091B000421084F840103046BDE8F08700E800FE19
:1091C0002DE9F8430446164817461E46DAB20090C9
:1091D000C3022046DDE9089800F024F842464946DB
:1091E000204600F0F5F8B8B9012EFDB208D020688D
:1091F000390A816242464946204600F0E9F858B9EA
:1092000020688562002280214B462046CDF80080F0
:1092100000F020F8002800D00120BDE8F88300000D
:109220000020008070B50068C1F3090141EA0241E5
:10923000074D049C19434FF480664268214306EAB7
:1092400054532B439A4321F000410A43426070BDBE
:10925000FF63FF032DE9F0411D4617460E46044605
:10926000DDF8188028E0424629462046FFF720FF17
:1092700010B10120BDE8F081681C1DD0FBF704FF90
:10928000A0EB0800A84200D8B5B92068806936EA8A
:1092900000000FD00020B8420ED1626C002084F88C
:1092A0004000202142F02002626484F8411084F8DA
:1092B0004200DEE70120EEE72068806936EA000020
:1092C00004D00020B842CED00020D3E70120F9E737
:1092D0002DE9F0470026914620278846044635466A
:1092E0003DE04A4641462046FFF7E2FE00B1012537
:1092F00020688169C943890619D4C5B98169816922
:10930000C943C90612D41021C161042219496264FB
:1093100001252068C761206842680A40426084F8DD
:10932000417084F8426084F8406000E06664FBF7B6
:10933000ABFEA0EB0901414502D8B8F1000F0ED1F8
:109340006DB920688069C043400708D5606C01256D
:1093500084F8406040F02000606484F84170206828
:109360008069C043400701D5002DBAD02846BDE82A
:10937000F087000000E800FE70B516460D46044672
:109380001FE0324629462046FFF792FE08B1012031
:1093900070BDFBF779FE801BA84200D88DB920680C
:1093A0008069C04380060CD5626C002084F84000C0
:1093B000202142F02002626484F8411084F84200C7
:1093C000E5E720688069C0438006DAD4002070BDDC
:1093D00070B516460D46044621E032462946204621
:1093E000FFF766FE08B1012070BD681C17D0FBF7BF
:1093F0004BFE801BA84200D88DB920688069C0430D
:1094000080070CD5626C002084F84000202142F0D7
:109410002002626484F8411084F84200E3E7206887
:109420008069C0438007D8D4002070BD0146C003C6
:10943000C00B4FF0000005D14914A1F580610F2940
:1094400000D801207047000070B504460878552503
:10945000AA28B1F805001AD18A78C2B94A78022A36
:1094600015D1B1F8032092B190420ED000EE102A2F
:10947000B2EE041B2046A1F80520B8EE400B80EEAA
:10948000012BB7EEC20B00F043FFAA2511E080B11B
:109490000B482044407880070BD4002620469FEDDF
:1094A000090AA1F8056000F033FF074904EB8400C6
:1094B0000E5429462046BDE8704000F0A3BF0000CE
:1094C00068000024000000009D02002400EBC000A2
:1094D000074A552300EB40000021135410448278C2
:1094E00042F001028270A0F80510A0F80310704746
:1094F0001C0600248068C0F3C00070478068C0F379
:10950000800070478068C0F380007047C06810F426
:10951000406F01D000207047012070470C4B60B1B4
:1095200001280DD00B4B02280DD003280FD10A467D
:109530004FF400411846FBF79CBD0A460821F9E7A5
:109540000A461021F6E70A464FF48041F2E77047D9
:10955000001002580008025810B500240721E0B29C
:1095600000F012F80021E0B200F00EF840F0020224
:109570000021E0B200F03AF80721E0B200F004F870
:10958000641C042CEAD310BD3EB505460C460020F1
:10959000012101902846FFF7C1FF00212846FFF76F
:1095A000BDFFC821009104F07F008DF8040006483B
:1095B000022302AA01A9FEF721F901212846FFF79B
:1095C000ADFF9DF809003EBDE00C002470B50024FD
:1095D000054600212A46E0B200F008F80021E0B27A
:1095E000FFF7D2FF641C042CF3D370BDF8B5154609
:1095F0000C4601210646FFF791FF00213046FFF798
:109600008DFF44F080008DF8000007482C43C823EC
:10961000694602228DF80140FDF7CEFF0121304658
:10962000FFF77CFFF8BD0000E00C002430B58BB0E4
:10963000002468461C21079408940994F6F7F6FE66
:109640002F484FF4101201212C4B04250561C0E96D
:109650000032C0E902410475032241750B038561A4
:1096600004774462C0E90A42C0E90C3480F838400B
:10967000C163F9F75DF808B1F8F7F2F8204807A9D7
:109680000794F8F709FC08B1F8F7EAF806201D4935
:1096900040F2FF72CDE90010CDE902021848694698
:1096A000CDE904548DF81940F8F78AFC08B1F8F7B1
:1096B000D7F80C211448CDE9000111486946F8F7A4
:1096C0007FFC08B1F8F7CCF812211048CDE9000171
:1096D0000B486946F8F774FC08B1F8F7C1F818218F
:1096E0000B48CDE9000106486946F8F769FC0028F7
:1096F00001D0F8F7B5F80BB030BD000000200240F3
:109700008C08002400002143000052470040C03A6A
:109710000080F03E70B588B01C216846F6F786FEE2
:1097200044480024424A042501214FF410130260EA
:109730000822C0E90134C0E903150475032341750B
:109740000E03826104774462C0E90A43C0E90C64F5
:1097500080F83840C163F8F7EBFF08B1F8F780F8FC
:109760000620354940F2FF72CDE90010CDE9020232
:1097700030486946CDE904548DF81940F8F720FCCB
:1097800008B1F8F76DF80C212C48CDE90001294803
:109790006946F8F715FC08B1F8F762F81221284875
:1097A000CDE9000123486946F8F70AFC08B1F8F74B
:1097B00057F818212348CDE900011E486946F8F7FB
:1097C000FFFB08B1F8F74CF84FF480711E48CDE963
:1097D000000118486946F8F7F3FB08B1F8F740F8BC
:1097E0004FF483711948CDE9000112486946F8F732
:1097F000E7FB08B1F8F734F84FF486711448CDE967
:1098000000010C486946F8F7DBFB08B1F8F728F8C7
:109810004FF489710F48CDE9000106486946F8F711
:10982000CFFB002801D0F8F71BF808B070BD00008E
:1098300000210240F00800240000844B0000B84FD3
:109840000800900C8000501D1000C0100001802105
:109850000002B0252000F01470B588B01C216846C5
:10986000F6F7E4FD2A480024284A012504264FF48F
:10987000101104C02A0380E87200047403214574A7
:10988000466104760462C0E90941C0E90B2480F80E
:1098900034408563001FF8F74BFF08B1F7F7E0FF8E
:1098A00006201C4940F2FF72CDE90010CDE902020A
:1098B00017486946CDE904648DF81940F8F780FB34
:1098C00008B1F7F7CDFF0C211348CDE9000110488E
:1098D0006946F8F775FB08B1F7F7C2FF1220694631
:1098E000CDE900500A48F8F76BFB08B1F7F7B8FF6D
:1098F00018210A48CDE9000105486946F8F760FBE0
:10990000002801D0F7F7ACFF08B070BD0060025826
:10991000540900240004002A0008302E02003004FC
:109920000A480021084B032210B503600171417100
:10993000416102628161F9F7E9F9002803D0BDE8CD
:109940001040F7F78DBF10BD004C0258D81400240A
:10995000254808B5016841F001010160016801F086
:1099600001010091016841F00201016000680022DC
:10997000052100F0020000900B20FBF761FF0B2097
:10998000FBF751FF002205210C20FBF759FF0C20AB
:10999000FBF749FF002205210D20FBF751FF0D20A9
:1099A000FBF741FF002205213820FBF749FF382053
:1099B000FBF739FF002205213920FBF741FF392051
:1099C000FBF731FF002205213A20FBF739FF3A204F
:1099D000FBF729FF002205213B20FBF731FFBDE803
:1099E00008403B20FBF71FBFD84402582B480421F6
:1099F000F0B5294F002489B0846007601422C46048
:109A00001B2304740225447401268474C361C0E9D5
:109A10000521C0E9081200F13002C0E90A1382E80A
:109A20005200C0E90F45C0E91114C0E91314C0E9A0
:109A30001514C0E91745C0E91941FAF77FFE08B1CE
:109A4000F7F70EFF02A901944FF4926081E87000CD
:109A5000CDE90504114801A9FAF7BAFB08B1F7F7F7
:109A6000FFFE02220D48002311460094FAF7EFFB97
:109A700008B1F7F7F5FE094800220121FAF730FB9B
:109A800008B1F7F7EDFE0548FAF7CFFF002801D03F
:109A9000F7F7E6FE09B0F0BD00A00040200B00245F
:109AA000094810B505F0EAFD084C20610648103061
:109AB00005F0E4FD044A0021606105486C3A05F0B8
:109AC00015FE606010BD00004818030870000024F7
:109AD00065AA02082DE9F04F87B014216846F6F711
:109AE000A5FC5648016841F010010160016801F0D1
:109AF00010010591016841F004010160016801F065
:109B000004010591016841F080010160016801F0E4
:109B100080010591016841F001010160016801F0D7
:109B200001010591016841F002010160016801F045
:109B300002010591016841F008010160006840F2EE
:109B40001B16DFF8FC90002200F00800314605905B
:109B50004846FBF78EFADFF8ECA000224CF24011E9
:109B60005046FBF786FADFF8E0B045F238370022BE
:109B700039465846FBF77DFA48F280083348002200
:109B80004146FBF776FA00240096012569464846CF
:109B9000CDE901540394FBF751F94FF44140009093
:109BA000CDE90154694650460394FBF747F94FF459
:109BB00088166946E8020294CDE900065846FBF78C
:109BC0003DF900976946CDE9015458460394FBF7E7
:109BD00035F9CDF800806946CDE901541B4803945E
:109BE000FBF72CF940206946CDE90005CDE9025488
:109BF0005046FBF723F903206946CDE900061348D8
:109C00000294FBF71BF9002205210620FBF718FE42
:109C10000620FBF708FE002205210720FBF710FEB7
:109C20000720FBF700FE002205212820FBF708FE95
:109C30002820FBF7F8FD07B0BDE8F08FE04402589C
:109C4000001002580008025800040258000C025884
:109C50001348002110B5114C0123124A0460C0E9D9
:109C60000121C0E9033141618161C1610162FBF7FA
:109C700067FA08B1F7F7F4FD09480021FBF70AFA83
:109C800008B1F7F7EDFD06480021FBF72FFA002891
:109C900003D0BDE81040F7F7E3BD10BD005400400D
:109CA000040C0024EE3A30704FF0804215482DE944
:109CB000F0411311124C00211512C0E90513C0E93F
:109CC00007214162072781624FF4C026C1624FF02D
:109CD000007CC0E90D21C163016441648164C164F9
:109CE00001654165816580E8F010FDF739FB0028CA
:109CF00003D0BDE8F041F7F7B3BDBDE8F081000047
:109D000000380040580C00242DE9F0411648072681
:109D10004FF08042DFF84CC000215511056113114E
:109D2000C0E90216C0E9072141621712816294114D
:109D3000C162C0E90D21C163016441648164C164F1
:109D4000016541658165C0E90543C0E900C7FDF7CC
:109D500007FB002803D0BDE8F041F7F781BDBDE85F
:109D6000F081000000340140E00C002410B596B0F2
:109D700000241C210BA8129413941494F6F756FB9C
:109D80002C216846F6F752FB2248EF2220494FF675
:109D9000FF7380E81600C0E9033444618461FEF774
:109DA000AFFC08B1F7F75CFD1A4812A9129413949E
:109DB0001494FDF723FF08B1F7F752FD6020CDE9B9
:109DC0000B04144800220BA90D940E940F941094C8
:109DD0001194FEF703FC08B1F7F742FD4FF4005071
:109DE0000094019401030294CDE904400394069485
:109DF000CDE907410748694609940A94FDF7AEFE8C
:109E000008B1F7F72DFD0348FEF7C0F816B010BDF6
:109E100000000140680D002410B58AB00024684697
:109E20001C21079408940994F6F700FB1948611E59
:109E300017224FF08043C0E9024104618461C0E908
:109E40000032FEF71DFA08B1F7F70AFD114807A91D
:109E500007940994FDF7D2FE08B1F7F701FD302011
:109E6000049402210291CDE900040A4800226946C7
:109E7000FEF7E2F808B1F7F7F3FC06480822694656
:109E8000FEF7DAF808B1F7F7EBFC0248FEF77EF8C8
:109E90000AB010BDB40D002410B58AB00024684685
:109EA0001C21079408940994F6F7C0FA15484FF658
:109EB000FF71EF22124BC0E9024104618461C0E9E5
:109EC0000032FEF7DDF908B1F7F7CAFC0D4807A923
:109ED00007940994FDF792FE08B1F7F7C1FC022040
:109EE000009400226946CDE9014006480494FEF73B
:109EF000A3F8002801D0F7F7B3FC0AB010BD0000AA
:109F000000040040000E002410B58AB0002468460A
:109F10001C21079408940994F6F788FA18484FF61C
:109F2000FF71EF22154BC0E9024104618461C0E971
:109F30000032FEF7A5F908B1F7F792FC104807A91F
:109F400007940994FDF75AFE08B1F7F789FC0C480D
:109F5000002269460094019402940494FEF76CF880
:109F600008B1F7F77DFC064804226946FEF764F85D
:109F7000002801D0F7F774FC0AB010BD00080040BB
:109F80004C0E0024194800212DE9F041164A0C24FA
:109F9000C0E90541C1614FF461230162951441623A
:109FA00056141715816280E8EC00FEF7BDFE08B17B
:109FB000F7F756FC0D480021FEF7B3FC08B1F7F7A0
:109FC0004FFC0A480021FEF786FC08B1F7F748FC71
:109FD0000648FEF714FC002803D0BDE8F041F7F76F
:109FE0003FBCBDE8F0810000001001407412002465
:109FF0001848002110B5164C0C224FF4E1330460D0
:10A00000C0E90131C160C0E904128161C16101622E
:10A0100041628162FEF788FE08B1F7F721FC0D4826
:10A020000021FEF77EFC08B1F7F71AFC0948002171
:10A03000FEF751FC08B1F7F713FC0648FEF7DFFB0B
:10A04000002803D0BDE81040F7F70ABC10BD00009F
:10A05000004400400813002470B501210446FFF7B6
:10A0600093FAC50120460221FFF78EFA45EA500017
:10A070002146BDE8704004F0A3B8FEE7FEE7F0B566
:10A08000B1B0C0216846F6F7D1F9002304240A25AF
:10A090004FF408228DE83C0002202993C02604904A
:10A0A00002071C9220270590CDE90606CDE908732A
:10A0B0006846FBF77FFF002801D072B6FEE731B09B
:10A0C000F0BD00002DE9F047454D044689464FF0AC
:10A0D000000A2868C04380070AD0414E283E3068F5
:10A0E00020F080603060FAF7CFFF0746B04608E006
:10A0F0000120BDE8F08700BFFAF7C6FFC01B0228A9
:10A1000067D8D8F800000001F6D4206829684FF419
:10A11000FE0721F47C313E0241EA00302860207ABB
:10A12000A389B4F804C040022D4D2D495B1E227C4A
:10A13000ACF1010C1035091DA0F5007080B2521E63
:10A14000CCF3080C07EA034340EA0C00184306EA84
:10A150000262104328600868626920F0C000104362
:10A1600008600A68A06922F0200202430A60281DE4
:10A170000A6822F010020A6002684FF6F873E46978
:10A180009A4342EAC40202600868B9F1000F40F045
:10A1900010020A6011D00868B9F1010F11D040F423
:10A1A00000100860D8F80000444640F08060C8F80D
:10A1B0000000FAF769FF05460DE0086840F400204A
:10A1C000EFE740F48010ECE7FAF75EFF401B02284F
:10A1D00001D903208DE720680001F5D5504688E7B6
:10A1E000284402582DE9F047454D044689464FF072
:10A1F000000A2868C04380070AD0414E283E3068D4
:10A2000020F080503060FAF73FFF0746B04608E084
:10A210000120BDE8F08700BFFAF736FFC01B022817
:10A2200067D8D8F800008000F6D4208829684FF459
:10A23000FE0721F07C713E0241EA00502860207A3E
:10A24000A389B4F804C040022D4D2D495B1E227C29
:10A25000ACF1010C1835091DA0F5007080B2521E3A
:10A26000CCF3080C07EA034340EA0C00184306EA63
:10A270000262104328600868626920F4406010435D
:10A2800008600A68A06922F4007202430A60281D6F
:10A290000A6822F480720A6002684FF6F873E46973
:10A2A0009A4342EAC40202600868B9F1000F40F420
:10A2B00080720A6011D00868B9F1010F11D040F026
:10A2C00080700860D8F80000444640F08050C8F81C
:10A2D0000000FAF7D9FE05460DE0086840F480005A
:10A2E000EFE740F40000ECE7FAF7CEFE401B02284F
:10A2F00001D903208DE720688000F5D5504688E716
:10A300002844025800214161C1600161704700008A
:10A3100000EBC0021A4902EB42021144D1F80F20AF
:10A32000D1F80B1000EE902A01EE101A40EE010A4F
:10A33000F5EEC00AF1EE10FA01D2DFED120A9FED40
:10A34000120AB0EE041B9FED112B20EE800A9FED48
:10A35000113BB7EEC00A80EE014B24EE020B20EE5B
:10A36000030BBCEEC00B10EE101A8AB228B1012804
:10A3700005D103210120F6F719BF0221FAE7704742
:10A380001C0600240000000000FF7F47FA7E6ABC24
:10A390007493683F0000000000004940B5EEC00A19
:10A3A000F1EE10FA01D29FED110ADFED110AB0EEC5
:10A3B000042B9FED103B20EE200A9FED101BB7EE03
:10A3C000C00A80EE024B24EE030B20EE010BBCEE24
:10A3D000C00B10EE101A8AB228B1012805D1052150
:10A3E0000120F6F7E3BE0421FAE770470000000001
:10A3F00000FF7F47FA7E6ABC7493683F000000004C
:10A40000000049402DE9F05F06465A4A5A48AA29F9
:10A4100006EB8607DFF864B102EB06044FF0010A91
:10A4200000EB47054FF000081AD0697981460029F2
:10A430006AD007F02DF8D5F80610401AC8280DD3B9
:10A440004FF001024EB34E48802100BFFAF711FED3
:10A4500085F80580607820F002006070BDE8F09F0C
:10A46000814610F81700D8B107F012F8D5F801109E
:10A470004D46401AB0F5FA6FF0D34FF000024EB1DE
:10A480003F488021FAF7F5FD05F81780607840F025
:10A490000200E2E708215846F4E708215846D5E7CC
:10A4A0004FF001028EB110215846FAF7E2FD6078B4
:10A4B00040F00100607056B131488021FAF7D4FDB8
:10A4C00040B119F8170040B118E02021ECE708214D
:10A4D0005846F3E709F8178010E04FF0010286B103
:10A4E00027488021FAF7C5FD627822F002026270E7
:10A4F00009F817A006F0CCFFC5F8010085F8058023
:10A50000ACE708215846EDE74FF00002A6B1102154
:10A510005846FAF7AEFD607820F0010060706EB129
:10A5200017488021FAF7A0FD58B185F805806078BA
:10A5300020F00200607017E02021E9E7082158466A
:10A54000F0E7687980B94FF0000286B10C488021AD
:10A55000FAF78FFD617841F00201617085F805A07E
:10A5600006F096FFC5F8060009F8178076E708217F
:10A570005846EDE768000024A702002400040258B2
:10A58000000C025870B5104D04004FF0010216D0B7
:10A590000E488021FAF76DFD0D48002C4FF00002A7
:10A5A0000444607820F0020060700BD0102128462F
:10A5B000FAF75FFD607820F00100607070BD08213F
:10A5C0002846E7E72021F2E700040258000C025871
:10A5D00068000024B7EEC02A9FED1B1B9FED1C3BBB
:10A5E0009FED1D0B1E4A32EE412B82EE034B34EEE3
:10A5F000412B02EE401BB7EEC10BB5EEC00AF1EEE7
:10A6000010FA02D29FED170A05E010EE101A9142DF
:10A6100001DDB0EE040ADFED140AB0EE041B20EEFB
:10A62000200AB7EEC00A80EE012BBCEEC20B10EE82
:10A63000101A8AB228B1012805D101210120F6F7AC
:10A64000B5BD0021FAE770479A9999999999E93F20
:10A6500000000000000042403333333333331B40EB
:10A66000000020400000000000FF7F47B5EEC00A58
:10A6700010B5F1EE10FA02DDF0EE400A01E0F1EE65
:10A68000400A9FED2D1BB7EEE04AB2EE0C3BB7EE51
:10A69000082B34EE414B84EE035B35EE413B03EE79
:10A6A000421BF7EEC10BF5EEC00AF1EE10FA01D233
:10A6B000DFED230A9FED232AB5EEC00AB0EE041B9E
:10A6C000F1EE10FA20EE820A4FF6FF71B7EEC00AE3
:10A6D00080EE012BBCEEC20B10EE102A94B202DD0C
:10A6E00022460C4600E00A4680B1012815D0022817
:10A6F0001AD003281FD107210020F6F757FD0521A6
:10A700002246BDE810400020F6F750BD022100208F
:10A71000F6F74CFD00212246F3E706210020F6F76C
:10A7200045FD04212246ECE703210020F6F73EFD1B
:10A7300001212246E5E710BD9A9999999999E93F37
:10A740000000000000FF7F47AA29034630B40AD06A
:10A7500000220E4C4BB1012B0AD00D4C022B0AD01B
:10A7600003280FD10BE00122F3E70221204609E084
:10A770000121204606E04FF40071204602E04FF42C
:10A780008071204630BCFAF774BC000000100258FB
:10A790000004025810B5026840F26F3351699469A1
:10A7A00044F0080494610268946944F010049461D0
:10A7B0000268146824F001041460026814699C4360
:10A7C00014610268936823F44043936090F88120F9
:10A7D000042A0CD08A060AD5D0F8842042F08002E0
:10A7E000C0F884200268936943F02003936190F8D5
:10A7F0008120032A0CD04A060AD5D0F8842042F0E2
:10A800000402C0F884200268936943F04003936116
:10A810008A050AD5D0F8842042F00102C0F88420CD
:10A820000268936943F400739361C9050AD5D0F8AF
:10A83000841041F00801C0F8841001688A6942F46C
:10A8400080728A610021A0F86210A0F86A1010BD21
:10A850002DE9F0411C4616460D460746DDF81880E6
:10A860000AE000BFFAF710FCA0EB0800A04202D3F8
:10A87000601C01D00BE054B13868406935EA000033
:10A8800007D00020B042EDD00020BDE8F0810320C9
:10A89000FBE70120F6E700001548002110B5FDF7A1
:10A8A00045FE13480821FDF741FE1148FDF7B0FAB7
:10A8B0000F4900209FED0F1B0A6850620F480A687D
:10A8C000B0F8F70000EE100AB8EE400B81EE002B56
:10A8D000BCEEC20B10EE100A401ED062C860F6F744
:10A8E00069FB00F00DF8BDE810400148FDF74ABAD9
:10A8F000B40D002400000000D01263411C060024A7
:10A90000074A02230748002110B5FDF7CDFB044A92
:10A910000223BDE81040083202480821FDF7C4BBFD
:10A92000C0000024B40D00242DE9F041284D287802
:10A93000002846D1274C0021274AA2F5EA70238837
:10A94000FDF7B2FBDFF89480254E234F98F8F20014
:10A95000AA2810D030680022082100F0DFFB2088F0
:10A96000326807EB800050F8041C6331D16250F864
:10A97000040C633018E0184A0821638818486032D4
:10A98000FDF792FB21886288134807EB8101603054
:10A9900000EB820051F8041C50F8040C814200D9ED
:10A9A000084631686330C862F0600D48FDF7EAF987
:10A9B00098F8F5005528287805D020F030001030A0
:10A9C0002870BDE8F08120F00300401CF8E700008B
:10A9D00068000024BC000024880F00241C0600240A
:10A9E000B40D002410B5C3686424006803F10103AA
:10A9F00003FB02F3B3FBF4F249B1042909D008299F
:10AA000009D00C2909D0102909D0C26510BD4263B4
:10AA100010BD826310BDC26310BD026410BD8265AB
:10AA200010BD0000044A0021044810B504F05EFE89
:10AA30000349C86010BD0000241803081DAB0208BC
:10AA400070000024044A0021044810B504F04EFEB2
:10AA50000349886010BD0000001803088DAA020891
:10AA60007000002404F024FD00F060F8C120FEF71F
:10AA7000ADFDFEF771FD03F071FA05F0B1FEF6F7DA
:10AA800095FEFFF7CFFF04F02DFE0000214A8AB0AB
:10AA9000214C022602F11000099004F136000890C2
:10AAA0005E300490793802F11C09009004F1650AC7
:10AAB00002F1280802F1340502F1080704F1C30B82
:10AAC00004F0B0F90020DDE9081200F05FF9012080
:10AAD0004A46514600F05AF904990220424600F0D5
:10AAE00055F903202A46594600F050F966700020B7
:10AAF000084A09492677FEF7A7FC009901203A4643
:10AB0000FEF7A2FCFEF776FA03F07AFB012004F0D0
:10AB100079FDD5E73E0700241C06002403F088F9E0
:10AB200004F02CFE012004F06DFDF7E70B491C2218
:10AB300010B501F1E000F8F715F80849382238316E
:10AB400001F58670F8F70EF804491C22BDE81040A4
:10AB5000A83101F58070F8F705B80000AC070024B3
:10AB60004FF0E02010B5006906F084FC012803D006
:10AB7000BDE8104006F070B910BD000070B59CB083
:10AB80004C216846F5F752FC202113A8F5F74EFC3E
:10AB90000220FAF787FE214800242149026842F486
:10ABA0004042026002680A6842F001020A600968D5
:10ABB00001F001011B9101688904FCD5022000907D
:10ABC000402504950121039104220B923C23CDE9F9
:10ABD0000904CDE90C300FAB05260E960C2183E855
:10ABE000130068461294FCF7F9F808B172B6FEE754
:10ABF00008221A95CDE91625D30113AA3F20032177
:10AC0000CDE9185382E81300042113A8FBF7A8FE2E
:10AC1000002801D072B6FEE71CB070BD184802587B
:10AC20002C0400583348F0B5334A016841F47001F0
:10AC30000160106800F00F00072804D2106820F0AF
:10AC40000F00C01D10602D4900202C4C10340B68E3
:10AC50002B4D43F001030B6020600B682B400B6011
:10AC6000136803F00F03072B04D9136823F00F03B5
:10AC7000DB1D1360214C234A1834234B261D371D3E
:10AC800020601E4C214D28343060261D3860371D51
:10AC900023603B1D35601C1D3A60251D2E1D18606C
:10ACA000331D22602860326018600A68134B184C0C
:10ACB00022F4802260330A60186020686FF30F006E
:10ACC000B0F1005F03D213490120C1F808010B481D
:10ACD000D4300168C9040BD4026843F2D2010E4B90
:10ACE00042F4805202601960016821F480510160D1
:10ACF000F0BD000088ED00E0002000520044025842
:10AD00007FEDF6EA80020101000202020000FF016D
:10AD10000010005C0080005100400052B0F90300B8
:10AD2000B2EE041B00EE100A0968B0EE082BB8EE74
:10AD3000C04B00EE101A84EE013BB7EEC00A33EEB2
:10AD4000021BB4EEC01BF1EE10FA01D201207047D5
:10AD500000207047B0F90300B2EE041B00EE100AA9
:10AD60000968B0EE082BB8EEC04B00EE101A84EE66
:10AD7000013BB7EEC00A33EE421BB4EEC01BF1EE4E
:10AD800010FA01DD01207047002070472DE9F047DF
:10AD900092460C46054600F093F83D4B0022207881
:10ADA00005EB850503F12806552803F1140702D1A8
:10ADB00072555A557A55705D30B101284FF003082D
:10ADC0000DD002285AD12FE02078AA2856D1012090
:10ADD000705506F05DFBA919C1F801004EE051461F
:10ADE0002046FFF79BFF20B951462046FFF7B2FFF0
:10ADF000B8B1274849F2E031283005F08AFC032831
:10AE00003CD151462046FFF789FF0028A07802D0A8
:10AE100040F0020001E040F00400A07006F8058058
:10AE20002CE00220705529E051462046FFF776FFBE
:10AE30004EF6602958B11648494605F06AFC0328C9
:10AE40001CD106F80580A07840F0020015E05A55A4
:10AE5000A078514620F00200A0702046FFF77AFF4C
:10AE600080B10B484946143005F053FC032805D146
:10AE700006F80580A07840F00400A070785D60704E
:10AE8000BDE8F0877A55A07820F00400F5E70000CF
:10AE9000BC0200244968094A00EE101A02EB800047
:10AEA000D0ED000AB0EEC00AB4EEE00AF1EE10FAFE
:10AEB00001DB012070470020704700000C000024D7
:10AEC0002DE9F0410C46097804F10F081646AA292D
:10AED000054601D1A07880B155212846FFF734FC02
:10AEE00000209FED4A0AC4F82B002846FFF7BEFB5E
:10AEF0004046BDE8F041FFF705BAAA212846FFF712
:10AF000023FC06F0C5FA424F57F82510401AC8280E
:10AF10007AD906F0BDFA47F82500B4F90300B2EE7D
:10AF2000041B00EE100A3168B8EEC02B00EE101AB8
:10AF300082EE013BB7EEC00A33EE400BB7EEC00B1A
:10AF400010EE100AC4F82300404604F081FCDFED47
:10AF5000310A80EE201A11EE100AB0F1804F02DDA6
:10AF6000B0EE001A06E011EE100AB0F1404F01D920
:10AF7000B8EE001A31462846FFF78CFF70B1D4F8BE
:10AF80002B1000EE101A70EE010AB0EEC00AF0EEBF
:10AF9000E00AF4EEC00AF1EE10FA2CDC54F82B0FA4
:10AFA00000EE100A30EE010A10EE100A206028466A
:10AFB00003F05EFDB7EEC01A9FED170B01F0F8FB32
:10AFC000B7EEC00B54F82B1901EE101AF1EE400A3F
:10AFD000B4EEE01AF1EE10FA02D210EE900A08E098
:10AFE00000EE901AF4EEC00AF1EE10FA03DD10EE56
:10AFF000100AC4F82B00D4F82B0000EE100A2846E3
:10B00000BDE8F041FFF732BBBDE8F0810000000071
:10B01000F80200240000C842000000000080334015
:10B020000148FCF70FBF0000B40D00240148FCF7F5
:10B0300009BF0000000E00240148FCF703BF000018
:10B040004C0E00240148FCF7FDBE00008C140024C7
:10B050002DE9F047294B4FF0804A294D026898426C
:10B06000284E294F294C09D0504507D0A84205D079
:10B07000B04203D0B84201D0A04205D1D1F804C0FB
:10B0800022F070024CEA0202DFF884C0DFF884800C
:10B090009842DFF884900FD050450DD0A8420BD0D5
:10B0A000B04209D0B84207D0A04205D0604503D0D5
:10B0B000404501D0484503D1CD6822F440722A436F
:10B0C0008E684D6922F08002C6620E682A4398425B
:10B0D000866207D0A04205D0604503D0404501D02C
:10B0E000484501D1096901630368012143F0040364
:10B0F000036041610260BDE8F0870000000001408C
:10B100000004004000080040000C00400004014022
:10B1100000400140004401400048014010B5046A6D
:10B12000012301F01F018B409C4304628A40016AA5
:10B130001143016210BD10B5846B0121626A824225
:10B1400005D12177C069F8B984F83E101CE0A26AE5
:10B15000824206D102222277C069A8B984F83F1042
:10B1600012E0E26A824206D104222277C06958B90D
:10B1700084F8401008E0226B824205D10822227731
:10B18000C06908B984F841102046FDF7FFFA002095
:10B19000207710BD10B5846B616A814201D1012016
:10B1A0000DE0A16A814201D1022008E0E16A8142FA
:10B1B00001D1042003E0216B814201D108202077D6
:10B1C0002046FDF703FB0020207710BD10B5846BEF
:10B1D0000121626A824203D1217784F83E1019E08E
:10B1E000A26A824204D10220207784F83F1011E045
:10B1F000E26A824204D10420207784F8401009E0FA
:10B20000226B824204D10820207784F8411001E0AB
:10B2100084F83D102046FCF713FE0020207710BD77
:10B220002DE9F04FDFF88480214EDFF88890DFF8B9
:10B2300088B0026A036AB042DFF880A022F0020CF4
:10B240001F4F23F001020262426885698B680C6817
:10B2500005EA080525F0030543EA0C0344EA050462
:10B2600007D0484505D0584503D0504501D0B842D5
:10B2700005D1CD6823F008031D4325F00403B04237
:10B2800007D0484505D0584503D0504501D0B842B5
:10B2900005D122F44076D1E9055235432A43426074
:10B2A0008461496841630362BDE8F08F8FFFFEFF50
:10B2B0000000014000040140004001400044014002
:10B2C00000480140F0B5DFF87CE01F4C1F4D026ADA
:10B2D000036AA04222F0200623F0100303624268B2
:10B2E0008369D1F808C00F6803EA0E0323F4407E97
:10B2F00046EA0C134EEA072601D0A84206D1CF68D1
:10B3000023F0800343EA071323F04003A0420AD04E
:10B31000A84208D00E4CA04205D00E4CA04202D04C
:10B320000D4CA04207D1D1E9054522F4406242EA22
:10B33000840242EA85024260866149688163036251
:10B34000F0BD0000FF8FFFFE00000140000401403F
:10B35000004001400044014000480140F0B5DFF8E2
:10B360007CE01F4D1F4E026A036AA84222F4007758
:10B3700023F4807303624368C269D1F808C002EA0B
:10B380000E020C6822F0030E47EA0C2244EA0E0477
:10B3900001D0B04206D1CF6822F4006242EA07220F
:10B3A00022F48062A8420AD0B04208D00E4DA842D2
:10B3B00005D00E4DA84202D00D4DA84207D1D1E9CB
:10B3C000055623F4405343EA051343EA061343604A
:10B3D000C4614968C1630262F0BD00008FFFFEFFD7
:10B3E00000000140000401400040014000440140D1
:10B3F00000480140F0B5046A026A22F480520262F9
:10B400004268C36924F40054DFF848C08E680D68B0
:10B4100003EA0C03104F23F4407344EA0634B842A5
:10B4200043EA05230BD00D4DA84208D00C4DA8428D
:10B4300005D00C4DA84202D00B4DA84204D14D6955
:10B4400022F4804242EA85124260C3614968016485
:10B450000462F0BDFF8FFFFE0000014000040140C8
:10B46000004001400044014000480140F0B5164F43
:10B47000164B026A046A984222F4003524F48033A1
:10B4800003624268436D0E890C6803EA070344EACD
:10B49000030445EA06430BD00D4DA84208D00D4DDC
:10B4A000A84205D00C4DA84202D00C4DA84204D1B0
:10B4B0004D6922F4803242EA0522426044654968BF
:10B4C00081650362F0BD00008FFFFEFF00000140B8
:10B4D0000004014000400140004401400048014098
:10B4E000F0B5164F164B026A046A984224F4801392
:10B4F000036222F400144268436D0E890D6803EA6A
:10B50000070344EA065443EA05230BD00D4DA84235
:10B5100008D00D4DA84205D00C4DA84202D00C4DCC
:10B52000A84204D14D6922F4802242EA8522426079
:10B5300043654968C1650462F0BD0000FF8FFFFEEE
:10B54000000001400004014000400140004401406F
:10B550000048014030B5416EB9B101680D4B03F1AF
:10B5600008048A688968C2F34262490F5D5C615CC5
:10B570002D01B5FBF1F1A0F86A10995CA25C0901FC
:10B58000B1FBF2F1A0F8681030BD0121A0F86A10FB
:10B59000F8E70000E418030890F82810090706D51A
:10B5A0000168836B4A6822F400421A434A6090F8AB
:10B5B0002810C90706D00168C36A4A6822F400321D
:10B5C0001A434A6090F82810890706D50168036B72
:10B5D0004A6822F480321A434A6090F828104907DA
:10B5E00006D50168436B4A6822F480221A434A60F8
:10B5F00090F82810C90606D50168C36B8A6822F442
:10B6000080521A438A6090F82810890606D501688E
:10B61000036C8A6822F400521A438A6090F828105A
:10B62000490611D50168436C4A6822F480121A4316
:10B630004A60416CB1F5801F06D10168836C4A688D
:10B6400022F4C0021A434A6090F82810090606D571
:10B650000168C26C486820F40020104348607047BD
:10B660002DE9F84300250446C0F89050F9F70CFD89
:10B670008046206820266FF07E470068000713D5BB
:10B680000022434631042046009700F03FFE58B1A7
:10B69000216851E8000F20F0800041E80002002AF4
:10B6A000F6D1C4F8886021E020680068400722D500
:10B6B000002243464FF480012046009700F026FE0A
:10B6C000C8B1206850E8001F21F4907140E80012D2
:10B6D000002AF6D12068083050E8001F21F001014F
:10B6E00040E80012002AF5D1C4F88C60032084F8E9
:10B6F0008450BDE8F883C4F88860C4F88C60E566BF
:10B700002567002084F88450F3E710B5806B002192
:10B71000A0F85E10FDF72EF910BD70B5846B002502
:10B720002168D4F88800D4F88C608968090606D5A9
:10B73000212804D1A4F85650204600F0B5F820681E
:10B740008068400606D5222E04D1A4F85E5020461B
:10B7500000F080F8D4F8900040F01000C4F8900099
:10B760002046FDF707F970BD10B5C1690022806B56
:10B77000B1F5807F2DD0A0F85E20036853E8001F4C
:10B7800021F4807143E80014002CF6D101680831DF
:10B7900051E8003F23F0010341E80034002CF5D1CB
:10B7A0000168083151E8003F23F0400341E80034CC
:10B7B000002CF5D12021C0F88C10C16E012908D1D0
:10B7C000016851E8003F23F0100341E80034002CE9
:10B7D000F6D10267C16E012902D0FDF7ADFB10BDA5
:10B7E000B0F85C10FDF750F810BD10B5806B01216A
:10B7F0000167C16E012902D0FDF7AEFB10BDB0F8A4
:10B800005C104908FDF740F810BD10B5C169806BA8
:10B81000B1F5807F16D00021A0F8561001680831DC
:10B8200051E8002F22F0800241E80023002BF5D1DF
:10B83000026852E8001F41F0400142E80013002B6B
:10B84000F6D110BDFDF7D2FB10BD10B5806BFDF732
:10B85000CEFB10BD10B5026852E8001F21F49071B4
:10B8600042E80013002BF6D10E4B0268083252E872
:10B87000001F194042E80014002CF6D1C16E0129C6
:10B8800008D1026852E8001F21F0100142E80013BD
:10B89000002BF6D100212022C0F88C20C166416720
:10B8A00010BD0000FEFFFFEF026852E8001F21F00C
:10B8B000C00142E80013002BF6D10168083151E8BD
:10B8C000002F22F4000241E80023002BF5D12021B3
:10B8D000C0F888107047000010B5D0F88C10B0F890
:10B8E00060202229016804D0886940F0080088613E
:10B8F00010BD496A836D11401980816D891C816575
:10B90000B0F85E10491EA0F85E10B0F85E10002975
:10B91000EED1016851E8002F22F4907241E8002333
:10B92000002BF6D10168083151E8002F22F0010206
:10B9300041E80023002BF5D1184B00210268202498
:10B94000C0F88C40416701679A420BD052681202DE
:10B9500008D5036853E8002F22F0806243E80024F2
:10B96000002CF6D1C26E012A02D0FDF7E5FA10BD17
:10B97000C166026852E8001F21F0100142E800137E
:10B98000002BF6D10168CA69D243D20601D4102235
:10B990000A62B0F85C10FCF777FF10BD000C00588D
:10B9A0002DE9F04704460068C569D0F800A0D0F83A
:10B9B0000890D4F88C10B4F86060222905D0816911
:10B9C00041F008018161BDE8F087B4F868704FF07C
:10B9D000000844E02068A16D406A30400880A06DF6
:10B9E000801CA065B4F85E00401EA4F85E002068CC
:10B9F000C569690730D0E9070AD05FEACA5107D59F
:10BA000001210162D4F8900040F00100C4F89000D8
:10BA1000A8070BD55FEAC97008D021680220086228
:10BA2000D4F8900040F00400C4F8900068070BD5EB
:10BA30005FEAC97008D0216804200862D4F8900039
:10BA400040F00200C4F89000D4F8900020B12046E5
:10BA5000FCF790FFC4F89080B4F85E0000B30FB11B
:10BA6000A806B7D4B4F85E000028ACD0B4F86810CB
:10BA70008142A8D92068083050E8001F21F0805189
:10BA800040E80012002AF5D12A486067216851E891
:10BA9000000F40F0200041E80002002AF6D192E7B2
:10BAA000216851E8000F20F4807041E80002002A6C
:10BAB000F6D1214A2068083050E8001F114040E8C4
:10BAC0000013002BF6D11D4A202321684046C4F8FC
:10BAD0008C30C4F87480C4F8708091420BD04968EF
:10BAE000090208D5226852E8001F21F0806142E86F
:10BAF0000013002BF6D1E16E012903D02046FDF79B
:10BB00001BFAAFE7E066216851E8000F20F0100053
:10BB100041E80002002AF6D12068C169C943C9067C
:10BB200001D410210162B4F85C102046FCF7ACFE91
:10BB300098E70000D9B80208FEFFFFEF000C00589C
:10BB400010B5D0F88C10B0F860202229016804D01C
:10BB5000886940F00800886110BD496A836D114012
:10BB60001970816D491C8165B0F85E10491EA0F8FE
:10BB70005E10B0F85E100029EED1026852E8001F96
:10BB800021F4907142E80013002BF6D101680831CE
:10BB900051E8002F22F0010241E80023002BF5D1EB
:10BBA000184B002102682024C0F88C4041670167CF
:10BBB0009A420BD05268120208D5026852E8003F40
:10BBC00023F0806342E80034002CF6D1C26E012AD3
:10BBD00002D0FDF7B1F910BDC166026852E8001F3E
:10BBE00021F0100142E80013002BF6D10168CA6968
:10BBF000D243D20601D410220A62B0F85C10FCF7DE
:10BC000043FE10BD000C00582DE9F04704460068C3
:10BC1000C569D0F800A0D0F80890D4F88C10B4F81A
:10BC20006060222905D0816941F008018161BDE889
:10BC3000F087B4F868704FF0000844E02068A16D08
:10BC4000406A30400870A06D401CA065B4F85E00EA
:10BC5000401EA4F85E002068C569690730D0E90776
:10BC60000AD05FEACA5107D501210162D4F89000D9
:10BC700040F00100C4F89000A8070BD55FEAC97036
:10BC800008D0216802200862D4F8900040F0040037
:10BC9000C4F8900068070BD55FEAC97008D0216826
:10BCA00004200862D4F8900040F00200C4F890002C
:10BCB000D4F8900020B12046FCF75CFEC4F89080D8
:10BCC000B4F85E0000B30FB1A806B7D4B4F85E00B4
:10BCD0000028ACD0B4F868108142A8D92068083098
:10BCE00050E8001F21F0805140E80012002AF5D1F1
:10BCF0002A486067206850E8001F41F0200140E8B2
:10BD00000012002AF6D192E7216851E8000F20F4D2
:10BD1000807041E80002002AF6D1214A20680830EC
:10BD200050E8001F114040E80013002BF6D11D4AD7
:10BD3000202321684046C4F88C30C4F87480C4F8CD
:10BD4000708091420BD04968090208D5226852E8F8
:10BD5000001F21F0806142E80013002BF6D1E16E54
:10BD6000012903D02046FDF7E7F8AFE7E066206839
:10BD700050E8001F21F0100140E80012002AF6D11F
:10BD80002068C169C943C90601D410210162B4F811
:10BD90005C102046FCF778FD98E7000041BB0208E4
:10BDA000FEFFFFEF000C00582DE9F04304468068C9
:10BDB000D84E87B0D84B2168D4E90427D4F81CC0EA
:10BDC00010430A68002547EA0C0738433240024313
:10BDD0000A602068E268416821F4405111434160E3
:10BDE0002268A1699A4201D0206A01439768DFF86E
:10BDF0002CC3CB4ECB4807EA0C070F439760216852
:10BE0000676ACA6A22F00F023A43CA622268B242E3
:10BE10000ED1006800F03800182873D047DCB8B3A2
:10BE2000082879D010286FD178E028287ED17BE0CF
:10BE3000BD498A4209D1006800F00700062875D282
:10BE4000DFE800F0546A6C6E7072B8498A4209D11A
:10BE5000006800F00700062868D2DFE800F0475DC0
:10BE60005F616365B2498A4209D1006800F007004A
:10BE700006285BD2DFE800F03A5052545658AD49DC
:10BE80008A420BD1006800F0070006284ED200E07D
:10BE900010E0DFE800F02B4143454749A6498A42BC
:10BEA0000AD1006800F03800182839D0B7DD202802
:10BEB000BBD13CE001203AE0A0498A4209D10068A8
:10BEC00000F00700062831D2DFE800F01026282A0B
:10BED0002C2E9B498A420BD1006800F007000628EF
:10BEE00024D2DFE800F003191B1D1F2100201EE0F3
:10BEF0009A421BD18B48001D006800F007000628FD
:10BF000014D202E00CE007E010E0DFE800F00305E7
:10BF100007090B0D02200AE0042008E0082006E0D3
:10BF2000102004E0202002E0402000E0802085492D
:10BF3000DFF814829A42854A4FF400434FEA2117F2
:10BF40004FF000064ED110281AD006DC022809D086
:10BF500004280BD008287CD10DE020283ED04028B2
:10BF600077D13DE0F9F7C8FC014610E06846F9F7E3
:10BF700079FD01990BE003A8F9F716FE049906E094
:10BF80001068800605D51068C0F3C100C1400029C3
:10BF900070D0606A676838F8102007EB4703B1FB80
:10BFA000F2F0834255D8B0EB073F52D80023084641
:10BFB0001946F4F7F1F902467808130E120243EA23
:10BFC000012110183A4671410023F4F7E5F9604A5F
:10BFD000A0F5407191423CD821688FE03946D8E7FE
:10BFE0001946D6E7D4F81CC04FF6EF799C4546D1E8
:10BFF000082819D005DC58B101280CD0042875D1C7
:10C000000DE0102815D0202835D040286ED134E01E
:10C01000FAF724FE01E0FAF733FE014610E0684625
:10C02000F9F720FD01990BE003A8F9F7BDFD04998C
:10C0300006E01068800604D51068C0F3C100C14056
:10C04000C1B1636A606838F81330B1FBF3F149009D
:10C0500000E04BE001EB5001B1FBF0F0A0F110016A
:10C06000494543D84FF6F0732168C0F342021840A7
:10C07000104343E043E03946E3E71946E1E7082887
:10C0800019D005DC58B101280CD004282ED10DE0C0
:10C09000102815D020282BD0402827D12AE0FAF7E5
:10C0A000DDFD01E0FAF7ECFD014610E06846F9F726
:10C0B000D9FC01990BE003A8F9F776FD049906E095
:10C0C0001068800604D51068C0F3C100C140B1B14A
:10C0D000636A606838F81330B1FBF3F101EB50018B
:10C0E000B1FBF0F0A0F11001494505D9012506E0AA
:10C0F0003946EDE71946EBE7216880B2C8600120B8
:10C10000A4F86A00A4F8680028466667A66707B026
:10C11000BDE8F083F369FFCF000C0058FFF4FF1176
:10C1200000100140544402580044004000480040C0
:10C13000004C0040005000400014014000780040D6
:10C14000007C00400090D003CC1803080044025843
:10C15000FFFC0F0070B50446D0F8800000232225B4
:10C16000A165A4F85C20C4F89030C4F88C50F0B1FC
:10C170001F49C163D4F880101E480864D4F88010A9
:10C180001D48C864D4F8800003651346A56D216876
:10C19000D4F880002A462431F7F754FE38B1102134
:10C1A000C4F890102020C4F88C00012070BD2069D4
:10C1B00040B1216851E8000F40F4807041E800026E
:10C1C000002AF6D12068083050E8001F41F0010134
:10C1D00040E80012002AF5D12068083050E8001F1E
:10C1E00041F0400140E80012002AF5D1002070BD66
:10C1F00069B70208EBB702081BB7020870B583687D
:10C20000002481654FF48056A0F85C20B342A0F86A
:10C210005E204FF0FF01446704D1036903BB40F285
:10C22000FF111DE04FF07F05C3B1B3F1805F1AD05D
:10C23000A0F860402221C0F89040C0F88C1001683E
:10C24000083151E8003F43F0010341E80034002C7D
:10C25000F5D1416EB1F1005F0CD02FE0036933B925
:10C26000A0F86010E6E7016909B13F21F8E7A0F8FE
:10C270006050DFE7B0F8681091421FD88168B14282
:10C2800001D10169B9B11D490269416742B1026832
:10C2900052E8001F41F4807142E80013002BF6D1F0
:10C2A0000168083151E8002F42F0805241E8002334
:10C2B000002BF5D120E012494167F1E78168B142D6
:10C2C00001D1016969B10F49026941675AB1016839
:10C2D00051E8002F42F4907241E80023002BF6D180
:10C2E0000AE009494167026852E8001F41F0200155
:10C2F00042E80013002BF6D1002070BD09BC0208F3
:10C30000A1B9020841BB0208D9B802082DE9F047DB
:10C31000994617460D460446089E4FF0000833E044
:10C32000701C31D0F8F7B0FEA0EB0900B04218D86D
:10C33000BEB120680168490726D5802D24D0402D44
:10C3400022D0C169C94309070DD4082505622046DA
:10C35000FFF780FAC4F89050012084F88480BDE88B
:10C36000F0870320FBE7C069C04300050CD42168B7
:10C370004FF4006008622046FFF76CFA2021C4F8F1
:10C38000901084F88480ECE72068C06935EA0000EA
:10C3900004D00020B842C3D00020E0E70120F9E734
:10C3A0000148FCF7F3BA000074120024FEE7000015
:10C3B0007CB5044600201D46164600290BD0491EB8
:10C3C000CDE90041044B6A462946304601F05CF94C
:10C3D000009A002111707CBDB7DD020803B40198FA
:10C3E0004100009850EAC12018BF04204A0D18BF30
:10C3F00040F0010040F2FF72B2EB515F08BF40F025
:10C400000200012808BF052002B070470907002874
:10C410004FEA116104DB00F1E02080F8001470475E
:10C4200000F00F0000F1E02080F8141D70470000BC
:10C43000BFF34F8F0548064A016801F4E0611143DC
:10C440000160BFF34F8F00BFFDE700000CED00E07F
:10C450000400FA05000000002DED020B9FED340BE7
:10C46000DDE90010C0F30A529FED331BA2F2FF3248
:10C47000142A2DDA9DED002B9FED2D0B002A32EEB4
:10C48000000B10DAB4EEC01BF1EE10FA49D200280E
:10C49000BCBF4FF00040002143DB50EA010218BF4F
:10C4A000274813D13DE0274BD34000EA030C5CEA58
:10C4B000010C17D0B4EEC10BF1EE10FA31DD0028FB
:10C4C00003DD4FF48011D14008449843002128E057
:10C4D000332A07DCA2F114034FF0FF3C2CFA03F3DC
:10C4E000194203D19DED000B02B070479DED002B6A
:10C4F00030EE420BB4EEC10BF1EE10FA11DD002864
:10C500000EDD142A08BF401C0AD0C2F134024FF0DD
:10C51000010C0CFA02F20A448A4238BF401C114650
:10C520009943CDE900109DED000B02B0704700006B
:10C530009C7500883CE4377E00000000000000008D
:10C540000000F03FFFFF0F0010B5794A2DED020B00
:10C550002DED088B82B00B99C80F21F0004191425C
:10C5600042D3744A8A4219D80A9AC1F3130111437B
:10C5700009D09DED0A0B02B0BDEC088B02B0BDE8FE
:10C58000104000F07DBF002814BF9FED6B0B9DEDA8
:10C590000A0B02B0BDEC088B02B010BD9DED0A0B7A
:10C5A0009FED671BB4EEC10BF1EE10FA0ADD02201D
:10C5B00000F0A2FF02B0BDEC088B02B0BDE8104055
:10C5C00000F072BF9FED601BB4EEC10BF1EE10FAEC
:10C5D0000AD2022000F090FF02B0BDEC088B02B03E
:10C5E000BDE8104000F06CBF594A9FED5B9B8A424A
:10C5F00039D25B4A914213D25A49794401EBC001C6
:10C600009DED0A1B91ED000B574931EE408B7944AB
:10C6100001EBC00191ED00ABC0F101010C1A1DE06E
:10C620005249794401EBC0009DED0A1B90ED000BCF
:10C630009FED4F2B9DED0A8B01EE020BBDEEC00B63
:10C6400010EE104A00EE104AB8EEC00B9FED4A1BE8
:10C6500000EE418B9FED4A1B20EE01AB38EE4A0BFA
:10C660008DED0A0B15E0484888420FD99DED0A0B65
:10C670009FED471B30EE010BB4EEC90BF1EE10FA43
:10C68000C4BF9DED0A0B30EE090B82DC9DED0A0B59
:10C6900000244148052120EE00BBB0EE4B0B78444E
:10C6A00000F0A6FE9DED0A1B9DED0A2B0BEE401B34
:10C6B0009FED3B0B22EE012BBCB130EE411B6FF422
:10C6C0007F70844282EE010B3AEE400B30EE480B55
:10C6D00039EE400B10EE900A8DED000B10DB00EBF5
:10C6E000045001909DED000B53E731EE401B82EEAC
:10C6F000010B9DED0A1B30EE410B39EE400B48E774
:10C700004FF07A5101EB0451084401909DED001B5C
:10C710009FED250B21EE008B51EC180BFFF75EFE11
:10C72000042808BF00F0CCFEB0EE480B31E7000053
:10C73000422E86400000F07F000000000000000054
:10C74000EF39FAFE422E864051302DD5104987C070
:10C75000422ED63F00000000000000000000F03F25
:10C76000B2A2F03F1A53000016530000E25200003C
:10C77000FE822B654715F73F0000E0FE422EE63FA4
:10C78000763C7935EF39EA3D0000303E000000008C
:10C790009C7500883CE4377E965200000000000043
:10C7A00000000000000000400000000000007001D8
:10C7B00000B52DED048BB0EE418BB0EE409B83B005
:10C7C00053EC182B51EC190BF4F784F800F070407F
:10C7D000B0F1004F17D018EE101A18EE900A8DED38
:10C7E000008B002918BF0121084320F00040C0F150
:10C7F0007F6000F1E040C00F01BFB0EE480B03B016
:10C80000BDEC048B00BDB0EE490B03B0BDEC048B56
:10C8100000BD00000000000070B5DFF8DCC10022A0
:10C820002DED020B2DED108BDDE91010604505DAC2
:10C8300020F00043634501D809D141B19DED100BB3
:10C84000BDEC108B02B0BDE8704000F019BEB0F531
:10C85000801F24DA19430BD0002814DA012000F0DD
:10C860004BFEBDEC108B02B0BDE8704000F010BE76
:10C87000022000F041FE00F0F3FDB1EE400BBDECF4
:10C88000108B02B070BD9DED100B6FF035029FED67
:10C890005C1B20EE010B10EE900A8DED100B02EBED
:10C8A0002051A1F2FF325849C0F31300014401F4B2
:10C8B000801181F07F6383F04053034311939DED1A
:10C8C000100B02EB21549FED521B811CC1F313018D
:10C8D00030EE418B9FED50BB9FED51CB032931D200
:10C8E0005148784490ED000BB4EE408BF1EE10FA15
:10C8F0000ED1002C02BFBDEC108B02B070BD00EE5B
:10C90000104AB8EEC01B21EE0B0B01EE0C0BB6E784
:10C9100028EE081B9FED462B9FED470B002C08EEE1
:10C92000420B21EE000B08BF38EE400BA7D001EE02
:10C93000104AB8EEC11B01EE4C0B30EE480B11EE65
:10C940000B0B9CE79FED3E0B3F49C0F1510638EEC3
:10C95000000B45183D4806F5D726032188EE009BBD
:10C9600000EE104AB8EEC0AB29EE09DB2DEE0DEB60
:10C97000B0EE4E0B784400F03BFD20EE0EFB344849
:10C98000B0EE4E0B0421784400F032FD20EE0D0B8A
:10C9900045EA0600002830EE0F1B1ADD002C9FED43
:10C9A000260B28EE000B20EE080B30EE011B04BF17
:10C9B00009EE410B38EE400B3FF461AF21EE091B4D
:10C9C0000AEE0C1B30EE410B30EE480B1AEE0B0B4F
:10C9D00055E754B138EE410B20EE090B0AEE4C0B33
:10C9E00030EE480B1AEE0B0B49E738EE411BB0EE68
:10C9F000480B09EE410B42E70000F07F0000000009
:10CA00000000000000005043645F090000000000C7
:10CA1000000000000000F03F0000E0FE422EE63F74
:10CA2000763C7935EF39EA3D3A51000000000000CC
:10CA3000555555555555D53F000000000000E03FC5
:10CA4000000000000000004086EBF9FFE84F000006
:10CA5000EE4F0000000000002DE9F04D2DED040B1D
:10CA60002DED0A8B9AB0DDE92550279CDDF890A0CA
:10CA700025F0004624F00048BAF1000F14BF012150
:10CA8000002101EB4502F84953184A1093422AD37A
:10CA9000002814BF0123002303EB44030B44F34994
:10CAA0008B4220D358EA00019FEDF19B72D0DFF852
:10CAB000C8B35D4503D1BAF1000F05D184E0BAF1E6
:10CAC000000F08BF002100D0012101EB450111F545
:10CAD000001F08D8002814BF0121002101EB4401E8
:10CAE00011F5001F0BD99DED261B9DED240B1AB0EF
:10CAF000BDEC0A8B04B0BDE8F04D00F0C4BC0027CB
:10CB0000002DBCBFDD49884521DADD498845A8BF35
:10CB100002271CDAC3451ADCDA4901EB2851142933
:10CB200008DDC1F1340220FA02F101FA02F2824278
:10CB30000DD108E058B9C1F1140228FA02F101FA46
:10CB400002F2424503D101F00101C1F1020756EAA8
:10CB50000A0120D1002C1EDA002D18BF022F01D0AF
:10CB6000012F0AD0022000F0C7FC1AB0BDEC0A8BDE
:10CB700004B0BDE8F04D00F073BC022000F0BCFC36
:10CB800000F06EFCB1EE400B1AB0BDEC0A8B04B0A5
:10CB9000BDE8F08D18E09FEDBCAB9FEDBD8B00288C
:10CBA0007DD1B64880451CD105F1804010F580103C
:10CBB00008BFBAF1000F07D0B34508DC002CA8BFAE
:10CBC0009DED260BE0DA07E0B0EE490BDCE7002C28
:10CBD000B8BF9DED260BD5DBAF48784490ED000B38
:10CBE000D2E7D84548D1002C43DA2EB186423AD15B
:10CBF000BAF1000F3DD126E0BAF1000F13D00220A8
:10CC000000F07AFC00F050FC8DED020B9DED240B42
:10CC10008DED000B10EE900A039961F31E00039056
:10CC20009DED020BB0E78DED02AB9DED240B1AEEEE
:10CC3000901A10EE900A8DED000B61F31E00039028
:10CC40009DED020BA0E78DED028B9DED240B18EE00
:10CC5000901A10EE900A8DED000B61F31E00039008
:10CC60009DED020B90E704DA9DED241B89EE010B8C
:10CC70008AE79DED240B87E786421ADAB4F1804FEC
:10CC800004BF9DED240B20EE000B3FF47DAFA4F11B
:10CC90000050B0F1FF500CD1002D0ADB00E008E09D
:10CCA0009DED240B51EC100B03F0FEFC41EC100B3E
:10CCB0006AE79DED240B51EC100B01F09DFEBAF1DB
:10CCC000000FCDE90E0140D19FED750B46B3A6F1E3
:10CCD000E040B0F17F600ED05E4536D1002D00DA25
:10CCE00097B3022F0CBF01204FF0FF3000EE100A67
:10CCF000B8EEC00B48E7002D01DD002C0DDA002D49
:10CD000001DD002C1DDB002D14DA002C12DB012FBD
:10CD100008BF9FED650B3FF437AFB0EE4A0B33E72A
:10CD2000022F18BF002D0CD0012F0AD1002DFFF6C5
:10CD30002BAF06E0002DB8BF002C06DA012F3FF420
:10CD400023AFB0EE480B1FE719E0012000EBE570C0
:10CD500050EA070113D0791EB0EE498B084308BF93
:10CD60009FED538B5448002580457ADD5349544844
:10CD7000884514DDB0420DDB002C19DB2CE00120CE
:10CD800000F0BAFB1AB0BDEC0A8B04B0BDE8F04D60
:10CD900000F07EBBB34502DC002C09DC1CE08642BF
:10CDA00002DA002C18DA03E05E4528DD002C13DDE2
:10CDB000022000F0A1FB00F077FB8DED020B28EEC6
:10CDC0000A0B8DED000B10EE900A039961F31E0023
:10CDD00003909DED020BD7E6022000F08DFB00F0E2
:10CDE0006FFB10EE901A18EE900A8DED020B8DED90
:10CDF000008B61F31E0003909DED020BC4E69DEDD8
:10CE00000E0B9FED313B30EE490B8DED040B20EE08
:10CE1000002B9DED041B9FED2E0B01EE430B9DEDB2
:10CE2000043B9FED2D1B03EE401B9DED040B9FED7E
:10CE30002E3B22EE012B9FED2A1B20EE011B20EE44
:10CE4000030B9FED2B3B02EE430B31EE002B8DEDE0
:10CE5000022B02959DED022B32EE411B30EE411B61
:10CE600021E149E000000000FFFF1F00FFFF0F006D
:10CE7000000000000000F03F0000F03F0000F07FE5
:10CE80000000404301FCFFFF000000000000F07FB5
:10CE90000000000000000000424E00000000000002
:10CEA0000000000000000080000000000000F0FF13
:10CEB000000000000000F0BF0000E0410000F0436F
:10CEC000FFFFEF3F00000000000000000000D03F27
:10CED000555555555555D53F000000000000E03F21
:10CEE000000000604715F73F44DF5DF80BAE543E8D
:10CEF000FE822B654715F73F0020B6F5801F0BDA41
:10CF00009DED0E0B9FEDEC1B6FF0340020EE010B3E
:10CF100010EE906A8DED0E0BE94A00EB2650C6F339
:10CF20001301A0F2FF3741F07F6040F04050914282
:10CF3000D8BF002408DDE34A8A42C8BF012403DCCD
:10CF40000024A0F580107F1CDF49794401EBC40167
:10CF50000F9091ED001B9DED0E2B9DED0E0BDB490F
:10CF600031EE023B30EE410B89EE032B20EE02AB9B
:10CF70008DED02AB7944029591ED003B4FF00051ED
:10CF800041EA600000EB84408DED043B00F5002099
:10CF900005909DED043B9DED044B2AEE0ACB33EE4C
:10CFA000411B9DED0E3BCA48062133EE411B9DED12
:10CFB000023B03EE440B03EE410B20EE02BBB0EE4E
:10CFC0004C0B784400F014FA2CEE0C1B20EE010BF5
:10CFD0009DED021B31EE0A1B0BEE010B9DED021BBA
:10CFE00021EE011B9FEDBC2B31EE023B33EE003BEB
:10CFF0008DED043B04959DED043B33EE422B32EE68
:10D00000411B30EE412B9DED020B9DED041B20EEEC
:10D01000011B9DED040B2BEE000B02EE0A0B31EE13
:10D02000002B8DED022B02959DED022B32EE411B64
:10D0300030EE410B9DED021B9FEDA92B21EE021B53
:10D040009DED022B9FEDA83B22EE032B9FEDA83B0D
:10D05000A94800EE032B784400EBC40090ED000BD0
:10D06000A64832EE000B02EE107AB8EEC22B8DED20
:10D07000042B31EE003B784400EBC4009DED044BE3
:10D0800090ED002B33EE023B33EE043B8DED023B83
:10D0900002959DED023B33EE443B33EE422B32EEE4
:10D0A000411B30EE411B9DED260B954A8DED000B8B
:10D0B00000959DED260B9DED002B30EE420B9DED76
:10D0C000022B20EE020B9DED262B02EE010B9DEDB7
:10D0D000001B9DED022B21EE021B8DED021B30EE9D
:10D0E000011B11EE900A11EE101A8DED001B9042FB
:10D0F00024DB821A11430ED19FED831B9DED002B83
:10D100009DED023B30EE011B32EE432BB4EEC21B11
:10D11000F1EE10FA26DD022000F0EEF900F0C4F97D
:10D1200010EE901A18EE900A8DED020B8DED008B2B
:10D1300061F31E0003909DED020B25E5744B20F07A
:10D1400000429A420ED3734A024411437FF444AE24
:10D150009DED022B31EE421BB4EEC01BF1EE10FA36
:10D16000BFF63AAE20F000416B4A6C4B002402EB54
:10D1700021529942D8BF9DED021B27DD511C4FF46F
:10D18000801222FA01F10144654BC1F30A527B443B
:10D19000A2F2FF3293ED001B624B8DED041BD340D6
:10D1A00021EA0303C1F3130141F48011C2F1140217
:10D1B00021FA02F405930028B8BF64429DED021BDA
:10D1C0009DED042B31EE421B8DED021B30EE011B59
:10D1D0008DED041B04959DED041B9FED532B9DEDE0
:10D1E000023B21EE021B9DED042B32EE432B30EE71
:10D1F000420B9FED4F2B20EE020B9DED042B9FED7C
:10D200004E3B4F48052102EE030B31EE002B8DED16
:10D21000002B32EE411B30EE41AB9DED000B20EEBA
:10D22000000B8DED040B784400F0E2F89DED001B3F
:10D230009DED042B02EE401B8DED021B9DED000BBE
:10D2400020EE010B9FED402B31EE422B80EE021BB6
:10D250009DED002BB0EE4A0B02EE0A0B31EE400BB7
:10D260009DED001B30EE410B39EE400B10EE900AA5
:10D270008DED000B00EB045001150029C8BF019093
:10D2800013DC224651EC100BF3F798FAFFF7A6F8DF
:10D29000042808BF00F014F922469DED000B51EC64
:10D2A000100BF3F78BFACDE900019DED000B28EE92
:10D2B000000B69E400000000000000000000404393
:10D2C0008E9803007AB60B004A4A0000A84A000074
:10D2D000024A0000000000000000000000000840BA
:10D2E000000000E009C7EE3FF5015B14E02F3EBEF1
:10D2F000FD033ADC09C7EE3F5E4900002E490000FD
:10D300000000904000000000FE822B654715973C0E
:10D3100000CC904000346F3F01FCFFFF0000E03F75
:10D320008E480000FFFF0F0000000000432EE63F84
:10D33000EF39FAFE422EE63F396CA80C615C20BE44
:10D34000CE47000000000000000000000000004088
:10D3500010B52DED020B84B09DED040B51EC100BBC
:10D36000F3F744FA41EC100B9DED041B05989FED7B
:10D370001A2B31EE401B9FED1A3B9FED1B4B10F01B
:10D38000004F0AD0B4EEC41BF1EE10FA0AD9B4EE85
:10D39000C31BF1EE10FA0FDD0CE0B4EEC41BF1EE8E
:10D3A00010FA02D230EE420B06E0B4EEC31BF1EEEF
:10D3B00010FA01DB30EE020B8DED020B9DED040B3C
:10D3C0008DED000B10EE900A039961F31E0003909F
:10D3D0009DED020B06B010BD000000000000F03F04
:10D3E000000000000000E03F000000000000E0BF7F
:10D3F000491E00EBC102B0EE401B92ED000B31F074
:10D4000006020DD0491E00EBC102B0EE403B92ED8A
:10D41000002B31F00602B0EE420B03EE010BF1D10E
:10D42000022914D004290AD0062918BF704790EDAC
:10D430000A2B00EE012B90ED080B02EE010B90ED94
:10D44000062B00EE012B90ED040B02EE010B90ED8C
:10D45000022B00EE012B90ED000B02EE010B70474A
:10D460009FED031B9FED042B81EE020B7047000024
:10D47000000000000000F03F00000000000000007D
:10D4800030EE000B704730EE010B704700000000DB
:10D490009FED031B81EE010B7047000000000000B0
:10D4A00000000000000000009FED030B20EE000BC9
:10D4B0007047000000000000000000000000007045
:10D4C0009FED030B20EE000B7047000000000000F2
:10D4D000000000000000001002E008C8121F08C190
:10D4E000002AFAD170477047002001E001C1121FE5
:10D4F000002AFBD170470000014908607047000016
:10D50000800100242DE9FF5F82B00021DDE90430B5
:10D51000020DDDF840B0034318D044F61050A2F2DB
:10D52000FF3242431514119801281FD0A5EB0B00C0
:10D53000401C5FEA000A4FF000064E4FDFF83891BA
:10D54000B046504615D5CAF1000413E011980124E5
:10D550004AA3012801D16FEA0B010298119AC0E990
:10D560000031C0E9024206B0BDE8F09FCBF10000F7
:10D57000DFE704460021404A491842EB0450CDE958
:10D58000001012E0E00707D032463B4640464946CD
:10D59000F3F733F88046894632463B461046194633
:10D5A000F3F72BF806460F466410002CEAD1DDE9AC
:10D5B0000401DDE90023BAF1000F06DAF3F71DF8E4
:10D5C00042464B46F3F719F805E0F3F788F8424670
:10D5D0004B46F3F784F804460E460022284BF3F737
:10D5E00061F903D84FF0FF30014607E00022254BD8
:10D5F00020463146F2F75AFFF3F73CF9102409E0D0
:10D60000002C0ADB0A220023F2F7C6FE039B30320D
:10D610001A55641E50EA0102F2D1641C039AC4F147
:10D6200011031444119A012A03D0012208430DD199
:10D630000AE0084304D000204FF0110B119072E76C
:10D64000A3EB0B056D1E0DE05B4504DD4FF0000202
:10D6500005F1010504E003DA4FF00002A5F1010530
:10D66000002AECD002981199C0E90231C0E90045C6
:10D6700079E70000000014400000F03F3000000097
:10D680000000F0430000E03F2DE9FF4F95B09B46BE
:10D690008946064600250FE2252877D10024274633
:10D6A000F84A0121059400E0044316F8013F203BAD
:10D6B00001FA03F01042F7D130782A2811D06FF028
:10D6C0002F033078A0F13002092A16D8059A44F0C9
:10D6D000020402EB820203EB42021044761C059026
:10D6E000EFE759F8042B0592002A03DA504244F47C
:10D6F0000054059044F00204761C30782E2816D190
:10D7000016F8010F44F004042A280DD06FF02F0200
:10D710003078A0F13003092B09D807EB870302EB1F
:10D720004303C718761CF3E759F8047B761C30785E
:10D730006C280FD006DC4C2817D068280DD06A283A
:10D7400014D104E0742810D07A280FD10DE044F4ED
:10D7500000140AE044F4801401E044F440147278A8
:10D76000824202D104F58014761C761C307866283B
:10D770000BD013DC582877D009DC002875D0452859
:10D78000F6D04628F4D047281AD19DE118E0632846
:10D7900035D0642879D0652812D195E1702873D0EE
:10D7A00008DC6728F1D069286FD06E280DD06F286B
:10D7B00006D1B5E073282CD0752875D0782874D0A0
:10D7C0005A46179990476D1C75E1C4F30250022820
:10D7D00009D003280DD0D9F8001004280DD00D6011
:10D7E00009F1040967E1D9F80010EA17C1E900520C
:10D7F000F6E7D9F800100D80F2E70D70F0E719F8A0
:10D80000041B8DF8001000208DF80100EA4601206D
:10D8100003E059F804AB4FF0FF3061074FF000010F
:10D8200002D40DE008F101018846B9420FDA8045C3
:10D83000F8DB1AF808100029F4D108E008F101011A
:10D8400088468142FADB1AF808100029F6D10598BB
:10D850005B46A0EB080721463846179A00F094FA79
:10D86000284400EB080507E04DE029E10DE01AF837
:10D87000010B5A4617999047B8F10108F7D25B4659
:10D8800021463846179A13E142E00A220092C4F377
:10D8900002524FF0000A022A08D059F804CB032A9A
:10D8A0004FEAEC710AD00DE029E02AE009F1070106
:10D8B00021F00702F2E802C1914609E00FFA8CFC60
:10D8C0004FEAEC71042A03D14FFA8CFC4FEAEC7159
:10D8D000002907DA0A460021DCF1000C61EB0201A5
:10D8E0002D2202E0220504D52B228DF804200122EE
:10D8F00003E0E20701D02022F7E7904659E00A2131
:10D9000002E010220DE010214FF0000A00910BE020
:10D9100010224FF0000A44F004040827009203E0AC
:10D9200008224FF0000A0092C4F30252022A05D0E6
:10D9300059F804CB0021032A08D009E009F10701B6
:10D9400021F00702F2E802C1914605E01FFA8CFCC3
:10D95000042A01D10CF0FF0C4FF00008220728D553
:10D96000702806D0009B83F0100353EA0A0305D009
:10D970000EE040228DF80420012208E05CEA01025A
:10D9800006D030228DF804208DF805000222904642
:10D99000009B83F0080353EA0A030AD15CEA010200
:10D9A00001D1620705D530228DF804204FF001081F
:10D9B0007F1E582804D034A003900EA802900DE0DA
:10D9C00036A0F9E753466046009AF2F7E5FC844634
:10D9D0000398825C0298401E029002705CEA01008B
:10D9E000F0D1029806A9081A00F1200A600702D5B2
:10D9F00024F4803400E00127574502DDA7EB0A003C
:10DA000000E0002000EB0A01009005984144401A14
:10DA10000590E00306D45B462146179A059800F06E
:10DA2000B3F90544002706E001A85A46C05D1799DE
:10DA300090476D1C7F1C4745F6DBE0030CD55B4629
:10DA40002146179A059800F09FF9054404E030201C
:10DA50005A46179990476D1C0099481E009000295E
:10DA6000F5DC08E0029802995A460078491C0291B8
:10DA7000179990476D1CBAF10001AAF1010AF1DC77
:10DA800065E1000009280100303132333435363782
:10DA900038396162636465660000000030313233FA
:10DAA000343536373839414243444546000000009A
:10DAB00000F058F90544761C307800287FF4ECAD6E
:10DAC00019B02846BDE8F08F620700D4062709F197
:10DAD000070222F0070CFCE80223E14603F00048AD
:10DAE0005FEA080C02D00FF2702C0DE05FEA045CD4
:10DAF00002D50FF2682C07E05FEAC47C02D00FF277
:10DB0000602C01E0AFF2700C4FF0FF3823F00043BF
:10DB1000CDF850C065280CD006DC452809D0462831
:10DB20001DD047283DD13DE0662818D067287ED11A
:10DB300038E00021112F01DB112000E0781CCDE935
:10DB4000000106A90EA8FFF7DDFCDDE90F010E9A22
:10DB500003910021009207F1010A04914DE04FF07A
:10DB600000400097CDE9011006A90EA8FFF7CAFCF6
:10DB7000DDE90F0203920E9B11990022DDF80CA043
:10DB80000093049211B9791C00EB010AB7EB0A006B
:10DB900004D4C0F1FF3007F1010A0490AAEB07009A
:10DBA000019044E0012F00DA01270021112F01DD4F
:10DBB000112000E03846CDE9000106A90EA8FFF7C4
:10DBC000A1FCDDE90F010E9A03910021049100925E
:10DBD000BA4621070CD40399514500DA8A46BAF1B6
:10DBE000010F05DD009AAAF10101515C302908D02E
:10DBF000B84202DA10F1040F06DA0121CDE9011072
:10DC000015E0AAF10101E9E7002805DC04990144C7
:10DC10000491AAEB000102E0411C514500DD8A4657
:10DC20000499401A401C01904FF0004002902007D8
:10DC300004D40198504501DBCDF8048000208DF814
:10DC40004F0002980DF14F07B0F1004F25D02B2067
:10DC50000E9002984FF0020800280CDA4042029021
:10DC60002D200E9007E00A210298F2F7EAFB3031EE
:10DC7000029007F8011DB8F10001A8F10108F2DCDB
:10DC800002980028EFD1791E0E980870307800F0C5
:10DC9000200040F0450007F8020D12A8C01B00F15B
:10DCA00007081498007800B1012000EB0A010198E0
:10DCB00001EBE07105984144401A401E0590E003D5
:10DCC00006D45B462146179A059800F05DF8054496
:10DCD0001498007818B15A46179990476D1CE003C4
:10DCE00024D55B462146179A059800F04DF8054467
:10DCF0001CE00498002807DBDDE90301884203DD0E
:10DD00000098405C179901E0179930205A469047D7
:10DD1000049805F10105401C04900198401E0190F3
:10DD200004D12E205A46179990476D1CBAF1000174
:10DD3000AAF1010ADDDC05E017F8010B5A46179934
:10DD400090476D1CB8F10001A8F10108F4DC5B46B6
:10DD50002146179A0598ABE62D0000002B00000025
:10DD6000200000002DE9F041044600251E4617461C
:10DD7000880404D405E039462020B0476D1C641E99
:10DD8000F9D52846BDE8F0812DE9F041044600258B
:10DD90001E469046C80301D5302700E0202788049E
:10DDA00004D505E041463846B0476D1C641EF9D5E0
:10DDB0002846BDE8F0814A68002A06D00A68531C4C
:10DDC0000B6010704868401E4860704708B500F04E
:10DDD00087FF012269468DF80000E42001F028FD4C
:10DDE00008BD10B5D0F81330847B002B01D0C27D64
:10DDF00001E04FF0070202D023F8141002E000EB1C
:10DE000044031980837B017C03F10103B3FBF2F42B
:10DE1000914202FB1433837302D2491C017410BD7A
:10DE2000C17B491CB1FBF2F302FB1311C17310BD9E
:10DE3000484A4948F0B592F836308178AA2B6DD01F
:10DE400021F00801817092F86530AA2B69D021F089
:10DE50001001817092F89430AA2B65D021F0200136
:10DE6000817092F8C330AA2B61D021F040013A4B67
:10DE700081701478DB78AA2C5CD023F00103C37086
:10DE8000D47EAA2C59D023F00203C37092F8F2403A
:10DE9000AA2C55D021F08001817092F8F510AA29A2
:10DEA00051D023F00401C17092F8F630AA2B4DD066
:10DEB00021F00801C17093780178547F5D0865F303
:10DEC0000001650863F3410165F3820164F3C30156
:10DED000017092F83840417892F867304FEA940C1C
:10DEE00092F89650640892F8C5206CF300019E08E1
:10DEF00064F341015B0866F382014FEA950C63F31A
:10DF0000C3016D086CF30411970865F345115208BD
:10DF100067F3861162F3C7114170F0BD41F008014B
:10DF200090E741F0100194E741F0200198E741F0BB
:10DF300040019CE743F00103A1E743F00203A4E79B
:10DF400041F08001A8E743F00401ACE741F008018B
:10DF5000B0E700001C0600246B00002470B501250A
:10DF60002DED028B02F0C2F906460720F7F74AFCB6
:10DF70000620F7F747FC2820F7F744FC4948012220
:10DF80004021F7F776F8484800222902F7F771F8A0
:10DF9000F3F7E2FB0020FCF7F5FA0120FCF7F2FAB8
:10DFA00000245521E0B2FCF7CFFB641C042CF8D30D
:10DFB00016B1022E09D00CE0F3F76AFB3B480025AE
:10DFC000817841F00101817003E0F3F761FB02F019
:10DFD000CFF9374C5522002000EBC001401C01EB6B
:10DFE000410102286254F7D35FF00001C1EB011038
:10DFF00000EB4110204490F83630AA2B01D080F875
:10E000003620491C0429F1D3B4F80900B2EE048B80
:10E0100000EE100A0020B8EE400B80EE081BB7EEB1
:10E02000C10BFCF7BBF9A08C00EE100A0120B8EE82
:10E03000400B80EE081BB7EEC10BFCF7AFF9B4F84C
:10E04000070000EE100A0020B8EE400AFCF7C2FA02
:10E05000608C00EE100A0120B8EE400AFCF7BAFA14
:10E06000F2F7F6FFF2F7A6FF02F018F8FCF714FC3F
:10E07000002684F82161FCF7E5FC0720F7F7D3FBC5
:10E080000620F7F7D0FB2820F7F7CDFB0948F9F772
:10E0900039FE09484670867006702846BDEC028B32
:10E0A00070BD000000080258001002586B000024E8
:10E0B0001C060024000E002468000024F0B54C1E4D
:10E0C000002314E0CE1A0022761E0CE000EB42077B
:10E0D00030F81250B7F802C0654502D920F812C0D6
:10E0E0007D80521CD2B29642F0DC5B1CDBB2A342B4
:10E0F000E8DBF0BD2DE9F04106462DED028B047CF6
:10E1000044B1D6F81310707CB57C9FED2C8A31B1E8
:10E11000F17D05E00020BDEC028BBDE8F081072118
:10E120008442884600D30446600001F035FA00219D
:10E130000746B07B13E040B1B0F10100D6F81320E0
:10E14000C0B22AB132F8102005E0A8F10100F5E7CD
:10E1500006EB400212884B1C27F81120D9B2A142CD
:10E16000E9D321463846FFF7A9FFB4EB450F03D8A2
:10E17000384600F055FCCDE76842611B04EB4000D7
:10E18000C0B209E037F815206D1CEDB200EE102A80
:10E19000B8EE400A30EE088AA942F3DC00EE100A1D
:10E1A000B8EE400AC8EE000ABCEEE00A10EE100A13
:10E1B00084B2384600F034FC2046ACE70000000092
:10E1C00000EE100A0D48DFED0A1AB8EE400A00EB27
:10E1D0008100DFED080A9FED081A20EE210AD0ED3C
:10E1E000001A20EE210A70EE600A80EE810A704764
:10E1F0000000003800007A44696F7640E80000248F
:10E2000010B5094C206800280DD00849C01C8208B0
:10E2100007484968F4F754FD2168024605A001F05B
:10E22000EFF80020206010BD700000244C00002496
:10E23000D8140024435243206F66204150503120AF
:10E2400073697A6520307825583A2030782530383F
:10E25000580D0A002DE9FC5FF74C0A46F74996284D
:10E26000B2EE040A75D0F44B7FDC03F13605532877
:10E2700003F165036FD045DC37286DD021DC3128F0
:10E2800015D016DC132868D00ADC10287ED011289F
:10E290007DD012280BD11046BDE8FC5F02F048B9D2
:10E2A000142875D0302802D11088A4F80300BDE8E6
:10E2B000FC9F32380528FAD2DFE800F0A3A7ABB400
:10E2C000BE003D28F3D008DCA0F138000528EED2CE
:10E2D000DFE800F0CBD3EBF0FC00502862D008DC84
:10E2E0003E28E4D03F28E2D1D3490222F731A220D0
:10E2F00065E3512857D05228D9D1CF490122F531B1
:10E30000A5205CE35F284FD00BDCA0F154000B2864
:10E31000CDD2DFE800F0EFEEEDECEBEAE9E8E7E67E
:10E32000E500752841D008DCA0F170000528BED2B8
:10E33000DFE800F0F3F2F1F0EF007A287ED00DDC98
:10E34000782874D07928B2D1BB490122F631D12086
:10E3500035E37BE009E0D3E07FE03EE37B286ED04D
:10E360009028A4D11088E083A1E703F194050195DA
:10E370002F3500957E3D03F10B0E03F1260903F1C5
:10E38000130C03F12E0703F2131602E01CE320E343
:10E3900026E303F1740B03F1A30A9838D2334F2814
:10E3A00085D203E097E0A6E096E185E2DFE800F0A1
:10E3B0006D7585882828282828282828282828288E
:10E3C0002828282828282828282828AC28C3F1FB12
:10E3D000FE28EDEC282828EBEAE9E8E7E6E5E4E3A7
:10E3E000E2E1E0DFDEDD2828DCDBDAD9D8D7D6D5DC
:10E3F000D4D3D2D1D0CFCE28CDCCCBCAC9C8C700B8
:10E4000055E71088A4F8F70008E01088A4F8F90090
:10E4100002E01088A4F8F300F2F71AFEBDE8FC5FF2
:10E42000F2F7C8BD1078BDE8FC5F02F071B8107853
:10E43000BDE8FC5F02F01CB9107801E042E245E261
:10E44000552801D0AA288FD1207030E710785528A0
:10E4500001D0AA2888D1E07629E71078552801D084
:10E46000AA28CDD184F8F20021E71078552801D0F0
:10E47000AA28C5D184F8360019E71078552801D0AC
:10E48000AA28BDD184F8650011E71078552801D07D
:10E49000AA28B5D184F8940009E71078552801D04E
:10E4A000AA28ADD184F8C30001E71146284609E047
:10E4B0000CE0FFE71146184604E00198114601E020
:10E4C00000981146BDE8FC5F02F0E2B81046BDE8D6
:10E4D000FC5F02F09DB858490222F931A3206EE298
:10E4E000E7E0D3E0BFE093E06CE065E058E054E0A3
:10E4F0001DE018E012E050490222F331A4205EE250
:10E500000222E11CA0205AE24B4902221E31F020D7
:10E5100055E2CBE1C6E118E104E1F0E04649012211
:10E52000F231A7204BE201222946A82047E201222E
:10E530001946A92043E201220199F8203FE29CE11B
:10E5400088E174E160E14CE138E124E133E22EE25C
:10E5500027E223E21FE21BE214E210E20CE208E2EF
:10E5600004E2FEE1F8E1F2E1EDE1E7E1E0E1DCE126
:10E57000D8E1D4E1CDE1C9E1C5E1C1E1BDE1B6E158
:10E58000B2E1ABE1A7E1F3E05AE02EE00EE00AE0F1
:10E59000FFE701220099F92011E2AA20294607E0AD
:10E5A000AB20194604E00199FA2001E00099FB2014
:10E5B000BDE8FC5F00F016BFBDE8FC5F1E49AC2063
:10E5C00000F0C6BD086800EE900A20EE800AB7EEA3
:10E5D000C00AFEF7BDFEBCEEC00B0222694610EE7B
:10E5E000100AADF80000AD2059E1886800EE900AED
:10E5F00020EE800AB7EEC00AFEF7AAFEBCEEC00B02
:10E600000222694610EE100AADF80000FD2046E136
:10E61000486800EE900A20EE800AB7EEC00AFEF7C6
:10E6200097FEBCEEC00B0222694610EE100AADF850
:10E630000000AE2033E100001C0600243E07002449
:10E64000C86800EE900A20EE800AB7EEC00AFEF716
:10E650007FFEBCEEC00B0222694610EE100AADF838
:10E660000000EE201BE1086E00EE900A20EE800A0A
:10E67000B7EEC00AFEF76CFEBDEEC00B0222694683
:10E6800010EE100AADF80000AF2008E1086C00EEB3
:10E69000900A20EE800AB7EEC00AFEF759FEBDEEE2
:10E6A000C00B0222694610EE100AADF80000C0202F
:10E6B000F5E0486C00EE900A20EE800AB7EEC00A42
:10E6C000FEF746FEBDEEC00B0222694610EE100AB0
:10E6D000ADF80000C120E2E0086900EE900A20EEEB
:10E6E000800AB7EEC00AFEF733FEBDEEC00B022271
:10E6F000694610EE100AADF80000C220CFE088692C
:10E7000000EE900A20EE800AB7EEC00AFEF720FE67
:10E71000BDEEC00B0222694610EE100AADF80000F3
:10E72000C320BCE0C86900EE900A20EE800AB7EE74
:10E73000C00AFEF70DFEBDEEC00B0222694610EEC8
:10E74000100AADF80000C420A9E0486A00EE900A63
:10E7500020EE800AB7EEC00AFEF7FAFDBDEEC00B50
:10E760000222694610EE100AADF80000C52096E0BE
:10E77000886A00EE900A20EE800AB7EEC00AFEF723
:10E78000E7FDBDEEC00B0222694610EE100AADF89F
:10E790000000122083E0086B00EE900A20EE800A51
:10E7A000B7EEC00AFEF7D4FDBDEEC00B02226946EB
:10E7B00010EE100AADF80000132070E0486B00EE78
:10E7C000900A20EE800AB7EEC00AFEF7C1FDBDEE4A
:10E7D000C00B0222694610EE100AADF800001420AA
:10E7E0005DE0C86B00EE900A20EE800AB7EEC00A2A
:10E7F000FEF7AEFDBDEEC00B0222694610EE100A18
:10E80000ADF8000015204AE0486900EE900A20EEBD
:10E81000800AB7EEC00AFEF79BFDBDEEC00B0222D8
:10E82000694610EE100AADF80000162037E0086ABD
:10E8300000EE900A20EE800AB7EEC00AFEF788FDCF
:10E84000BDEEC00B0222694610EE100AADF80000C2
:10E85000172024E0C86A00EE900A20EE800AB7EE86
:10E86000C00AFEF775FDBDEEC00B0222694610EE30
:10E87000100AADF80000182011E0886B00EE900A35
:10E8800020EE800AB7EEC00AFEF762FDBDEEC00BB7
:10E890000222694610EE100AADF80000192000F0BF
:10E8A000C7FF04E504225049C62088E0BDE8FC5FAC
:10E8B0004E49C72000F0D2B9BDE8FC5F4C49CF20DB
:10E8C00000F0ECB801224949A62078E0474901222E
:10E8D0001B31F62073E00020114601E001201146B3
:10E8E000BDE8FC5F01F0ECBD0020114601E0012015
:10E8F0001146BDE8FC5F01F0B7BD114670460AE065
:10E900001146484607E01146604604E01146384685
:10E9100001E011463046BDE8FC5F01F029BE11461A
:10E92000284607E01146584604E01146504601E0EB
:10E9300011461846BDE8FC5F01F03CBE1046BDE83C
:10E94000FC5F01F035BD0222E11D202037E02749A0
:10E9500002222231212032E02449022209312220E0
:10E960002DE0224902222431232028E02420714670
:10E970000AE02520494607E02620614604E02720DA
:10E98000394601E028203146BDE8FC5F00F0AEB911
:10E990002920294607E02A20594604E02B20514629
:10E9A00001E02C201946BDE8FC5F00F091BB062277
:10E9B00010492D2003E00E49092264312E2002B0B7
:10E9C000BDE8F05F00F034BFBDE8FC5FE02001F07F
:10E9D000DFBCBDE8FC5FF2F7C1BB107801F0B0FD11
:10E9E000BDE8FC5FFFF7F2B96B0000241C060024B1
:10E9F0003E0700243707002482B0CDE9000121F052
:10EA0000004001909DED000B02B051EC100B7047DF
:10EA10000368011D00F128021846F5F7A5BB0000A8
:10EA200010B5002821D0114B0022001F196803E007
:10EA3000814203D80A4649680029F9D152B11368C6
:10EA4000841A9C4204D1006818441060104602E009
:10EA5000506000E0186039B102680B1A934203D18C
:10EA60000B681A4402604968416010BD78010024B7
:10EA7000C0EB001101EB40100749B2EE041B084443
:10EA8000B0F83B0000EE100AB8EE400B80EE012B10
:10EA9000B7EEC20B704700001C0600242DE9F047BA
:10EAA00082460C462DED028BB2EE048A08688EB0C9
:10EAB00000EE100A20EE080AB7EEC00AFEF748FC86
:10EAC000BCEEC00B10EE100AADF80000A06800EE1E
:10EAD000100A20EE080AB7EEC00AFEF739FCBCEEB9
:10EAE000C00B10EE100AADF80200606800EE100ACC
:10EAF00020EE080AB7EEC00AFEF72AFCBCEEC00BF7
:10EB000010EE100AADF80400E06800EE100A20EEE6
:10EB1000080AB7EEC00AFEF71BFCBCEEC00B10EEF5
:10EB2000100AADF80600206E00EE100A20EE080A6A
:10EB3000B7EEC00AFEF70CFCBDEEC00B10EE100ADB
:10EB4000ADF80800206C00EE100A20EE080AB7EEBF
:10EB5000C00AFEF7FDFBBCEEC00B10EE100AADF8CC
:10EB60000A00606C00EE100A20EE080AB7EEC00A38
:10EB7000FEF7EEFBBDEEC00BDFF8D8900025E846AF
:10EB800010EE100AADF80C0005EB450704EB870604
:10EB9000306900EE100A20EE080AB7EEC00AFEF750
:10EBA000D7FBBDEEC00B08EB470710EE100AF8814B
:10EBB000B06900EE100A20EE080AB7EEC00AFEF7B0
:10EBC000C7FBBDEEC00B10EE100A3882706900EE74
:10EBD000100A20EE080AB7EEC00AFEF7B9FBBDEE38
:10EBE000C00B10EE100A788208EB050019F805102A
:10EBF0006D1C042D80F82E10C6D3E06C00EE100AB8
:10EC000020EE080AB7EEC00AFEF7A2FBBCEEC00B6E
:10EC100010EE100AADF82600A06C00EE100A20EEEF
:10EC2000080AB7EEC00AFEF793FBBCEEC00B322217
:10EC3000694610EE100AADF8280007480068CDF8C4
:10EC40002A00504600F0F4FD0EB0BDEC028BBDE88A
:10EC5000F0870000080000246B00002470B590B01D
:10EC6000B1F803206B46ADF80020CA8BADF8022046
:10EC7000B1F8F720ADF80620B1F8F920ADF808207A
:10EC8000B1F8F320ADF80A205FF00002C2EB0215E4
:10EC900005EB421502EB42040D4403EB4404521C05
:10ECA00035F8396FA681042A6D88E581EED3B1F875
:10ECB000FB20ADF82420002208E000BF01EB420554
:10ECC00003EB4204521CB5F8FD50E584BDF8244026
:10ECD0009442F3D83C22194600F0AAFD10B070BD52
:10ECE00001480078704700002800002430B5054630
:10ECF0000C462DED028B81B008689FED148A00EE62
:10ED0000100A20EE080AB7EEC00AFEF721FBBDEE9E
:10ED1000C00B10EE101AADF80010606800EE100A7B
:10ED200020EE080AB7EEC00AFEF712FBBDEEC00BDC
:10ED30000422694610EE100AADF80200284600F0E1
:10ED400077FD01B0BDEC028B30BD00000000C84271
:10ED500010B50446164900EB440001EB0010FFF724
:10ED6000C9F900EE100AB0EE044B9FED121BB8EE8D
:10ED7000400B9FED122B9FED133B04EBC401134896
:10ED800020EE044B01EB41010844D0F81710D0F8F5
:10ED9000130084EE010B80EE021B00EE101A81EED0
:10EDA000032B01EE100AF7EEC20B00EE810A10BD34
:10EDB0000803002400000000E0FFEF40FA7E6ABC78
:10EDC0007493683F00000000000049401C060024C6
:10EDD0000F4900EB400010B501EB00101830FFF7B1
:10EDE00089F900EE100AB0EE042B9FED0A3BB8EE55
:10EDF000400B9FED0A4BB6EE001B20EE020B80EE9F
:10EE0000032B22EE040B20EE010BB7EEC00B10BD5E
:10EE10000803002400000000E0FFEF4000000000B5
:10EE2000008041402DE9F0412DED048B9FED418B99
:10EE3000424F0024424DE0B2FBF70EF904EB4401CF
:10EE400010EE100A05EB81063061E0B200F09AFA8C
:10EE5000B7EEC00AC4EB041000EB4411394430EEA5
:10EE6000480BB7EEC00B10EE100A7061D1F86110BC
:10EE700000EE100A00EE901A20EE200AB0EEC00A52
:10EE800010EE100AB061E0B200F0A8F905EB8401C1
:10EE900010EE100A641C042C0865CCD300249FEDEE
:10EEA000298BB5EE009AE0B2FFF752FF30EE490A27
:10EEB00005EBC40610EE100A3060E0B2FFF788FFE1
:10EEC000B7EEC00A641C022C30EE480BB7EEC00B44
:10EED00010EE100A7060E6D300F038F810EE100A59
:10EEE000286400F04BF810EE100A686400F04CF94A
:10EEF00010EE100AA86400F01FFA10EE100AE86481
:10EF0000286D00EE100A012005EB8001096D00EE6E
:10EF1000901AF4EEC00AF1EE10FA01DD00EE101ABC
:10EF2000401C0428F0D310EE100A2866BDEC048BB8
:10EF3000BDE8F081CDCCCCCCCCCCE43F1C06002489
:10EF40003E070024666666666666E63F094810B5B9
:10EF5000FFF7D0F8084900EE100AD1F81701D1F8F0
:10EF60001311B8EE401A00EE100A00EE901A01EEEE
:10EF7000200A10BDC80300241C06002410B53B481D
:10EF80002DED068BFFF7B6F800EE100ADFED380A1C
:10EF9000B0EE043AB8EE400A9FED361BB0EE042BFB
:10EFA000C0EE203A23EE830AB7EEC00A20EE011B22
:10EFB00032EE400B81EE002BB7EEC20BB7EEC00A6B
:10EFC000B0EE40ABFDF728FC9FED2C9B9FED2D2B69
:10EFD0009FED2E3B9FED2F1B00EE092B83EE020BC6
:10EFE00030EE410BB7EEC00BB7EEC08A38EE010B26
:10EFF000B0EE001BFDF730FD9FED283B9FED291B78
:10F000009FED2A2B20EE030B08EE010B30EE020BD6
:10F01000B7EEC08BB0EE4A0BFDF7FEFB20EE099B6E
:10F02000B7EE000BFDF790FAFDF7F6FB89EE002B2B
:10F03000B7EEC83A9FED1F1A9FED1F4B9FED205B67
:10F0400028EE010A9FED206BB7EEC00ABDEC068BDF
:10F0500032EE031B31EE441B80EE012B32EE450BEA
:10F0600080EE061BB7EEC10B10BD0000E0030024CC
:10F0700000FF7F47000000000088C34066666666A8
:10F0800066A2724067B8019FBFCF92400000008027
:10F090005CF8314166666666661271407BA35698DD
:10F0A000BED780BF492EFF21FDB61C40166A4DF326
:10F0B0008E64B14000EEE846D6C56D342074A5409C
:10F0C00000000000C0ACDA40000000000000594021
:10F0D00030B505460C462DED028B83B008689FEDD8
:10F0E0001B8A00EE100A20EE080AB7EEC00AFEF7EF
:10F0F0002FF9BDEEC00B10EE101AADF800106068CD
:10F1000000EE100A20EE080AB7EEC00AFEF720F95A
:10F11000BDEEC00B10EE100AADF80200A06800EEC4
:10F12000100A20EE080AB7EEC00AFEF711F9BDEE8C
:10F13000C00B0622694610EE100AADF804002846FE
:10F1400000F076FB03B0BDEC028B30BD0000C8427E
:10F1500030B587B0B1F8FB206B46ADF80020002237
:10F1600008E000BF01EB420503EB4204521CB5F876
:10F17000FD506580BDF800409442F3D8182219462E
:10F1800000F056FB07B030BD0D4810B5FEF7B2FFDA
:10F1900000EE100AB0EE042B9FED0A3BB8EE400BD8
:10F1A0009FED0A4B9FED0B1B20EE020B80EE032B15
:10F1B00022EE040B80EE012BB7EEC20B10BD000057
:10F1C000F803002400000000E0FFEF400000000012
:10F1D00000407F40000000000000494010B53D495C
:10F1E00000EB400001EBC0002DED068B6030FEF718
:10F1F00081FF00EE100ADFED380AB0EE043AB8EEF7
:10F20000400A9FED361BB0EE042BC0EE203A23EEF1
:10F21000830AB7EEC00A20EE011B32EE400B81EEEE
:10F22000002BB7EEC20BB7EEC00AB0EE40ABFDF755
:10F23000F3FA9FED2C9B9FED2D2B9FED2E3B9FED29
:10F240002F1B00EE092B83EE020B30EE410BB7EEC5
:10F25000C00BB7EEC08A38EE010BB0EE001BFDF715
:10F26000FBFB9FED283B9FED291B9FED2A2B20EEFA
:10F27000030B08EE010B30EE020BB7EEC08BB0EEC5
:10F280004A0BFDF7C9FA20EE099BB7EE000BFDF71C
:10F290005BF9FDF7C1FA89EE002BB7EEC83A9FED96
:10F2A0001F1A9FED1F4B9FED206B28EE010A9FED6B
:10F2B000205BB7EEC00ABDEC068B32EE031B31EECD
:10F2C000441B80EE012B32EE460B80EE051BB7EEA1
:10F2D000C10B10BD0803002400FF7F4700000000A1
:10F2E00000E7E8406666666666A2724067B8019FFE
:10F2F000BFCF9240000000805CF8314166666666D0
:10F30000661271407BA35698BED780BF492EFF215D
:10F31000FDB61C40166A4DF38E64B14000EEE8461F
:10F32000D6C56D342074A54000000000C0ACDA40A2
:10F3300000000000000059400D4810B5FEF7DAFE4D
:10F3400000EE100AB0EE042B9FED0A3BB8EE400B26
:10F350009FED0A4BB6EE001B20EE020B80EE032B56
:10F3600022EE040B20EE010BB7EEC00B10BD000027
:10F370001004002400000000E0FFEF409A999999E2
:10F3800099193C40124900EB400010B501EBC00058
:10F3900000F59070FEF7AEFE00EE100AB0EE043BF2
:10F3A0009FED0C4BB8EE400BB7EE045B9FED0B1BD3
:10F3B000B3EE042B20EE030B80EE043B33EE453B13
:10F3C00083EE010B80EE021BB7EEC10B10BD0000F7
:10F3D0000803002400000000E0FFEF40FA7E6ABC52
:10F3E0007493683F1CB5B1F80320ADF800200622E5
:10F3F000B1F80510ADF80210694600F019FA1CBD0D
:10F400000FB410B5F1F792FE00280BD00748802109
:10F41000029A03ABFCF7CCFF044982B201F5D67027
:10F42000F9F79CFD10BC5DF814FB0000C810002427
:10F430000222072100F025B830B40C00029D07D04D
:10F4400032B10BB1934209D9072A06D3072305E04D
:10F450002A46194630BC00F014B81346437485742C
:10F4600000218173C1730174C0F81340C27508464E
:10F4700003E000BF24F81010401C9042FADB30BCBF
:10F48000704710B509B1072900D90721417482746A
:10F49000002383730724C37319460374C0F8133021
:10F4A000C47500EB4102491C07291380F9DB10BD2C
:10F4B00038B50B4D5FF0000404EB440005EBC000D1
:10F4C000FFF7B6FF641C102CF6D30649052028234D
:10F4D00000903222A1F19000FFF7AEFF38BD00008E
:10F4E00008030024880400241FB5002080F310883E
:10F4F00001F066F900240094019402940394F6F755
:10F500004FF901208DF80C001F218DF8081087227B
:10F510008DF809208DF80D008DF8000068468DF8F3
:10F520000A408DF80E408DF8014001948DF80B4093
:10F530008DF80F40F6F706F90420F6F73FF9F6F7D5
:10F540008DF8FBF71BFBFAF79AFDFAF7C3FAFAF707
:10F55000FFF9FAF717FDFAF749FAFAF767F8FAF739
:10F56000A3FBFAF7D1FBFAF701FCFAF795FCFAF7DF
:10F570003FFDFAF7CFF8FAF76BFBFAF76DF9FAF7F8
:10F580004BFCFAF7C1FCFAF7CBF900F049F8FAF7AF
:10F5900087FA00F057F8FEE7F0B50B30154D20F074
:10F5A00007010024144A0FE003688B420BD38B42FF
:10F5B00005D95E1A43184768C3E9006700E043684D
:10F5C000136002C004E0021D10680028ECD1204640
:10F5D000002802D1286808B10020F0BD064A07487B
:10F5E0001060074A121A22F00702C0E90024012025
:10F5F0002860D7E77C01002478010024F45D002412
:10F60000F05F002410B5EFF3058111B16FF0050430
:10F6100004E04FF0000408B101F01EFA204610BDCE
:10F62000EFF3058010B16FF00500704704490868DA
:10F6300010B14FF0FF30704701220A600020704780
:10F640004801002410B5EFF3058010B16FF00500FC
:10F6500010BD08480168012902D04FF0FF3010BDED
:10F66000054A002182F8141D0221016001F0A4FA6C
:10F67000002010BD480100240BE000E070B50546F5
:10F680004FF00004EFF3058050BB0DB1686800E057
:10F690000020C10701D0012600E0002600071FD48A
:10F6A0006DB1D5E9021021B1502819D31EB1042043
:10F6B00002E020B114E0012001F0EFFB05E00EB103
:10F6C000042000E0012001F0DDFB040008D00DB1B2
:10F6D000296800E0002101F089F90EB144F001042D
:10F6E000204670BD002001F0DDF9FEE72DE9FF4165
:10F6F0004FEA01034FF00005EFF30581039561BB6D
:10F7000058B34FF080064FF018014FF000044AB391
:10F71000176807B13C4697691FB139467F1E382FDD
:10F7200002D21779FF0703D0002004B0BDE8F081B2
:10F73000576907B1BE08D2F808C0BCF1000F0DD060
:10F74000D5685C2D18D312693AB137B18DE806102F
:10F750003246214601F063FE03900DE0D7685FB9A1
:10F7600012694AB903AACDE90012B2B2214601F0EA
:10F7700029FE012800D003950398D6E72DE9F04132
:10F780002A4FB87800284ED0388809284BD3002655
:10F7900035462EE07819041D8288A2F5A8415A3911
:10F7A00026D1A178142923D1E1781C2920D16179AF
:10F7B0003B8801F109029B1B934219D30A3000F0E8
:10F7C000C5FF627905F10A03D119CB5C98420FD1CC
:10F7D00005F10B00085AA0F57E435A3B08D1207969
:10F7E000A11DFEF737FD607908350544681C86B217
:10F7F0006D1C3888A842CDD8388800253C46B042D8
:10F800000AD92088A119091D821B201DF0F7F5FDDA
:10F810002088801B208000E025802088B0F5967F1E
:10F8200000D12580A570BDE8F0810000EC04002423
:10F8300070B514460D460646F1F778FC002806D050
:10F84000224629463046BDE8704000F08BBF70BDAF
:10F85000F0B50169426900EE101A00EE902A9FEDA2
:10F860001F1A30EE200A10EE101A0161446800EEF3
:10F87000101A01EE904A0568C36821EE803A02EE44
:10F88000105A02EE903A866883EE010A30EEE21AD0
:10F8900001EE906A876902EE907A02EE200A01EE8C
:10F8A000810AF0EEC00AF4EEE20AF1EE10FA0BD291
:10F8B00000EE101A00EE902A30EE600A10EE101AD8
:10F8C0009FED070A0161F0BD064B994202DC064B31
:10F8D000994200D90361C260F0BD00000000C84237
:10F8E000000000000000C8420000C8C22DE9F0413D
:10F8F000134C0F460546E6682068001D00F076FFB1
:10F90000681C07D137B12168BDE8F0410D48091DD9
:10F9100000F0BEBF20683544B5424560216805D27D
:10F92000A06B091DBDE8F04100F09ABF606B091D96
:10F9300000F096FFA06A854200D2A562BDE8F08182
:10F94000F8000024081A00242DE9F041054600F0D3
:10F95000ABFF2D4C2D4FA068401CA060206810B15B
:10F96000606930B32BE02560A068012827D100260C
:10F9700006EB860007EB800000F064FF761C382E53
:10F98000F6D3234800F05EFF2148143000F05AFF00
:10F990001F48283000F056FF1D483C3000F052FF51
:10F9A0001B48503000F04EFF194860631430A063CC
:10F9B00005E0E86A2168C96A814200D82560606A6A
:10F9C000401C60626864E86A2169884200D920614D
:10F9D00000EB8000291D07EB800000F059FF00F0CC
:10F9E00083FF606900280CD02068E96AC06A8842F9
:10F9F00007D208494FF080500860BFF34F8FBFF324
:10FA00006F8FBDE8F0810000F80000245815002435
:10FA1000B819002404ED00E038B500F045FF104CA3
:10FA20002068C8B90F4800F00DFF0E48143000F0F0
:10FA300009FF0C490020E16014312161A1F58273B6
:10FA40000090A1F1B40210210A2001F054FA2060C4
:10FA500010B105A100F0CAFFBDE8384000F044BF76
:10FA6000340100240C1B0024546D7251000000006E
:10FA700030B4026C0B46002A0BD0D0E9024111448D
:10FA8000C160A14201D30168C160184630BCF0F7E3
:10FA9000B4BC30BC70472DE9F041856B1746026C51
:10FAA0000446002682B1C7B1E068F0F7A6FCE16821
:10FAB000206C2268091AE160914202D2A168081AFA
:10FAC000E060022F16D017E02068A8B9A06801F006
:10FAD00049FD06460020A0600EE06068F0F78DFC4E
:10FAE000D4E90101226C10446060884204D320688C
:10FAF000606001E005B16D1E6D1CA5633046BDE878
:10FB0000F08110B5044690F8590058B101280CD086
:10FB100002280FD0502080F31188BFF34F8FBFF31E
:10FB20006F8FFEE7206B00F0F3FE2046BDE810402B
:10FB300000F0EEBE10BD000011484FF4705110B53A
:10FB4000420706D00E49C01D20F00700411AC1F53A
:10FB500070510C4C002301440839A4F1180221F023
:10FB60000701C4E900030C1A11604B600B60C0E987
:10FB7000001494604FF000415460516110BD0000CA
:10FB8000EC21002464010024144E4FF08058144CE2
:10FB9000DFF85090A6F29C4712E000BF00F084FE10
:10FBA000F068C568281D00F021FEA068401EA06016
:10FBB0006068401E606000F097FE2846FFF7A1FFD6
:10FBC00060680028EAD138680128F9D9C9F80080AE
:10FBD000BFF34F8FBFF36F8FF2E70000F4190024DB
:10FBE000F800002404ED00E0002807D00021816027
:10FBF00001600B460A46C16001F0FAB97047000087
:10FC000070B51D46049C51B1C4F80020C4E90F0131
:10FC10000121204601F0A2F984F84C5070BD246007
:10FC2000F4E72DE9F05F88469A4691001546DDE934
:10FC30000B940A9EA5228346206BF0F7F0FB206B05
:10FC40006FF0030101EB8501084420F007077807F6
:10FC500007D0502080F31188BFF34F8FBFF36F8F11
:10FC6000FEE7B8F1000F4FF000050ED0002022187B
:10FC700018F8001082F8341018F8001011B1401C68
:10FC80001028F4D384F8435001E084F83450382E1F
:10FC900000D33726E662201DC4E9136500F0DDFDC0
:10FCA00004F1180000F0D9FD6565C6F13800A061C7
:10FCB00084F858505246246159463846646200F030
:10FCC000FDFAB9F1000F206001D0C9F80040BDE88D
:10FCD000F09F000030B5114900E011460A688242E9
:10FCE000FBD34B685C18844203D144680846234424
:10FCF0004B6043681D18954209D1084C183C246894
:10FD0000A24209D052681A4442600A68126802602E
:10FD1000814200D0086030BD0460F9E7640100242E
:10FD200070B50D4D914241604FF00004006106D85E
:10FD30008169D21A8A4206D2011D286907E09A42D7
:10FD400003D2994201D3012403E0011DE86800F0C9
:10FD500087FD204670BD00003401002410B5044624
:10FD600000F0A2FDA06B28B15FF0000400F0BCFD24
:10FD7000204610BD0124F9E730B53C4D89B06BE059
:10FD80000498002806DA059ADDE9060190470498F0
:10FD9000002861DB069C606910B1201D00F026FD83
:10FDA00003A800F0D5F8024604980A2854D2DFE8E8
:10FDB00000F00505052D304705052D3094F8280085
:10FDC00040F0010084F82800A06905990B46014421
:10FDD0002046FFF7A5FF50B3216A2046884794F8D4
:10FDE0002800400738D50020009005980023A1691D
:10FDF00042181946204601F0BDFCC0B9502080F3DE
:10FE00001188BFF34F8FBFF36F8FFEE794F8280080
:10FE10001EE094F8280040F0010084F828000598BE
:10FE2000A06128B1811813462046FFF779FF13E03F
:10FE3000502080F31188BFF34F8FBFF36F8FFEE721
:10FE400094F82800810703D4204600F061FD03E008
:10FE500020F0010084F828002868002204A901F09D
:10FE6000D7F900288CD109B030BD0000340100243E
:10FE70002DE9FC410F46054600F0E2FE01A800F026
:10FE800067F80446019818B101F0E2FBBDE8FC8177
:10FE9000254EAFB130690068D0B300273068291B08
:10FEA0003A4600F0B7FD01F0D3FB0028EED11F4920
:10FEB0004FF080500860BFF34F8FBFF36F8FE5E7BF
:10FEC000A542EBD801F0C4FBF0682746C068C468BF
:10FED000201D00F08BFC94F82800410719D5A0697B
:10FEE0002B463A4641192046FFF71AFFA8B10020D9
:10FEF0002A46034601460090204601F03BFC60B9CB
:10FF0000502080F31188BFF34F8FBFF36F8FFEE750
:10FF100007E020F0010084F82800216A2046884785
:10FF2000B4E70127BAE700003401002404ED00E043
:10FF30000648416B096829B1416BC968C9684968BD
:10FF4000816270474FF0FF31FAE70000F8000024AB
:10FF500070B5054601F09CFA064E0446B06884422E
:10FF600003D200F009F8012000E0002028602046BC
:10FF7000B46070BD34010024F8B5194D20E0C068AC
:10FF8000C4680668201D00F031FC216A20468847BD
:10FF900094F82800400713D5A0693044B04206D930
:10FFA0002461211D6060E86800F05AFC08E0002030
:10FFB0003246034601460090204601F0DBFB38B193
:10FFC000E86801680029DAD12969C5E90310F8BD9C
:10FFD000502080F31188BFF34F8FBFF36F8FFEE780
:10FFE0003401002408484068401C4FF0500080F362
:10FFF000118804D0BFF34F8FBFF36F8FFEE7BFF3BD
:020000040803EF
:100000004F8FBFF36F8FFEE76C010024074CE06851
:10001000016841B1C0680021D0F80000FFF728FF57
:10002000FFF7AAFEF3E701210020F7E734010024DF
:100030002DE9F041044600F037FC94F9455004F1F5
:10004000240609E0606A48B1304601F0C9FA08B1F7
:1000500000F078FD6D1E6DB2002DF3DC4FF0FF3621
:1000600084F8456000F040FC00F01EFC94F9445018
:1000700004F1100709E0206948B1384601F0B0FAF0
:1000800008B100F05FFD6D1E6DB2002DF3DC84F849
:100090004460BDE8F04100F027BC00000B4B00219C
:1000A0000948642210B5197044F61F6103685A6349
:1000B0000268D162C1600021F8F798F9BDE81040EC
:1000C0000148F7F71FBE00004C0E00246800002412
:1000D0002DE9F0411D4E00251D4C1E4F96F8F510E0
:1000E0002078552920F00C000ED196F8F610AA2998
:1000F0000AD16178890702D4A178890704D5001D47
:100100002070FAF7FDFB0DE0207000211148F8F790
:100110000DFA10480821F8F709FA0E48F7F778FEAB
:100120003868456296F8F60055280DD10948002137
:10013000F8F7FCF907480821F8F7F8F90548F7F748
:1001400067FE257038684562BDE8F0811C06002412
:1001500068000024B40D0024F0B5082923D3134906
:10016000028853BA0B8082788A70012AB0F8032083
:1001700052BAA1F8032044794C7190F906608E714F
:10018000C579CD7110D05527094806EB860180F856
:100190006470A0F8653080F86940A0F86720A0F886
:1001A0006A1080F86C50F0BDAA27EDE71C0000240F
:1001B0003E070024094900228A62CA620288120AA4
:1001C00081F82820027881F82920827881F82A2075
:1001D000C07881F82F000846FEF71ABC8C00002476
:1001E0002DE9F0410027044600F02AFD324E306828
:1001F00008B9FFF7A1FC706904424ED1C4B30834BA
:1002000060070ED004F00700C0F108000444600746
:1002100007D0502080F31188BFF34F8FBFF36F8F4B
:10022000FEE72CB37068844237D823481830014663
:100230000D6801E028460D466968A14202D229688E
:100240000029F7D131688D4227D0076829680160FD
:1002500008376868011B10290FD92819420708D0F0
:10026000502080F31188BFF34F8FBFF36F8FFEE7ED
:1002700013E041606C60FFF72DFD69687068401AFB
:100280007060B268904200D2B06000207269114381
:10029000C5E90001F068401CF06001F0D9F9780769
:1002A00007D0502080F31188BFF34F8FBFF36F8FBB
:1002B000FEE73846BDE8F0814C01002470B5041F0C
:1002C000094E231F4FF0807521F0010125601C1F8E
:1002D0001960A0F120010B1F266044380A606FF0FE
:1002E00002051D6070BD0000E5FF020810B5F0F7C3
:1002F000FFFC0128044605D1034900204FF4917208
:10030000F0F71FFD204610BD1C060024054810B55F
:10031000F1F716FD05481C2203494068BDE810406E
:1003200000F006B800000E084C0000240000002475
:1003300010B503689BB2A3F52A44AA3C02D04FF043
:10034000FF3010BD001DF1F731FC002010BD000092
:1003500010B5F0F7CDFC002806D0044904224FF474
:100360009170F0F787FD012010BD00000800002407
:1003700010B5F0F7BDFC002806D0044900204FF46A
:100380009172F0F777FD012010BD00001C060024DB
:1003900038B5044600208DF80000FFF7E9FF012280
:1003A00069468DF800002046FFF742FA38BD00008C
:1003B0001CB502685524284B4FF4004100928088F8
:1003C000ADF804009DF80000AA2803D000228DF8A3
:1003D000004000E001221846F4F74BFE9DF804109F
:1003E0001E48AA2903D001228DF8044000E0002213
:1003F0004021F4F73EFE9DF80100AA2801D08DF8B7
:10040000014047F23050BDF80210814201D9ADF8E9
:1004100002009DF80500FA2802D9FA208DF805009F
:100420000F480099C0F81B11BDF80410A0F81F1167
:100430009DF80100AA280CD000210A4881709DF87F
:100440000510C170BDF802100180BDE81C40FFF727
:10045000B1BE0121F1E70000000C0258000802586B
:100460001C060024240000240A8800EBC0039FED32
:10047000121B00EE102A0F4903EB4303B8EE400BAA
:100480001944B4EEC10BA1F80920F1EE10FA02DD17
:10049000A622A1F80920B1F80910B2EE041B00EE63
:1004A000101AB8EE400B80EE012BB7EEC20BF9F735
:1004B00075BF00001C0600243333333333D364404C
:1004C00030B400EBC005114B0A884FF4A97405EB5A
:1004D00045011944A242A1F8072002D9A1F807401A
:1004E00004E0CE2A02D2CE22A1F80720B1F80710EC
:1004F000B2EE041B00EE101A30BCB8EE400B80EEDA
:10050000012BB7EEC20BFAF765B800001C060024F9
:1005100006490A78AA2A08D0CA7EAA2A05D05528F0
:1005200001D0AA2801D181F8F50070471C060024EB
:10053000016802480160FFF70BBF000008000024BB
:10054000094910B5097881420DD00028074808D024
:10055000017B012903D00121017300F0ABFBFBF704
:1005600067FF0521F8E710BD280000244C00002497
:10057000B1F900209FED0D0B01EE102AB8EEC11B62
:1005800081EE002BB7EEC21B11EE102A0260B1F90A
:10059000021001EE101AB8EEC11B81EE002BB7EE6F
:1005A000C20B10EE101A41607047000000000000FE
:1005B00000005940B1F900209FED130B01EE102A05
:1005C000B8EEC11B81EE002BB7EEC21B11EE102A54
:1005D0000260B1F9022001EE102AB8EEC11B81EED3
:1005E000002BB7EEC21B11EE102A4260B1F90410C5
:1005F00001EE101AB8EEC11B81EE002BB7EEC20B54
:1006000010EE101A81607047000000000000594091
:1006100030B4038800220B2B26D800214FF4D2756A
:1006200009E000BF00EB410464882244F03C92B230
:10063000AC4219D8491C8B42F4D841F288318A4225
:1006400012D80A4A0021A2F8FB3007E000EB41046F
:1006500002EB4103491C6488A3F8FD4003888B42E8
:10066000F4D830BCF0F7F4BC30BC70471C06002452
:1006700006490A78AA2A08D0CA7EAA2A05D055288F
:1006800001D0AA2801D181F8F60070471C06002489
:100690000A88963AB2F5FA7F02D80A88A0F80320B1
:1006A0004988A0F80510704700B541EC100B2DEDFE
:1006B000028B83B0B1EEC08B18EE100A18EE901AC0
:1006C0008DED008B002818BF0120084320F000406A
:1006D000C0F17F6000F1E040C00F14D010EE101A9E
:1006E00010EE900A8DED000B002918BF0121084380
:1006F00020F00040C0F17F6000F1E040C00F04BF77
:100700000120FCF7F9FE51EC180B03B0BDEC028B95
:1007100000BD70B50446007801250E4620B10128C1
:1007200009D00325284670BD0120207000F0B0FEDE
:10073000C4F80100F6E700F0ABFED4F80110401A4F
:10074000B042EFD9032020700546EBE703460020B6
:10075000024610B503E09C5C521C2044C0B28A42A1
:10076000F9D310BD70B50D46134945F25A464FF006
:100770001C0314004FF014020E800E4608718B709B
:10078000CA704C7104D0B01D22462946EFF735FEE1
:1007900021462846FFF7DAFF31195A2304F10902EE
:1007A0008871FE24CB71D2B20C72BDE87040024950
:1007B0000248F8F7D3BB000084010024741200241F
:1007C00010B5FFF7A3FD0548017B042905D10221DF
:1007D000017300F06FFAFBF72BFE10BD4C000024F4
:1007E000014901200870704728000024D0E9013237
:1007F00001699A60D0E901235A604A68824201D1B6
:1008000082684A60002202610868401E0860086829
:100810007047000010B5044C8023046004F15C00B4
:100820000860136010BD0000341B002410B5044C98
:100830004FF48073046004F15C000860136010BD25
:10084000901D00244FF0FF3300F108010022C0E9A1
:1008500001130260C16001617047002101617047AE
:1008600030B50B685A1C02D000F1080202E00269A0
:1008700004E02246546825689D42FAD953684B60CB
:1008800099608A60516008610168491C016030BD4F
:1008900042684A6093688B60936859609160086110
:1008A0000168491C01607047502080F31188BFF334
:1008B0004F8FBFF36F8F0A494868401C486001287A
:1008C0000CD10848006810F0FF0F07D0502080F3CB
:1008D0001188BFF34F8FBFF36F8FFEE770470000A3
:1008E0006C01002404ED00E00849486828B1401E6E
:1008F000486001D180F311887047502080F311883F
:10090000BFF34F8FBFF36F8FFEE700006C01002431
:1009100070B500282AD0164DA0F1080461686869F6
:10092000014207D1502080F31188BFF34F8FBFF3EE
:100930006F8FFEE722683AB1502080F31188BFF331
:100940004F8FBFF36F8FFEE78143616000F078F94E
:1009500060686968084468602046FFF7BBF9286949
:10096000401C2861BDE8704000F072BE70BD000000
:100970004C0100244FF0E020002101614FF47A7215
:100980008161072303490968B1FBF2F1491E416106
:1009900003617047E000002410B5EFF7E3FC114954
:1009A00010280ED300F1E0200A7890F8F00390426E
:1009B00007D2502080F31188BFF34F8FBFF36F8FA2
:1009C000FEE709488968006800F4E060884207D9BA
:1009D000502080F31188BFF34F8FBFF36F8FFEE776
:1009E00010BD00006C0100240CED00E0084B5FF02E
:1009F000000210B553F832401CB1521C082AF9D33A
:100A000010BD03EBC20443F83210606010BD00005B
:100A10001815002470B515460E460446FFF744FF2E
:100A200094F944100020491C01D184F8440094F941
:100A30004510491C01D184F84500FFF755FFA06B14
:100A400028B904F124002A46314600F099F82046DE
:100A5000BDE87040FFF7ECBA020010B514D00F48A3
:100A6000006B38B1502080F31188BFF34F8FBFF374
:100A70006F8FFEE700F0E4F800211046FEF736FF26
:100A800000F0E6FD002807D105494FF080500860CE
:100A9000BFF34F8FBFF36F8F10BD0000F80000242D
:100AA00004ED00E070B50546FFF7FEFE1E4C05B9EB
:100AB0002568281DFFF79AFEA86A18B105F11800ED
:100AC000FFF794FE606A401C60622068854207D18F
:100AD0001648291DFFF7DCFE6068401C606007E0D7
:100AE000A068401EA0602846FFF70BF8FFF720FA29
:100AF000FFF7FAFE6069002814D02068854211D102
:100B0000206B38B1502080F31188BFF34F8FBFF3B3
:100B10006F8FFEE706494FF080500860BFF34F8F9C
:100B2000BFF36F8F70BD0000F8000024F41900249B
:100B300004ED00E002490A6A0260C968416070473A
:100B4000F800002401490120C8617047F800002422
:100B500010B50C4650B1094909681831FFF780FEFD
:100B60002046BDE810400121FEF7C0BE502080F3B2
:100B70001188BFF34F8FBFF36F8FFEE7F80000249B
:100B800070B514460D4668B10A4909681831FFF777
:100B90007FFE0CB14FF0FF3521462846BDE870407E
:100BA000FEF7A4BE502080F31188BFF34F8FBFF330
:100BB0006F8FFEE7F800002430B587B0002405AA47
:100BC00004A9039403A80494FFF724FEDDE90301BC
:100BD00000940023CDE90110174815A1059A00F0F3
:100BE0001EFC164D0028E8621FD000F093FD01287E
:100BF00009D0401C19D1502080F31188BFF34F8FCA
:100C0000BFF36F8FFEE7502080F31188BFF34F8F43
:100C1000BFF36F8F01214FF0FF30A8626961EC6074
:100C200007B0BDE8304000F09DB807B030BD00000F
:100C300049444C450000000089FB0208F8000024EC
:100C40000248016B491C016370470000F800002452
:100C5000164810B5016B11B10121C16110BD002111
:100C6000C161134A016901E0B9B1491E01EB810379
:100C700052F82330002BF7D001EB810302EB830203
:100C800002F1080453685B685360A34201D15B68BA
:100C90005360DA680260016110BD502080F3118852
:100CA000BFF34F8FBFF36F8FFEE70000F800002403
:100CB0005815002410B588B04AF6AA201C210A460F
:100CC000ADF8000001A8ADF802100D49EFF795FB53
:100CD0000C4C202269462068F0F7DCFFB7EE000BD1
:100CE000FBF7BAFB94ED001A9FED072BB8EE411B02
:100CF00000EE021BBCEEC10B84ED000A08B010BD73
:100D00004C000024000000240000000000004040CF
:100D10007CB514460D46A022C0F302218DF80500D3
:100D20004FF480639C4242EA41018DF8041000D9DF
:100D30001C4602199A4201D94042C4B20848FF2613
:100D4000009601230DF10502F4F7ECFA9DF804106A
:100D5000234603482A460096F4F752FA7CBD000069
:100D6000040C002437481CB5374902688A4207D171
:100D7000502080F31188BFF34F8FBFF36F8FFEE7D2
:100D800031490068491E884207D1502080F31188FC
:100D9000BFF34F8FBFF36F8FFEE72C49FF200A7818
:100DA0000192087008788DF800009DF800209DF8E9
:100DB000000002F0F002824207D0502080F3118838
:100DC000BFF34F8FBFF36F8FFEE79DF80020072022
:100DD0001F4C02F050022270A06005E09DF8002038
:100DE00052008DF80020401E9DF800201206F5D418
:100DF0000328A06007D0502080F31188BFF34F8FE5
:100E0000BFF36F8FFEE74FF44070A0600198087049
:100E10000C482030016841F470010160016841F024
:100E200070410160FFF7A6FD00206060EFF762FAF5
:100E30000848016841F040410160EFF747FA00209F
:100E40001CBD000000ED00E071C20F4100E400E0B5
:100E50006C01002434EF00E0502010B580F31188BD
:100E6000BFF34F8FBFF36F8F00F018FB18B1044929
:100E70004FF080500860002080F3118810BD000002
:100E800004ED00E000210246012010B500F012F848
:100E90000446FEF7A9FE204610BD38B500220B46D9
:100EA00011460090012000F026F80446FEF79CFE53
:100EB000204638BDF8B5050017460E4613D005FB91
:100EC00006F05030FFF78CF904000AD0002084F8B7
:100ED000460004F150023B46314628460094FEF796
:100EE0008FFE2046F8BD502080F31188BFF34F8F4E
:100EF000BFF36F8FFEE7F8B5069D18B153B1CAB1C5
:100F000081B120E0502080F31188BFF34F8FBFF3F1
:100F10006F8FFEE7502080F31188BFF34F8FBFF330
:100F20006F8FFEE7502080F31188BFF34F8FBFF320
:100F30006F8FFEE739B1502080F31188BFF34F8FD8
:100F4000BFF36F8FFEE750241C46012683F84660EE
:100F500000932B46FEF754FE2046F8BD2DE9F047DE
:100F600004008A4629D0FFF79FFC21680025D4E9B8
:100F70000F23D4F840C004F1100810460E46401E5E
:100F80004FF0FF3902FB031200FB0C10BAF1000F07
:100F9000A563666084F8449084F84590C4E9022013
:100FA00013D04046FFF74EFC04F12400FFF74AFC43
:100FB000FFF79AFC0120BDE8F087502080F31188EC
:100FC000BFF34F8FBFF36F8FFEE720690028EFD08C
:100FD000404600F005FB0028EAD004494FF080505D
:100FE0000860BFF34F8FBFF36F8FE1E704ED00E0C0
:100FF0002DE9FF4704001D4682B08A464FF00008E5
:1010000003D0BAF1000F08D011E0502080F311880E
:10101000BFF34F8FBFF36F8FFEE7206C38B15020C6
:1010200080F31188BFF34F8FBFF36F8FFEE7022D60
:101030000AD1E06B012807D0502080F31188BFF35C
:101040004F8FBFF36F8FFEE700F014FA3F4F4FF062
:1010500080564FF0000948B9049838B1502080F309
:101060001188BFF34F8FBFF36F8FFEE7FFF71CFCB4
:10107000A06BE16B884207D3022D05D00498D0B154
:10108000B8F1000F1AD01EE02A4651462046FEF75E
:1010900002FD616A19B104F1240000F0A1FA20B147
:1010A0003E60BFF34F8FBFF36F8FFFF71DFC012032
:1010B00006B0BDE8F087FFF717FC22E06846FFF7AF
:1010C00039FD4FF00108FFF70FFCFFF7B9FDFFF7FF
:1010D000EBFB94F94400401C01D184F8449094F94E
:1010E0004500401C01D184F84590FFF7FDFB04A9A1
:1010F000684600F02BF930B12046FEF799FF00F06A
:10110000A7FA0020D4E7FFF7CFFBA06BE16B884282
:1011100013D1FFF7E9FB049904F11000FFF718FD64
:101120002046FEF785FF00F093FA00289ED13E602E
:10113000BFF34F8FBFF36F8F98E7FFF7D5FB2046C4
:10114000FEF776FF00F084FA90E7000004ED00E07F
:101150002DE9F04704001F469046894603D0B9F1B7
:10116000000F08D011E0502080F31188BFF34F8F9B
:10117000BFF36F8FFEE7206C38B1502080F31188E9
:10118000BFF34F8FBFF36F8FFEE7022F0AD1E06BE3
:10119000012807D0502080F31188BFF34F8FBFF391
:1011A0006F8FFEE7FFF7F8FB5020EFF3118680F317
:1011B0001188BFF34F8FBFF36F8FA06BE16B884235
:1011C00006D3022F04D0002086F31188BDE8F087F3
:1011D00094F94550A06B3A4649462046FEF75BFC21
:1011E000681C04D06D1C84F845500120ECE7606A4F
:1011F0000028FAD004F1240000F0F2F90028F4D01D
:10120000B8F1000FF1D00121C8F80010EDE700009F
:101210002DE9F74704008A4683B04FF0000603D05B
:10122000BAF1000F08D011E0502080F31188BFF30D
:101230004F8FBFF36F8FFEE7206C38B1502080F3E3
:101240001188BFF34F8FBFF36F8FFEE700F012F9E5
:10125000DFF8F4804FF080574FF0000948B9059847
:1012600038B1502080F31188BFF34F8FBFF36F8FD9
:10127000FEE7FFF719FBA56BC5B151462046FEF707
:10128000F7FB6D1EA563206950B104F1100000F05A
:10129000A7F928B1C8F80070BFF34F8FBFF36F8F65
:1012A000FFF722FB012006B0BDE8F087059808B1E2
:1012B0001EB106E0FFF718FB27E06846FFF73AFC8F
:1012C0000126FFF711FBFFF7BBFCFFF7EDFA94F9DE
:1012D0004400401C01D184F8449094F94500401C1E
:1012E00001D184F84590FFF7FFFA05A9684600F0A0
:1012F0002DF8002820460AD0FEF79AFE00F0A8F943
:101300002046FEF72BFD0028B3D00020CBE7FEF7E8
:1013100025FD90B1059904F12400FFF719FC204642
:10132000FEF786FE00F094F90028A2D1C8F80070FC
:10133000BFF34F8FBFF36F8F9BE72046FEF778FE1A
:1013400000F086F995E7000004ED00E02DE9F0419A
:1013500005000C4612D0CCB1FFF7A6FA184E206853
:10136000F268471C6B68A2EB030117D02F68366A3E
:10137000B74215D0934213D801251CE0502080F3CA
:101380001188BFF34F8FBFF36F8FFEE7502080F3BC
:101390001188BFF34F8FBFF36F8FFEE700250AE080
:1013A000884205D9401A20602846FFF7C3FBF5E7BD
:1013B000002020600125FFF797FA2846BDE8F0815C
:1013C000F80000242DE9FF5F994616468A468346B9
:1013D0009000DDE90E87FEF703FF05001CD05C20BE
:1013E000FEF7FEFE040014D00020256384F85900A7
:1013F0004B46CDE90087CDE902403246514658467A
:10140000FEF70FFC2046FEF79FFA012004B0BDE86E
:10141000F09F2846FFF77CFA4FF0FF30F6E7F0B573
:1014200085B0DDE90B740A9DA7B1DCB15C262763AA
:10143000022684F85960002703970DF1100C0095DF
:10144000CDE901C4FEF7EDFB2046FEF77DFA0498D6
:1014500005B0F0BD502080F31188BFF34F8FBFF36C
:101460006F8FFEE7502080F31188BFF34F8FBFF3DB
:101470006F8FFEE70548416919B1006B18B1002074
:10148000704701207047022070470000F8000024D8
:101490000148C06870470000F80000242DE9F041C1
:1014A0002E4C206B002728B1A069401CA061384653
:1014B000BDE8F081E668761CE66013D1606B0068D9
:1014C00038B1502080F31188BFF34F8FBFF36F8F77
:1014D000FEE7606BA16B6163A063206A401C206221
:1014E000FEF726FDDFF87880A06A864209D3606B9C
:1014F0000068A0B1606BC068C5686868864211D298
:10150000A0622068C06A00EB800158F82100012821
:1015100000D90127E0690028C9D00127C7E74FF0AB
:10152000FF30EDE7281DFFF761F9A86A18B105F152
:101530001800FFF75BF9E86A2169884200D9206149
:1015400000EB800108EB8100291DFFF7A1F920685D
:10155000E96AC06A8142CAD30127C8E7F8000024BB
:101560005815002470B504464FF0000190B31A4D91
:101570002868844207D0502080F31188BFF34F8F32
:10158000BFF36F8FFEE7206D38B1E36C401EE26A57
:1015900020659A421ED040B11CE0502080F3118893
:1015A000BFF34F8FBFF36F8FFEE7201DFFF71EF9CC
:1015B000E06CC0F13801A161E0622969884200D97C
:1015C000286100EB8000054901EB8000211DFFF739
:1015D0005FF90121084670BDF80000245815002469
:1015E00070B5C068C46854B104F118000646FFF72E
:1015F000FDF8144D286B50B11348314615E05020CA
:1016000080F31188BFF34F8FBFF36F8FFEE7201D6C
:10161000FFF7ECF8E06A2969884200D9286100EBFD
:1016200080000A4901EB8000211DFFF731F9E06AD3
:101630002968C96A884203D90121E961084670BD59
:10164000002070BDF8000024E01900245815002483
:101650002DE9F0472C4D286B0024274638B1FFF7C1
:1016600023F9286B401E2863286B40B147E05020C7
:1016700080F31188BFF34F8FBFF36F8FFEE7234EC8
:101680000120A968D9B3A6F5916980463068E0B118
:10169000F068C46804F11800FFF7A8F8201DFFF7F0
:1016A000A5F8E06A2969884200D9286100EB800129
:1016B00009EB8100211DFFF7EBF8E06A2968C96A90
:1016C0008842E3D3C5F81C80E0E70CB1FEF730FC9C
:1016D000AC694CB14FEA0806FFF7E0FE00B1EE61DD
:1016E000641EF9D10020A861E86940B108490127CA
:1016F0004FF080500860BFF34F8FBFF36F8FFFF73D
:10170000F3F83846BDE8F087F8000024E01900241B
:1017100004ED00E010B586B0FEF77EF9114C2068AC
:10172000B8B10020039005AA049004A903A8FFF70C
:101730007DF8DDE90321022000238DE807000C4835
:1017400009A1059AFFF76BFE606010B106B0012099
:1017500010BD502080F31188BFF34F8FBFF36F8F00
:10176000FEE7000034010024546D722053766300BC
:101770000D0003082DE9FF411E46134602004FF0FD
:1017800000000A9D16D0144C2768002F0FD00629A0
:101790000292CDE9001317DAFFF76CFE02284FF032
:1017A00000030FD0002220686946FFF721FC04B037
:1017B000BDE8F081502080F31188BFF34F8FBFF355
:1017C0006F8FFEE72A46EEE7002332466946384629
:1017D000FFF7BEFCEBE7000034010024581A0308B1
:1017E00000000000000000000000000000000000F9
:1017F00000020000180000000000000000000000CF
:10180000341A03080000000000000000000000007F
:1018100000000000000200001800000000000000AE
:10182000000000004C1A0308000000000000000047
:10183000000000000000000000020000180000008E
:101840000000000000000000281A0308000000004B
:101850000000000000000000401A03080000000023
:101860000000000000000000000610160006101620
:101870000001020304050607080C1014182030406C
:101880000000000000000000000000000000000058
:101890000000000001000000020000000300000042
:1018A000040000000000000005000000000000002F
:1018B0000000000000000000060000000000000022
:1018C000000000000000000007000000010002000E
:1018D0000400060008000A000C0010002000400070
:1018E0008000000101010103070100000804020457
:1018F00008010101000000000102030401020304C9
:101900000607080900000000000000000000E03F9A
:10191000000000000000E0BF0000E0FE422EE63FB5
:101920000000E0FE422EE6BF763C7935EF39EA3D15
:10193000763C7935EF39EABD3E5555555555C53F8D
:1019400093BDBE166CC166BF2CDE25AF6A56113F33
:10195000F16BD2C541BDBBBED0A4BE726937663E35
:1019600004FA97999999D93FAF788E1DC571CC3FEC
:101970009FC678D0099AC33F935555555555E53FB5
:10198000599322942449D23FDE03CB966446C73F45
:1019900044523EDF12F1C23F000000000000F03F61
:1019A000000000000000F83F000000000000000000
:1019B0000000004003B8E23F00000000000000000B
:1019C00006D0CF43EBFD4C3E033333333333E33F99
:1019D000FFAB6FDBB66DDB3F4D268F515555D53FC5
:1019E00001411DA96074D13F65DBC9934A86CD3F93
:1019F000EF4E454A287ECA3F3E5555555555C53F81
:101A000093BDBE166CC166BF2CDE25AF6A56113F72
:101A1000F16BD2C541BDBBBED0A4BE726937663E74
:101A200000000000000000006D794D75746578308D
:101A3000310000006D795461736B3032000000009A
:101A40006D794D7574657830320000006D795461A0
:101A5000736B30330000000064656661756C74540C
:101A600061736B00841A03080000002484010000E5
:101A7000360A0208C41A0308840100246C620000BC
:101A8000E8D40208214B0E08041122034B604104E4
:101A90004BE04004011506173F0AD7233C19486A5A
:101AA0000250013113200BBC2495044D0135320145
:101AB00082103C90D00304BCC073450401771AAA7D
:041AC0000101100010
:02000004080EE4
:10000000AAAA1C00000000080000020800000E0858
:1000100000000000A5A5A5A5C41A01000B12E191DE
:1000200000000000000000000000000000000000D0
:1000300000000000000000000000000000000000C0
:1000400000000000000000000000000000000000B0
:1000500000000000000000000000000000000000A0
:100060000000000000000000000000000000000090
:100070000000000000000000000000000000000080
:100080000000000000000000000000000000000070
:100090000000000000000000000000000000000060
:1000A0000000000000000000000000000000000050
:1000B0000000000000000000000000000000000040
:1000C0000000000000000000000000000000000030
:1000D0000000000000000000000000000000000020
:1000E0000000000000000000000000000000000010
:1000F0000000000000000000000000000000000000
:1001000000000000000000000000000000000000EF
:1001100000000000000000000000000000000000DF
:040000050800029954
:00000001FF