:020000040802F0
:10000000506300246D030208959B0208398B020897
:10001000939B0208590B020809BE02080000000069
:10002000000000000000000000000000AD02020817
:10003000351202080000000009030208BDA50208ED
:100040008B0302088B0302088B0302088B03020850
:100050008B0302088B030208411302084F130208A6
:100060008B0302088B0302088B030208A90D020808
:10007000B50D0208C10D02088B0302088B030208AC
:100080008B0302088B0302081509020829140208D1
:100090008B0302088B0302088B0302088B03020800
:1000A0008B0302088B0302088B0302088B030208F0
:1000B0007DAA020889AA020895AA02088B030208F1
:1000C0008B0302088B0302088B0302088B030208D0
:1000D0008B030208FDBD02088B0302088B03020894
:1000E000471302088B030208000000008B0302087C
:1000F0008B0302088B0302088B0302088B030208A0
:100100008B0302088B0302088B0302088B0302088F
:100110008B0302088B030208A1AA02088B030208C2
:10012000CD0D0208D90D0208E50D0208F10D0208F7
:100130008B0302088B0302088B0302088B0302085F
:1001400000000000000000000000000000000000AF
:100150008B0302088B0302088B0302088B0302083F
:100160008B0302088B0302088B0302088B0302082F
:100170008B0302088B0302088B03020800000000B7
:100180008B0302088B0302088B0302088B0302080F
:100190008B0302088B0302088B0302088B030208FF
:1001A0008B0302088B0302088B0302088B030208EF
:1001B0008B0302088B0302088B0302088B030208DF
:1001C0008B0302088B0302088B0302088B030208CF
:1001D0008B0302088B0302088B0302088B030208BF
:1001E0008B0302088B0302088B0302088B030208AF
:1001F0008B0302088B0302088B0302088B0302089F
:100200008B0302088B0302088B0302088B0302088E
:100210008B0302088B0302088B0302088B0302087E
:100220008B0302088B0302088B0302080000000006
:100230008B0302088B03020800000000CD060208B1
:100240008B0302088B0302088B0302088B0302084E
:100250008B0302088B0302088B0302088B0302083E
:100260008B0302088B0302088B0302088B0302082E
:100270008B0302088B0302088B03020800000000B6
:100280008B0302088B0302088B03020800000000A6
:10029000000000008B030208DFF80CD000F07CF9AE
:1002A0000048004785E40208506300242C4B19687D
:1002B0000868B0E8F04F80F30988BFF36F8F4FF004
:1002C000000080F3118870470000000008480068B3
:1002D000006880F308884FF0000080F3148862B64D
:1002E00061B6BFF34F8FBFF36F8F00DF00BF00BF5A
:1002F00008ED00E0DFF80C00016841F470010160D6
:10030000704700BF88ED00E0EFF30980BFF36F8F07
:10031000134B1A681EF0100F08BF20ED108A20E959
:10032000F04F106009B44FF0500080F31188BFF314
:100330004F8FBFF36F8F0FF095FC4FF0000080F3ED
:10034000118809BC19680868B0E8F04F1EF0100F5A
:1003500008BFB0EC108A80F30988BFF36F8F704735
:10036000E4000024EFF30580704700000748804751
:100370000748804707480047FEE7FEE7FEE7FEE73D
:10038000FEE7FEE7FEE7FEE7FEE7FEE70D140208E4
:1003900081A60208990202082DE9F05F05460020B7
:1003A00092469B4688460646814640241BE02846E6
:1003B00041464746224600F053F853465A46C01A73
:1003C000914110D311461846224600F03AF82D1AF2
:1003D00067EB01084F4622460120002100F031F86A
:1003E00017EB00094E41201EA4F10104DFDC484652
:1003F00031462A464346BDE8F09F40EA01039B0789
:1004000003D009E008C9121F08C0042AFAD203E089
:1004100011F8013B00F8013B521EF9D27047D2B2ED
:1004200001E000F8012B491EFBD270470022F6E7DD
:1004300010B513460A4604461946FFF7F0FF20465A
:1004400010BD202A04DB203A00FA02F10020704798
:100450009140C2F1200320FA03F319439040704702
:10046000202A04DB203A21FA02F00021704721FA09
:1004700002F3D040C2F12002914008431946704770
:1004800070B521F0004303430CD0C1F30A5500249A
:10049000D5EB040564EB0403D617AD1AB34102DBB8
:1004A0000020014670BD201841EB025170BD0000D4
:1004B0002DE9F041054621F000400C46284309D0C3
:1004C000C4F30A5040F23341884205DD28462146F4
:1004D000BDE8F0812846FBE740F2FE31884210DC9F
:1004E0000CDB4FEA043040EA155050EA053105D0E4
:1004F000104804F0004101430020E9E700200146D4
:10050000E6E7A0F233404642C6F1400228462146C3
:10051000FFF797FF07468846284621463246FFF7F1
:100520009FFF43463A4600F049F83246BDE8F041A5
:10053000FFF787BF0000F03F70B5044601F00045AB
:100540000020054304D14FF00045644265EB0101F2
:1005500003F00045284305D118464FF000435242AE
:1005600063EB0003101B73EB010002D24FF000405D
:1005700009E082EA040283EA01034FF000501A43C3
:1005800001D14FF0C0404FEA2062EFF3008162F3E7
:100590001F6181F3008870BD064C074D06E0E068DE
:1005A00040F0010394E8070098471034AC42F6D3BA
:1005B000FFF776FE2C0A03084C0A030810B5141E38
:1005C00073F1000408DA401C41F1000192185B410C
:1005D0001A4301D120F0010010BD2DE9F04D9246E3
:1005E0009B4611B1B1FA81F202E0B0FA80F22032FA
:1005F0009046FFF726FF04460F4640EA0A0041EA0C
:100600000B0153465A46084313D0114653EA0100E2
:1006100019D0C8F140025046FFF722FF05460E46AA
:10062000504659464246FFF70CFF084305D00120CB
:1006300004E020463946BDE8F08D0020054346EA37
:10064000E0762C4337430A986305E40AA0EB0800E0
:100650000022FD0A44EA47540A3002D50020014630
:10066000E9E7010510196941DDE90845001969410B
:10067000BDE8F04DA2E770B58C1810F8015B15F0DD
:10068000070301D110F8013B2A1106D110F8012B04
:1006900003E010F8016B01F8016B5B1EF9D12B0729
:1006A00005D40023521E0DD401F8013BFAE710F8DF
:1006B000013BCB1A921C03E013F8015B01F8015BCC
:1006C000521EF9D5A142D8D3002070BD014801F0D7
:1006D00029BD00005C09002470B53A490546006850
:1006E000884202D0384A904202D1D1F8080302E091
:1006F0003648D0F8080310F4403F11D006F030F827
:1007000004466868B0F5803F06D0B0F5003F03D0DE
:10071000B0F5403F27D101E0000C18E0A40822E02A
:1007200000214FF4002005F085F804466868810335
:10073000890B18D181140C2915D2DFE801F01406B9
:1007400006060606060B0D0F1113800C4000B4FBC5
:10075000F0F408E0240906E0640904E0A40902E0DA
:10076000E40900E0240A04F02DFA41F20301884272
:1007700008D8174884422868816813D821F480710A
:10078000816070BD13496008884204D82868816878
:1007900021F44071F4E71049884206D8286881683E
:1007A00021F4407141F48071EAE70C4988422868DD
:1007B000816804D821F4407141F40071E0E741F40C
:1007C0004071DDE700200240002102400060025835
:1007D000002D3101105E5F0020BCBE0040787D011D
:1007E00010B5846B616D11F0500F06D0616DC906B4
:1007F00025D5204601F095FC10BD606D40F40070D9
:10080000606520680168090707D508F023FC90B1EE
:100810002068C068800403D50DE0C06880070AD155
:10082000606D20F480706065606DC00403D4606DFD
:1008300040F001006065204601F014FC10BDE16C41
:10084000C96CBDE81040084710B5806B416D41F0A0
:1008500040014165816D41F00401816501F061FC59
:1008600010BD10B5806B01F05BFC10BD70B5044687
:100870000068816811F0010F40D18168204A11425F
:100880002DD18168D5432940491C816004F0A0F92D
:100890001C49064620681C4B884201D0984201D171
:1008A0001A4A00E01A4A9268984202F01F0200D0E9
:1008B000014681421DD0E2B120E0816811F0010FB4
:1008C00003D181682940491C816004F081F9801BB3
:1008D00002280ED920680068C043C00709D0606DA7
:1008E00040F010006065A06D40F00100A06501209F
:1008F00070BD20680168C943C907DED1002070BD02
:100900003F000080002002400021024000230240FE
:1009100000630258044810B501F004FCBDE8104023
:10092000024801F0FFBB000094080024F8080024EE
:100930001CB5A52040F2FF34012269468DF8040061
:10094000204600F01EF89DF80000A52815D00A20CA
:100950000DF036FE0122204601A900F047F80A20DA
:100960000DF02EFE01226946204600F00AF89DF89F
:100970000000A52803D000201CBD01201CBD0220C2
:100980001CBD10B5012A0C4603D9BDE810400FF07C
:10099000A3B900F003F8207010BD00003EB5010AB5
:1009A00000228DF80410A0258DF8050001F0070045
:1009B000FF248DF808200123009445EA40010A48ED
:1009C0000DF1050204F052FA9DF80400012302AA79
:1009D000009400F0070045EA4001034804F0B4F930
:1009E0009DF808003EBD00000C0C00242DE9F041EC
:1009F0000F46054600F00F0100F00F00C1F1100492
:100A0000C0F11000A242A2EB000002D9C0F3071609
:100A100001E04FF0000605D9C6F1000100EB01101E
:100A2000C0B201E04FF00000012A804637D94FF4F0
:100A30008060824200D90246A918814201D96842E9
:100A4000C2B2A24228D93A462146284600F05AF8B6
:100A5000281985B2052027440DF0B2FD00240CE0D2
:100A600010213A46284600F04DF81035ADB2052069
:100A700010370DF0A5FD641CE4B2B442F0D305209C
:100A80000DF09EFDB8F1000012D03A46014628460E
:100A9000BDE8F04100F036B8D1B23A46F7E7394642
:100AA000284600F01BF8BDE8F04105200DF088BD98
:100AB000BDE8F0812DE9F041002415460E460746B9
:100AC00008E0381980B2311900F008F805200DF05F
:100AD00077FD641CAC42F4D3BDE8F0813EB501253E
:100AE0004FF0FF34C2B22B46C0F302200294CDE98E
:100AF0000015A02141EA4001014804F05DFA3EBD25
:100B00000C0C00243EB5102913464FEA1024C2B243
:100B100000D910214518B5F5806F01D94142C9B2FD
:100B200000F00F050D44102D04D9084400F00F000B
:100B3000081AC1B24FF0FF3000930123CDE9011034
:100B400004F00700A02141EA4001024804F034FA11
:100B50003EBD00000C0C0024FEE700001E4810B54E
:100B60009FED1E4B9FED1F2BB0F8F7304FF4FA743A
:100B70001E4A00EE103A9FED1E1B02F10801B8EE6E
:100B8000400B1460B0F8F930B1EE043B84EE005B2A
:100B900085EE020B02EE103AB8EE424BB0EE412B5E
:100BA00004EE002BBCEEC22B82ED012AB0F8F3005C
:100BB00002EE100AB8EE422B02EE001BBCEEC11B87
:100BC00081ED001AB8EE411B00EE031BBCEEC10B19
:100BD00081ED010A10BD0000240600240000000081
:100BE000D01263410000000000408F40AC000024A0
:100BF0000000000000407F402DE9F047324901230A
:100C0000324D4FF4FA780E4642460020B1F8F940D2
:100C1000B1F8F370C5F80080B6F8FB6020E010F181
:100C20000100624401EB400CBCF8FDC0A445F6D9BC
:100C300004EB840C02EB4C0A01EB400C45F823A0BA
:100C40005B1CBCF8FD20DBB203F1010C121B401C45
:100C500002EB82090AEB490245F823200CF0FF035E
:100C60008642DFD804EB8400DFF864C05C1C02EB32
:100C70004002164845F82320603007EB8707E3B2AF
:100C8000ACF8003008EB47020260022332324260C7
:100C9000002412E001EB4405B5F8FD5005EB850595
:100CA00002EB4502323A40F823205D1CEBB23232AF
:100CB0005D1C40F82320641CEBB2A642EAD8ACF8D5
:100CC0000230BDE8F087000024060024900F0024C5
:100CD000A800002470B50A4DE86F02F0FBF800246C
:100CE00007E001200DF06CFC641CE86FE4B202F038
:100CF000F1F8012802D0322CF3D3002070BD00009F
:100D0000FC1100240A4B002130B408469970597731
:100D10000246C0EB021404EB42121A44401C0428A1
:100D200082F83810F4D30348016030BC0EF052BD95
:100D3000240600245B000024002805480A4603D04E
:100D40004FF4805103F039BF4FF48041FAE70000BF
:100D500000040258090541EA021141F0407100F017
:100D600001B8000038B50C4605460121FFF7E4FF45
:100D700000212846FFF7E0FF200E8DF80000210C2F
:100D80008DF80110220A8DF802200648C82304229B
:100D900069468DF8034006F0B3F901212846FFF7B4
:100DA000CBFF38BD600C0024014802F097B800006A
:100DB000C0090024014802F091B80000380A00245C
:100DC000014802F08BB80000B00A0024014802F08C
:100DD00085B8000024130024014802F07FB8000009
:100DE0009C130024014802F079B80000A00E0024F2
:100DF000014802F073B80000180F0024294A016866
:100E000091423AD0274A1832914236D0254A3032A0
:100E1000914232D0234A483291422ED0214A603248
:100E200091422AD01F4A7832914226D01D4A9032F0
:100E3000914222D01B4AA83291421ED01A4A9142B6
:100E40001BD0194A1832914217D0174A30329142BA
:100E500013D0154A483291420FD0134A6032914262
:100E60000BD0114A7832914207D00F4A903291420A
:100E700003D00D4AA832914211D1CAB21823103AB8
:100E8000B2FBF3F26FF30901032A02F00703074AEA
:100E9000D25CC26500D9091D81650846704721F002
:100EA000FF01F9E710000240100402403008030877
:100EB00030B5224A012301689142CAB21BD01F4CAF
:100EC0001434A14217D01D4C2834A14213D01B4C1E
:100ED0003C34A1420FD0194C5034A1420BD0174CD6
:100EE0006434A14207D0154C7834A14203D0134C8E
:100EF0008C34A1420CD11421114C083AB2FBF1F10F
:100F00000F4A803201F01F0504EB8101AB4010E075
:100F10000C4D1824103A0D44B2FBF4F1A82D00D862
:100F20000831094A01F01F0402EB8101064AA3407F
:100F30008032603080E80E0030BD00000854025856
:100F400000580258F0FBFDBF0008024010B50279BE
:100F5000531E072B2DD8174C0168A1421BD0154CEE
:100F60001434A14217D0134C2834A14213D0114C91
:100F70003C34A1420FD00F4C5034A1420BD00D4C49
:100F80006434A14207D00B4C7834A14203D0094C01
:100F90008C34A14203D10849074C443102E007498F
:100FA000064C443104EB8202C0E91B210121994027
:100FB000416710BD08540258FC580258FC08024012
:100FC00010B583694FF0C074826A0146002053B1A6
:100FD000B3F5005F15D072B1012A0CD0022A0AD0F5
:100FE000032A09D104E01AB1012A06D0022A03D14A
:100FF000C96AC90100D5012010BDC96AA142FAD051
:1010000010BD002AF7D0012AF2D0022AF3D0032A19
:10101000F3D010BD2DE9F04F804E804FDFF8FC91EA
:101020001836DFF8F8A148370468856D0AF1300AF0
:10103000DFF8ECB14C45DFF8ECC1DFF8ECE16DD046
:10104000B4426BD0544569D0BC4267D0DFF8D08140
:10105000A8F11808444561D05C455FD064455DD077
:1010600074455BD0DFF8C481444557D0DFF8BC81BC
:1010700008F11808444551D0DFF8B08108F1300874
:1010800044454BD0DFF8A48108F14808444545D0D9
:10109000DFF8988108F1600844453FD0DFF88C8183
:1010A00008F17808444539D0DFF8808108F19008CC
:1010B000444533D0DFF8748108F1A80844452DD0A9
:1010C000DFF86C81444529D0DFF8648108F1140809
:1010D000444523D0DFF8588108F1280844451DD045
:1010E000DFF84C8108F13C08444517D0DFF8408117
:1010F00008F15008444511D0DFF8348108F1640844
:1011000044450BD0DFF8288108F17808444505D024
:10111000DFF81C8108F18C08444509D1D0E9194851
:10112000C4F80480C46E1CB1D0E91C48C4F8048023
:1011300004684C452ED0B4422CD054452AD0BC4231
:1011400028D0374E183EB44224D05C4522D06445A6
:1011500020D074451ED0354EB4421BD0334E1836C5
:10116000B44217D0314E3036B44213D02F4E4836E9
:10117000B4420FD02D4E6036B4420BD02B4E783691
:10118000B44207D0294E9036B44203D0274EA83639
:10119000B44215D190F85C603F2406F01F06B440BD
:1011A000AC600468256825F4802525602EE09A60EF
:1011B0000068C160BDE8F08F99600068C260F9E71F
:1011C0001B4EB4421BD01A4E1436B44217D0184EE0
:1011D0002836B44213D0164E3C36B4420FD0144ECB
:1011E0005036B4420BD0124E6436B44207D0104E83
:1011F0007836B44203D00E4E8C36B442DAD190F831
:101200005C60012406F01F06B4406C6004686360F3
:101210008368402B0368CFD1C9E70000100002406B
:1012200088000240A0000240B800024010040240C2
:1012300008540258704700002DE9F04300232E485F
:1012400055214FF0A60C5FF0FA041D464FF07E5674
:1012500003EBC3025B1C02EB42073A18022BC15599
:10126000A2F80350C2F80B60C2F80F50C2F8136026
:10127000C2F81750A2F809C0A2F80740E8D3DFF877
:101280007CC0C3270023C8264FF07C591A46C3EB05
:10129000021808EB421202445B1C042B82F8361041
:1012A000A2F83B70A2F83960C2F84590C2F849C074
:1012B000C2F84D50EAD380F8F510642280F8F61099
:1012C000AA23A0F8F3200B2580F8F2304FF47A77A8
:1012D000A0F8FB505FF00002A0F8F770A0F8F960EA
:1012E00000EB4203521C0B2AA3F8FD40F8D380F810
:1012F0001F11BDE8F083000024060024CDCCCC3DB6
:101300000D4900200D4A08604FEA0001C1EB0113AE
:1013100003EB41131344491C042983F83800F5D327
:101320005FF0000101EBC103491C03EB43031344CD
:1013300002299870F6D370475B000024240600242D
:10134000012003F013BB4FF4006003F00FBB022039
:1013500003F00CBB28494FF4967210B501F5967056
:1013600007F011F825482649006888423AD02449F8
:101370001831884236D022493031884232D0204953
:10138000483188422ED01E49603188422AD01C49FB
:101390007831884226D01A499031884222D01849A3
:1013A000A83188421ED0174988421BD015491831F0
:1013B000884217D013493031884213D0114948313F
:1013C00088420FD00F49603188420BD00D497831E7
:1013D000884207D00B499031884203D00949A8318F
:1013E000884203D1016821F0080102E0016821F080
:1013F0000401016010BD0000D0100024241300245B
:10140000100002401004024072B6FEE7054805498C
:101410000839026842F00202026008688004FCD5C4
:10142000704700000C480258014802F099BD0000C6
:10143000280B0024F0B503684FF6FC716D4C426B2D
:10144000D3F884508D4345EA8205C3F8845003687D
:1014500053F8845F068F25F47F0545EA06451D6035
:10146000836B654D9F180268D2F888308B4343EA3E
:101470008703C2F88830026852F8883F868F23F4C9
:10148000FE0343EA06431360066856F8A03FC26BAA
:101490008B4307EB420243EA82033360076857F845
:1014A000A03FB0F8406023F4FE0343EA06433B60EC
:1014B000D0E9103603FB06220368D3F8B0608E43F0
:1014C00046EA8206C3F8B0600368B0F84860D3F813
:1014D000B07027F4FE0747EA0646C3F8B060D0E9CB
:1014E0001267036806FB0722D3F8AC608E4346EA16
:1014F0008206C3F8AC60D0E91467036806FB0722D4
:10150000D3F8F0608E4346EA8206C3F8F0600368C1
:10151000B0F85860D3F8F07027F47C1747EA064615
:10152000C3F8F0600368876D53F8C06F02EB4702A1
:101530008E4346EA820119600168B0F85C20D1F858
:10154000C03023F47C1343EA0242C1F8C020016892
:1015500090F86020D1F8C03023F07C5343EA026257
:10156000C1F8C020416B04EB8101C166826B01EBC5
:1015700082020267C36B02EBC3024267D0E91034F8
:10158000634302EB83028267D0E91234634302EBC8
:101590008302C267D0E91434634302EB8302C0F8CC
:1015A0008020836D02EBC303C0F88430C46D826E6B
:1015B000544303EB8403C0F88830046E544303EBB8
:1015C0008402C0F89020AA420AD9D0F89C200321B6
:1015D00042F02002C0F89C2080F898100120F0BD55
:1015E000002200E004C1D0F890308B42FAD80020ED
:1015F000F0BD000000AC0040FCD30040F0B58E68A8
:101600000C69D1E9005744EA0604DFB145F0804592
:101610002C43866ED1E906C54F695E4391F82030B0
:1016200045EA0C05B1F80CC0D0F884E0002047EA88
:1016300003630C4F1D430EEB860345EA0C45E3E8BC
:1016400002450AE044EA8544E3E71418155C001DEE
:10165000D4F8014045EA042410C3CC683C5D8442C0
:10166000F3D8F0BD3808030830B587B0054600242C
:10167000009400F0ADF901460120B5F1016FCDE90C
:10168000021000D30220059405A90190684602F0DB
:1016900091FF07B030BD000030B584240D4BCD075D
:1016A00044EA002007D0DC6824F4E664DC60DC68EF
:1016B00014430443DC6089070BD5D3F80C1121F4E3
:1016C000E661C3F80C11D3F80C1111430143C3F8C0
:1016D0000C1130BD00200052CB431D4A9B0720D087
:1016E000CB070AD0D36823F03003D360D368034319
:1016F000D360D36843F08803D360890710D5D2F84C
:101700000C1121F03001C2F80C11D2F80C11014378
:10171000C2F80C11D2F80C0140F08800C2F80C019C
:101720007047D16821F03001D160D2F80C1121F05E
:101730003001C2F80C11D1680143D160D2F80C110C
:101740000143C2F80C11906940F01000906170479D
:1017500000200052002A10B509D0002305E000BF88
:1017600010F8014B5B1C01F8014B9342F8D310BDFC
:101770002DE9F04704250E46804603F029FA022E93
:10178000814600D1274DDFF8A0A0284C05EA0A07C2
:1017900077B3D4F8100125EA00004000D0B1012E43
:1017A0002AD02349D4F81001084040F000404100FD
:1017B00026D020498A6910EA0A0F42EA00028A61AB
:1017C00001D1606103E020F00040C4F81401012061
:1017D000BDE8F087B8F1FF3FDAD003F0F9F9A0EBEC
:1017E0000901414502D8B8F1000FD1D10320EFE73C
:1017F000206925EA0000D1E70F4920690840D6E7B3
:10180000012E4FF4803007D0D4F81011C90301D550
:10181000C4F814010020DBE72169C903FAD560612F
:10182000F8E7000004000080F0FF10E00020005204
:101830000000EE97601400240000EE172DE9F04739
:101840000120154688B08A4680F31088002602F0F1
:10185000B3FF08B1761E55E0304C4FF00167208889
:10186000B0F5805F04D93846FFF7FEFE00202080E7
:101870004AF6AA2000EE105A60F30F08B3EE0C1BD4
:1018800065F31F48CDF80080B8EE400B0AF094FCD9
:10189000BCEEC00B01A8514610EE102AFEF7ADFDBC
:1018A000B8461C27218801206A4608EB411102F046
:1018B00023FF28B120886FF00106401C208021E022
:1018C000A5EB0709B9F1000F14DD20216846FEF7EA
:1018D000ADFD00EE109AB8EEC01B9FED110B0AF0A3
:1018E0006BFCBCEEC00B0AEB0701684610EE102A39
:1018F000FEF783FD20882037E91B401C2080203123
:101900000029CFDC02F0E0FE08B16FF002060020F3
:1019100080F3108808B03046BDE8F087000000244E
:1019200000000000000040402DE9F04188B016465C
:101930000F468046012080F31088002502F03CFF0E
:1019400008B16D1E2AE0404607F014FB10B1404676
:10195000FFF78AFE00241FE020216846FEF766FD9F
:10196000301B00EE100AB8EEC01B9FED120B0AF000
:1019700023FCBCEEC00B3919684610EE102AFEF7A6
:101980003CFD01206A4608EB040102F0B5FE10B1EF
:101990006FF0010502E02034A642DDDC02F094FE87
:1019A00008B16FF00205002080F3108808B02846C7
:1019B000BDE8F08100000000000040404FF00160F1
:1019C00010B500F071F80149088010BD0000002436
:1019D0000021A0F100634FF40032934245D3A0F1FF
:1019E0000163934241D322490144914203D32149E7
:1019F0000144914201D2012137E01F490144914243
:101A000003D31E490144914201D202212DE01C4919
:101A10000144914203D31B490144914201D2032165
:101A200023E019490144914203D3184901449142EA
:101A300001D2042119E016490144914203D315490A
:101A40000144914201D205210FE013490144914222
:101A500003D312490144914201D2062105E0104905
:101A60000144914200D30F49072108467047000006
:101A70000000FEF70000EEF70000FCF70000ECF7B6
:101A80000000FAF70000EAF70000F8F70000E8F7B6
:101A90000000F6F70000E6F70000F4F70000E4F7B6
:101AA0000000F2F700001E0870B55FF00004054664
:101AB0004AF6AA262DED028B9FED138B05EB441001
:101AC000006881B2B14215D1000C001D00EE100A71
:101AD000B8EE400B20EE080B0AF0C2F901EE104AF6
:101AE000B8EE411B30EE010BBCEEC00B10EE100A3D
:101AF00084B2E3E7401C02D0641CA4B2DEE7BDEC74
:101B0000028B204670BD0000000000000000A03FD6
:101B10007047704770477047704700002DE9F047E5
:101B20000F4690F850109AB0044601294FF0000972
:101B300015D00026DFF8F880012084F850001596B3
:101B40001696216841450ED13A4D0095284607F07A
:101B50007DFA8246206807F079FA60B10EE0022033
:101B60001AB0BDE8F087606D84F8506040F0200046
:101B700060650120F4E7BAF1000F09D0616D4FF004
:101B8000010941F020006065484684F85060E7E7AD
:101B900020684146884201D0A84201D1264800E091
:101BA000264840F61F72D7F800C0254BBCF1000F45
:101BB00023D0D0F808C0D7F804802CF4404C4CEA6D
:101BC000080CC0F808C0D4F800C08C4501D0AC4562
:101BD00007D18968AB6801F0010103F001031943E3
:101BE00002E0996801F001010029CDD1BD68396892
:101BF000836829439343194317E0876827F44047D4
:101C0000876027688F4201D0AF4207D18968AB68EF
:101C100001F0010103F00103194302E0996801F0AA
:101C200001010029B0D1816891438160ACE70000D7
:101C300000200240002102400023024000630258BD
:101C4000006002582DE9F84F0446EB4E0020DFF803
:101C5000ACB30090002794F850000D46DFF8A0A325
:101C6000012808D04FF0010984F85090206807F04F
:101C7000E9F918B171E10220BDE8F88F2868002861
:101C80000EDB21680303CA6928D090FAA0F0B0FAED
:101C900080F000BF00F01F0309FA03F00243CA619D
:101CA000D5E900124FF00C0C20681F23C1F38461AA
:101CB0000CEA921C02F01F02604493409140026BB8
:101CC0009A430A430263206807F0BCF98046206803
:101CD00007F0B4F958EA000003D08DE0C0F3846047
:101CE000D8E72A68042320684FF0070CA96803EAA4
:101CF000D25318444369C2F304520CFA02FC9140D7
:101D000023EA0C030B434361BE490968B9EB117F19
:101D100006D121686869C968C1F38201490008E0F9
:101D20002068C168C906C1686869F5D501F010016D
:101D300049088840296904292ED023682A6803EBC2
:101D4000810102F0F8420B6E024303F000401043A1
:101D50000866697E22682869012917D05FF00001B2
:101D600002EB8000026E22F000420A430266297EE6
:101D700020682A6901290CD00021036902F01F02A2
:101D8000914023F4F0420A43026135E04FF00041F4
:101D9000E6E74FF40061F0E720682978026E02F070
:101DA000F842B2EB816F03D1016E21F00041016670
:101DB00020682978426E02F0F842B2EB816F03D1BD
:101DC000416E21F00041416620682978826E02F060
:101DD000F842B2EB816F03D1816E21F00041816640
:101DE00020682978C26E02F0F842B2EB816F03D10D
:101DF000C16E21F00041C1662068816811F0010FB9
:101E000072D150F8C03F2A7BDFF8FCC1296802F08C
:101E100018022CFA02FCC1F3130823EA08030CEAA7
:101E2000010C43EA0C030360E96859456CD177481B
:101E30002268DFF8DCC1DFF8DCB18242DFF8D8E1EC
:101E40007648774BDFF8DC8122D12968614524D0C0
:101E5000B1EB4C0C38D0A1F1496CBCF1080C35D079
:101E6000A1F1865CBCF1100C32D0DFF8BCC1614539
:101E700028D071453AD0814230D0994232D06B4857
:101E8000814201D16A4831E041452ED169482DE0B7
:101E9000B2422AD12968614501D1012026E0A1F191
:101EA000066CBCF1040C0FD0A1F1496CBCF1080C1C
:101EB0000CD0A1F1865CBCF1100C09D0DFF868C130
:101EC000614507D15C4811E058460FE05B480DE0E2
:101ED0005B480BE0714509D0814201D1184605E00D
:101EE0009942D1D1574801E03CE00020D169030379
:101EF0001AD090FAA0F0B0FA80F000BF00F01F03F3
:101F000009FA03F00143D161D5F800C0BCF1000F1C
:101F100028DA3E4B20684C49DFF83091984201D0D6
:101F2000B04203D10A4602E0800EE7E74A469268D3
:101F3000984202F0E07201D0B04209D19D68D6F813
:101F4000088005F0010508F0010845EA080503E0EE
:101F5000DAF8085005F001054DB1606D012740F039
:101F600020006065002084F85000384684E6384D33
:101F7000AC451CD115021AD45045F3D1984202D079
:101F8000B04200D049468B6842F4000023F0E07272
:101F900002438A6030492F480968B1FBF0F04000E5
:101FA000801C00E0401E00900028FBD1DAE72B4D9A
:101FB000AC450CD1D5010AD45045D3D1984202D0BA
:101FC000B04200D049468B6842F080700EE0244D4C
:101FD000AC45C7D15502C5D45045C3D1984202D0B3
:101FE000B04200D049468B6842F4800023F0E07292
:101FF00002438A60B6E70000002102400000FF476C
:10200000006002580010005CFFFF0F00002002403B
:1020100002003004400020190004002A0008302E7D
:10202000001060320000844B2000F01400002143B7
:10203000000052470000B84F0002B0258000501D3C
:1020400000018021002090360023024000630258E6
:10205000000084CB400D0300CC000024000052C7D8
:102060000000B8CF2DE9F041284980460068284E8D
:10207000884213D1274F00255FF0000404EB85014F
:1020800004EB440037F8111006EBC0000AF03EFFE5
:10209000641C042CF2D36D1C072DEDD31E49D8F817
:1020A0000000884215D11B4F383700255FF000042F
:1020B00004EBC50104EB440006EBC00037F8111037
:1020C00060300AF023FF641C082CF1D36D1C072D2F
:1020D000ECD31249D8F80000884215D10D4FA8372B
:1020E0000025002404EB850104EB440006EBC0004E
:1020F00037F8111000F590700AF008FF641C042CEA
:10210000F0D36D1C072DECD3BDE8F0810020024018
:10211000EC020024B40700240021024000600258B1
:10212000704770472DE9F05F04460068066845680F
:10213000DFF87082DFF870B2DFF87092404501D0AE
:10214000484501D1584600E09948806800F01F07D3
:10215000B0070ED5A8070CD5606DC00603D4606D1E
:1021600040F4006060652046FFF7D2FC2168022041
:102170000860700701D5680703D4300737D52807F2
:1021800035D5606DC00603D4606D40F400706065A5
:10219000206806F05FFF20B32068484501D1424621
:1021A00000E00246824208D03FB1052F05D0092F3A
:1021B00003D0484503D1414602E0C16801E0014631
:1021C000C96889040DD4016809070AD506F03AFFE9
:1021D00058B3606D40F010006065A06D40F00100E4
:1021E000A0652046FFF73EFF21680C200860B0067E
:1021F00001D5A80603D4700658D5680656D5606D7B
:10220000C00603D4606D40F4005060652068C16C66
:1022100011F4C07F1AD000218A4606F01BFF024647
:102220002068484514D1434613E02068416821F0F6
:102230000C014160606D20F480706065606DC004C9
:10224000CFD4606D40F001006065CAE70121E3E78B
:102250000346834208D03FB1062F05D0072F03D095
:10226000484503D1414602E0C16801E00146C96822
:10227000BAF1000F14D08B0102D58AB18A040FD4B1
:10228000026852060CD589020AD406F0D7FEE8B3DC
:10229000606D40F010006065A06D40F00100A06529
:1022A0002046FFF736FC21686020086030060BD519
:1022B000280609D5606D40F480306065204600F046
:1022C0008DF9216880200860F0050CD5E8050AD555
:1022D000606D40F4003060652046FFF71CFC21680B
:1022E0004FF480700860B0050CD5A8050AD5606D64
:1022F00040F4802060652046FFF70EFC21684FF413
:1023000000700860F00631D5E80600E00AE02DD53F
:10231000206BE8B12068EFB3404501D0484512D1A9
:10232000584611E02068416821F060014160606D0D
:1023300020F480506065606DC005B1D4606D40F0E0
:1023400001006065ACE71A48806800F4404050B175
:10235000606D40F480606065A06D40F00200A06593
:102360002046FFF7DEFE216810200860700517D5B3
:10237000680515D5616D4FF4806041F48041616559
:10238000A16D41F00801A165216808602046BDE803
:10239000F05F00E001E0FFF7BDBBC0688007D6E753
:1023A000BDE8F09F002002400023024000210240CF
:1023B00000630258F8B54FF0000604003546009659
:1023C00002D0606D10B107E00120F8BD204600F09A
:1023D00007F9A66584F8506020688168C1F34071F0
:1023E00019B18168704A1140816020688168C1F329
:1023F000007181B981686D4A114041F0805181605E
:102400006C496B480968B1FBF0F0401C00E0401ECD
:1024100000900028FBD120688168C1F3007141B9A8
:10242000616D012541F010016165A16D41F001016F
:10243000A16506F007FE616DC90600D420B1606D8C
:10244000012540F0100093E0606D20F4807040F0B2
:10245000020060652068816811F0010F1FD1564AA3
:10246000564B904201D0984207D191689E6801F086
:10247000010106F00106314303E05149896801F08A
:10248000010161B9904201D0984201D14D4800E06C
:102490004D488268616822F47C120A43826002F02F
:1024A00091FB41F20301884202D9A06810280CD0A8
:1024B000617D227FA368206B490341EA02411843F2
:1024C0000843217F01290CD010E0607D227F216B21
:1024D000400340EA024241F01000104340F00C007B
:1024E000EFE7218C394A02EB41410843616A29B187
:1024F000A26A01F47871014342EA01002168344B79
:10250000CA681A400243CA60206806F09BFD06466E
:10251000206806F093FD30431DD1216844F2030387
:10252000267DE26AC86842EA863298431043C86052
:1025300094F8380001281ED02068016921F00101BB
:1025400001612068626B016921F0704111430161F2
:102550002046FEF7C1F8E068012820681CD0016B16
:1025600021F00F010163606D20F0020040F00100D6
:1025700060652846F8BD2068A28F164FD4E9101C6C
:10258000154E07EB0247A36C026941EA0C013B437D
:10259000324019431143D3E7A269016B521E21F067
:1025A0000F011143DEE70000C0FFFF5FC0FFFF7FA8
:1025B000400D0300CC000024002002400021024016
:1025C0000060025800230240006302580000FEFF32
:1025D00003C0F0FF0100FFFF1EF800FC7047000081
:1025E0002DE9F04F87B0064614216846FDF71EFF1F
:1025F000754A002472480325DFF8D0C14FF4806784
:102600003368083011684FF40069DFF8B48163451E
:10261000DFF8B0E14FF4005A4FF4807B01F1010183
:1026200035D1012911600AD1D8F8001041F02001FC
:10263000C8F80010D8F8001001F0200105910168D9
:1026400041F00101016000686946029400F0010058
:1026500005900F20CDE90005704602F093F95C4D1E
:102660004FF0090C5B4B05F10C0128462B60C5E9C6
:1026700001C481E8900E2C626C6256E0F564002281
:102680000521AE63122002F07FFE122092E0DFF8F7
:1026900048C1634550D1012911600AD1D8F8001012
:1026A00041F02001C8F80010D8F8001001F0200116
:1026B0000591016841F001010160016801F001012B
:1026C0000591016841F004010160016801F0040115
:1026D0000591016841F002010160006869460294B9
:1026E00000F002000590F020CDE90005704602F0F0
:1026F00049F930206946CDE900053848029402F0D6
:1027000041F9009569463648CDE9015402F03AF99D
:102710002F4D0A232F4A783518321CC5A5F10C001D
:1027200085E8900E6C61AC610C3D00F04BFF002819
:10273000A4D0FEF769FEA1E72A498B423CD101688B
:1027400041F080710160016801F0807105910168BC
:1027500041F00401016000686946009500F0040042
:1027600005901E48CDE9015402F00CF94FF080604D
:10277000014604F08BFF4FF00060014604F086FF35
:10278000134D73221349F035303116C5A5F10C00F5
:1027900085E8900E6C61AC610C3D00F013FF08B150
:1027A000FEF732FEF56400220521AE637F2002F0C1
:1027B000EBFD7F2002F0DBFD07B0BDE8F08F0000ED
:1027C000D84402580000025874000024002002403F
:1027D000C0090024100002400021024000080258F5
:1027E00000040258006002582DE9F047384E0446B4
:1027F00000689146DFF8DC808A46B04201D040454F
:1028000001D1354900E03549896801F01F0506F01E
:1028100019FC002859D194F85000012855D0012006
:102820004FF0000784F8500025B1052D02D0092D86
:1028300000D003E02046FEF719F818B184F8507074
:10284000BDE8F087616D40F601632068994340451B
:1028500041F48071616500D00646864200D01DB902
:10286000606D20F480106065606DC00404D5A06DBB
:1028700020F00600A06500E0A7651C20E16C184A66
:10288000CA63E26C17491164E26C1749D16421688C
:10289000086084F850702068416841F01001416080
:1028A0002068E16AC26822F003020A43C26021681C
:1028B0004B46E06C5246403101F066F821680B4B04
:1028C0008A681A40121D8A60BAE70220B8E7000041
:1028D0000020024000210240002302400063025811
:1028E000E10702086308020849080208C0FFFF7FE9
:1028F0002DE9F84F044602F06BF900903CB194F8D2
:102900003500022806D0802161650020E4E0012026
:10291000BDE8F88FC74DC74EC64918352068303618
:10292000DFF81483DFF814938842DFF814A3DFF88C
:1029300014B32ED0A8422CD0B0422AD0404528D083
:10294000484526D0504524D0584522D0BD4A18329B
:1029500090421ED0BC4A90421BD0BB4A18329042D3
:1029600017D0B94A3032904213D0B74A4832904219
:102970000FD0B54A603290420BD0B34A78329042C1
:1029800007D0B14A9032904203D0AF4AA832904269
:1029900009D1026822F01E0202602068426922F01A
:1029A0008002426103E0026822F00E0202602768A2
:1029B0008F4238464DD0A8424BD0B04249D0404516
:1029C00047D0484545D0504543D0584541D09D4A11
:1029D000183290423DD09C4A90423AD09A4A1832DE
:1029E000904236D0984A3032904232D0964A48329D
:1029F00090422ED0944A603290422AD0924A783245
:102A0000904226D0904A9032904222D08E4AA832EC
:102A100090421ED08D4A90421BD08C4A1432904274
:102A200017D08A4A2832904213D0884A3C329042CA
:102A30000FD0864A503290420BD0844A6432904282
:102A400007D0824A7832904203D0804A8C32974233
:102A500004D1206E026822F48072026075492068F9
:102A6000884228D0A84226D0B04224D0404522D067
:102A7000484520D050451ED058451CD071491831CA
:102A8000884218D07049884215D06F491831884261
:102A900011D06D49303188420DD06B4948318842A0
:102AA00009D069496031884205D067497831884248
:102AB00001D065499031016821F0010101600EE00B
:102AC00002F086F80099401A052808D9202262658C
:102AD0000321002084F8351084F8340017E73868A3
:102AE000C007EDD1534A0121206890422ED0A84260
:102AF0002CD0B0422AD0404528D0484526D0504559
:102B000024D0584522D04F4B183398421ED04E4BFC
:102B100098421BD04C4B1833984217D04A4B303355
:102B2000984213D0484B483398420FD0464B6033FD
:102B300098420BD0444B7833984207D0424B9033A5
:102B4000984203D0404BA833984208D194F85C7067
:102B50003F23A06D07F01F07BB40836007E094F898
:102B60005C30A06D03F01F0301FA03F3436020689B
:102B700090424DD0A8424BD0B04249D0404547D0BA
:102B8000484545D0504543D0584541D02D4A18328C
:102B900090423DD02C4A90423AD02B4A1832904273
:102BA00036D0294A3032904232D0274A48329042B9
:102BB0002ED0254A603290422AD0234A7832904261
:102BC00026D0214A9032904222D01F4AA832904209
:102BD0001ED01E4A90421BD01C4A1432904217D07D
:102BE0001A4A2832904213D0184A3C3290420FD0F1
:102BF000164A503290420BD0144A6432904207D0A9
:102C0000124A7832904203D0104A8C3290420BD153
:102C1000D4E919024260E06E30B1026822F4807299
:102C20000260D4E91C024260002084F8351084F868
:102C300034006DE61000024058000240700002406F
:102C400088000240A00002401004024008540258CC
:102C50002DE9F05F28B190F83510022904D08021C9
:102C600041650120BDE8F09F904C904B0168183CF5
:102C700018338E4ADFF83C92A1428D4CDFF838E2DF
:102C80008E4FDFF83CB2DFF83CA28F4D8F4E31D033
:102C900091422FD099422DD0A1422BD0494529D025
:102CA000714527D0B94225D0DFF810C20CF1180CBD
:102CB00061451FD0DFF808C2ACF1600C614519D046
:102CC000DFF8FCC1ACF1480C614513D0DFF8F0C16E
:102CD000ACF1300C61450DD0DFF8E4C1ACF1180C5B
:102CE000614507D0594505D0514503D0A94201D0CF
:102CF000B1422CD1DFF8B4C14FF0040880F8358020
:102D0000ACF1180C61451DD091421BD0994219D0ED
:102D1000A14217D0494515D0714513D0B94211D001
:102D20006648183081420DD065486038814209D02C
:102D300063484838814205D061483038814201D02B
:102D40005F481838086820F001000860ABE0D1F84F
:102D500000C02CF00E08DFF854C1C1F80080ACF1BF
:102D6000180C0168614527D0914225D0994223D0A3
:102D7000A14221D049451FD071451DD0B9421BD079
:102D8000DFF838C10CF1180C614515D0DFF830C1FF
:102D9000ACF1600C61450FD0DFF824C1ACF1480CF8
:102DA000614509D0DFF818C1ACF1300C614503D0A2
:102DB000DFF80CC1ACF1180CD1F800C02CF0010CFC
:102DC000C1F800C0DFF8E4804FF0010C0168A8F101
:102DD0001808414546D0914244D0994242D0A14280
:102DE00040D049453ED071453CD0B9423AD0334AF3
:102DF0001832914236D0324A603A914232D0304A4B
:102E0000483A91422ED02E4A303A91422AD02C4A4A
:102E1000183A914226D0594524D0514522D0A94292
:102E200020D0B1421ED02A4A91421BD0284A1432E7
:102E3000914217D0264A2832914213D0244A3C327C
:102E400091420FD0224A503291420BD0204A643234
:102E5000914207D01E4A7832914203D01C4A8C32EC
:102E6000914218D1016E0A6822F480720A6090F8CB
:102E70005C20816D02F01F020CFA02F24A60D0E978
:102E800019124A60C16E31B10A6822F480720A6078
:102E9000D0E91C124A600022016D80F835C080F82C
:102EA000342001B188470020DCE600002800024001
:102EB000580002407000024088000240A00002401A
:102EC0007004024088040240A0040240B80402409A
:102ED0000854025890F83500704700002DE9FC5F57
:102EE0000446F74E0020DFF8D88300904FF41652C6
:102EF000F44808F11808A56DDFF8C493DFF8C0A303
:102F0000016809F1300920680AF1480AB1FBF2F1C1
:102F1000B04201912F68D5F800C0DFF8ACB335D0CE
:102F20004146884232D0484530D050452ED0584591
:102F30002CD0E5491831884228D0E3493031884205
:102F400024D0E1494831884220D0E04988421DD050
:102F5000DE491831884219D0DC493031884215D019
:102F6000DA494831884211D0DFF860E30EF1600E93
:102F700070450BD0D54A7832904207D0D34B90336E
:102F8000984203D0D149A83188427DD194F85C2081
:102F9000082102F01F0201FA02F23A424AD0B0427E
:102FA00032D0404530D048452ED050452CD05845E1
:102FB0002AD0C54A1832904226D0C34A30329042B5
:102FC00022D0C14A483290421ED0C04A90421BD003
:102FD000BE4A1832904217D0BC4A3032904213D0C9
:102FE000BA4A483290420FD0B84A603290420BD071
:102FF000B64A7832904207D0B44A9032904203D019
:10300000B24AA832904203D1026802F0040202E000
:10301000026802F008026AB1026822F0040202604B
:1030200094F85C0000F01F008140A960606D40F0E2
:103030000100606594F85C00012100F01F008140F0
:10304000394240D02068B04234D0404532D0484563
:1030500030D050452ED058452CD09B4A1832904243
:1030600028D0994A3032904224D0974A4832904230
:1030700020D0964A90421DD0944A1832904219D0DE
:10308000924A3032904200E0AFE113D08F4A48328A
:1030900090420FD08D4A603290420BD08B4A7832EA
:1030A000904207D0894A9032904203D0874AA83292
:1030B00090427DD1406910F0800F04D0A960606D0E
:1030C00040F00200606594F85C00042100F01F00ED
:1030D000814039423ED02068B04232D0404530D0A5
:1030E00048452ED050452CD058452AD0764A183223
:1030F000904226D0744A3032904222D0724A4832EE
:1031000090421ED0714A90421BD0704A18329042B1
:1031100017D06E4A3032904213D06C4A48329042F7
:103120000FD06A4A603290420BD0684A783290429F
:1031300007D0664A9032904203D0644AA832904247
:103140004ED1006810F0020F04D0A960606D40F00D
:103150000400606594F85C00102100F01F008140BD
:10316000394258D02068B04234D0404532D048452A
:1031700030D050452ED058452CD0534A183290426A
:1031800028D0514A3032904224D04F4A483290429F
:1031900020D04E4A90421DD04C4A1832904219D04D
:1031A0004A4A3032904215D0484A4832904200E0B4
:1031B00014E00FD0454A603290420BD0434A783237
:1031C000904207D0414A9032904203D03F4AA83201
:1031D000904207D1006800F0080006E0006872E73E
:1031E0000068B7E7006800F00400A0B1A96020689B
:1031F0000168490304D50068000308D5A16C07E005
:103200000168C90503D4016821F008010160216C3F
:1032100009B12046884794F85C00202100F01F0087
:103220008140394279D02068B04232D0404530D018
:1032300048452ED050452CD058452AD0224A183225
:10324000904226D0204A3032904222D01E4A483244
:1032500090421ED01D4A90421BD01C4A1832904208
:1032600017D01A4A3032904213D0184A483290424E
:103270000FD0164A603290420BD0144A78329042F6
:1032800007D0124A9032904203D0104AA83290429E
:1032900003D1006800F0100002E0006800F00200B6
:1032A000B0B3A96094F835000428206801680FD0F5
:1032B00049037ED5006800032BD4616C2AE000002E
:1032C00010000240CC0000247000024010040240B4
:1032D00021F0160101602068416921F080014161FF
:1032E000206C08B9A06C20B12068016821F00801A9
:1032F000016094F85C303F21012003F01F0300229D
:103300009940A96084F8350084F83420216D65E087
:1033100003E0E16B09B120468847606D00287DD04D
:10332000606DC00759D02068042184F83510B04280
:103330002BD0404529D0484527D0504525D0584569
:1033400023D09D49884220D09B49183188421CD007
:1033500099493031884218D09849884215D0974908
:103360001831884211D09549303188420DD09349A7
:103370004831884209D091496031884205D08F494F
:103380007831884201D08D499031016821F00101E6
:10339000016020680099019A491C0091914202D86D
:1033A0000168C907F6D10068C00710D003200FE0FC
:1033B000FFE70168C905ACD403680121002223F0AE
:1033C0001003036084F8351084F83420A1E701204D
:1033D00084F83500002084F83400E16C00291DD009
:1033E00002B02046BDE8F05F0847754988421DD00D
:1033F00073491431884219D071492831884215D057
:103400006F493C31884211D06D49503188420DD00E
:103410006B496431884209D0694900E084E0783121
:10342000884203D066498C3188427DD194F85C8013
:103430000427016808F01F0807FA08F717EA0C0FBD
:10344000009746D04F0744D500980F04686003D515
:10345000C8033CD4A16CC1E7880638D42068B042C8
:103460002DD055496039884229D0484527D050454C
:1034700025D0584523D05049884220D04E49183194
:1034800088421CD04C493031884218D04B49884280
:1034900015D04A491831884211D048493031884204
:1034A0000DD046494831884209D0704507D0904236
:1034B00005D0984203D04149A831884203D1016820
:1034C00021F0080102E0016821F004010160216C93
:1034D00084E7022707FA08F717EA0C0F00974ED087
:1034E0008F074CD500980F04686003D5C80344D4F7
:1034F000616C73E7880640D42068B0422FD02E4913
:10350000603988422BD0484529D0504527D05845AE
:1035100025D02949884222D02749183188421ED017
:1035200025493031884200E044E018D023498842E0
:1035300015D022491831884211D0204930318842B3
:103540000DD01E494831884209D0704507D09042BD
:1035500005D0984203D01949A831884203D10168A7
:1035600021F0140102E0016821F00A01016001214B
:1035700084F83510002084F83400E16B2EE708222F
:1035800002FA08F212EA0C0F14D0090712D50168EA
:1035900021F00E01016094F85C100120002201F07E
:1035A0001F0100FA01F16960606584F8350084F854
:1035B000342012E7BDE8FC9F88000240100402405E
:1035C000085402582DE9F05F044601F001FB002C7D
:1035D00007467DD0E34E022120684FF00308DFF854
:1035E00088934FF00005DFF884A3B042DFF880B382
:1035F00034D0DC4A1832904230D048452ED0504565
:103600002CD058452AD0DA4A1832904226D0D84ACF
:103610003032904222D0D64A483290421ED0D54A0B
:1036200090421BD0D34A1832904217D0D14A303240
:10363000904213D0CF4A483290420FD0CD4A6032E8
:1036400090420BD0CB4A7832904207D0C94A903290
:10365000904203D0C74AA83290427DD184F83510F9
:10366000B04284F834502ED0BE49183188422AD056
:10367000484528D0504526D0584524D0BC4918315B
:10368000884220D0BA49303188421CD0B8494831EC
:10369000884218D0B749884215D0B64918318842B7
:1036A00011D0B449303188420DD0B24948318842F6
:1036B00009D0B0496031884205D0AE49783188429E
:1036C00001D0AC499031016821F00101016008E0AE
:1036D00027E100BF01F07CFAC01B052801D9202199
:1036E0001CE120680068C007F4D104F108002168DB
:1036F000D4E9053C8E4685C809681043D4E90728FB
:103700001F43636A38439C4F40EA0C001043394022
:1037100040EA0800042B40EA010003D1D4E90B126F
:1037200011430843954909686FF30F01B1F1005F38
:103730000FD36168A1F12902052A08D9163A032A94
:1037400005D9083A012A02D94F39032901D840F492
:103750008010CEF8000000E023E02068676A40692E
:10376000042F20F0070047EA00070DD1D4E90A0131
:10377000074349B12046FDF723FC28B1402060658E
:10378000012184F83510CCE0206847612046FDF720
:1037900035FB94F85C203F2102F01F0291408160CC
:1037A00054E0774A90421BD0754B1433984217D09F
:1037B000734B2833984213D0714B3C3398420FD04F
:1037C0006F4B503398420BD06D4B6433984207D007
:1037D0006B4B7833984203D0694B8C3398427DD140
:1037E00084F8351084F83450664B0168A26801EA09
:1037F000030E402A73D0802A72D00022D4E90378C5
:10380000D4E9053142EAD70242EAD8085C4AD4E951
:10381000077C48EAD30848EAD10141EAD70152427D
:1038200041EA1C11142341EA0E0101602068104492
:10383000B0FBF3F08000E0652046FDF7DFFA94F876
:103840005C20012102F01F02914041602068B042DB
:1038500057D044491831884253D0484551D050453B
:103860004FD058454DD042491831884249D040493F
:103870003031884245D03E494831884241D03D49A7
:1038800088423ED03B49183188423AD039493031DC
:10389000884236D037494831884232D03549603184
:1038A00088422ED03349783188422AD0314990312C
:1038B000884226D02F49A831884222D030498842F8
:1038C0001FD02F49143188421BD02D4928318842FE
:1038D00017D02B493C31884213D002E01DE017E09D
:1038E00018E02749503188420BD02549643188427D
:1038F00007D023497831884203D021498C3188424E
:1039000029D12046FDF7D4FAA06880280CD00CE01D
:10391000102273E74FF4804270E74021616584F81C
:1039200035800120BDE8F09F6560216E2079086038
:10393000D4E9190141606068401E072808D8204674
:10394000FDF704FBE06E0560D4E91C01416002E074
:10395000E566256765670120656584F83500002008
:10396000E0E7000010000240400002405800024022
:1039700070000240100402403F8010FE0010005C06
:10398000085402580F00FEFF2DE9F84F04008C4642
:103990004FF00000009014D094F83400012812D0A9
:1039A00094F835500120002184F83400012D0CD00A
:1039B000C00260650120009084F834100098BDE8D2
:1039C000F88F0120FBE70220F9E78C4D02262068E2
:1039D00084F83560A8428A4D61658A4E8A4FDFF8C7
:1039E0002C82DFF82C92DFF82CA2DFF82CB226D044
:1039F000A84224D0B04222D0B84220D040451ED0A8
:103A000048451CD050451AD0584518D083498842A3
:103A100015D082491831884211D08049303188420E
:103A20000DD07E494831884209D07C4960318842B6
:103A300005D07A497831884201D0784990310168BF
:103A400021F00101016061462046FDF7E3FA6B4970
:103A5000206888422CD0A8422AD0B04228D0B84250
:103A600026D0404524D0484522D0504520D0584546
:103A70001ED06A4A90421BD0684A1832904217D032
:103A8000664A3032904213D0644A483290420FD096
:103A9000624A603290420BD0604A7832904207D03E
:103AA0005E4A9032904203D05C4AA83290420CD1D8
:103AB000026822F01E0242F016020260206C88B1F9
:103AC0002068026842F008020BE0026822F00E0251
:103AD00042F00A020260206C20B12068026842F0C5
:103AE00004020260206888424BD0A84249D0B0420C
:103AF00047D0B84245D0404543D0484541D05045D5
:103B00003FD058453DD0454A90423AD0434A1832BA
:103B1000904236D0414A3032904232D03F4A483209
:103B200090422ED03D4A603290422AD03B4A7832B1
:103B3000904226D0394A9032904222D0374AA83259
:103B400090421ED0364A90421BD0354A14329042E1
:103B500017D0334A2832904213D0314A3C32904237
:103B60000FD02F4A503290420BD02D4A64329042EF
:103B700007D02B4A7832904203D0294A8C329042A7
:103B80000DD1206E0268D20303D5026842F4807220
:103B90000260E06E18B1026842F480720260206830
:103BA000884226D0A84224D0B04222D0B84220D0A9
:103BB00040451ED048451CD050451AD0584518D015
:103BC0001649884215D015491831884211D0134939
:103BD000303188420DD011494831884209D00F490F
:103BE0006031884205D00D497831884201D00B49B7
:103BF0009031016841F001010160DFE610000240F0
:103C0000280002404000024058000240700002407C
:103C100088000240A0000240B800024010040240A8
:103C20000854025810B590F89830012B09D0022B97
:103C300007D0D0F89C1041F00201C0F89C10012080
:103C400010BD03689C6D0C4203D1DC6D44F001048F
:103C500004E09C6D31EA04041FD00324DC658B056D
:103C600005D50368D3F8E0401443C3F8E0404B05A2
:103C700005D50368D3F8E4401443C3F8E440006872
:103C8000084A01EA0203446D074A1C434465106870
:103C900040EA91701060002010BDDC6D44F0020419
:103CA000DCE70000FFFFCF3F14A8004070B50446DA
:103CB00090F89800022804D0D4F89C0040F0080046
:103CC0000DE02068D0F8C03013F07C5F0BD0D0F846
:103CD000C4309B020CD5D4F89C0040F40070C4F8AA
:103CE0009C00012070BDD4F89C0040F02000F6E755
:103CF000D0F8C400C0F3044520462B46FDF77EFCF7
:103D000021680120A840C1F8D000C4F89400002028
:103D100070BD704770B590F89820012A09D0022A2A
:103D200007D0D0F89C1041F00201C0F89C1001208F
:103D300070BD0B68CA6883B10B69072A43EA4273F6
:103D400025D00C7A4A6942EA84724968006F00EB18
:103D5000C100C0E90032002070BD072A0DD00C7AE6
:103D6000D6060D8A4B6943EA847246EA0543C06E63
:103D700049681A4340F82120EDE70B8A4FF060555F
:103D8000D1E9062442EA034245EA0423EFE78A69BF
:103D9000DBE730B590F89850039C012D07D0D0F8A0
:103DA0009C1041F00401C0F89C10012030BD0D01B1
:103DB000016845EA820040EA43002043C1F88000E0
:103DC000002030BD00F001B87047D0F89C0070476B
:103DD000F0B590F898500024022D04D0D0F89C1033
:103DE00041F0080129E0402905D0412929D0056D7D
:103DF0008D4219D942E00568D5F8A06016F4FE0F8F
:103E000012D0D5F8A460760613D0D5F8A460F601D8
:103E100005D5D5F8A06016F0004F00D50124D5F8DF
:103E2000A470466F456C24E0D0F89C1041F020014E
:103E300003E0D0F89C1041F48071C0F89C10012080
:103E4000F0BD0568D5F8B06016F4FE0FECD0D5F8DB
:103E5000B4607606EDD0D5F8B460F60105D5D5F896
:103E6000B06016F0004F00D50124D5F8B470866F0D
:103E7000C56CC7F305273C44654302E0456DC66F3A
:103E80004D4306EB85052E6816F0804656602E6879
:103E900036D026F060461660D5F800C000262E4FBA
:103EA0000CF0005CC2F808C0D5F800C00CF0004C63
:103EB000C2F810C0B5F804C01FFA8CFCC2F81CC0D0
:103EC000D5F804C0CCF3034CC2F80CC0D5F804C03C
:103ED0000CF4801CC2F814C0D5F804C00CF4001C0B
:103EE000C2F818C0D5F804C0CCF3066CC2F820C0E4
:103EF000D5F804C008354FEADC7CC2F824C008E0DD
:103F0000C6F38A46C7E700BF15F806C003F806C027
:103F1000761CD2F80CC017F80CC0B445F4D8402970
:103F20000AD041290CD020294FF001020CD20068A0
:103F30008A40C0F898200DE00068C0F8A84009E069
:103F40000068C0F8B84005E0006801F01F018A4031
:103F5000C0F89C200020F0BD38080308704700001E
:103F60002DE9FF5FDFF80CB304460BF10401DBF829
:103F7000000025680F68AA468007D5F85090696D43
:103F8000D5F850806E6D2A6DD5F854C02B6D00EABF
:103F90008770009009F470496F6D286D01EA09017E
:103FA0000191DAF85410DAF85490DAF8505008F029
:103FB0000F0806EA0806029602F0F00203F07153B9
:103FC0006FEA09061F4000F060700CEA020CCDF8A1
:103FD0000CC0F20501EA00090CD4E843C00509D47D
:103FE00000214FF48073CAF85030CBF800102046FF
:103FF000FFF7B4FF700512D4E84340050FD42068E2
:1040000000234FF48068D0F8DC20D0F8E410C0F82A
:104010005080CBF800301140204600F0C7FADFF89E
:1040200058A2009850B12268830F00EA0A00106578
:10403000CBF8003020460099FFF76BFE019850B195
:104040002268830F00EA0A001065CBF80030204692
:10405000019900F0ADFA029850B12268830F00EA8E
:104060000A001065CBF800302046029900F068FA8B
:10407000039850B12268830F00EA0A001065CBF85C
:1040800000302046039900F071FA30050CD4E84363
:10409000000509D4236800204FF400621A65CBF8AC
:1040A0000000204600F085FAB00512D4E8438005F0
:1040B0000FD4206800234FF40078D0F8D820D0F82F
:1040C000E010C0F85080CBF800301140204600F0DE
:1040D0006EFA30030CD4E843000309D423680020AF
:1040E0004FF400221A65CBF80000204600F026FAB3
:1040F000F0030CD4E843C00309D4236800204FF434
:1041000080321A65CBF80000204600F04EFA7003AA
:104110000CD4E843400309D4226800204FF48023E4
:104120001365CBF80000204600F03EFAB0030FD430
:10413000E84380030CD4236800204FF400321A6552
:10414000CBF80000D4F89C0040F08000C4F89C003C
:10415000B9F1000F0BD022684FEA997309EA0A00FF
:104160001065CBF8003049462046FFF72DFE5FB1C1
:104170002268BB0F07EA0A001065CBF80030D4F8BC
:104180009C003843C4F89C003C492068884268D1B0
:10419000606881468068800763D0D9F82060D9F8CC
:1041A0002410D9F82080D9F82400D9F820C0D9F8F3
:1041B0002470D9F82030D9F82450D9F8202003F4FD
:1041C000FC4306F00F0AD9F824601D40D9F824B04A
:1041D00008F030080CF4C07C02F4F02211EA0A0165
:1041E00000EA080807EA0C0706EA0206D9F820A048
:1041F00004D0C9F82010204600F0D3F9B8F100002F
:1042000005D0616808624146204600F0CCF96FEAAB
:104210000B0040060ED46FEA0A0040060AD460681C
:104220004021C36BC26B01622046190C02F03F02B1
:1042300000F0B8F92FB1606807623946204600F0F7
:10424000AFF935B160680562D4F89C002843C4F822
:104250009C0036B160680662D4F89C003043C4F814
:104260009C00D4F89C00002802D02046FFF7AAFD4D
:10427000BDE8FF9F10A80040FFFFCF3F00A0004017
:104280002DE9F04194B08D494C2204466846FCF774
:10429000B4F864B18A4D2068A84202D100F580705C
:1042A000606094F898004FF0000820B108E0012009
:1042B00014B0BDE8F081204684F8998000F002F93E
:1042C0002068816921F01001816100F081FC0327E1
:1042D000064604E000F07CFC801B0A2811D8206808
:1042E00080690007F6D42068816941F0010181618D
:1042F00000F06EFC06460DE000F06AFC801B0A2808
:1043000008D9D4F89C0040F00100C4F89C0084F85F
:104310009870CCE720688069C007EDD0206881697B
:1043200041F002018161207C01282068816937D039
:1043300041F040018161607C01282068816932D0B0
:1043400021F480418161A07C0128206881692DD001
:1043500041F4805181612068A268816921F4407133
:10436000114381612068816921F0A4018161206885
:10437000016921F010010161E068012819D010B332
:1043800002281BD02068816941F08001816120688A
:10439000016941F010010161E06803280ED012E0CC
:1043A00021F04001C6E741F48041CBE721F4805180
:1043B000D0E72068816941F0040103E02068816949
:1043C00041F020018161207E6FF0FF02D4E9077384
:1043D000A68A1102400602EB0727A0F100703843BD
:1043E00027685B1E184301EB06463043F861A0685E
:1043F000B0F5407F11D104F12800A68C6FF00F0CAE
:1044000089C801EB0641401E02EB032210432268DB
:104410000CEB071318430843D060206E30B12068BE
:10442000626ED0F8C0101143C0F8C010D4E9171262
:104430006846D14209D02168A36E51F8C82F50F8C0
:10444000233022F007021A430A60216C49B1216827
:10445000626C51F8BC3F50F8226023F007023243EF
:104460000A60A16C51B12168E36C51F8BC2F50F87F
:10447000233022F0700242EA03120A60216D51B12A
:104480002168626D51F8BC3F50F8220023F4E062CD
:1044900042EA002008602068A84204D16068816870
:1044A00021F003018160C4F894800121C4F89C804C
:1044B00084F898102046FCF7BDFFF9E64808030889
:1044C00000A0004010B586B0044614216846FBF7F2
:1044D000ADFF17492068884228D11648016841F489
:1044E00080710160006800F48070059011480C38FC
:1044F000016841F00101016000680923022200F017
:104500000100059000204FF4C05100916946CDE9AB
:104510000120CDE90303084800F034FA0022052108
:10452000132000F031FF132000F021FF06B010BD72
:1045300000A00040EC440258000002587047000000
:10454000094B402110B5A3F13404221DFFF740FCB4
:104550006068B0F5926F06D1208ABDE8104081B244
:1045600001480AF0D7BD10BDFC0B0024704790F83D
:104570009810012907D0D0F89C1041F00401C0F830
:104580009C1001207047022180F8981000220168D9
:104590008B6923F001038B61C0F89C2010467047A3
:1045A0007047704770477047704770477047704753
:1045B000704770472DE9F05F044641488846002661
:1045C000017D01291AD0012202758146B246C0F848
:1045D00018A02079C00706D001214CF25030FDF719
:1045E000C7F800B10126207980070AD502214CF2D4
:1045F0005030FDF7BDF820B101265DE00220BDE896
:10460000F09F6EBB20682F4D012807D04FF0FF317F
:10461000C8F80010A76840F2047B48E06168206990
:10462000FDF75AF82079C0070AD001214CF250302A
:10463000FDF79EF800B10126E86820F00800E86068
:104640002079800738D502214CF25030FDF790F8E0
:1046500000B10126D5F80C0120F00800C5F80C01C6
:104660002AE0226938466168FDF716F82079C0070C
:1046700009D001214CF25030FDF77AF8E96806467E
:1046800021EA0B01E960207980070BD502214CF269
:104690005030FDF76DF8D5F80C11064621EA0B01F4
:1046A000C5F80C1116B1C8F8007005E07F1CD4E9FC
:1046B00002010844B842D4D8304689F814A09EE7D5
:1046C00060140024002000520A48C16841F0010132
:1046D000C160C168C9070BD0D0F80C1141F00101CD
:1046E000C0F80C11D0F80C01C00701D000207047B1
:1046F00001207047002000522DE9F05F2C4814463D
:1047000008250E46027D012A08D001230375A1F178
:1047100000621F05BA4204D2012707E00220BDE86B
:10472000F09FA6F10161B9420DD202274FF0000AB5
:104730008146C0F818A04CF2503B39465846FDF768
:1047400017F810B127E00120E9E7DFF86880012FB2
:10475000404623D0D0F80C1141F00201C0F80C11F2
:10476000BFF36F8FBFF34F8F01CC6D1E15F0FF05A8
:1047700001C6F9D1BFF36F8FBFF34F8F394658464B
:10478000FCF7F6FF012F41460DD0D1F80C2122F0A5
:104790000202C1F80C2189F814A0C0E7C16841F0F9
:1047A0000201C160DCE7CA6822F00202CA60F2E7D7
:1047B00060140024002000520D480E4A0E49C368C0
:1047C000DB0704D042604160C368DB070BD1D0F83F
:1047D0000C31DB0709D0C0F80421C0F80411D0F86F
:1047E0000C01C00701D00120704700207047000075
:1047F0000020005223016745AB89EFCD70B5022838
:104800002DED028B9FED4E8A31D001283AD04FF426
:10481000006188427DD14B4D95F8F500AA2878D1EA
:1048200040F2E630401EFDD2474E304600F0C0F95F
:1048300000286ED0454CB4F80D00A4F81300D4F84D
:104840000F00C4F815000D340BF006FE4049C4F803
:1048500002000968496A89B22180A2680D3C801A69
:1048600041281FD900EE100A9FED3A1B22E0552186
:10487000002005F053FB0020B0EE480A05F0D4FA02
:10488000002009E05521012005F048FB0120B0EE91
:10489000480A05F0C9FA0120BDEC028BBDE8704062
:1048A00004F0B8BBB4F813009FED2C1B081A80B2BB
:1048B00000EE100A227803214FF48023B8EE400B5B
:1048C00004EB820281EE002BB7EEC20B10EE100A51
:1048D000C2F801002078401CC0B2B0FBF1F201FB2D
:1048E0001200204A2070002004EB8001D1F8011052
:1048F0001144994208D8401C0328F5D32878AA28E7
:1049000014D0E87EAA2811D0174800224FF40041A5
:1049100000E011E000F051F9BDEC028B30460022BE
:10492000BDE870404FF4806100F047B9BDEC028BE8
:10493000BDE8704005F028BDBDEC028B70BD0000E5
:104940000000000024060024000402587002002425
:10495000080E00240000000000408F40000000000E
:1049600080842E410000BABD000002584FF0B041D3
:1049700010B5D1F88820024203D0C1F88800FFF7B3
:104980003DFF10BD2DE9F84F03247D4D00234FF06E
:1049900001094FF0B04B4FF00F0AE9E009FA03F7B5
:1049A0003A4076D00E7906F00306012E01D0022E91
:1049B00018D1D0F808C04FEA430ECE6804FA0EF8BA
:1049C0002CEA080C06FA0EF646EA0C068660D0F8C9
:1049D00004C00E792CEA070CC6F300169E4046EA86
:1049E0000C0646600E79F643B6070BD0C6684FEA50
:1049F00043088F6804FA08FC26EA0C0607FA08F751
:104A00003743C7600E7906F00306022E12D1DE0886
:104A10000F694FEA437C00EB8606B646366A4FEADA
:104A2000DC6C0AFA0CF807FA0CF726EA080637439A
:104A3000CEF820700F7906684FEA430807F00307A5
:104A400004FA08FC07FA08F726EA0C063743076061
:104A50004E6816F4403F1CD04A4E376847F00207B4
:104A6000376036689F0706F00206009623F00306BB
:104A700006F1B046B6463F0FD6F80864DFF8088165
:104A80000AFA07FC404526EA0C0603D14FF0000C59
:104A900041E06CE0DFF8F4C0604502D14FF0010C5A
:104AA00039E0DFF8ECC0604502D14FF0020C32E093
:104AB000DFF8E0C0604502D14FF0030C2BE0DFF8D7
:104AC000D8C0604502D14FF0040C24E0DFF8CCC020
:104AD000604502D14FF0050C1DE0DFF8C4C0604511
:104AE00002D14FF0060C16E0DFF8B8C0604502D1E5
:104AF0004FF0070C0FE0DFF8B0C0604502D14FF077
:104B0000080C08E0DFF8A4C0604502D14FF0090CA2
:104B100001E04FF00A0C0CFA07FC4CEA060CCEF848
:104B200008C44F68DBF80060FF0226EA020600D5E1
:104B300016435F46CBF80060D1F804C0DBF8046090
:104B40005FEA8C2C26EA020600D516437E606E686A
:104B50004F6826EA0206BF0300D516436E602E6832
:104B60004F6826EA0206FF0300D516432E605B1C41
:104B70000A6832FA03F67FF411AFBDE8F88F00003F
:104B800080000058F4440258000002580004025803
:104B900000080258000C0258001002580014025875
:104BA00000180258001C0258002002580024025825
:104BB0000069084000D0012070470AB18161704748
:104BC0000904FBE701480068000C70470010005C16
:104BD0000148806870470000C000002430B590F89C
:104BE0004120202A24D190F84020012A20D00123FE
:104BF00080F84030242280F84120202300240268DD
:104C0000156825F0010515600268156825F48055C2
:104C10001560026815680D43156001680A6842F066
:104C200001020A6080F8413080F84040002030BD29
:104C3000022030BD30B590F84120202A22D190F8D2
:104C40004020012A1ED0012380F84030242280F821
:104C50004120202400250268136823F0010313601B
:104C60000268136823F4706343EA0121116001684C
:104C70000A6842F001020A6080F8414080F8405022
:104C8000002030BD022030BD70B5040004D094F87F
:104C90004100002510B106E0012070BD204684F8D7
:104CA000405000F035FA242084F841002068016863
:104CB00021F001010160D4E9001020F0706008616A
:104CC0002068816821F400418160E0682168012842
:104CD000A06830D040F404408860E0680228206872
:104CE00041682BD021F40061416020682021154AE1
:104CF0004368134343602068C26822F40042C260E4
:104D000054F8106B0DCC104340EA0320F06054F8C7
:104D10001C3CD4E900021043186054F81C0D0268D2
:104D200042F001020260656484F84110256384F852
:104D30004250002070BD40F40040CDE741F40061D6
:104D4000D2E70000008000022DE9F84F044690F8F9
:104D500041001F469046DDF828A08B4620287ED1D2
:104D600094F8400001287AD0012084F84000FFF731
:104D70002FFF0122064619230090D103204604F09C
:104D80000DF8E0BB0025222184F84110102084F8A2
:104D9000420065646785618DFF2732484FF00079D6
:104DA000C4F82480FF294FF08078656303D92785F4
:104DB0003A46009039E0618D218500903AE05946ED
:104DC000204603F0D3FF13E004F026F8B8B92068BA
:104DD000616A406A0870606A401C6062208D401EF3
:104DE00081B22185608D401E6085608D00B169B102
:104DF000608D3246514600282046E5D100E002E0B1
:104E000004F05EF8D0B10120BDE8F88F00225346CF
:104E100080212046009603F0C1FF0028F3D1608D69
:104E2000FF2804D927853A4600954346C7E7608D99
:104E3000208500954B4694F82820C0E72068202163
:104E4000094AC161206843681340436084F84110F7
:104E500084F84250002084F84050D5E7FFE7022054
:104E6000D2E700000024008000E800FE2DE9FF4F9B
:104E700081B0044690F8410099469046DDF838B07C
:104E800020287BD194F84000012877D0012084F8B5
:104E90004000FFF79DFE0122064619230090D10332
:104EA000204603F07BFF002853D1414921220025F1
:104EB000C4F82480102084F84120FF2784F84200A1
:104EC0006564A4F82A90608D4FF080794FF0007AE5
:104ED0006563FF2802D94B46278505E0608D534660
:104EE00020850004000C10D0226898F80000906221
:104EF000606A401C6062608D401E6085208D401E8F
:104F00002085401C0091C2B201E00022009102996C
:104F1000204603F02BFF13E003F0FEFFC8B9606AE0
:104F2000216800788862606A401C6062608D401E63
:104F30006085208D401E80B22085618D01B160B1F9
:104F4000608D3246594600282046E5D103F0B8FF6F
:104F5000E0B1012005B0BDE8F08F00225B46802162
:104F60002046009603F01AFF0028F2D1608DFF283A
:104F700005D927853A464B460095C8E716E0608D6F
:104F800053462085009594F82820C0E7216820200A
:104F9000084AC86121684B6813404B6084F841009F
:104FA00084F84250002084F84050D3E70220D1E733
:104FB0000020008000E800FE2DE9FF4F83B004468A
:104FC00090F841009A469346DDE91087DDF8489055
:104FD000202871D15FEA080014D09FB194F84000F6
:104FE000012869D0012084F84000FFF7F1FD01227B
:104FF000064619230090D103204603F0CFFE002877
:105000006ED103E04FF40070606469E00025C4F8DD
:105010002480212184F84110402084F842006564F6
:105020006785534665635A4604992046CDE9009644
:1050300003F06AFE10B184F8405051E0608DFF2704
:105040004FF08078FF284FF0007A04D927853A4640
:105050004346009505E0608D53462085009594F801
:1050600028202046049903F081FE32464946204616
:1050700003F052FFA0BB606A216800788862606A12
:10508000401C6062608D401E6085208D401E80B295
:105090002085618DD9B1D0B900224B4680212046B0
:1050A000009603F07BFED8B9608DFF2805D92785CF
:1050B0003A464346009506E026E0608D534620853B
:1050C000009594F828202046049903F04FFE608D47
:1050D0000028CAD132464946204603F0F1FE18B1F5
:1050E000012007B0BDE8F08F20682021074AC16188
:1050F000206843681340436084F8411084F84250AC
:10510000002084F84050ECE70220EAE700E800FEC7
:1051100010B5B6B00446142130A8FBF787F9C021BA
:105120006846FBF783F91849206888422AD1002095
:10513000219008210446CDE90010684600F0DEFC0D
:1051400008B1FCF761F91148016841F00201016002
:10515000006830AB122100F002003590C02004221C
:1051600083E813000A4830A9CDE93342FFF70AFC6F
:1051700006480830016841F400110160006800F43D
:105180000010359036B010BD00540040E044025885
:105190000004025802488168027811448160704717
:1051A000C0000024032010B500F00EF901F01EFB32
:1051B0000F4A104914681368C4F3032203F00F0365
:1051C0008A5CC95C02F01F0201F01F01D0400A4A4C
:1051D00020FA01F11160094908600F2000F010F871
:1051E00008B1012010BD00F09FF8002010BD0000A4
:1051F00018440258BC080308D0000024CC00002446
:1052000010B5102804468AB02CD200220146362060
:1052100000F0BAF8362000F0AAF8174804601748E2
:10522000016841F010010160006809A900F0100058
:105230000890684601F066FA0598B0B101F0B2FA3C
:1052400040000F4900220F4CB0FBF1F10E4840F234
:10525000E7330460C0E90332491EC0E9011202F0DD
:10526000C3FA28B101200AB010BD01F09BFAE8E7AB
:10527000054802F02BFBF6E7C4000024E84402587E
:1052800040420F000010004014140024154BF0B5EC
:10529000083B427813491A600B680A1F23F0010388
:1052A0000B6043681360057BC67A827A437B2D07C7
:1052B000847B45EA0665C77B90F809C0067A90F8BA
:1052C00000E045EAC24040EA834040EA444040EA08
:1052D000074040EA0C2040EA460040EA0E00086021
:1052E000F0BD0000A0ED00E0BFF35F8F0448002197
:1052F0000368034A23F480330360703211607047FF
:1053000024ED00E0074A40F00100064970321060C9
:10531000086840F480300860BFF34F8FBFF36F8F91
:105320007047000024ED00E0074882B0016841F0BA
:1053300002010160006800220F2100F002000090CD
:10534000901E02B000F020B8F444025800280DDB93
:10535000410900F01F028900012001F1E021904085
:10536000C1F88001BFF34F8FBFF36F8F70470028E4
:1053700009DB410900F01F028900012001F1E02151
:105380009040C1F8000170470E4BF0B41B680D4609
:10539000C3F30223C3F10706042E00D90426191D06
:1053A000072901D2002300E0DB1E012404FA06F1E4
:1053B0009C40491E2940641E994014402143F0BC82
:1053C00006F03BBD0CED00E0064900F0070210B509
:1053D0004FF6FF040868044B204040EA02201843BF
:1053E000086010BD0CED00E00000FA05134970B52F
:1053F0000A68D243520705D5096801F007018142C6
:1054000013D118E00A6822F0070202430A60FFF78E
:10541000DFFB0A4D4FF47A760446083D07E000BFF3
:10542000FFF7D6FB001BB04201D9012070BD2868F0
:10543000C0438004F4D4002070BD00000C48025822
:1054400010B501F08DF905490968054AC1F302114B
:10545000515C01F01F01C84010BD000020440258FB
:10546000BC0803084A4930B5494C0B1D0A680C3486
:1054700009681D68246802F0030305F00102C1F306
:105480000511C4F3CC04002914FB02F200EE102A2B
:10549000F8EE400A76D0414A9FED3E1ADFED3E1A03
:1054A000B7EE000A23B1012B5AD0022B18D15CE0D1
:1054B000374C283C23689B0612D5394B246801EEF3
:1054C000901A1168C4F3C104F8EE612AE34001EEBA
:1054D000903AC1F30801F8EE611A81EEA22A07E0C2
:1054E00002EE101A1168F8EE422A81EEA22A45E077
:1054F00001EE901A1168F8EE611A40EE811A71EE11
:10550000800A62EE200AC1F3462101EE101AB8EEBD
:10551000411A31EE001AC0EE811ABCEEE11A80ED9C
:10552000001A1168C1F3064101EE101AB8EE411AD3
:1055300031EE001AC0EE811ABCEEE11A80ED011ABC
:105540001168C1F3066101EE101AB8EE411A31EE8E
:10555000000A80EE801ABCEEC10A80ED020A30BD5E
:1055600001EE901ADFED0F2A03E001EE901ADFED55
:105570000E2A1168F8EE611A82EEA12AC1F3080121
:10558000B6E7FFE7002101604160816030BD0000A7
:1055900028440258000000390024744C304402585A
:1055A0000090D0030024744A20BCBE4B494930B55A
:1055B000484C0B1D0A68143409681D68246802F001
:1055C0000303C5F30012C1F30531C4F3CC04002971
:1055D00014FB02F200EE102AF8EE400A75D03F4AA2
:1055E0009FED3D1AB7EE000A6BB1DFED3D1A012BBE
:1055F00001D0022B64D002EE101A1168F8EE422A94
:1056000081EEA22A21E0334C283C23689B0612D568
:10561000344B246801EE901A1168C4F3C104F8EE0B
:10562000612AE34001EE903AC1F30801F8EE611AF5
:1056300081EEA22A0BE001EE901ADFED2B2A00BFCB
:10564000F8EE611A116882EEA12AC1F3080101EE99
:10565000901A1168F8EE611A40EE811A71EE800A14
:1056600062EE200AC1F3462101EE101AB8EE411A8B
:1056700031EE001AC0EE811ABCEEE11A80ED001A7C
:105680001168C1F3064101EE101AB8EE411A31EE6D
:10569000001AC0EE811ABCEEE11A80ED011A116801
:1056A000C1F3066101EE101AB8EE411A31EE000A9C
:1056B00080EE801ABCEEC10A80ED020A30BD04E023
:1056C00001EE901ADFED092ABAE70021016041607E
:1056D0008160F3E72844025800000039384402583A
:1056E0000024744A0090D0030024744C20BCBE4BAC
:1056F000494930B5484C0B1D0A681C3409681D68BF
:10570000246802F00303C5F30022C1F30551C4F37A
:10571000CC04002914FB02F200EE102AF8EE400A35
:1057200075D03F4A9FED3D1AB7EE000A6BB1DFED31
:105730003D1A012B01D0022B64D002EE101A116821
:10574000F8EE422A81EEA22A21E0334C283C23685D
:105750009B0612D5344B246801EE901A1168C4F3ED
:10576000C104F8EE612AE34001EE903AC1F308016A
:10577000F8EE611A81EEA22A0BE001EE901ADFED3D
:105780002B2A00BFF8EE611A116882EEA12AC1F33C
:10579000080101EE901A1168F8EE611A40EE811AC4
:1057A00071EE800A62EE200AC1F3462101EE101A62
:1057B000B8EE411A31EE001AC0EE811ABCEEE11AC1
:1057C00080ED001A1168C1F3064101EE101AB8EE1F
:1057D000411A31EE001AC0EE811ABCEEE11A80EDDA
:1057E000011A1168C1F3066101EE101AB8EE411AF0
:1057F00031EE000A80EE801ABCEEC10A80ED020A8A
:1058000030BD04E001EE901ADFED092ABAE700216D
:10581000016041608160F3E72844025800000039CC
:10582000404402580024744A0090D0030024744C71
:1058300020BCBE4B2DE9F04FAC4A0546DFF8A8A2CC
:1058400080F48070DFF8AC9289B01311AA4C084341
:10585000A748AAF104064FF0805C4FF000582CD006
:1058600085F400770F4357D0DFF87CB285F480676A
:105870000F430BF1080B61D085F400670F4374D020
:1058800085F480570F436ED085F400570F434FF4D3
:1058900080394FF4003E67D085F400270F4371D064
:1058A00085F480370F436ED085F480460E436BD06D
:1058B00085F400420A4368D02AE0DAF8001001F0CB
:1058C0000701052924D2DFE801F075BC7D25B10070
:1058D00006A8FFF7C7FD079809B0BDE8F08F684636
:1058E000FFF764FE0098F7E703A8FFF701FF0398AE
:1058F000F2E72068C0F3C10022FA00F0ECE722686A
:10590000D20571D561456FD11846E5E74145E3D031
:105910000020E1E74846DFE7DAF8001001F4E07123
:1059200080294FD004DC002944D04029F0D188E000
:10593000C029EFD0B1F5807FEAD177E0DBF8001025
:1059400001F46001B1F5800F3CD004DC91B3B1F5F6
:10595000001FDDD175E0B1F5C00FDBD0B1F5000F50
:10596000D6D163E001E018E030E0DBF8001001F090
:10597000E061B1F1007F25D008DCD9B1B1F1807FC1
:10598000C6D15EE049E06CE079E09CE0B1F1407F97
:10599000C0D0B1F1806FBBD148E0DAF8001001F45B
:1059A000E041B1F5005F0DD005DC19B1B1F5805FC4
:1059B000AED146E094E0B1F5405FABD0B1F5804F99
:1059C000A6D133E020688000A2D58DE7DAF8001078
:1059D00001F4E021B1F5403F6CD006DC61B14945EE
:1059E0007AD0714594D157E037E0B1F5802F65D07A
:1059F000B1F5A02F8CD10CE000F0D4FE6CE7684626
:105A0000FFF7D4FD019867E703A8FFF771FE04983C
:105A100062E721688903F1D47AE7DBF8001011F41A
:105A200040310ED0494510D07145F5D13168256817
:105A300001F040516D077FF562AF00297FF45FAF41
:105A400057E720680001E7D549E720688000E3D5E3
:105A500003A8FFF74DFE05983EE722689203DBD5C9
:105A600054E7306810F480303AD04845D4D12068EB
:105A70000001D1D56846FFF799FD02982CE7DBF8C5
:105A8000001001F0E041B1F1405F13D008DC71B1CA
:105A9000614521D04145BFD120688000B4D437E7AB
:105AA000B1F1804F0AD0B1F1A04FB2D030E7FFF78B
:105AB000C7FC11E720684007AED51AE72068C0058B
:105AC000AAD521E708E0DAF8001011F04051A0D083
:105AD000614505D041459FD1206800018FD417E76B
:105AE0002068800198D5F3E6504402580090D00316
:105AF00040787D010080BB00004402582DE9FE4F34
:105B00000546DFF8E48350F8081B0024F64FC9432C
:105B1000019005F12800264608F1240800900801AC
:105B20001DD4A86E50B1B0F5801F0CD0B0F5001F89
:105B30000ED0B0F5401F1ED001240FE0386840F4AD
:105B40000030386017E00198022104F047F803E0C4
:105B50000098022104F0D2F804000CD026462888D0
:105B6000C043C00523D4A86D05281ED2DFE800F08D
:105B70000C11161B1B00AA6ED8F8001021F440115E
:105B80001143C8F80010EAE7386840F40030386084
:105B900009E00198002104F021F803E000980021B9
:105BA00004F0ACF8044674B100E0012426462888CD
:105BB000C043800528D4E86D80281ED00CDC90B14D
:105BC00040280ED114E0AA6DD8F8001021F007018A
:105BD0001143C8F80010EAE7C02813D0B0F5807F61
:105BE00010D001240FE0386840F40030386009E03C
:105BF0000198002103F0F2FF03E00098002104F077
:105C00007DF804469CB126462888DFF8DC92C04324
:105C100009F12C0940052CD4D5F8A800B0F5800F67
:105C200020D00DDCA0B1B0F5001F0FD115E0EA6D5A
:105C3000D8F8001021F4E0711143C8F80010E3E730
:105C4000B0F5C00F13D0B0F5000F10D001240FE055
:105C5000386840F40030386009E00198002103F012
:105C6000BDFF03E00098002104F048F804467CB131
:105C700026462888C04300052DD4D5F8AC00B0F1E5
:105C8000007F21D00EDCA8B1B0F1807F10D116E0EA
:105C9000D5F8A820D9F8001021F460011143C9F803
:105CA0000010E6E7B0F1407F13D0B0F1806F10D064
:105CB00001240FE0386840F40030386009E00198B2
:105CC000002103F08BFF03E00098002104F016F898
:105CD000044674B126462868C04380011FD4E86C8E
:105CE000D8B110280FD0202812D0302815D0012488
:105CF00014E0D5F8AC20D9F8001021F0E061114390
:105D0000C9F80010E7E7386840F40030386004E074
:105D10000198022103F062FF044674B126462888E8
:105D2000C043C0042BD4286EB0F5005F20D00DDC3A
:105D3000A0B1B0F5805F0FD115E06B48EA6C203060
:105D4000016821F0300111430160E8E7B0F5405FE0
:105D500013D0B0F5804F10D001240FE0386840F424
:105D60000030386009E00198002103F037FF03E0BC
:105D70000098002103F0C2FF04468CB12646288813
:105D8000C043800429D4686EB0F5403F23D010DCB6
:105D900008B3B0F5803F14D0B0F5003F0FD115E047
:105DA0002A6ED8F8001021F4E0411143C8F8001021
:105DB000E5E7B0F5802F0ED0B0F5A02F0BD0012471
:105DC0000AE00198012103F009FF03E00098012196
:105DD00003F094FF044694B126462888C04340044B
:105DE0002AD4D5F8B000B0F1405F23D010DC08B35E
:105DF000B0F1805F14D0B0F1005F0FD115E06A6E92
:105E0000D8F8001021F4E0211143C8F80010E4E7AD
:105E1000B0F1804F0ED0B0F1A04F0BD001240AE0BA
:105E20000198012103F0DAFE03E00098012103F05C
:105E300065FF044674B126462888C04300041FD479
:105E4000286FD8B1B0F1805F0ED0B0F1005F10D0F4
:105E5000012414E0D5F8B020D9F8001021F0E04179
:105E60001143C9F80010E7E7386840F400303860A3
:105E700004E00198012103F0B1FE044674B1264606
:105E80002868C043C0011ED4A86CD0B101280ED030
:105E9000022811D0032814D0012413E02A6FD8F867
:105EA000001021F040511143C8F80010E8E73868AD
:105EB00040F40030386004E00198022103F08EFEC7
:105EC0000446ACB126462868DFF81CB0C043ABF1ED
:105ED0001C0B400252D40548016841F480710160F6
:105EE000FEF776FE824611E02C4402580048025824
:105EF000FA48AA6C016821F0030111430160E2E74E
:105F0000FEF766FEA0EB0A00642835D8F448006866
:105F1000C005F5D58CBBDFF8C4A3B5F8B4100AF101
:105F2000240ADAF8000001F4407100F4407088425D
:105F300011D0DAF80010DAF8002021F4407142F4B0
:105F40008032CAF80020DAF8002022F48032CAF841
:105F50000020CAF80010D5F8B400B0F5807F1AD13F
:105F6000FEF736FE029012E0FEF732FE0299411A69
:105F700041F2883081420AD9032426462878DFF886
:105F80005CA3C0430AF1080AC00721D03CE0DAF85C
:105F900000008007E8D5D5F8B410C1F3012003282C
:105FA00058460DD0016821F47C510160B5F8B42049
:105FB000DAF80010C2F30B021143CAF80010DDE753
:105FC000C84A036802EA111223F47C511143ECE73A
:105FD000E86F182816D005DCA0B1082808D01028D2
:105FE00004D10AE020280DD028280BD001240AE093
:105FF0000198012103F0F2FD03E00098012103F074
:106000007DFE044664B126462878C04380071ED42E
:10601000A86F062819D2DFE800F0160C1116161624
:10602000EA6FDAF8001021F038011143CAF80010C5
:10603000EAE70198012103F0D1FD03E00098012176
:1060400003F05CFE04467CB100E00124264628787B
:10605000C04340071FD4D5F89400062819D2DFE8C2
:1060600000F0160C11161616AA6FDAF8001021F0BF
:1060700007011143CAF80010E9E70198012103F074
:10608000ADFD03E00098012103F038FE0446A4B101
:1060900000E0012426462878C04380062BD4D5F89A
:1060A0009000B0F1405F24D011DC10B3B0F1805FFC
:1060B00015D0B0F1005F10D116E0D5F89420D9F8D2
:1060C000001021F007011143C9F80010E3E7B0F117
:1060D000804F0ED0B0F1A04F0BD001240AE0019800
:1060E000002103F07BFD03E00098022103F006FE8F
:1060F000044694B126462878C04340062BD4D5F8F0
:106100009C00B0F5406F24D011DC10B3B0F5806F67
:1061100015D0B0F5006F10D116E0D5F89020DAF860
:10612000001021F0E0411143CAF80010E3E7B0F598
:10613000805F0ED0B0F5A05F0BD001240AE001987B
:10614000002103F04BFD03E00098022103F0D6FD8F
:10615000044694B126462878C04300062BD4D5F8CF
:10616000A000B0F5C04F24D011DC10B3B0F5005F33
:1061700015D0B0F5804F10D116E0D5F89C20D9F895
:10618000001021F4E0511143C9F80010E3E7B0F525
:10619000004F0ED0B0F5204F0BD001240AE001983B
:1061A000002103F01BFD03E00098022103F0A6FD8F
:1061B000044654B126462878C04300071ED4D5F8BB
:1061C0008400B0F5805F0AD00FE0D5F8A020D9F8A0
:1061D000001021F460411143C9F80010EBE700986A
:1061E000022103F08BFD00B10126D5F88420DAF8F6
:1061F000001021F440511143CAF800102878C04320
:10620000C00613D4D5F89800B0F5807F05D100986A
:10621000022103F073FD00B10126D5F89820D9F8CA
:10622000001021F440711143C9F800102868C043E0
:10623000000316D4D5F8A40038B1B0F5803F09D0DA
:10624000B0F5003F0BD001240AE00198002103F0D3
:10625000C5FC03E00098022103F050FD04468CB118
:1062600026462868C043400322D4D5F88800B0F5FC
:10627000801F11D0B0F5001F13D0B0F5401F15D00E
:10628000012414E0D5F8A420D9F8001021F44031FD
:106290001143C9F80010E4E7386840F40030386072
:1062A00004E00098012103F029FD04465CB1264674
:1062B0002868C043C00323D4286DA8B1B0F5803F3F
:1062C00017D001241BE0D5F88820DAF8001021F45B
:1062D00040111143CAF80010EAE700004C4402588C
:1062E00000480258CFFFFF00386840F400303860A3
:1062F00004E00198022103F071FC0446E4B1264653
:106300002868C043800005D40098022103F0F6FC01
:1063100000B101262868C04380031BD4D5F8800053
:10632000B0B1B0F5807F0FD0B0F5007F10D0B0F5E0
:10633000407F0DD001240CE05A482A6D016821F4F9
:10634000803111430160DBE7386840F40030386089
:10635000ECB326462868C043C00207D46A6FD8F859
:10636000001021F000411143C8F800102868C04314
:10637000C00008D4D5F8B820DBF8001021F4804123
:106380001143CBF800102868C043800207D4EA6E9E
:10639000D8F8001021F080711143C8F80010286867
:1063A000C04340000CD4DBF8001021F40041CBF8CE
:1063B0000010DBF80010D5F8BC201143CBF800101A
:1063C0002868C04308D437486A6D016800E018E0C7
:1063D00021F04051114301602868C043000208D4F5
:1063E000D5F88C20DAF8001021F440011143CAF8E6
:1063F000001028790024C04300F0010020430AD097
:106400000FE0D5F88020DAF8001021F44071114334
:10641000CAF800109EE70198002103F0DFFB00B1ED
:1064200006462879C04300F00200204305D10198B8
:10643000012103F0D3FB00B106462879C04300F0E8
:106440000400204305D10198022103F0C7FB00B1ED
:1064500006462879C04300F00800204305D1009883
:10646000002103F04BFC00B106462879C04300F040
:106470001000204305D10098012103F03FFC00B13A
:1064800006462879C04300F02000044304D1009858
:10649000022103F033FC00B916B10120BDE8FE8FE4
:1064A0000020FBE74C4402582DE9F05F04000F4642
:1064B0007ED0DFF83882D8F8000000F00F00B84234
:1064C0000CD2D8F8001021F00F013943C8F80010A1
:1064D000D8F8000000F00F00B84269D12078844D50
:1064E00040070AD52069296801F07001884204D963
:1064F000296821F070010143296020787C4E361D07
:1065000000070AD56069316801F07001884204D93A
:10651000316821F07001014331602078C0060AD54E
:10652000A069316801F4E061884204D9316821F43E
:10653000E061014331602078DFF8B4B180060BF1EF
:10654000080B0CD5E1695846DBF8002002F0700218
:10655000914204D9026822F070020A430260207856
:1065600080070AD5E068296801F00F01884204D944
:10657000296821F00F01014329602078C0073ED02F
:106580005B49A2682868183920F4706010432860BD
:106590006068022818D0032819D00968012819D08A
:1065A000490700294ADADFF848A1AAF1080A00E001
:1065B00044E0DAF8002022F007020243CAF8002083
:1065C000FEF706FB814612E009688903E9E70968DE
:1065D0008901E6E7C905E4E7FEF7FAFAA0EB09014D
:1065E00041F28830814202D90320BDE8F09F616802
:1065F000DAF8000000F03800B0EBC10FECD12078E1
:1066000080070AD5E068296801F00F01884204D2AA
:10661000296821F00F0101432960D8F80010404695
:1066200001F00F01B9420BD9016821F00F01394384
:106630000160006800F00F00B84201D00120D4E7EB
:10664000207840070AD52069296801F07001884246
:1066500004D2296821F070010143296020780007E5
:106660000AD56069316801F07001884204D231684E
:1066700021F07001014331602078C0060AD5A0697D
:10668000316801F4E061884204D2316821F4E061AC
:1066900001433160207880060CD5E1695846DBF86B
:1066A000002002F07002914204D2026822F07002CF
:1066B0000A43026000F09AF80E492A682B68C2F378
:1066C000032203F00F038A5CC95C02F01F0201F091
:1066D0001F01D040084A20FA01F111600749086003
:1066E00007480068BDE8F05FFEF78ABD0020005251
:1066F00018440258BC080308D0000024CC00002431
:10670000C400002470B5144C3F220260124A246871
:106710000832131D114D04F00704446016681C1D57
:1067200006F470668660166806F00F06C66012688A
:1067300002F0700202611A6802F0700242611A6887
:1067400002F4E0628261226802F07002C26128688D
:1067500000F00F00086070BD104402580020005285
:1067600030B500F043F80B4A0B490C4B1568146820
:10677000C5F3032204F00F048A5C095D02F01F02D6
:1067800001F01F01D040064A20FA01F119601060A3
:10679000084630BD18440258BC080308D000002445
:1067A000CC00002400B5FFF7DBFF05490968054A66
:1067B000C1F30211515C01F01F01C84000BD00008F
:1067C0001C440258BC08030800B5FFF7C9FF05497F
:1067D0000968054AC1F30221515C01F01F01C8405C
:1067E00000BD00001C440258BC080308454970B5B0
:1067F00045480968434B103B11F0380208D001119D
:10680000082A03D0102A0BD0182A0BD0084670BDD6
:1068100019688906FBD51968C1F3C101C84070BD6C
:106820003A4870BD3749374D18310C1D24350A6878
:10683000096826682D6802F0030406F00102C1F31E
:106840000511C5F3CC0515FB02F200EE102AB8EED7
:10685000400AE9B32F4ADFED2E0AB7EE001A6CB1F9
:10686000DFED2D1A012C01D0022C43D002EE101ABC
:106870001068F8EE422A81EEA22A1EE01C68A406E7
:1068800011D51B6801EE901A1168C3F3C103F8EE2D
:10689000612AD84001EE900AC1F30800F8EE611AAF
:1068A00081EEA22A0BE001EE901ADFED1C2A00BF58
:1068B000F8EE611A106882EEA12AC0F3080001EE1A
:1068C000900AF8EE611A40EE201A31EE810A00E0DB
:1068D00015E022EE000A1068C0F34620401C00EECE
:1068E000900AF8EE600A80EE201ABCEEC10A10EEA3
:1068F000100A70BD01EE901ADFED092AD8E70020DA
:1069000070BD0000104402580090D00340787D0113
:1069100000000039304402580024744A0024744CAA
:1069200020BCBE4B2DE9F05F04007DD0FF4F2078E6
:10693000FE4D1837DFF8F493103DC00748D0D9F862
:106940000000396800F03800102815D0182803D14D
:1069500001F0030002280FD06068B0F5803F12D02C
:1069600010B1B0F5A02F18D0286820F4803028602E
:10697000286820F4802009E02868800328D5606812
:106980000028D2D024E0286840F480302860606875
:1069900088B1FEF71DF9064609E0286840F480201A
:1069A0002860F0E7FEF714F9801B64286FD8286888
:1069B0008003F7D50CE0FEF70BF9064605E000BFB3
:1069C000FEF706F9801B6428F0D828688003F7D406
:1069D000207841F20308D54E0C3E800769D5D9F8DE
:1069E0000000396810F038000ED0182801D188074F
:1069F0000AD0E06890B3296821F0190101432960A9
:106A0000FEF7E6F8824631E02868400702D5E068E4
:106A100000288AD0E168286820F01900084328601F
:106A2000FEF7D6F8824607E0DFE000BFFEF7D0F8B9
:106A3000A0EB0A000228B9D828684007F6D500BFA5
:106A4000FEF7C0F840451BD82069402812D03168B5
:106A500021F47C3141EA003030602AE018E000BFC8
:106A6000FEF7B6F8A0EB0A0002289FD82868400776
:106A7000F6D5E5E7306820F47C3040F40030EBE7F1
:106A8000207C316821F0FE4141EA0060E4E70DE13D
:106A9000286820F001002860FEF79AF8824605E099
:106AA000FEF796F8A0EB0A0002288DD82868400768
:106AB000F6D42078C0065DD5D9F80000DFF86CB2B6
:106AC000396800F03800ABF1040B082810D0182802
:106AD00003D101F0030001280AD0E06900282868EA
:106AE00038D040F080002860FEF772F8824623E03C
:106AF0002868C00523D5E069802876D11FE0206A88
:106B0000202821D0316821F0F84141EA80603060CE
:106B100030E000BF94F82010DBF8002022F07C5217
:106B200042EA0161CBF8001024E000BFFEF750F804
:106B3000A0EB0A00022898D82868C005F6D5FEF711
:106B400041F84045E6D8DAE7306820F0F84040F0F8
:106B50008040DCE720F080002860FEF739F8064628
:106B600005E000BFFEF734F8801B02289DD8286896
:106B7000C005F7D42078000729D56C4861696430D6
:106B800000298046016811D041F001010160FEF743
:106B90001FF8064605E000BFFEF71AF8801B022822
:106BA000C9D8D8F800008007F6D510E021F001011F
:106BB0000160FEF70DF8064605E000BFFEF708F895
:106BC000801B022872D8D8F800008007F6D42078FD
:106BD000800623D5A0690028286810D040F4805092
:106BE0002860FDF7F5FF064605E036E1FDF7F0FF0A
:106BF000801B02285AD828688004F7D50EE020F4BC
:106C000080502860FDF7E4FF064604E0FDF7E0FF52
:106C1000801B02284AD828688004F7D420784007CF
:106C20004FD5DFF80C81D8F8001041F48071C8F816
:106C30000010FDF7CDFF064605E000BFFDF7C8FFD9
:106C4000801B642832D8D8F80000C005F6D5374E2E
:106C5000A068603601280AD008B1052813D0306832
:106C600020F001003060306820F0040002E030685D
:106C700040F001003060A06841F2883A90B1FDF721
:106C8000A7FF80460AE0306840F004003060EEE77D
:106C9000FDF79EFFA0EB0801514507D8306880073B
:106CA000F6D50EE0FDF794FF804607E084E000BFD4
:106CB000FDF78EFFA0EB080151457DD830688007B5
:106CC000F6D4606AB0B3DFF86480D9F8001008F138
:106CD00020084FF6F87B08F10409C1F3C20103292B
:106CE000A8F1040A69D00228286820F08070286082
:106CF00003D0FDF76DFF044684E0FDF769FF06460B
:106D000005E000BFFDF764FF801B022877D82868E4
:106D10008001F7D4E26A40F2F331386854F8283F32
:106D2000884340EA02101843386004E010440258D7
:106D300000480258B5E0217B434622894FF4FE0CFF
:106D4000208A4FF0FE474902267D521E401EA1F5C3
:106D50000071C2F308088AB2761E0CEA004042EACB
:106D600008020243504607EA06610A431A60DAF84D
:106D7000002022F00102CAF80020D9F80020266A7B
:106D800022EA0B0242EAC602C9F80020DAF8001033
:106D9000A26921F00C011143CAF800100168E269F0
:106DA00021F0020111430160016841F4803101606A
:106DB000016841F4003101E021E027E00160016851
:106DC00041F480210160016841F0010101602868FF
:106DD00040F080702860FDF7FBFE044605E000BF30
:106DE000FDF7F6FE001B022809D828688001F7D5B8
:106DF00057E000BFFDF7ECFE001B022802D903207C
:106E0000BDE8F09F28688001F4D44AE03968012881
:106E1000D8F8000021D0A26A01F0030393421CD1EC
:106E2000E26AC1F305118A4217D1216BC0F308024F
:106E3000491E8A4211D1616BC0F34622491E91421C
:106E40000BD1A16BC0F30642491E914205D1E16B03
:106E5000C0F30660491E814201D00120D0E7A16C39
:106E60004E46D9F80000C0F3CC00814219D0DAF8C0
:106E70000000554620F00100CAF80000FDF7A8FE0A
:106E80004FEA0007FDF7A4FEB842FBD0A26C3068C1
:106E900020EA0B0040EAC2003060286840F00100A0
:106EA00028600020ACE700002DE9F047040029D05D
:106EB000594A4FF000092068584B594D9042C4F888
:106EC000289006D0984204D0A84202D0E1680F2949
:106ED00018D8E1684FF0010AE76B0831C9080AEBDE
:106EE00057167143904205D0984203D0A84201D072
:106EF000082907D8904203D0984201D0A84204D173
:106F0000102902D90120BDE8F08794F8810020B94A
:106F1000204684F8809000F085F8022084F88100F3
:106F20002068016821F0010101602068A169826880
:106F3000B1F1806F02F4F81110D16268B2F5800FE0
:106F400001D01AB10AE0A26B22B107E0A26BB2F144
:106F5000805F03D1026842F48052026060684002A0
:106F600009D5E068072806D32068236D026822F45B
:106F700080721A4303E02068026822F48072026083
:106F8000A66AE069E26B25683043E3680A43104370
:106F90001843A860D4E90D02D4E90581636A256924
:106FA0001843D4F820C00A43266810432843A56D2F
:106FB000D4E90172D4E9123140EA080040EA0C0039
:106FC00038430843104318432843F060606868B9A9
:106FD0002068816821F4C05141F40061816020681B
:106FE000816821F4C06141F4806181602068016D95
:106FF00021F0010101656068400206D52068626DDC
:10700000C16821F000411143C160C4F8849084F844
:1070100081A0002077E700000030014000380040E8
:10702000003C0040F0B5B7B00446142130A8F9F791
:10703000FDF9C0216846F9F7F9F92D4902262068C3
:1070400005272A4D0024884224D181141894002059
:10705000CDE900106846FEF751FD08B1FAF7D4F902
:1070600022480830016841F480410160006800F462
:1070700080403590286840F002002860286830A9D8
:1070800000F0020035904FF4204030901948CDE9CF
:10709000316425E01849884226D141141994002012
:1070A000CDE900106846FEF729FD08B1FAF7ACF902
:1070B0000E481030016841F400510160006800F48E
:1070C00000503590286840F010002860286830A9EA
:1070D00000F010003590642030900848CDE931640C
:1070E000CDE93347FDF74EFC37B0F0BDE044025820
:1070F00000380040000402580034014000100258DB
:107100002DE9F84F044600689946174600F1200B18
:107110008A46FDF75DFD064694F88100012839D1C5
:10712000BAF1000F7ED0002FFCD094F88000012827
:1071300030D0A26800254FF0010884F88080032138
:1071400084F88110C4F88450C4F85CA06566A4F883
:107150006850656725672C34B2F5C02FA786E7868F
:10716000E58754F82C0D18D0C16821F4C02141F4F2
:107170000031C160206841686FF30F0139434160FD
:107180002068016841F0010101606068B0F5800F7E
:1071900008D00CE00220BDE8F88F016841F40061DE
:1071A0000160E7E72068016841F400710160E06870
:1071B0000F281CD820E02068416989070BD5E16DB4
:1071C00009680162E06D001DE065B4F86200401ED0
:1071D000A4F862000BE0FDF7FBFC811B494503D3DB
:1071E000B9F1FF3F03D09DE0B9F1000F32D0B4F800
:1071F00062000028DFD179E007282FD872E02068EC
:10720000416989071ED5B4F8621001290DD9E16BD7
:1072100059B1E16D09680162E06D001DE065B4F8E7
:10722000620000E07CE0801E09E0E06D0188ABF8C0
:107230000010E06D801CE065B4F86200401EA4F808
:1072400062000BE0FDF7C4FC811B494503D3B9F193
:10725000FF3F03D066E0B9F1000F63D0B4F86200DD
:107260000028CCD142E02068416989072ED5B4F8C6
:10727000621003290CD9E16B402909D9E16D096835
:107280000162E06D001DE065B4F86200001F1AE0C5
:10729000B4F8621001290CD9E16B51B1E06D01889D
:1072A000ABF80010E06D801CE065B4F86200801E51
:1072B00009E0E16D097880F82010E06D401CE06580
:1072C000B4F86200401EA4F862000BE0FDF780FCF9
:1072D000811B494503D3B9F1FF3F03D022E0B9F147
:1072E000000F1FD0B4F862000028BCD100224B462A
:1072F00008212046009602F0DBFF28B1D4F8840074
:1073000040F02000C4F88400204602F073FF84F8A7
:107310008180D4F8840084F8805000283FF43BAF8B
:10732000012038E7204602F065FFD4F8841084F885
:10733000805041F48071C4F8841084F88180032067
:1073400029E700002DE9FF4F0446C06B17461D4694
:1073500083B042092068521C00F1200130301FFA2E
:1073600082FBCDE90001FDF733FC824694F88100F1
:107370002E46012835D1049800287CD0002FFCD05F
:10738000002DFAD094F8800001282AD04FF001098E
:1073900084F8809005224FF0000884F88120C4F81A
:1073A00084806766A4F86A50A4F868500499E1657F
:1073B000A4F86250A4F86050C4F87080C4F87480D7
:1073C0002068C16821F4C021C160AD4920688842AD
:1073D00005D0AC49884202D0AB49884205D110277C
:1073E00004E0022007B0BDE8F08F082741686FF382
:1073F0000F01294341602068016841F001010160EB
:107400006068B0F5800F04D12068016841F4007114
:107410000160E0680F284CD9BF0838E02068416956
:10742000890710D57EB1F119A9420CD9E16D09681F
:107430000162E06D001DE065B4F86200401EA4F832
:107440006200B4F862602068416905B34269D207FE
:1074500003D15D4510D209040ED5006B616E086042
:10746000606E001D6066B4F86A00401EA4F86A00F1
:10747000B4F86A500BE0F0E0FDF7AAFBA0EB0A01BC
:107480001098814202D3401C01D004E018B156EAA2
:107490000500C3D1C8E0204602F0ACFED4F8840059
:1074A00084F8808040F48070C4F8840084F881906F
:1074B000E2E007287BD97F084EE02068406980071A
:1074C00011D586B1F019A8420DD9E06D0188019857
:1074D0000180E06D801CE065B4F86200401EA4F8F5
:1074E0006200B4F86260216848692DB34969C90730
:1074F0000AD000980088616E0880606E801C60660B
:10750000B4F86A00401E13E05D4516D2010414D59C
:1075100000980088616E0880606E801C606600992B
:1075200009880180606E801C6066B4F86A00801E65
:10753000A4F86A00B4F86A500EE0012D01D180046D
:10754000D7D4FDF745FBA0EB0A011098814202D386
:10755000401C01D083E058B356EA0500ADD163E08A
:1075600020684169890711D586B1F119A9420DD961
:10757000E16D097880F82010E06D401CE065B4F8FA
:107580006200401EA4F86200B4F86260206841699D
:107590006DB14269D2070CD090F83000616E08706E
:1075A000606E401C6066B4F86A00401E24E038E05B
:1075B00055E05D4525D20A0423D590F83000616E70
:1075C0000870606E401C6066216891F83010017090
:1075D000606E401C6066216891F830100170606E2A
:1075E000401C6066216891F830100170606E401C8C
:1075F0006066B4F86A00001FA4F86A00B4F86A5024
:107600000FE0042D02D211F4C04FC5D1FDF7E0FA0E
:10761000A0EB0A011098814202D3401C01D01EE069
:10762000E8B156EA05009BD1109B002208212046B4
:10763000CDF800A002F03CFE28B1D4F8840040F060
:107640002000C4F88400204602F0D4FD84F8819024
:10765000D4F8841084F8808081B10120C2E62046ED
:1076600002F0C8FDD4F8842084F8808042F480724F
:10767000C4F8842084F881900320B3E60020B1E6AA
:107680000030014000380040003C0040024A1368CE
:1076900083430B43136070470404005870477047DE
:1076A000704700002DE9F04390F83C20012A42D0B9
:1076B000012280F83C2051F80C4BDFF880804FF01D
:1076C000000991E8680051E9022723F44073B1F8FA
:1076D0000CC03B43CF6923F480631343026823F457
:1076E0000063234323F4805343EA050323F4005348
:1076F00043EA060323F4804343EA07030C3923F4E7
:107700007023424543EA0C4302D00D4CA2420CD1F7
:107710008D8C23F47006D1E9073446EA055121F037
:107720008071194321F000732343536480F83C9027
:107730000020BDE8F0830220FBE7000000000140CC
:1077400000040140F0B590F83C20012A3BD01F4EC8
:10775000012480F83C40022280F83D2002681C4D44
:107760005368B242D2F808C001D0AA4203D14F6890
:1077700023F470033B430F6823F070031F435760EB
:107780000268B24213D0B2F1804F10D0114B9A422E
:107790000DD0114B9A420AD0104B9A4207D0AA4200
:1077A00005D00F4B9A4202D00E4B9A4204D1896801
:1077B0002CF0800319439160002180F83D4080F84F
:1077C0003C100846F0BD0220F0BD00000000014062
:1077D000000401400004004000080040000C00408C
:1077E000001800400040014010B5040003D094F898
:1077F0003D0010B107E0012010BD002084F83C00DE
:10780000204600F022F8022084F83D002068211D67
:1078100003F04CF9012084F8480084F83E0084F815
:107820003F0084F8400084F8410084F8420084F866
:10783000430084F8440084F8450084F8460084F846
:10784000470084F83D00002010BD704790F83D10BF
:10785000012901D001207047144B0222016880F8F1
:107860003D20994214D0B1F1804F11D0104881428F
:107870000ED0104881420BD00F48814208D00F48EB
:10788000814205D00E48814202D00E48814207D184
:1078900088680D4A1040062806D0B0F5803F03D016
:1078A000086840F0010008600020704700000140B7
:1078B0000004004000080040000C004000040140AB
:1078C00000180040004001400700010090F83D1002
:1078D000012901D001207047174A022180F83D108C
:1078E0000168CB6843F00103CB600068904214D07C
:1078F000B0F1804F11D0114988420ED01049884212
:107900000BD01049884208D00F49884205D00F4952
:10791000884202D00E49884207D181680D4A114041
:10792000062906D0B1F5803F03D0016841F001017E
:10793000016000207047000000000140000400408A
:1079400000080040000C0040000401400018004006
:107950000040014007000100016841F21113CA68AC
:1079600022F00102CA6001680A6A1A4207D10A6A53
:107970009B101A4203D10A6822F001020A60012119
:1079800080F83D1000207047704770472DE9F041A6
:10799000044600680027C6680569A90713D5B10722
:1079A00011D5FA1E026101212177206880698007C4
:1079B000204602D0FFF7E9FF04E000F0D7F92046A7
:1079C00000F088FC2777680716D5700714D5226861
:1079D00002206FF00401116120772068806910F4A3
:1079E000407F204602D0FFF7D0FF04E000F0BEF950
:1079F000204600F06FFC2777280715D5300713D5F0
:107A0000226804206FF00801116120772068C069A6
:107A10008007204602D0FFF7B8FF04E000F0A6F987
:107A2000204600F057FC2777E80616D5F00614D557
:107A3000226808206FF01001116120772068C0696A
:107A400010F4407F204602D0FFF79FFF04E000F0D3
:107A50008DF9204600F03EFC2777E80708D0F007B4
:107A600006D021686FF001000861204600F054FC48
:107A7000280601D4A80408D5300606D521686FF47D
:107A8000025008612046FFF70AFEE80508D53006D7
:107A900006D521686FF4807008612046FFF7FEFD6F
:107AA000680608D5700606D521686FF040000861A9
:107AB000204600F047FCA8060AD5B00608D5216884
:107AC0006FF0200008612046BDE8F041FFF7E8BDF7
:107AD000BDE8F08130B587B0044614216846F8F758
:107AE000A5FC224A4FF0010521680224204891425A
:107AF00011D1016841F010010160006800F0100030
:107B000005900020511500916946CDE90140CDE96D
:107B10000305184826E0B1F1804F25D1016841F0F6
:107B200002010160016801F002010591016841F064
:107B30000101016000686946029400F001000590AF
:107B40004FF48060CDE900040B48CDE90345FCF714
:107B500019FF4FF400400294CDE90004074869463C
:107B6000CDE90345FCF70EFF07B030BD0000014032
:107B7000E044025800100258000402580000025865
:107B800070B5044690F83C00002501280BD0012078
:107B900084F83C000C2A1ED007DC82B1042A12D0E3
:107BA000082A06D113E0022070BD102A17D0142A2B
:107BB00019D00125002084F83C00284670BD2068BB
:107BC00003F05CF8F6E7206803F0AAF8F2E7206813
:107BD00003F0F2F8EEE7206803F03AF9EAE72068EC
:107BE00003F072F9E6E7206803F0A8F9E2E7000085
:107BF0002DE9F0410D00174604464FF0000610D065
:107C0000042D15D0082D1AD00C2D1FD0102D24D0E6
:107C100094F84300022827D094F84300012826D086
:107C20007DE094F83E0002281ED094F83E00F5E76F
:107C300094F83F00022817D094F83F00EEE794F83C
:107C40004000022810D094F84000E7E794F8410083
:107C5000022809D094F84100E0E794F84200022895
:107C600002D094F84200D9E70220BDE8F081A7B322
:107C70009BB33B494FF002003A4ADFF8ECC055B1E4
:107C8000042D19D0082D29D00C2D38D0102D48D016
:107C900084F8430047E084F83E00606AC1633946D7
:107CA000606A0264606AC0F84CC02268606A34325C
:107CB000FBF76AFE88B939E084F83F00A06AC16327
:107CC0003946A06A0264A06AC0F84CC02268A06A63
:107CD0003832FBF759FE00B92DE020E084F840006F
:107CE000E06AC1633946E06A0264E06AC0F84CC0E9
:107CF0002268E06A3C32FBF747FE80B920E084F856
:107D00004100206BC1633946206B0264206BC0F8D0
:107D10004CC02268206B4032FBF736FEA8B1012030
:107D2000A3E784F84200012630469EE72068C16838
:107D300041F400710DE02068C16841F4806108E001
:107D40002068C16841F4006103E02068C16841F423
:107D50008051C16020680122294602F00DFFE3E74F
:107D600093AB0208F1AB020829AC0208134A10B524
:107D70000168126891421CD1007F012819D1104876
:107D800090F8F510552914D10E4C6178890702D46A
:107D9000A17889070DD590F8F60055280AD02078EB
:107DA000002806D102F0A8FA207820F00C00001D6F
:107DB000207010BDBDE8104002F0E6BA540E002459
:107DC000240600245800002410B5040003D094F8C1
:107DD0003D0010B107E0012010BD002084F83C00F8
:107DE000204600F023F8022084F83D002068211D81
:107DF00002F05CFE012084F8480084F83E0084F81C
:107E00003F0084F8400084F8410084F8420084F880
:107E1000430084F8440084F8450084F8460084F860
:107E2000470084F83D00002010BD00002DE9F84F08
:107E3000016807463A48B1F1804F11D0394A914262
:107E400056D1016841F0020101600068002205215D
:107E500000F0020000901D20FDF796FA1D2058E06A
:107E6000016841F001010160006800262E4D4FF4C9
:107E7000806900F00100009005F10C014FF040080E
:107E80004FF4805A4FF0120C4FF4804BC5F8088025
:107E900081E8400EEE6128462E62244C6E62C5E9F0
:107EA000004CFBF78FFB08B1F9F7AEFA1E4C4FF010
:107EB000140C7D627834AF6304F10C001B4BC4F8E2
:107EC0000880183380E8400EE6612046266266622C
:107ED000C4E9003CFBF776FB08B1F9F795FAFC62C0
:107EE00000220521A7631C20FDF74EFA1C2010E09C
:107EF0000F4A914211D1016841F00401016000680C
:107F00000022052100F0040000901E20FDF73CFA3D
:107F10001E20BDE8F84FFDF72ABABDE8F88F000033
:107F2000E844025800040040A00E0024400402402F
:107F30000008004070B504464FF002024FF0000503
:107F400069B1042916D008295BD00C2964D0102906
:107F500069D094F8430001286CD0012070BD94F8DA
:107F60003E000128F9D184F83E202068C26842F022
:107F7000020209E094F83F000128EED184F83F2086
:107F80002068C26842F00402C2602068012202F048
:107F9000F3FD2E4920682E4A2E4B884209D090428C
:107FA00007D0984205D02C4EB04202D02B4EB042A2
:107FB00003D1466C46F4004646642068884212D0DD
:107FC000B0F1804F0FD0264988420CD02549884215
:107FD00009D02549884206D0904204D023498842DE
:107FE00001D0984207D18168214A1140062906D064
:107FF000B1F5803F03D0016841F0010101602846DE
:1080000070BD94F840000128A7D184F84020206872
:10801000C26842F00802B7E794F8410001289CD1F9
:1080200084F8412008E094F84200012895D184F8B2
:10803000422003E084F843200C2901D00125DEE72B
:108040002068C26842F010029EE700000000014074
:10805000000401400040014000440140004801404C
:108060000004004000080040000C004000180040E0
:108070000700010030B50022044600680D4602F0FA
:108080007BFD41F21111224B20688A1098420BD0DF
:10809000204B984208D0204B984205D01F4B984265
:1080A00002D01F4B984209D1036A0B4206D1036AE2
:1080B000134203D1436C23F4004343642068036AF2
:1080C0000B4206D1016A114203D1016821F001017E
:1080D00001604FF001005DB1042D0CD0082D0DD0D2
:1080E0000C2D0ED0102D0FD084F84300002030BD91
:1080F00084F83E00FAE784F83F00F7E784F8400090
:10810000F4E784F84100F1E784F84200EEE700006C
:1081100000000140000401400040014000440140D3
:108120000048014070B5044690F83C0000260D461A
:1081300001280BD0012084F83C000C2A4AD007DC2F
:1081400082B1042A20D0082A06D131E0022070BD75
:10815000102A53D0142A63D00126002084F83C0052
:10816000304670BD206802F089FD2068816941F0C9
:10817000080181612068816921F004018161206822
:108180002A698169114311E0206802F0C9FD206865
:10819000816941F4006181612068816921F4806115
:1081A000816120682969826942EA01218161D4E7FD
:1081B000206802F001FE2068C16941F00801C16138
:1081C0002068C16921F00401C16120682A69C16980
:1081D000114311E0206802F03BFE2068C16941F4C0
:1081E0000061C1612068C16921F48061C1612068BA
:1081F0002969C26942EA0121C161AEE7206802F043
:1082000063FE2068416D41F0080141652068416DC1
:1082100021F00401416520682A69416D114311E094
:10822000206802F08BFE2068416D41F400614165D9
:108230002068416D21F48061416520682969426DA3
:1082400042EA0121416588E710B5040003D094F8A3
:108250003D0010B107E0012010BD002084F83C0073
:10826000204600F023F8022084F83D002068211DFC
:1082700002F01CFC012084F8480084F83E0084F8D9
:108280003F0084F8400084F8410084F8420084F8FC
:10829000430084F8440084F8450084F8460084F8DC
:1082A000470084F83D00002010BD000008B50068BC
:1082B0000649884208D10648016841F00101016081
:1082C000006800F00100009008BD000000000140BF
:1082D000F04402580C4910B5044600680968884209
:1082E00011D1207F012804D10022C1030748FCF7E7
:1082F00064FC207F042806D10022BDE81040010262
:108300000348FCF75ABC10BDBC0D00240000025805
:10831000000402587047000010B508490446006880
:10832000884201D1FCF736FF054920680968884278
:1083300003D1BDE8104006F0A9BE10BD00100040FA
:10834000BC0D0024704730B590F88410012918D076
:10835000012280F884202421C0F8881000222024E3
:1083600001680B680D6823F0005325F001050D60CE
:10837000426601680B60C0F8884080F8842010468F
:1083800030BD022030BD10B50446D0F88C00202846
:1083900001D0022010BD61B15AB10123E366002073
:1083A0002067204603F004FC0028F3D1E16E012988
:1083B00001D0012010BD226810211162226852E80C
:1083C000001F41F0100142E80013002BF6D110BD50
:1083D0000F4AF0B400681268904216D10D4A00208E
:1083E0000D4C4FF4967509E01388AB4208D2138800
:1083F000265C5F1C17801344401C1E718842F3D317
:1084000001209070F0BCF8F7A5BFF0BC70470000E9
:10841000FC110024F4040024D0100024704770B52F
:10842000044690F8840001281DD0012284F884209D
:108430002420C4F8880020680568026822F0010240
:1084400002602068826822F060620A4382602046EF
:1084500002F0AEFD2268202100201560C4F88810CB
:1084600084F8840070BD022070BD70B5044690F899
:10847000840001281DD0012284F884202420C4F81F
:10848000880020680568026822F001020260206806
:10849000826822F060420A438260204602F088FD32
:1084A0002268202100201560C4F8881084F8840018
:1084B00070BD022070BD704770470000044900681D
:1084C0000968884203D102210162F8F743BF70476F
:1084D000FC1100242DE9F04107680025044640F610
:1084E0000F030226F8693968BA6818420AD1830670
:1084F0007ED501F0200302F0805C53EA0C0377D0B4
:10850000616F7EE1D44BDFF854C3134001EA0C0CD9
:1085100053EA0C0C6CD05FEAC07C0CD05FEAC15C03
:1085200009D54FF0010CC7F820C0D4F8907047F07F
:108530000107C4F89070870709D5D70707D02768C7
:108540003E62D4F8906046F00406C4F89060460796
:108550000AD5D60708D0276804263E62D4F8906072
:1085600046F00206C4F8906006070CD501F020061C
:108570001E4308D0266808233362D4F8903043F0B5
:108580000803C4F8903003050BD54B0109D52668C4
:108590004FF400633362D4F8903043F02003C4F802
:1085A0009030D4F89030002B3DD0800609D501F0F2
:1085B000200002F08051084303D0616F09B12046CA
:1085C00088472168D4F890008968490602D410F0E1
:1085D000280F2AD0204602F06BFE206880684006F3
:1085E0001ED52068083050E8001F21F0400100E04F
:1085F00021E040E80012002AF3D1D4F8800078B1DD
:1086000097490165D4F88000FAF722FB00280AD0C8
:10861000D4F88000016D00E02046BDE8F041084735
:108620002046FFF74BFFBDE8F0812046FFF746FFED
:10863000C4F89050F7E7D4F86CC02023BCF1010FC8
:108640007ED15FEAC06C7BD55FEAC16C78D5102023
:10865000386220688068400673D5D4F8802081494C
:108660001068884234D07F491831884230D07D4923
:10867000303188422CD07B494831884228D0794912
:108680006031884224D077497831884220D07549BA
:10869000903188421CD07349A831884218D0724961
:1086A000884215D070491831884211D06E49303156
:1086B00088420DD06C494831884209D06A496031FE
:1086C000884205D068497831884201D066499031A6
:1086D00040684FF480770004000C40D0B4F85C1080
:1086E00081423CD9A4F85E00D069B8422FD02168FD
:1086F00051E8000F20F4807041E80002002AF6D112
:108700002068083050E8001F21F0010140E8001205
:10871000002AF5D12068083050E8001F21F0400100
:1087200040E80012002AF5D1C4F88C30E5662068D4
:1087300050E8001F21F0100140E80012002A01E07B
:108740004AE019E0F3D1D4F88000FAF7D1F82667AF
:10875000B4F85C00B4F85E10401A81B208E0B4F8D6
:108760005C1081427FF466AFD069B842FAD12667C7
:108770002046FFF72DFE56E7B4F85C00B4F85E1013
:10878000B4F85E20401A81B2002AF4D00029F2D059
:10879000226852E8000F20F4907042E80007002F92
:1087A000F6D1324F206800F1080050E8002F02EAAD
:1087B000070240E8002CBCF1000FF3D1C4F88C3064
:1087C000E5666567226852E8000F20F0100042E875
:1087D0000003002BF6D1CAE7C60209D5560207D519
:1087E0004FF4801038622046BDE8F041FFF764BEC8
:1087F00006060AD501F0800602F40002164304D0F2
:10880000A16F00297FF408AF0DE7420611D54A0693
:108810000FD52046016851E8002F22F0400241E8C0
:108820000024002CF6D1C0F88830856700F082F96A
:10883000F9E6020206D54A0004D52046BDE8F0411B
:10884000FFF739BEC00196D5002994DA2046BDE86D
:10885000F041FFF7E3BD000001000010200100041B
:1088600067B102081000024010040240FEFFFFEF53
:1088700010B5040003D0D4F8880010B107E001203F
:1088800010BD002084F88400204600F027F8242042
:10889000C4F888002068016821F001010160A06A25
:1088A00010B1204602F0A6FB204602F0ABFF0128E3
:1088B000E6D02068416821F49041416020688168D9
:1088C00021F02A0181602068016841F00101016006
:1088D0002046BDE8104002F0F1BB00002DE9F04158
:1088E000B6B00746142130A8F7F7A0FDC0216846AE
:1088F000F7F79CFD4A49022538680024474E4FF09F
:10890000070888425ED100201F940121CDE90010A4
:108910006846FDF7F3F808B1F8F776FD3F481030E8
:10892000016841F010010160006800F0100035900E
:10893000306840F00100306030684FF4C061309121
:1089400030A900F00100CDE931543394CDE93480F1
:108950003448FCF717F8344E292234494FF4806824
:10896000304686E81600C6E903487461B461F461D4
:1089700034627462FAF726FE08B1F8F745FD2A4D15
:108980002A222A4940237835C7F880601831B76316
:10899000284685E81E016C61AC61EC612C626C625A
:1089A000FAF710FE08B1F8F72FFDFD670022052148
:1089B000AF632520FCF7E8FC2520FCF7D8FC36B097
:1089C000BDE8F0811A498842F9D100201E940221A5
:1089D000CDE900106846FDF791F808B1F8F714FDED
:1089E0000E480830016841F400310160006800F46D
:1089F00000303590306840F0080030603068602109
:108A0000309130A900F00800CDE931543394CDE91C
:108A100034800848FBF7B6FFD1E70000E044025875
:108A200000100140000002582413002410040240EA
:108A300000440040000C025830B4D0F88C30202B99
:108A400002D0022030BC7047A9B1A2B10B4D002466
:108A50000368C466AB420BD05B681B0208D5046890
:108A600054E8003F43F0806344E80035002DF6D120
:108A700030BC03F0F1B80120E4E70000000C00581E
:108A8000054900680968884204D104490122024866
:108A9000FFF7D2BF7047000090120024BC000024F2
:108AA0007047000070B50446D0F88800202801D037
:108AB000022070BD39B332B3E06F00232165212558
:108AC000A4F85420A4F85620C4F89030C4F8885074
:108AD000D8B11549C163E16F14480864E16F1448C7
:108AE000C864E06F036513462068E56F00F1280253
:108AF000216D2846FAF748FF38B11021C4F89010CC
:108B00002020C4F88800012070BD21684020086240
:108B10002068083050E8001F41F0800140E8001252
:108B2000002AF5D1002070BD67B20208A7B2020882
:108B300077B1020870477047FEE700001E4810B585
:108B40001E491F4C006E884227D900EE100AFBEE2A
:108B50000E0A201D30EEC00A80ED050A05F056FE13
:108B6000DFED180A184980EE201A94ED000A31EE64
:108B7000000A10EE100A84ED000A884201DDC4EDFF
:108B8000000A94ED000ABDE8104010480021BCEE38
:108B9000C00A10EE102A01F055BC00220B48114605
:108BA00001F050FC0648001D01F038F99FED080A5D
:108BB00084ED000A10BD0000460700240000F0C14B
:108BC000240000240000C8420000C842700D0024A8
:108BD0000000000001688A69D243920701D4002294
:108BE0008A6200688169C943C90703D0816941F07D
:108BF00001018161704700002DE9F04704460068DB
:108C00000026894617464FF0200835468169C90677
:108C100041D51021C1612FE0B9F1FF3F2CD0FBF706
:108C2000D7FFC11B494502D8B9F1000F24D12068F4
:108C3000426894F84210836902F48042DB431B04CB
:108C400015D4B2F5804F12D0202910D0416841F4DC
:108C500080414160FBF7BCFF074608E0FBF7B8FF27
:108C6000C01B192803D9012645F0200504E020681F
:108C70008069C0438006F1D420688069C0438006C3
:108C800002D5002EC8D003E016B92168C1F81C80B7
:108C9000012645F0040521688869C20505D54FF411
:108CA0008072CA6145F00105012641050AD5216897
:108CB00080054FF4806245F00805CA614FF0010657
:108CC00002D40AE0800507D5206801264FF4007120
:108CD00045F00205C16100E08EB12046FFF77AFF42
:108CE00020680021074F43683B404360606C284385
:108CF000606484F8418084F8421084F84010304663
:108D0000BDE8F08700E800FE2DE9F8430446164868
:108D100017461E46DAB20090C3022046DDE90898E5
:108D200000F024F842464946204600F0F5F8B8B96C
:108D3000012EFDB208D02068390A816242464946B8
:108D4000204600F0E9F858B92068856200228021A9
:108D50004B462046CDF8008000F020F8002800D0D7
:108D60000120BDE8F88300000020008070B5006895
:108D7000C1F3090141EA0241074D049C19434FF434
:108D800080664268214306EA54532B439A4321F0FC
:108D900000410A43426070BDFF63FF032DE9F041CB
:108DA0001D4617460E460446DDF8188028E0424668
:108DB00029462046FFF720FF10B10120BDE8F081D1
:108DC000681C1DD0FBF704FFA0EB0800A84200D8E8
:108DD000B5B92068806936EA00000FD00020B8429B
:108DE0000ED1626C002084F84000202142F0200265
:108DF000626484F8411084F84200DEE70120EEE767
:108E00002068806936EA000004D00020B842CED045
:108E10000020D3E70120F9E72DE9F047002691462D
:108E200020278846044635463DE04A4641462046CE
:108E3000FFF7E2FE00B1012520688169C943890678
:108E400019D4C5B981698169C943C90612D41021F1
:108E5000C16104221949626401252068C761206844
:108E600042680A40426084F8417084F8426084F8A5
:108E7000406000E06664FBF7ABFEA0EB09014145F2
:108E800002D8B8F1000F0ED16DB920688069C043D7
:108E9000400708D5606C012584F8406040F0200050
:108EA000606484F8417020688069C043400701D540
:108EB000002DBAD02846BDE8F087000000E800FE8B
:108EC00070B516460D4604461FE032462946204638
:108ED000FFF792FE08B1012070BDFBF779FE801B01
:108EE000A84200D88DB920688069C04380060CD59F
:108EF000626C002084F84000202142F0200262646D
:108F000084F8411084F84200E5E720688069C04396
:108F10008006DAD4002070BD70B516460D460446B2
:108F200021E0324629462046FFF766FE08B10120BF
:108F300070BD681C17D0FBF74BFE801BA84200D801
:108F40008DB920688069C04380070CD5626C002011
:108F500084F84000202142F02002626484F841102D
:108F600084F84200E3E720688069C0438007D8D4D2
:108F7000002070BD0146C003C00B4FF0000005D1BA
:108F80004914A1F580610F2900D801207047000025
:108F900070B5054608780C46AA2822D1A07800BBF7
:108FA000607802281DD1B4F80300D0B1AA21284668
:108FB00000F0B4FFB4F80500B4F80310884224D0E0
:108FC00000EE101AB2EE041B2846A4F80510B8EE05
:108FD000400BBDE8704080EE012BB7EEC20B00F0F5
:108FE00023BFB4F8050000280FD05521284600F013
:108FF00095FF002628469FED050AA4F8056000F0BD
:1090000013FF034905EB85000E5470BD00000000FE
:109010008902002400EBC000074A552300EB400002
:10902000002113541044827842F001028270A0F8AB
:109030000510A0F803107047240600248068C0F3D0
:10904000C00070478068C0F3800070478068C0F33C
:1090500080007047C06810F4406F01D00020704756
:10906000012070470C4B60B101280DD00B4B02283A
:109070000DD003280FD10A464FF400411846FBF7E4
:109080009CBD0A460821F9E70A461021F6E70A4680
:109090004FF48041F2E77047001002580008025870
:1090A00010B500240721E0B200F012F80021E0B270
:1090B00000F00EF840F002020021E0B200F03AF8B1
:1090C0000721E0B200F004F8641C042CEAD310BDC0
:1090D0003EB505460C460020012101902846FFF7C9
:1090E000C1FF00212846FFF7BDFFC821009104F011
:1090F0007F008DF804000648022302AA01A9FEF7AA
:1091000021F901212846FFF7ADFF9DF809003EBD7A
:10911000E80C002470B50024054600212A46E0B280
:1091200000F008F80021E0B2FFF7D2FF641C042C25
:10913000F3D370BDF8B515460C4601210646FFF77E
:1091400091FF00213046FFF78DFF44F080008DF83D
:10915000000007482C43C823694602228DF80140CD
:10916000FDF7CEFF01213046FFF77CFFF8BD000080
:10917000E80C002430B58BB0002468461C2107940D
:1091800008940994F7F752F92F484FF4101201216F
:109190002C4B04250561C0E90032C0E90241047589
:1091A000032241750B03856104774462C0E90A42DA
:1091B000C0E90C3480F83840C163F9F7FBF808B116
:1091C000F8F722F9204807A90794F8F7A7FC08B197
:1091D000F8F71AF906201D4940F2FF72CDE9001098
:1091E000CDE9020218486946CDE904548DF81940CA
:1091F000F8F728FD08B1F8F707F90C211448CDE974
:10920000000111486946F8F71DFD08B1F8F7FCF8B0
:1092100012211048CDE900010B486946F8F712FD0C
:1092200008B1F8F7F1F818210B48CDE9000106481C
:109230006946F8F707FD002801D0F8F7E5F80BB00C
:1092400030BD0000002002409408002400002143AB
:10925000000052470040C03A0080F03E70B588B030
:109260001C216846F7F7E2F844480024424A0425E6
:1092700001214FF4101302600822C0E90134C0E953
:1092800003150475032341750E038261047744625C
:10929000C0E90A43C0E90C6480F83840C163F9F7BB
:1092A00089F808B1F8F7B0F80620354940F2FF72A6
:1092B000CDE90010CDE9020230486946CDE90454F9
:1092C0008DF81940F8F7BEFC08B1F8F79DF80C21AD
:1092D0002C48CDE9000129486946F8F7B3FC08B1EC
:1092E000F8F792F812212848CDE900012348694691
:1092F000F8F7A8FC08B1F8F787F818212348CDE95A
:1093000000011E486946F8F79DFC08B1F8F77CF8A3
:109310004FF480711E48CDE9000118486946F8F7FE
:1093200091FC08B1F8F770F84FF483711948CDE952
:10933000000112486946F8F785FC08B1F8F764F8AF
:109340004FF486711448CDE900010C486946F8F7DE
:1093500079FC08B1F8F758F84FF489710F48CDE956
:10936000000106486946F8F76DFC002801D0F8F7BF
:109370004BF808B070BD000000210240F80800243E
:109380000000844B0000B84F0800900C8000501D76
:109390001000C010000180210002B0252000F01450
:1093A00070B588B01C216846F7F740F82A480024B9
:1093B000284A012504264FF4101104C02A0380E82E
:1093C0007200047403214574466104760462C0E9A6
:1093D0000941C0E90B2480F834408563001FF8F789
:1093E000E9FF08B1F8F710F806201C4940F2FF72B7
:1093F000CDE90010CDE9020217486946CDE90464C1
:109400008DF81940F8F71EFC08B1F7F7FDFF0C21A5
:109410001348CDE9000110486946F8F713FC08B17C
:10942000F7F7F2FF12206946CDE900500A48F8F735
:1094300009FC08B1F7F7E8FF18210A48CDE9000157
:1094400005486946F8F7FEFB002801D0F7F7DCFF76
:1094500008B070BD006002585C0900240004002AB6
:109460000008302E02003004254808B5016841F09C
:1094700001010160016801F001010091016841F002
:109480000201016000680022052100F00200009046
:109490000B20FBF779FF0B20FBF769FF002205216A
:1094A0000C20FBF771FF0C20FBF761FF0022052168
:1094B0000D20FBF769FF0D20FBF759FF0022052166
:1094C0003820FBF761FF3820FBF751FF0022052110
:1094D0003920FBF759FF3920FBF749FF002205210E
:1094E0003A20FBF751FF3A20FBF741FF002205210C
:1094F0003B20FBF749FFBDE808403B20FBF737BFA7
:10950000D84402582B480421F0B5294F002489B0D3
:10951000846007601422C4601B2304740225447411
:1095200001268474C361C0E90521C0E9081200F175
:109530003002C0E90A1382E85200C0E90F45C0E9D1
:109540001114C0E91314C0E91514C0E91745C0E9A6
:109550001941FAF795FE08B1F7F756FF02A90194F1
:109560004FF4926081E87000CDE90504114801A92B
:10957000FAF7D0FB08B1F7F747FF02220D480023A6
:1095800011460094FAF705FC08B1F7F73DFF0948CA
:1095900000220121FAF746FB08B1F7F735FF05482D
:1095A000FAF7E5FF002801D0F7F72EFF09B0F0BD6C
:1095B00000A00040280B0024094810B505F03CF835
:1095C000084CE0600648103005F036F8044A0021E7
:1095D000206105486C3A05F067F8206010BD000076
:1095E0001008030860000024C5A402082DE9F04F0C
:1095F00087B014216846F6F719FF5648016841F014
:1096000010010160016801F010010591016841F04D
:1096100004010160016801F004010591016841F055
:1096200080010160016801F080010591016841F04D
:1096300001010160016801F001010591016841F03B
:1096400002010160016801F002010591016841F029
:1096500008010160006840F21B16DFF8FC90002250
:1096600000F00800314605904846FBF7A6FADFF8FF
:10967000ECA000224CF240115046FBF79EFADFF8B6
:10968000E0B045F23837002239465846FBF795FAE4
:1096900048F28008334800224146FBF78EFA002446
:1096A0000096012569464846CDE901540394FBF72D
:1096B00069F94FF441400090CDE9015469465046A4
:1096C0000394FBF75FF94FF488166946E8020294A9
:1096D000CDE900065846FBF755F900976946CDE9F4
:1096E000015458460394FBF74DF9CDF800806946C4
:1096F000CDE901541B480394FBF744F94020694627
:10970000CDE90005CDE902545046FBF73BF90320B3
:109710006946CDE9000613480294FBF733F90022AD
:1097200005210620FBF730FE0620FBF720FE002275
:1097300005210720FBF728FE0720FBF718FE002273
:1097400005212820FBF720FE2820FBF710FE07B09C
:10975000BDE8F08FE044025800100258000802589B
:1097600000040258000C02581348002110B5114C97
:109770000123124A0460C0E90121C0E903314161BB
:109780008161C1610162FBF77FFA08B1F7F73CFE26
:1097900009480021FBF722FA08B1F7F735FE064821
:1097A0000021FBF747FA002803D0BDE81040F7F787
:1097B0002BBE10BD005400400C0C0024EE3A30705B
:1097C0004FF0804215482DE9F0411311124C002151
:1097D0001512C0E90513C0E907214162072781621C
:1097E0004FF4C026C1624FF0007CC0E90D21C16377
:1097F000016441648164C16401654165816580E8FB
:10980000F010FDF751FB002803D0BDE8F041F7F759
:10981000FBBDBDE8F081000000380040600C002472
:109820002DE9F041164807264FF08042DFF84CC082
:109830000021551105611311C0E90216C0E9072185
:109840004162171281629411C162C0E90D21C163A6
:10985000016441648164C164016541658165C0E959
:109860000543C0E900C7FDF71FFB002803D0BDE892
:10987000F041F7F7C9BDBDE8F081000000340140B8
:10988000E80C002410B596B000241C210BA81294FB
:1098900013941494F6F7CAFD2C216846F6F7C6FD1A
:1098A0002248EF2220494FF6FF7380E81600C0E9F6
:1098B000033444618461FEF7C7FC08B1F7F7A4FDE7
:1098C0001A4812A9129413941494FDF73BFF08B19F
:1098D000F7F79AFD6020CDE90B04144800220BA98C
:1098E0000D940E940F9410941194FEF71BFC08B184
:1098F000F7F78AFD4FF4005000940194010302949D
:10990000CDE9044003940694CDE907410748694630
:1099100009940A94FDF7C6FE08B1F7F775FD0348F0
:10992000FEF7D8F816B010BD00000140700D0024FD
:1099300010B58AB0002468461C2107940894099445
:10994000F6F774FD1948611E17224FF08043C0E9F5
:10995000024104618461C0E90032FEF735FA08B1C2
:10996000F7F752FD114807A907940994FDF7EAFE9D
:1099700008B1F7F749FD3020049402210291CDE9A6
:1099800000040A4800226946FEF7FAF808B1F7F722
:109990003BFD064808226946FEF7F2F808B1F7F7E2
:1099A00033FD0248FEF796F80AB010BDBC0D002446
:1099B00010B58AB0002468461C21079408940994C5
:1099C000F6F734FD15484FF6FF71EF22124BC0E950
:1099D000024104618461C0E90032FEF7F5F908B183
:1099E000F7F712FD0D4807A907940994FDF7AAFEA1
:1099F00008B1F7F709FD0220009400226946CDE97D
:109A0000014006480494FEF7BBF8002801D0F7F7A0
:109A1000FBFC0AB010BD000000040040080E00244A
:109A200010B58AB0002468461C2107940894099454
:109A3000F6F7FCFC18484FF6FF71EF22154BC0E912
:109A4000024104618461C0E90032FEF7BDF908B14A
:109A5000F7F7DAFC104807A907940994FDF772FE9E
:109A600008B1F7F7D1FC0C48002269460094019434
:109A700002940494FEF784F808B1F7F7C5FC064891
:109A800004226946FEF77CF8002801D0F7F7BCFCF9
:109A90000AB010BD00080040540E002419480021EF
:109AA0002DE9F041164A0C24C0E90541C1614FF48B
:109AB000612301629514416256141715816280E892
:109AC000EC00FEF7D5FE08B1F7F79EFC0D4800212B
:109AD000FEF7CBFC08B1F7F797FC0A480021FEF728
:109AE0009EFC08B1F7F790FC0648FEF72CFC002816
:109AF00003D0BDE8F041F7F787BCBDE8F081000076
:109B000000100140FC1100241848002110B5164C2B
:109B10000C224FF4E1330460C0E90131C160C0E9B7
:109B200004128161C161016241628162FEF7A0FE9F
:109B300008B1F7F769FC0D480021FEF796FC08B163
:109B4000F7F762FC09480021FEF769FC08B1F7F756
:109B50005BFC0648FEF7F7FB002803D0BDE8104089
:109B6000F7F752BC10BD00000044004090120024E2
:109B700070B501210446FFF7ABFAC501204602216A
:109B8000FFF7A6FA45EA50002146BDE8704003F011
:109B9000AFBBFEE7FEE7F0B5B1B0C0216846F6F70F
:109BA00045FC002304240A254FF408228DE83C00DC
:109BB00002202993C026049002071C9220270590BA
:109BC000CDE90606CDE908736846FBF797FF002844
:109BD00001D072B6FEE731B0F0BD00002DE9F047CC
:109BE000454D044689464FF0000A2868C043800767
:109BF0000AD0414E283E306820F080603060FAF78D
:109C0000E7FF0746B04608E00120BDE8F08700BF47
:109C1000FAF7DEFFC01B022867D8D8F80000000161
:109C2000F6D4206829684FF4FE0721F47C313E0207
:109C300041EA00302860207AA389B4F804C04002C9
:109C40002D4D2D495B1E227CACF1010C1035091DF8
:109C5000A0F5007080B2521ECCF3080C07EA034353
:109C600040EA0C00184306EA0262104328600868C4
:109C7000626920F0C000104308600A68A06922F001
:109C8000200202430A60281D0A6822F010020A60BE
:109C900002684FF6F873E4699A4342EAC40202602C
:109CA0000868B9F1000F40F010020A6011D008688E
:109CB000B9F1010F11D040F400100860D8F800008D
:109CC000444640F08060C8F80000FAF781FF05467E
:109CD0000DE0086840F40020EFE740F48010ECE766
:109CE000FAF776FF401B022801D903208DE7206890
:109CF0000001F5D5504688E7284402582DE9F04781
:109D0000454D044689464FF0000A2868C043800745
:109D10000AD0414E283E306820F080503060FAF77B
:109D200057FF0746B04608E00120BDE8F08700BFB6
:109D3000FAF74EFFC01B022867D8D8F80000800051
:109D4000F6D4208829684FF4FE0721F07C713E028A
:109D500041EA00502860207AA389B4F804C0400288
:109D60002D4D2D495B1E227CACF1010C1835091DCF
:109D7000A0F5007080B2521ECCF3080C07EA034332
:109D800040EA0C00184306EA0262104328600868A3
:109D9000626920F44060104308600A68A06922F4F8
:109DA000007202430A60281D0A6822F480720A6069
:109DB00002684FF6F873E4699A4342EAC40202600B
:109DC0000868B9F1000F40F480720A6011D0086889
:109DD000B9F1010F11D040F080700860D8F8000090
:109DE000444640F08050C8F80000FAF7F1FE0546FE
:109DF0000DE0086840F48000EFE740F40000ECE775
:109E0000FAF7E6FE401B022801D903208DE72068FF
:109E10008000F5D5504688E728440258002141616A
:109E2000C16001617047000000EBC0021A4902EBFB
:109E300042021144D1F80F20D1F80B1000EE902A05
:109E400001EE101A40EE010AF5EEC00AF1EE10FA2A
:109E500001D2DFED120A9FED120AB0EE041B9FED56
:109E6000112B20EE800A9FED113BB7EEC00A80EE69
:109E7000014B24EE020B20EE030BBCEEC00B10EEE8
:109E8000101A8AB228B1012805D103210120F6F762
:109E900061BF0221FAE77047240600240000000099
:109EA00000FF7F47FA7E6ABC7493683F00000000A1
:109EB00000004940B5EEC00AF1EE10FA01D29FED64
:109EC000110ADFED110AB0EE042B9FED103B20EEDE
:109ED000200A9FED101BB7EEC00A80EE024B24EE65
:109EE000030B20EE010BBCEEC00B10EE101A8AB271
:109EF00028B1012805D105210120F6F72BBF042147
:109F0000FAE770470000000000FF7F47FA7E6ABC56
:109F10007493683F00000000000049402DE9F05FA5
:109F200005464048DFF800B1AA29404F00EB050480
:109F3000DFF8FCA005EB85064FF0000914D0002DDA
:109F40004FF0010265D080215846FAF736FE002214
:109F500050461021FAF731FE607820F0030060705F
:109F600007F80690BDE8F09F304A05EB8501B85D23
:109F7000B8468F18D0B106F06FFAD7F801104746EF
:109F8000401AB0F5FA6FEDD34FF000025DB18021B9
:109F90004FEA0B00FAF711FE07F80690607840F0E0
:109FA00002006070DEE708215046F3E74FF001023F
:109FB00025B310215046FAF700FE607840F001000A
:109FC0006070EDB180215846FAF7F2FDD8B118F86B
:109FD00006000028C6D14FF00102BDB180215846CD
:109FE000FAF7EBFD6278012122F00202627008F8B4
:109FF000061006F031FAC7F80100B3E72021D9E7CF
:10A0000008215046E0E708F80690ABE708215046E3
:10A01000E6E7082155465046FAF7CFFD00222846CC
:10A02000202197E758000024000C025893020024D6
:10A0300000040258B7EEC02A9FED1B1B9FED1C3B8E
:10A040009FED1D0B1E4A32EE412B82EE034B34EE88
:10A05000412B02EE401BB7EEC10BB5EEC00AF1EE8C
:10A0600010FA02D29FED170A05E010EE101A914285
:10A0700001DDB0EE040ADFED140AB0EE041B20EEA1
:10A08000200AB7EEC00A80EE012BBCEEC20B10EE28
:10A09000101A8AB228B1012805D101210120F6F752
:10A0A00059BE0021FAE770479A9999999999E93F21
:10A0B00000000000000042403333333333331B4091
:10A0C000000020400000000000FF7F47B5EEC00AFE
:10A0D00010B5F1EE10FA02DDF0EE400A01E0F1EE0B
:10A0E000400A9FED2D1BB7EEE04AB2EE0C3BB7EEF7
:10A0F000082B34EE414B84EE035B35EE413B03EE1F
:10A10000421BF7EEC10BF5EEC00AF1EE10FA01D2D8
:10A11000DFED230A9FED232AB5EEC00AB0EE041B43
:10A12000F1EE10FA20EE820A4FF6FF71B7EEC00A88
:10A1300080EE012BBCEEC20B10EE102A94B202DDB1
:10A1400022460C4600E00A4680B1012815D00228BC
:10A150001AD003281FD107210020F6F7FBFD0521A7
:10A160002246BDE810400020F6F7F4BD0221002091
:10A17000F6F7F0FD00212246F3E706210020F6F76E
:10A18000E9FD04212246ECE703210020F6F7E2FD79
:10A1900001212246E5E710BD9A9999999999E93FDD
:10A1A0000000000000FF7F47AA29034630B40AD010
:10A1B00000220E4C4BB1012B0AD00D4C022B0AD0C1
:10A1C00003280FD10BE00122F3E70221204609E02A
:10A1D0000121204606E04FF40071204602E04FF4D2
:10A1E0008071204630BCFAF7E8BC0000001002582D
:10A1F0000004025810B5026840F26F335169946947
:10A2000044F0080494610268946944F01004946175
:10A210000268146824F001041460026814699C4305
:10A2200014610268936823F44043936090F881209E
:10A23000042A0CD08A060AD5D0F8842042F0800285
:10A24000C0F884200268936943F02003936190F87A
:10A250008120032A0CD04A060AD5D0F8842042F087
:10A260000402C0F884200268936943F040039361BC
:10A270008A050AD5D0F8842042F00102C0F8842073
:10A280000268936943F400739361C9050AD5D0F855
:10A29000841041F00801C0F8841001688A6942F412
:10A2A00080728A610021A0F86210A0F86A1010BDC7
:10A2B0002DE9F0411C4616460D460746DDF818808C
:10A2C0000AE000BFFAF784FCA0EB0800A04202D32A
:10A2D000601C01D00BE054B13868406935EA0000D9
:10A2E00007D00020B042EDD00020BDE8F08103206F
:10A2F000FBE70120F6E700001548002110B5FDF747
:10A30000B9FE13480821FDF7B5FE1148FDF724FBFF
:10A310000F4900209FED0F1B0A6850620F480A6822
:10A32000B0F8F70000EE100AB8EE400B81EE002BFB
:10A33000BCEEC20B10EE100A401ED062C860F6F7E9
:10A340000DFC00F00DF8BDE810400148FDF7BEBA65
:10A35000BC0D002400000000D0126341240600243C
:10A36000074A02230748002110B5FDF741FC044AC3
:10A370000223BDE81040083202480821FDF738BC2E
:10A38000AC000024BC0D00242DE9F041284D2878B4
:10A39000002846D1274C0021274AA2F5EA702388DD
:10A3A000FDF726FCDFF89480254E234F98F8F20045
:10A3B000AA2810D030680022082100F0DDFB208898
:10A3C000326807EB800050F8041C6331D16250F80A
:10A3D000040C633018E0184A08216388184860327A
:10A3E000FDF706FC21886288134807EB8101603085
:10A3F00000EB820051F8041C50F8040C814200D993
:10A40000084631686330C862F0600D48FDF75EFAB7
:10A4100098F8F5005528287805D020F03000103045
:10A420002870BDE8F08120F00300401CF8E7000030
:10A4300058000024A8000024900F002424060024C3
:10A44000BC0D002410B5C3686424006803F1010347
:10A4500003FB02F3B3FBF4F249B1042909D0082944
:10A4600009D00C2909D0102909D0C26510BD42635A
:10A4700010BD826310BDC26310BD026410BD826551
:10A4800010BD0000044A0021044810B504F00CF986
:10A490000349886010BD0000EC07030879A5020895
:10A4A00060000024044A0021044810B504F0FCF8C0
:10A4B0000349486010BD0000C8070308EDA4020866
:10A4C0006000002403F0C2FF00F05EF8C120FEF738
:10A4D00021FEFEF7E5FD02F0D7FD05F07BF9F6F76A
:10A4E00039FFFFF7CFFF04F0DBF80000204A8AB005
:10A4F000204C022602F11000099004F13600089069
:10A500005E300490793802F11C09009004F1650A6C
:10A5100002F1280802F1340502F1080704F1C30B27
:10A5200003F00AFD0020DDE9081200F05DF90120CA
:10A530004A46514600F058F904990220424600F07C
:10A5400053F903202A46594600F04EF96670002060
:10A55000074A08492677FEF71BFD009901203A4675
:10A56000FEF716FDFEF7EAFA012004F029F8D7E716
:10A57000460700242406002402F0F0FC04F0DCF876
:10A58000012004F01DF8F7E70B491C2210B501F17A
:10A59000E000F8F729F908493822383101F58670CA
:10A5A000F8F722F904491C22BDE81040A83101F552
:10A5B0008070F8F719B90000B40700244FF0E020CC
:10A5C00010B5006905F03AFF012803D0BDE810403E
:10A5D00005F026BC10BD000070B59CB04C2168464B
:10A5E000F5F724FF202113A8F5F720FF0220FAF742
:10A5F000FDFE214800242149026842F440420260E5
:10A6000002680A6842F001020A60096801F001016B
:10A610001B9101688904FCD5022000904025049517
:10A620000121039104220B923C23CDE90904CDE9D9
:10A630000C300FAB05260E960C2183E813006846FC
:10A640001294FCF76FF908B172B6FEE708221A956A
:10A65000CDE91625D30113AA3F200321CDE91853D4
:10A6600082E81300042113A8FBF71EFF002801D085
:10A6700072B6FEE71CB070BD184802582C04005892
:10A680003348F0B5334A016841F470010160106845
:10A6900000F00F00072804D2106820F00F00C01D42
:10A6A00010602D4900202C4C10340B682B4D43F0CA
:10A6B00001030B6020600B682B400B60136803F0F4
:10A6C0000F03072B04D9136823F00F03DB1D13605E
:10A6D000214C234A1834234B261D371D20601E4C65
:10A6E000214D28343060261D3860371D23603B1D06
:10A6F00035601C1D3A60251D2E1D1860331D22601B
:10A700002860326018600A68134B184C22F48022CB
:10A7100060330A60186020686FF30F00B0F1005FCB
:10A7200003D213490120C1F808010B48D430016855
:10A73000C9040BD4026843F2D2010E4B42F480529A
:10A7400002601960016821F480510160F0BD0000D1
:10A7500088ED00E000200052004402587FEDF6EA48
:10A7600080020101000202020000FF010010005CF3
:10A770000080005100400052B0F90300B2EE041B0B
:10A7800000EE100A0968B0EE082BB8EEC04B00EEE0
:10A79000101A84EE013BB7EEC00A33EE021BB4EE92
:10A7A000C01BF1EE10FA01D2012070470020704763
:10A7B000B0F90300B2EE041B00EE100A0968B0EE17
:10A7C000082BB8EEC04B00EE101A84EE013BB7EE3A
:10A7D000C00A33EE421BB4EEC01BF1EE10FA01DDED
:10A7E00001207047002070472DE9F04792460C4643
:10A7F000054600F093F83D4B0022207805EB8505D7
:10A8000003F12806552803F1140702D172555A5551
:10A810007A55705D30B101284FF003080DD0022841
:10A820005AD12FE02078AA2856D10120705505F082
:10A8300013FEA919C1F801004EE051462046FFF76A
:10A840009BFF20B951462046FFF7B2FFB8B1274819
:10A8500049F2E031283004F0FEFE03283CD1514695
:10A860002046FFF789FF0028A07802D040F00200C0
:10A8700001E040F00400A07006F805802CE0022002
:10A88000705529E051462046FFF776FF4EF66029C5
:10A8900058B11648494604F0DEFE03281CD106F8DC
:10A8A0000580A07840F0020015E05A55A078514686
:10A8B00020F00200A0702046FFF77AFF80B10B481D
:10A8C0004946143004F0C7FE032805D106F8058078
:10A8D000A07840F00400A070785D6070BDE8F0875B
:10A8E0007A55A07820F00400F5E70000A0020024CB
:10A8F0004968094A00EE101A02EB8000D0ED000A08
:10A90000B0EEC00AB4EEE00AF1EE10FA01DB01206D
:10A910007047002070470000080000242DE9F04136
:10A920000C46097804F10F081646AA29054601D1FC
:10A93000A07880B155212846FFF736FC00209FED16
:10A940004A0AC4F82B002846FFF7C0FB4046BDE882
:10A95000F041FFF763BAAA212846FFF725FC05F06E
:10A960007BFD424F57F82510401AC8287AD905F0C8
:10A9700073FD47F82500B4F90300B2EE041B00EEA6
:10A98000100A3168B8EEC02B00EE101A82EE013BBF
:10A99000B7EEC00A33EE400BB7EEC00B10EE100A54
:10A9A000C4F82300404603F031FFDFED310A80EEAA
:10A9B000201A11EE100AB0F1804F02DDB0EE001A3D
:10A9C00006E011EE100AB0F1404F01D9B8EE001ABE
:10A9D00031462846FFF78CFF70B1D4F82B1000EEFB
:10A9E000101A70EE010AB0EEC00AF0EEE00AF4EEC2
:10A9F000C00AF1EE10FA2CDC54F82B0F00EE100A0E
:10AA000030EE010A10EE100A2060284603F0C0F86C
:10AA1000B7EEC01A9FED170B01F0CEFBB7EEC00BDF
:10AA200054F82B1901EE101AF1EE400AB4EEE01AB8
:10AA3000F1EE10FA02D210EE900A08E000EE901A41
:10AA4000F4EEC00AF1EE10FA03DD10EE100AC4F8BD
:10AA50002B00D4F82B0000EE100A2846BDE8F04188
:10AA6000FFF734BBBDE8F08100000000DC020024E9
:10AA70000000C84200000000008033400148FCF79D
:10AA800085BF0000BC0D00240148FCF77FBF00001B
:10AA9000080E00240148FCF779BF0000540E002482
:10AAA0000148FCF773BF0000141400242DE9F0479F
:10AAB000294B4FF0804A294D02689842284E294F71
:10AAC000294C09D0504507D0A84205D0B04203D048
:10AAD000B84201D0A04205D1D1F804C022F07002E2
:10AAE0004CEA0202DFF884C0DFF884809842DFF885
:10AAF00084900FD050450DD0A8420BD0B04209D061
:10AB0000B84207D0A04205D0604503D0404501D0EF
:10AB1000484503D1CD6822F440722A438E684D69BE
:10AB200022F08002C6620E682A439842866207D0ED
:10AB3000A04205D0604503D0404501D0484501D131
:10AB4000096901630368012143F004030360416163
:10AB50000260BDE8F08700000000014000040040F2
:10AB600000080040000C004000040140004001408B
:10AB7000004401400048014010B5046A012301F07F
:10AB80001F018B409C4304628A40016A11430162A9
:10AB900010BD10B5846B0121626A824205D1217714
:10ABA000C069F8B984F83E101CE0A26A824206D15E
:10ABB00002222277C069A8B984F83F1012E0E26A45
:10ABC000824206D104222277C06958B984F8401025
:10ABD00008E0226B824205D108222277C06908B9B9
:10ABE00084F841102046FDF775FB0020207710BD4A
:10ABF00010B5846B616A814201D101200DE0A16A28
:10AC0000814201D1022008E0E16A814201D10420A1
:10AC100003E0216B814201D1082020772046FDF717
:10AC200079FB0020207710BD10B5846B0121626A8A
:10AC3000824203D1217784F83E1019E0A26A824251
:10AC400004D10220207784F83F1011E0E26A8242AA
:10AC500004D10420207784F8401009E0226B82425E
:10AC600004D10820207784F8411001E084F83D10D9
:10AC70002046FCF789FE0020207710BD2DE9F04F1B
:10AC8000DFF88480214EDFF88890DFF888B0026A10
:10AC9000036AB042DFF880A022F0020C1F4F23F0BD
:10ACA00001020262426885698B680C6805EA080542
:10ACB00025F0030543EA0C0344EA050407D04845A0
:10ACC00005D0584503D0504501D0B84205D1CD68D4
:10ACD00023F008031D4325F00403B04207D0484584
:10ACE00005D0584503D0504501D0B84205D122F4D3
:10ACF0004076D1E9055235432A4342608461496870
:10AD000041630362BDE8F08F8FFFFEFF000001404A
:10AD1000000401400040014000440140004801405F
:10AD2000F0B5DFF87CE01F4C1F4D026A036AA042B9
:10AD300022F0200623F01003036242688369D1F8F1
:10AD400008C00F6803EA0E0323F4407E46EA0C13A2
:10AD50004EEA072601D0A84206D1CF6823F080032F
:10AD600043EA071323F04003A0420AD0A84208D0C8
:10AD70000E4CA04205D00E4CA04202D00D4CA04279
:10AD800007D1D1E9054522F4406242EA840242EA51
:10AD9000850242608661496881630362F0BD0000FC
:10ADA000FF8FFFFE00000140000401400040014011
:10ADB0000044014000480140F0B5DFF87CE01F4D41
:10ADC0001F4E026A036AA84222F4007723F48073BC
:10ADD00003624368C269D1F808C002EA0E020C6837
:10ADE00022F0030E47EA0C2244EA0E0401D0B042DE
:10ADF00006D1CF6822F4006242EA072222F4806280
:10AE0000A8420AD0B04208D00E4DA84205D00E4D3F
:10AE1000A84202D00D4DA84207D1D1E9055623F42E
:10AE2000405343EA051343EA06134360C46149688B
:10AE3000C1630262F0BD00008FFFFEFF0000014011
:10AE4000000401400040014000440140004801402E
:10AE5000F0B5046A026A22F4805202624268C36951
:10AE600024F40054DFF848C08E680D6803EA0C0330
:10AE7000104F23F4407344EA0634B84243EA0523F2
:10AE80000BD00D4DA84208D00C4DA84205D00C4D5A
:10AE9000A84202D00B4DA84204D14D6922F4804251
:10AEA00042EA85124260C361496801640462F0BDF0
:10AEB000FF8FFFFE00000140000401400040014000
:10AEC0000044014000480140F0B5164F164B026A9D
:10AED000046A984222F4003524F480330362426805
:10AEE000436D0E890C6803EA070344EA030445EA4C
:10AEF00006430BD00D4DA84208D00D4DA84205D0F9
:10AF00000C4DA84202D00C4DA84204D14D6922F448
:10AF1000803242EA052242604465496881650362E5
:10AF2000F0BD00008FFFFEFF000001400004014063
:10AF3000004001400044014000480140F0B5164F78
:10AF4000164B026A046A984224F48013036222F4C6
:10AF500000144268436D0E890D6803EA070344EA52
:10AF6000065443EA05230BD00D4DA84208D00D4DE1
:10AF7000A84205D00C4DA84202D00C4DA84204D1E5
:10AF80004D6922F4802242EA852242604365496885
:10AF9000C1650462F0BD0000FF8FFFFE00000140AC
:10AFA00000040140004001400044014000480140CD
:10AFB00030B5416EB9B101680D4B03F108048A68E0
:10AFC0008968C2F34262490F5D5C615C2D01B5FB8B
:10AFD000F1F1A0F86A10995CA25C0901B1FBF2F1F1
:10AFE000A0F8681030BD0121A0F86A10F8E7000051
:10AFF000AC08030890F82810090706D50168836B90
:10B000004A6822F400421A434A6090F82810C9079F
:10B0100006D00168C36A4A6822F400321A434A60C3
:10B0200090F82810890706D50168036B4A6822F456
:10B0300080321A434A6090F82810490706D5016803
:10B04000436B4A6822F480221A434A6090F8281021
:10B05000C90606D50168C36B8A6822F480521A4378
:10B060008A6090F82810890606D50168036C8A6802
:10B0700022F400521A438A6090F82810490611D52C
:10B080000168436C4A6822F480121A434A60416C9A
:10B09000B1F5801F06D10168836C4A6822F4C002B2
:10B0A0001A434A6090F82810090606D50168C26C58
:10B0B000486820F400201043486070472DE9F843A9
:10B0C00000250446C0F89050F9F782FD80462068BC
:10B0D00020266FF07E470068000713D50022434604
:10B0E00031042046009700F03FFE58B1216851E836
:10B0F000000F20F0800041E80002002AF6D1C4F8D9
:10B10000886021E020680068400722D5002243467D
:10B110004FF480012046009700F026FEC8B1206859
:10B1200050E8001F21F4907140E80012002AF6D187
:10B130002068083050E8001F21F0010140E80012AB
:10B14000002AF5D1C4F88C60032084F88450BDE84F
:10B15000F883C4F88860C4F88C60E5662567002031
:10B1600084F88450F3E710B5806B0021A0F85E10DE
:10B17000FDF7A4F910BD70B5846B00252168D4F8E3
:10B180008800D4F88C608968090606D5212804D186
:10B19000A4F85650204600F0B5F8206880684006B4
:10B1A00006D5222E04D1A4F85E50204600F080F887
:10B1B000D4F8900040F01000C4F890002046FDF74D
:10B1C0007DF970BD10B5C1690022806BB1F5807F3B
:10B1D0002DD0A0F85E20036853E8001F21F4807191
:10B1E00043E80014002CF6D10168083151E8003F13
:10B1F00023F0010341E80034002CF5D10168083147
:10B2000051E8003F23F0400341E80034002CF5D121
:10B210002021C0F88C10C16E012908D1016851E8C5
:10B22000003F23F0100341E80034002CF6D1026700
:10B23000C16E012902D0FDF723FC10BDB0F85C10EF
:10B24000FDF7C6F810BD10B5806B01210167C16E16
:10B25000012902D0FDF724FC10BDB0F85C104908AC
:10B26000FDF7B6F810BD10B5C169806BB1F5807FF0
:10B2700016D00021A0F856100168083151E8002FBF
:10B2800022F0800241E80023002BF5D1026852E849
:10B29000001F41F0400142E80013002BF6D110BD21
:10B2A000FDF748FC10BD10B5806BFDF744FC10BDE8
:10B2B00010B5026852E8001F21F4907142E80013B3
:10B2C000002BF6D10E4B0268083252E8001F1940DD
:10B2D00042E80014002CF6D1C16E012908D10268A1
:10B2E00052E8001F21F0100142E80013002BF6D1B4
:10B2F00000212022C0F88C20C166416710BD0000EB
:10B30000FEFFFFEF026852E8001F21F0C00142E893
:10B310000013002BF6D10168083151E8002F22F408
:10B32000000241E80023002BF5D12021C0F888104D
:10B330007047000010B5D0F88C10B0F860202229BA
:10B34000016804D0886940F00800886110BD496A2E
:10B35000836D11401980816D891C8165B0F85E1084
:10B36000491EA0F85E10B0F85E100029EED1016809
:10B3700051E8002F22F4907241E80023002BF6D10F
:10B380000168083151E8002F22F0010241E8002352
:10B39000002BF5D1184B002102682024C0F88C4006
:10B3A000416701679A420BD05268120208D50368C0
:10B3B00053E8002F22F0806243E80024002CF6D1ED
:10B3C000C26E012A02D0FDF75BFB10BDC1660268A8
:10B3D00052E8001F21F0100142E80013002BF6D1C3
:10B3E0000168CA69D243D20601D410220A62B0F8B9
:10B3F0005C10FCF7EDFF10BD000C00582DE9F04784
:10B4000004460068C569D0F800A0D0F80890D4F8C8
:10B410008C10B4F86060222905D0816941F00801E0
:10B420008161BDE8F087B4F868704FF0000844E02F
:10B430002068A16D406A30400880A06D801CA06526
:10B44000B4F85E00401EA4F85E002068C569690774
:10B4500030D0E9070AD05FEACA5107D5012101625D
:10B46000D4F8900040F00100C4F89000A8070BD574
:10B470005FEAC97008D0216802200862D4F8900001
:10B4800040F00400C4F8900068070BD55FEAC9706B
:10B4900008D0216804200862D4F8900040F002002F
:10B4A000C4F89000D4F8900020B12046FDF706F8CB
:10B4B000C4F89080B4F85E0000B30FB1A806B7D40A
:10B4C000B4F85E000028ACD0B4F868108142A8D966
:10B4D0002068083050E8001F21F0805140E8001239
:10B4E000002AF5D12A486067216851E8000F40F032
:10B4F000200041E80002002AF6D192E7216851E8D5
:10B50000000F20F4807041E80002002AF6D1214AA1
:10B510002068083050E8001F114040E80013002B5D
:10B52000F6D11D4A202321684046C4F88C30C4F867
:10B530007480C4F8708091420BD04968090208D524
:10B54000226852E8001F21F0806142E80013002BBE
:10B55000F6D1E16E012903D02046FDF791FAAFE75D
:10B56000E066216851E8000F20F0100041E8000279
:10B57000002AF6D12068C169C943C90601D4102147
:10B580000162B4F85C102046FCF722FF98E7000047
:10B5900035B30208FEFFFFEF000C005810B5D0F8DD
:10B5A0008C10B0F860202229016804D0886940F02E
:10B5B0000800886110BD496A836D11401970816D62
:10B5C000491C8165B0F85E10491EA0F85E10B0F805
:10B5D0005E100029EED1026852E8001F21F490713C
:10B5E00042E80013002BF6D10168083151E8002F22
:10B5F00022F0010241E80023002BF5D1184B002175
:10B6000002682024C0F88C40416701679A420BD041
:10B610005268120208D5026852E8003F23F08063A6
:10B6200042E80034002CF6D1C26E012A02D0FDF7A8
:10B6300027FA10BDC166026852E8001F21F0100110
:10B6400042E80013002BF6D10168CA69D243D20642
:10B6500001D410220A62B0F85C10FCF7B9FE10BDEC
:10B66000000C00582DE9F04704460068C569D0F881
:10B6700000A0D0F80890D4F88C10B4F860602229AB
:10B6800005D0816941F008018161BDE8F087B4F817
:10B6900068704FF0000844E02068A16D406A3040B7
:10B6A0000870A06D401CA065B4F85E00401EA4F8B0
:10B6B0005E002068C569690730D0E9070AD05FEAF3
:10B6C000CA5107D501210162D4F8900040F0010071
:10B6D000C4F89000A8070BD55FEAC97008D02168AC
:10B6E00002200862D4F8900040F00400C4F89000F2
:10B6F00068070BD55FEAC97008D02168042008628A
:10B70000D4F8900040F00200C4F89000D4F8900003
:10B7100020B12046FCF7D2FEC4F89080B4F85E0059
:10B7200000B30FB1A806B7D4B4F85E000028ACD0BF
:10B73000B4F868108142A8D92068083050E8001F8A
:10B7400021F0805140E80012002AF5D12A486067B4
:10B75000206850E8001F41F0200140E80012002A54
:10B76000F6D192E7216851E8000F20F4807041E89B
:10B770000002002AF6D1214A2068083050E8001F54
:10B78000114040E80013002BF6D11D4A2023216808
:10B790004046C4F88C30C4F87480C4F8708091427C
:10B7A0000BD04968090208D5226852E8001F21F031
:10B7B000806142E80013002BF6D1E16E012903D02D
:10B7C0002046FDF75DF9AFE7E066206850E8001F0E
:10B7D00021F0100140E80012002AF6D12068C1696A
:10B7E000C943C90601D410210162B4F85C10204697
:10B7F000FCF7EEFD98E700009DB50208FEFFFFEFA5
:10B80000000C00582DE9F04304468068D84E87B0FC
:10B81000D84B2168D4E90427D4F81CC010430A6827
:10B82000002547EA0C073843324002430A6020688B
:10B83000E268416821F44051114341602268A169E6
:10B840009A4201D0206A01439768DFF82CC3CB4E9F
:10B85000CB4807EA0C070F4397602168676ACA6AFA
:10B8600022F00F023A43CA622268B2420ED1006847
:10B8700000F03800182873D047DCB8B3082879D016
:10B8800010286FD178E028287ED17BE0BD498A421C
:10B8900009D1006800F00700062875D2DFE800F043
:10B8A000546A6C6E7072B8498A4209D1006800F01F
:10B8B0000700062868D2DFE800F0475D5F61636536
:10B8C000B2498A4209D1006800F0070006285BD21D
:10B8D000DFE800F03A5052545658AD498A420BD135
:10B8E000006800F0070006284ED200E010E0DFE814
:10B8F00000F02B4143454749A6498A420AD10068D6
:10B9000000F03800182839D0B7DD2028BBD13CE042
:10B9100001203AE0A0498A4209D1006800F00700FE
:10B92000062831D2DFE800F01026282A2C2E9B4969
:10B930008A420BD1006800F00700062824D2DFE815
:10B9400000F003191B1D1F2100201EE09A421BD18D
:10B950008B48001D006800F00700062814D202E0A2
:10B960000CE007E010E0DFE800F0030507090B0D2D
:10B9700002200AE0042008E0082006E0102004E08D
:10B98000202002E0402000E080208549DFF814827A
:10B990009A42854A4FF400434FEA21174FF00006C0
:10B9A0004ED110281AD006DC022809D004280BD06A
:10B9B00008287CD10DE020283ED0402877D13DE0FA
:10B9C000F9F73EFD014610E06846F9F7EFFD0199F1
:10B9D0000BE003A8F9F78CFE049906E010688006D6
:10B9E00005D51068C0F3C100C140002970D0606A5D
:10B9F000676838F8102007EB4703B1FBF2F0834289
:10BA000055D8B0EB073F52D8002308461946F4F743
:10BA1000C3FC02467808130E120243EA01211018F3
:10BA20003A4671410023F4F7B7FC604AA0F5407133
:10BA300091423CD821688FE03946D8E71946D6E7CD
:10BA4000D4F81CC04FF6EF799C4546D1082819D090
:10BA500005DC58B101280CD0042875D10DE0102860
:10BA600015D0202835D040286ED134E0FAF79AFE60
:10BA700001E0FAF7A9FE014610E06846F9F796FDE5
:10BA800001990BE003A8F9F733FE049906E010686A
:10BA9000800604D51068C0F3C100C140C1B1636A1B
:10BAA000606838F81330B1FBF3F1490000E04BE077
:10BAB00001EB5001B1FBF0F0A0F11001494543D872
:10BAC0004FF6F0732168C0F342021840104343E080
:10BAD00043E03946E3E71946E1E7082819D005DCD9
:10BAE00058B101280CD004282ED10DE0102815D013
:10BAF00020282BD0402827D12AE0FAF753FE01E076
:10BB0000FAF762FE014610E06846F9F74FFD019929
:10BB10000BE003A8F9F7ECFD049906E01068800635
:10BB200004D51068C0F3C100C140B1B1636A606858
:10BB300038F81330B1FBF3F101EB5001B1FBF0F039
:10BB4000A0F11001494505D9012506E03946EDE788
:10BB50001946EBE7216880B2C8600120A4F86A00AA
:10BB6000A4F8680028466667A66707B0BDE8F083BA
:10BB7000F369FFCF000C0058FFF4FF1100100140E3
:10BB8000544402580044004000480040004C00402B
:10BB9000005000400014014000780040007C00404C
:10BBA0000090D0039408030800440258FFFC0F00E3
:10BBB00070B50446D0F8800000232225A165A4F8C2
:10BBC0005C20C4F89030C4F88C50F0B11F49C163B8
:10BBD000D4F880101E480864D4F880101D48C8644A
:10BBE000D4F8800003651346A56D2168D4F8800061
:10BBF0002A462431F7F7C8FE38B11021C4F8901056
:10BC00002020C4F88C00012070BD206940B121685B
:10BC100051E8000F40F4807041E80002002AF6D19C
:10BC20002068083050E8001F41F0010140E8001290
:10BC3000002AF5D12068083050E8001F41F040018B
:10BC400040E80012002AF5D1002070BDC5B10208FD
:10BC500047B2020877B1020870B583680024816595
:10BC60004FF48056A0F85C20B342A0F85E204FF05D
:10BC7000FF01446704D1036903BB40F2FF111DE0DB
:10BC80004FF07F05C3B1B3F1805F1AD0A0F86040D8
:10BC90002221C0F89040C0F88C100168083151E8AA
:10BCA000003F43F0010341E80034002CF5D1416E20
:10BCB000B1F1005F0CD02FE0036933B9A0F8601038
:10BCC000E6E7016909B13F21F8E7A0F86050DFE736
:10BCD000B0F8681091421FD88168B14201D1016962
:10BCE000B9B11D490269416742B1026852E8001FBB
:10BCF00041F4807142E80013002BF6D1016808314D
:10BD000051E8002F42F0805241E80023002BF5D18A
:10BD100020E012494167F1E78168B14201D1016930
:10BD200069B10F49026941675AB1016851E8002FB2
:10BD300042F4907241E80023002BF6D10AE0094951
:10BD40004167026852E8001F41F0200142E80013F9
:10BD5000002BF6D1002070BD65B60208FDB30208C5
:10BD60009DB5020835B302082DE9F04799461746FC
:10BD70000D460446089E4FF0000833E0701C31D099
:10BD8000F8F726FFA0EB0900B04218D8BEB1206832
:10BD90000168490726D5802D24D0402D22D0C169C5
:10BDA000C94309070DD4082505622046FFF780FA2C
:10BDB000C4F89050012084F88480BDE8F087032007
:10BDC000FBE7C069C04300050CD421684FF4006054
:10BDD00008622046FFF76CFA2021C4F8901084F81E
:10BDE0008480ECE72068C06935EA000004D00020B8
:10BDF000B842C3D00020E0E70120F9E70148FCF792
:10BE000069BB0000FC110024FEE703B40198410067
:10BE1000009850EAC12018BF04204A0D18BF40F016
:10BE2000010040F2FF72B2EB515F08BF40F0020028
:10BE3000012808BF052002B07047090700284FEA13
:10BE4000116104DB00F1E02080F80014704700F07D
:10BE50000F0000F1E02080F8141D70470000000082
:10BE60002DED020B9FED340BDDE90010C0F30A52FB
:10BE70009FED331BA2F2FF32142A2DDA9DED002B29
:10BE80009FED2D0B002A32EE000B10DAB4EEC01B32
:10BE9000F1EE10FA49D20028BCBF4FF0004000215B
:10BEA00043DB50EA010218BF274813D13DE0274B7E
:10BEB000D34000EA030C5CEA010C17D0B4EEC10BCE
:10BEC000F1EE10FA31DD002803DD4FF48011D1408E
:10BED00008449843002128E0332A07DCA2F1140328
:10BEE0004FF0FF3C2CFA03F3194203D19DED000BF8
:10BEF00002B070479DED002B30EE420BB4EEC10B4B
:10BF0000F1EE10FA11DD00280EDD142A08BF401CE6
:10BF10000AD0C2F134024FF0010C0CFA02F20A44CA
:10BF20008A4238BF401C11469943CDE900109DED6F
:10BF3000000B02B0704700009C7500883CE4377E1F
:10BF400000000000000000000000F03FFFFF0F00B5
:10BF500010B5794A2DED020B2DED088B82B00B99AF
:10BF6000C80F21F00041914242D3744A8A4219D845
:10BF70000A9AC1F31301114309D09DED0A0B02B0D7
:10BF8000BDEC088B02B0BDE8104000F07DBF00287A
:10BF900014BF9FED6B0B9DED0A0B02B0BDEC088B3F
:10BFA00002B010BD9DED0A0B9FED671BB4EEC10BF7
:10BFB000F1EE10FA0ADD022000F0A2FF02B0BDECA3
:10BFC000088B02B0BDE8104000F072BF9FED601B0F
:10BFD000B4EEC10BF1EE10FA0AD2022000F090FF8D
:10BFE00002B0BDEC088B02B0BDE8104000F06CBFA1
:10BFF000594A9FED5B9B8A4239D25B4A914213D2E8
:10C000005A49794401EBC0019DED0A1B91ED000BEB
:10C01000574931EE408B794401EBC00191ED00AB03
:10C02000C0F101010C1A1DE05249794401EBC00036
:10C030009DED0A1B90ED000B9FED4F2B9DED0A8BA4
:10C0400001EE020BBDEEC00B10EE104A00EE104ADE
:10C05000B8EEC00B9FED4A1B00EE418B9FED4A1BD3
:10C0600020EE01AB38EE4A0B8DED0A0B15E0484887
:10C0700088420FD99DED0A0B9FED471B30EE010B57
:10C08000B4EEC90BF1EE10FAC4BF9DED0A0B30EE11
:10C09000090B82DC9DED0A0B00244148052120EEAE
:10C0A00000BBB0EE4B0B784400F0A6FE9DED0A1BE2
:10C0B0009DED0A2B0BEE401B9FED3B0B22EE012B5F
:10C0C000BCB130EE411B6FF47F70844282EE010BF5
:10C0D0003AEE400B30EE480B39EE400B10EE900A72
:10C0E0008DED000B10DB00EB045001909DED000B7B
:10C0F00053E731EE401B82EE010B9DED0A1B30EE43
:10C10000410B39EE400B48E74FF07A5101EB0451F7
:10C11000084401909DED001B9FED250B21EE008B47
:10C1200051EC180BFFF771FE042808BF00F0CCFE9D
:10C13000B0EE480B31E70000422E86400000F07F51
:10C140000000000000000000EF39FAFE422E864099
:10C1500051302DD5104987C0422ED63F0000000037
:10C16000000000000000F03FB2A2F03FDA480000FB
:10C17000D6480000A2480000FE822B654715F73F15
:10C180000000E0FE422EE63F763C7935EF39EA3D8D
:10C190000000303E000000009C7500883CE4377EC3
:10C1A00056480000000000000000000000000040B1
:10C1B000000000000000700100B52DED048BB0EE12
:10C1C000418BB0EE409B83B053EC182B51EC190B14
:10C1D000F4F7B2F900F07040B0F1004F17D018EE4C
:10C1E000101A18EE900A8DED008B002918BF01215E
:10C1F000084320F00040C0F17F6000F1E040C00F34
:10C2000001BFB0EE480B03B0BDEC048B00BDB0EE37
:10C21000490B03B0BDEC048B00BD00000000000022
:10C2200070B5DFF8DCC100222DED020B2DED108B77
:10C23000DDE91010604505DA20F00043634501D8C0
:10C2400009D141B19DED100BBDEC108B02B0BDE8E2
:10C25000704000F019BEB0F5801F24DA19430BD0EE
:10C26000002814DA012000F04BFEBDEC108B02B068
:10C27000BDE8704000F010BE022000F041FE00F06A
:10C28000F3FDB1EE400BBDEC108B02B070BD9DED27
:10C29000100B6FF035029FED5C1B20EE010B10EED2
:10C2A000900A8DED100B02EB2051A1F2FF3258499C
:10C2B000C0F31300014401F4801181F07F6383F027
:10C2C0004053034311939DED100B02EB21549FED5E
:10C2D000521B811CC1F3130130EE418B9FED50BB0B
:10C2E0009FED51CB032931D25148784490ED000B9A
:10C2F000B4EE408BF1EE10FA0ED1002C02BFBDEC73
:10C30000108B02B070BD00EE104AB8EEC01B21EEDB
:10C310000B0B01EE0C0BB6E728EE081B9FED462B2E
:10C320009FED470B002C08EE420B21EE000B08BFDF
:10C3300038EE400BA7D001EE104AB8EEC11B01EE5B
:10C340004C0B30EE480B11EE0B0B9CE79FED3E0BB8
:10C350003F49C0F1510638EE000B45183D4806F53F
:10C36000D726032188EE009B00EE104AB8EEC0AB42
:10C3700029EE09DB2DEE0DEBB0EE4E0B784400F00C
:10C380003BFD20EE0EFB3448B0EE4E0B042178440A
:10C3900000F032FD20EE0D0B45EA0600002830EEDD
:10C3A0000F1B1ADD002C9FED260B28EE000B20EE54
:10C3B000080B30EE011B04BF09EE410B38EE400BB9
:10C3C0003FF461AF21EE091B0AEE0C1B30EE410B6E
:10C3D00030EE480B1AEE0B0B55E754B138EE410B1B
:10C3E00020EE090B0AEE4C0B30EE480B1AEE0B0B4D
:10C3F00049E738EE411BB0EE480B09EE410B42E72E
:10C400000000F07F0000000000000000000050432A
:10C41000645F090000000000000000000000F03F21
:10C420000000E0FE422EE63F763C7935EF39EA3DEA
:10C43000FA46000000000000555555555555D53FAA
:10C44000000000000000E03F00000000000000408D
:10C4500086EBF9FFA8450000AE4500000000000093
:10C460002DE9F04D2DED040B2DED0A8B9AB0DDE991
:10C470002550279CDDF890A025F0004624F00048C8
:10C48000BAF1000F14BF0121002101EB4502F84968
:10C4900053184A1093422AD3002814BF01230023C3
:10C4A00003EB44030B44F3498B4220D358EA0001C9
:10C4B0009FEDF19B72D0DFF8C8B35D4503D1BAF1AF
:10C4C000000F05D184E0BAF1000F08BF002100D0B1
:10C4D000012101EB450111F5001F08D8002814BF08
:10C4E0000121002101EB440111F5001F0BD99DED45
:10C4F000261B9DED240B1AB0BDEC0A8B04B0BDE8E1
:10C50000F04D00F0C4BC0027002DBCBFDD498845BC
:10C5100021DADD498845A8BF02271CDAC3451ADCA9
:10C52000DA4901EB2851142908DDC1F1340220FA5F
:10C5300002F101FA02F282420DD108E058B9C1F1CC
:10C54000140228FA02F101FA02F2424503D101F085
:10C550000101C1F1020756EA0A0120D1002C1EDABE
:10C56000002D18BF022F01D0012F0AD0022000F0A9
:10C57000C7FC1AB0BDEC0A8B04B0BDE8F04D00F06A
:10C5800073BC022000F0BCFC00F06EFCB1EE400B6E
:10C590001AB0BDEC0A8B04B0BDE8F08D18E09FED39
:10C5A000BCAB9FEDBD8B00287DD1B64880451CD12A
:10C5B00005F1804010F5801008BFBAF1000F07D0D8
:10C5C000B34508DC002CA8BF9DED260BE0DA07E0A0
:10C5D000B0EE490BDCE7002CB8BF9DED260BD5DB98
:10C5E000AF48784490ED000BD2E7D84548D1002CF5
:10C5F00043DA2EB186423AD1BAF1000F3DD126E09E
:10C60000BAF1000F13D0022000F07AFC00F050FCC9
:10C610008DED020B9DED240B8DED000B10EE900ABD
:10C62000039961F31E0003909DED020BB0E78DEDC1
:10C6300002AB9DED240B1AEE901A10EE900A8DEDD0
:10C64000000B61F31E0003909DED020BA0E78DED42
:10C65000028B9DED240B18EE901A10EE900A8DEDD2
:10C66000000B61F31E0003909DED020B90E704DACE
:10C670009DED241B89EE010B8AE79DED240B87E7D6
:10C6800086421ADAB4F1804F04BF9DED240B20EEF0
:10C69000000B3FF47DAFA4F10050B0F1FF500CD17E
:10C6A000002D0ADB00E008E09DED240B51EC100B9F
:10C6B00002F09CFF41EC100B6AE79DED240B51EC5E
:10C6C000100B01F029FABAF1000FCDE90E0140D1AB
:10C6D0009FED750B46B3A6F1E040B0F17F600ED040
:10C6E0005E4536D1002D00DA97B3022F0CBF012032
:10C6F0004FF0FF3000EE100AB8EEC00B48E7002DF7
:10C7000001DD002C0DDA002D01DD002C1DDB002DDC
:10C7100014DA002C12DB012F08BF9FED650B3FF4EC
:10C7200037AFB0EE4A0B33E7022F18BF002D0CD005
:10C73000012F0AD1002DFFF62BAF06E0002DB8BF68
:10C74000002C06DA012F3FF423AFB0EE480B1FE7B1
:10C7500019E0012000EBE57050EA070113D0791EC3
:10C76000B0EE498B084308BF9FED538B544800251A
:10C7700080457ADD53495448884514DDB0420DDBCD
:10C78000002C19DB2CE0012000F0BAFB1AB0BDEC44
:10C790000A8B04B0BDE8F04D00F07EBBB34502DC6F
:10C7A000002C09DC1CE0864202DA002C18DA03E0D7
:10C7B0005E4528DD002C13DD022000F0A1FB00F017
:10C7C00077FB8DED020B28EE0A0B8DED000B10EEC2
:10C7D000900A039961F31E0003909DED020BD7E6CA
:10C7E000022000F08DFB00F06FFB10EE901A18EEA7
:10C7F000900A8DED020B8DED008B61F31E0003900E
:10C800009DED020BC4E69DED0E0B9FED313B30EE2E
:10C81000490B8DED040B20EE002B9DED041B9FEDCD
:10C820002E0B01EE430B9DED043B9FED2D1B03EE04
:10C83000401B9DED040B9FED2E3B22EE012B9FED47
:10C840002A1B20EE011B20EE030B9FED2B3B02EE7B
:10C85000430B31EE002B8DED022B02959DED022B4B
:10C8600032EE411B30EE411B21E149E000000000A7
:10C87000FFFF1F00FFFF0F00000000000000F03F5F
:10C880000000F03F0000F07F0000404301FCFFFF8C
:10C89000000000000000F07F000000000000000029
:10C8A00002440000000000000000000000000080C2
:10C8B000000000000000F0FF000000000000F0BFDA
:10C8C0000000E0410000F043FFFFEF3F00000000E8
:10C8D000000000000000D03F555555555555D53F37
:10C8E000000000000000E03F000000604715F73F37
:10C8F00044DF5DF80BAE543EFE822B654715F73FD3
:10C900000020B6F5801F0BDA9DED0E0B9FEDEC1BA2
:10C910006FF0340020EE010B10EE906A8DED0E0BDF
:10C92000E94A00EB2650C6F31301A0F2FF3741F0AD
:10C930007F6040F040509142D8BF002408DDE34AB8
:10C940008A42C8BF012403DC0024A0F580107F1CAC
:10C95000DF49794401EBC4010F9091ED001B9DED7F
:10C960000E2B9DED0E0BDB4931EE023B30EE410B01
:10C9700089EE032B20EE02AB8DED02AB79440295DC
:10C9800091ED003B4FF0005141EA600000EB844024
:10C990008DED043B00F5002005909DED043B9DEDE1
:10C9A000044B2AEE0ACB33EE411B9DED0E3BCA48E9
:10C9B000062133EE411B9DED023B03EE440B03EEDB
:10C9C000410B20EE02BBB0EE4C0B784400F014FAA1
:10C9D0002CEE0C1B20EE010B9DED021B31EE0A1B11
:10C9E0000BEE010B9DED021B21EE011B9FEDBC2BFD
:10C9F00031EE023B33EE003B8DED043B04959DEDA3
:10CA0000043B33EE422B32EE411B30EE412B9DEDC9
:10CA1000020B9DED041B20EE011B9DED040B2BEE84
:10CA2000000B02EE0A0B31EE002B8DED022B02956E
:10CA30009DED022B32EE411B30EE410B9DED021BB2
:10CA40009FEDA92B21EE021B9DED022B9FEDA83B34
:10CA500022EE032B9FEDA83BA94800EE032B784460
:10CA600000EBC40090ED000BA64832EE000B02EE86
:10CA7000107AB8EEC22B8DED042B31EE003B7844DA
:10CA800000EBC4009DED044B90ED002B33EE023B18
:10CA900033EE043B8DED023B02959DED023B33EE00
:10CAA000443B33EE422B32EE411B30EE411B9DEDF9
:10CAB000260B954A8DED000B00959DED260B9DED07
:10CAC000002B30EE420B9DED022B20EE020B9DED74
:10CAD000262B02EE010B9DED001B9DED022B21EE9E
:10CAE000021B8DED021B30EE011B11EE900A11EEC0
:10CAF000101A8DED001B904224DB821A11430ED1D7
:10CB00009FED831B9DED002B9DED023B30EE011B45
:10CB100032EE432BB4EEC21BF1EE10FA26DD0220FA
:10CB200000F0EEF900F0C4F910EE901A18EE900A39
:10CB30008DED020B8DED008B61F31E0003909DEDDA
:10CB4000020B25E5744B20F000429A420ED3734A43
:10CB5000024411437FF444AE9DED022B31EE421BA3
:10CB6000B4EEC01BF1EE10FABFF63AAE20F0004171
:10CB70006B4A6C4B002402EB21529942D8BF9DEDC9
:10CB8000021B27DD511C4FF4801222FA01F10144EF
:10CB9000654BC1F30A527B44A2F2FF3293ED001BB6
:10CBA000624B8DED041BD34021EA0303C1F3130153
:10CBB00041F48011C2F1140221FA02F40593002815
:10CBC000B8BF64429DED021B9DED042B31EE421B6C
:10CBD0008DED021B30EE011B8DED041B04959DEDC8
:10CBE000041B9FED532B9DED023B21EE021B9DED9F
:10CBF000042B32EE432B30EE420B9FED4F2B20EEF9
:10CC0000020B9DED042B9FED4E3B4F48052102EE9C
:10CC1000030B31EE002B8DED002B32EE411B30EE7D
:10CC200041AB9DED000B20EE000B8DED040B784425
:10CC300000F0E2F89DED001B9DED042B02EE401B81
:10CC40008DED021B9DED000B20EE010B9FED402BA7
:10CC500031EE422B80EE021B9DED002BB0EE4A0B15
:10CC600002EE0A0B31EE400B9DED001B30EE410B46
:10CC700039EE400B10EE900A8DED000B00EB0450E6
:10CC800001150029C8BF019013DC224651EC100B9E
:10CC9000F3F7F6FBFFF7B9F8042808BF00F014F922
:10CCA00022469DED000B51EC100BF3F7E9FBCDE9AB
:10CCB00000019DED000B28EE000B69E40000000070
:10CCC00000000000000040438E9803007AB60B007D
:10CCD0000A40000068400000C23F00000000000061
:10CCE0000000000000000840000000E009C7EE3F1F
:10CCF000F5015B14E02F3EBEFD033ADC09C7EE3FB1
:10CD00001E3F0000EE3E00000000904000000000CA
:10CD1000FE822B654715973C00CC904000346F3F56
:10CD200001FCFFFF0000E03F4E3E0000FFFF0F0050
:10CD300000000000432EE63FEF39FAFE422EE63FA8
:10CD4000396CA80C615C20BE8E3D00000000000024
:10CD5000000000000000004010B52DED020B84B073
:10CD60009DED040B51EC100BF3F7A2FB41EC100B03
:10CD70009DED041B05989FED1A2B31EE401B9FED96
:10CD80001A3B9FED1B4B10F0004F0AD0B4EEC41BB2
:10CD9000F1EE10FA0AD9B4EEC31BF1EE10FA0FDD72
:10CDA0000CE0B4EEC41BF1EE10FA02D230EE420BEE
:10CDB00006E0B4EEC31BF1EE10FA01DB30EE020B1D
:10CDC0008DED020B9DED040B8DED000B10EE900A26
:10CDD000039961F31E0003909DED020B06B010BD98
:10CDE000000000000000F03F000000000000E03FF5
:10CDF000000000000000E0BF491E00EBC102B0EEE1
:10CE0000401B92ED000B31F006020DD0491E00EBE5
:10CE1000C102B0EE403B92ED002B31F00602B0EEC5
:10CE2000420B03EE010BF1D1022914D004290AD0E0
:10CE3000062918BF704790ED0A2B00EE012B90EDEC
:10CE4000080B02EE010B90ED062B00EE012B90ED8E
:10CE5000040B02EE010B90ED022B00EE012B90ED86
:10CE6000000B02EE010B70479FED031B9FED042B9F
:10CE700081EE020B70470000000000000000F03F50
:10CE8000000000000000000030EE000B704730EEA4
:10CE9000010B7047000000009FED031B81EE010BAA
:10CEA00070470000000000000000000000000000CB
:10CEB0009FED030B20EE000B704700000000000008
:10CEC00000000000000000709FED030B20EE000B3F
:10CED000704700000000000000000000000000108B
:10CEE00002E008C8121F08C1002AFAD17047704733
:10CEF000002001E001C1121F002AFBD17047000091
:10CF000001490860704700006C01002410B5D0F89A
:10CF10001330847B002B01D0C27D01E04FF007026B
:10CF200002D023F8141002E000EB44031980837B45
:10CF3000017C03F10103B3FBF2F4914202FB1433D1
:10CF4000837302D2491C017410BDC17B491CB1FB23
:10CF5000F2F302FB1311C17310BD0000484A4948A7
:10CF6000F0B592F836308178AA2B6DD021F0080107
:10CF7000817092F86530AA2B69D021F01001817080
:10CF800092F89430AA2B65D021F02001817092F89C
:10CF9000C330AA2B61D021F040013A4B8170147844
:10CFA000DB78AA2C5CD023F00103C370D47EAA2CBA
:10CFB00059D023F00203C37092F8F240AA2C55D046
:10CFC00021F08001817092F8F510AA2951D023F048
:10CFD0000401C17092F8F630AA2B4DD021F008015F
:10CFE000C17093780178547F5D0865F3000165088E
:10CFF00063F3410165F3820164F3C301017092F8A8
:10D000003840417892F867304FEA940C92F8965085
:10D01000640892F8C5206CF300019E0864F3410196
:10D020005B0866F382014FEA950C63F3C3016D0858
:10D030006CF30411970865F34511520867F38611E4
:10D0400062F3C7114170F0BD41F0080190E741F073
:10D05000100194E741F0200198E741F040019CE77E
:10D0600043F00103A1E743F00203A4E741F080018C
:10D07000A8E743F00401ACE741F00801B0E7000085
:10D08000240600245B00002470B501252DED028BE1
:10D0900002F00AF906460720F8F758F90620F8F7D3
:10D0A00055F92820F8F752F94A4801224021F7F7AC
:10D0B00084FD494800222902F7F77FFDF4F720F9A3
:10D0C00055210020FCF72AFF55210120FCF726FFFF
:10D0D00000245521E0B2FDF767F8641C042CF8D356
:10D0E00016B1022E09D00CE0F4F7A6F83B48002553
:10D0F000817841F00101817003E0F4F79DF802F0BE
:10D1000011F9374C5522002000EBC001401C01EB07
:10D11000410102286254F7D35FF00001C1EB011016
:10D1200000EB4110204490F83630AA2B01D080F853
:10D130003620491C0429F1D3B4F80900B2EE048B5F
:10D1400000EE100A0020B8EE400B80EE081BB7EE90
:10D15000C10BFCF7AFFEA08C00EE100A0120B8EE68
:10D16000400B80EE081BB7EEC10BFCF7A3FEB4F832
:10D17000070000EE100A0020B8EE400AFCF75AFF44
:10D18000608C00EE100A0120B8EE400AFCF752FF56
:10D19000F3F732FDF3F7E2FC01F05EFFFDF7ACF8C8
:10D1A000002684F82161FDF77DF90720F8F7DFF804
:10D1B0000620F8F7DCF82820F8F7D9F80948FAF73C
:10D1C00045FB09484670867006702846BDEC028B08
:10D1D00070BD000000080258001002585B000024D7
:10D1E00024060024080E002458000024F0B54C1E2C
:10D1F000002314E0CE1A0022761E0CE000EB42075A
:10D2000030F81250B7F802C0654502D920F812C0B4
:10D210007D80521CD2B29642F0DC5B1CDBB2A34292
:10D22000E8DBF0BD2DE9F04106462DED028B047CD4
:10D2300044B1D6F81310707CB57C9FED2C8A31B1C7
:10D24000F17D05E00020BDEC028BBDE8F0810721F7
:10D250008442884600D30446600001F07BF9002137
:10D260000746B07B13E040B1B0F10100D6F81320BF
:10D27000C0B22AB132F8102005E0A8F10100F5E7AC
:10D2800006EB400212884B1C27F81120D9B2A142AC
:10D29000E9D321463846FFF7A9FFB4EB450F03D881
:10D2A000384600F04DFCCDE76842611B04EB4000BE
:10D2B000C0B209E037F815206D1CEDB200EE102A5F
:10D2C000B8EE400A30EE088AA942F3DC00EE100AFC
:10D2D000B8EE400AC8EE000ABCEEE00A10EE100AF2
:10D2E00084B2384600F02CFC2046ACE70000000079
:10D2F00000EE100A0D48DFED0A1AB8EE400A00EB06
:10D300008100DFED080A9FED081A20EE210AD0ED1A
:10D31000001A20EE210A70EE600A80EE810A704742
:10D320000000003800007A44696F7640D400002481
:10D330002DE9FC5FCF4B0C46CF499628B2EE040A8C
:10D3400005467DD07DDCCB48552D00F1360600F139
:10D35000650077D036DC392D75D020DC332D73D0C5
:10D3600015DC302D71D00ADC102D6FD0112D6ED050
:10D37000122D6DD12046BDE8FC5F02F0A3B8312D1F
:10D3800066D0322D64D12088A3F8F700DFE0343D69
:10D39000052D5DD2DFE805F0D6DFF5EBEA003F2D85
:10D3A00072D007DCA5F13A05032D74D2DFE805F051
:10D3B000F2F1F000503D052D6DD2DFE805F0F0EF01
:10D3C000EEEDEC00712D7CD046DC5B2D7AD008DCD4
:10D3D000A5F15605052D5ED2DFE805F0F5F4F3F270
:10D3E000F1005E2D6FD016DC5C2D6DD05D2D52D11D
:10D3F000086C00EE900A20EE800AB7EEC00AFFF734
:10D40000ABFCBDEEC00B0222694610EE100AADF86F
:10D410000000C020E7E25F2D5FD0702D3BD188690E
:10D4200000EE900A20EE800AB7EEC00AFFF794FCE7
:10D43000BDEEC00B022210EE100AADF8000008E0AD
:10D44000AEE02AE048E1C7E078E073E056E35AE353
:10D4500021E0C3206946C6E2772D3FD008DCA5F164
:10D460007205052D17D2DFE805F0F0EFEEEDEC00C8
:10D470007A2D78D009DC782D7BD0792D0BD17D49A0
:10D480000122F631D12034E3D1E07B2D6DD0902DF7
:10D4900001D12088D883BDE8FC9FA0F1980575488C
:10D4A00000F1940201922F3200927E3A00F10B0EAD
:10D4B00000F1260900F1130C00F12E0700F21316FB
:10D4C00003E0B4E154E18CE178E100F1740B00F188
:10D4D000A30AD2304F2DDED201E095E17CE2DFE8F5
:10D4E00005F0838B989B2828282828282828282876
:10D4F00028282828282828282828282828C328F643
:10D50000F5F4F328F2F1282828F0EFEEEDECEBEA41
:10D51000E9E8E7E6E5E4E3E22828E1E0DFDEDDDC58
:10D52000DBDAD9D8D7D6D5D4D328D2D1D0CFCECD67
:10D53000C800B0E72088A3F80300ACE72088A3F870
:10D54000F90002E02088A3F8F300F3F755FBBDE8EB
:10D55000FC5FF3F703BB2078552801D0AA289AD1A5
:10D5600083F8F50097E741E203E044E22CE01EE097
:10D5700007E02078552801D0AA288CD183F8F6003E
:10D5800089E72078552801D0AA2884D1187082E72D
:10D5900048E03CE038E09BE062E05CE056E04BE0D5
:10D5A0002078552801D0AA28C7D1D87673E72078EB
:10D5B000552801D0AA28C0D183F8F2006BE7B1E06A
:10D5C000A9E09CE098E08BE02078552801D0AA28BB
:10D5D000B3D183F836005EE72078552801D0AA2819
:10D5E000ABD183F8650056E72078552801D0AA28EA
:10D5F000A3D183F894004EE72078552801D0AA28BB
:10D600009BD183F8C30046E72146304606E0214619
:10D6100004E00198214601E000982146BDE8FC5F46
:10D6200001F0D8BF2046BDE8FC5F01F0A3BF11495F
:10D630000222F731A2205CE20E490222F931A32036
:10D6400057E2C3E1BCE1B4E1AFE103E109490222E1
:10D65000F331A4204DE207490122F531A52048E22B
:10D660000222D91CA02044E2024902221E31F020ED
:10D670003FE287E124060024460700246FE15BE1D6
:10D6800047E133E11FE10BE130E22BE224E220E24B
:10D690001CE211E20AE206E202E2FEE1FAE1F4E152
:10D6A000EEE1E8E1E3E1DDE1D7E1D3E1CFE1CBE198
:10D6B000C4E1C0E1BCE1B8E1B4E1ADE1A9E1A2E1BE
:10D6C0009EE1DAE067E040E01FE01BE010E00BE0E5
:10D6D0000122FB49A7200CE201223146A82008E2E2
:10D6E00001220146A92004E201220199F82000E26A
:10D6F00001220099F920FCE1AA20314607E0014609
:10D70000AB2004E00199FA2001E00099FB20BDE87C
:10D71000FC5F00F047BEBDE8FC5FE949F239AC2090
:10D7200000F0F6BC086800EE900A20EE800AB7EE22
:10D73000C00AFFF711FBBCEEC00B0222694610EED7
:10D74000100AADF80000AD204DE1886800EE900AA7
:10D7500020EE800AB7EEC00AFFF7FEFABCEEC00B5F
:10D760000222694610EE100AADF80000FD203AE1F1
:10D77000486800EE900A20EE800AB7EEC00AFFF774
:10D78000EBFABCEEC00B0222694610EE100AADF8AF
:10D790000000AE2027E1C86800EE900A20EE800A63
:10D7A000B7EEC00AFFF7D8FABCEEC00B02226946FA
:10D7B00010EE100AADF80000EE2014E1086E00EE45
:10D7C000900A20EE800AB7EEC00AFFF7C5FABDEE58
:10D7D000C00B0222694610EE100AADF80000AF201F
:10D7E00001E1486C00EE900A20EE800AB7EEC00A14
:10D7F000FFF7B2FABDEEC00B0222694610EE100A26
:10D80000ADF80000C120EEE0086900EE900A20EEBD
:10D81000800AB7EEC00AFFF79FFABDEEC00B0222E6
:10D82000694610EE100AADF80000C220DBE0C869BE
:10D8300000EE900A20EE800AB7EEC00AFFF78CFADD
:10D84000BDEEC00B0222694610EE100AADF80000D2
:10D85000C420C8E0486A00EE900A20EE800AB7EEC5
:10D86000C00AFFF779FABDEEC00B0222694610EE3E
:10D87000100AADF80000C520B5E0886A00EE900AF5
:10D8800020EE800AB7EEC00AFFF766FABDEEC00BC5
:10D890000222694610EE100AADF800001220A2E044
:10D8A000086B00EE900A20EE800AB7EEC00AFFF780
:10D8B00053FABDEEC00B0222694610EE100AADF815
:10D8C000000013208FE0486B00EE900A20EE800AE3
:10D8D000B7EEC00AFFF740FABDEEC00B0222694660
:10D8E00010EE100AADF8000014207CE0C86B00EECA
:10D8F000900A20EE800AB7EEC00AFFF72DFABDEEBF
:10D90000C00B0222694610EE100AADF80000152087
:10D9100069E0486900EE900A20EE800AB7EEC00A7E
:10D92000FFF71AFABDEEC00B0222694610EE100A8C
:10D93000ADF80000162056E0086A00EE900A20EECE
:10D94000800AB7EEC00AFFF707FABDEEC00B02224D
:10D95000694610EE100AADF80000172043E0C86ACF
:10D9600000EE900A20EE800AB7EEC00AFFF7F4F945
:10D97000BDEEC00B0222694610EE100AADF80000A1
:10D98000182030E0886B00EE900A20EE800AB7EE97
:10D99000C00AFFF7E1F9BDEEC00B0222694610EEA6
:10D9A000100AADF8000019201DE004224549C620E8
:10D9B0009FE0BDE8FC5F4249F239C72000F0DEB9C4
:10D9C000BDE8FC5F4049CF2000F0F8B891B2204696
:10D9D000BDE8FC5F01F096BE00F0F2FC0122694652
:10D9E0008DF80000D02000F001FF54E534490122F9
:10D9F000F239A6207DE032490122D739F62078E0BD
:10DA00000020214601E001202146BDE8FC5F01F035
:10DA100031BD0020214601E001202146BDE8FC5F28
:10DA200001F0FCBC214670460AE02146484607E06A
:10DA30002146604604E02146384601E02146304652
:10DA4000BDE8FC5F01F046BD2146104606E02146D8
:10DA5000584603E02146504600E02146BDE8FC5F01
:10DA600001F05ABD2046BDE8FC5F01F07BBC0222FC
:10DA7000D91D20203DE012490222D039212038E072
:10DA80000F490222E939222033E00D490222CE3922
:10DA900023202EE0242071460AE02520494607E095
:10DAA0002620614604E02720394601E0282031463F
:10DAB000BDE8FC5F00F0A4B9292011460EE000008B
:10DAC000160700245B000024460700242A2059463C
:10DAD00004E02B20514601E001462C20BDE8FC5F0C
:10DAE00000F0D6BA06220A492D2002E0094909228F
:10DAF0002E2002B0BDE8F05F00F078BEBDE8FC5F0C
:10DB0000E02001F01FBCBDE8FC5FF3F7FBB80000AC
:10DB10003F070024AA07002482B0CDE9000121F0CC
:10DB2000004001909DED000B02B051EC100B7047CE
:10DB30000368011D00F128021846F6F7B7B8000087
:10DB400010B5002821D0114B0022001F196803E0F6
:10DB5000814203D80A4649680029F9D152B11368B5
:10DB6000841A9C4204D1006818441060104602E0F8
:10DB7000506000E0186039B102680B1A934203D17B
:10DB80000B681A4402604968416010BD64010024BA
:10DB9000C0EB001101EB40100749B2EE041B084432
:10DBA000B0F83B0000EE100AB8EE400B80EE012BFF
:10DBB000B7EEC20B70470000240600242DE9F047A1
:10DBC00082460C462DED028BB2EE048A08688EB0B8
:10DBD00000EE100A20EE080AB7EEC00AFFF7BCF804
:10DBE000BCEEC00B10EE100AADF80000A06800EE0D
:10DBF000100A20EE080AB7EEC00AFFF7ADF8BCEE37
:10DC0000C00B10EE100AADF80200606800EE100ABA
:10DC100020EE080AB7EEC00AFFF79EF8BCEEC00B74
:10DC200010EE100AADF80400E06800EE100A20EED5
:10DC3000080AB7EEC00AFFF78FF8BCEEC00B10EE73
:10DC4000100AADF80600206E00EE100A20EE080A59
:10DC5000B7EEC00AFFF780F8BDEEC00B10EE100A59
:10DC6000ADF80800206C00EE100A20EE080AB7EEAE
:10DC7000C00AFFF771F8BCEEC00B10EE100AADF849
:10DC80000A00606C00EE100A20EE080AB7EEC00A27
:10DC9000FFF762F8BDEEC00BDFF8D8900025E8462C
:10DCA00010EE100AADF80C0005EB450704EB8706F3
:10DCB000306900EE100A20EE080AB7EEC00AFFF73E
:10DCC0004BF8BDEEC00B08EB470710EE100AF881C9
:10DCD000B06900EE100A20EE080AB7EEC00AFFF79E
:10DCE0003BF8BDEEC00B10EE100A3882706900EEF2
:10DCF000100A20EE080AB7EEC00AFFF72DF8BDEEB5
:10DD0000C00B10EE100A788208EB050019F8051018
:10DD10006D1C042D80F82E10C6D3E06C00EE100AA6
:10DD200020EE080AB7EEC00AFFF716F8BCEEC00BEB
:10DD300010EE100AADF82600A06C00EE100A20EEDE
:10DD4000080AB7EEC00AFFF707F8BCEEC00B322294
:10DD5000694610EE100AADF8280007480068CDF8B3
:10DD60002A00504600F042FD0EB0BDEC028BBDE82B
:10DD7000F0870000020000245B00002470B590B022
:10DD8000B1F803206B46ADF80020CA8BADF8022035
:10DD9000B1F8F720ADF80620B1F8F920ADF8082069
:10DDA000B1F8F320ADF80A205FF00002C2EB0215D3
:10DDB00005EB421502EB42040D4403EB4404521CF4
:10DDC00035F8396FA681042A6D88E581EED3B1F864
:10DDD000FB20ADF82420002208E000BF01EB420543
:10DDE00003EB4204521CB5F8FD50E584BDF8244015
:10DDF0009442F3D83C22194600F0F8FC10B070BDF4
:10DE000030B505460C462DED028B81B008689FEDBC
:10DE1000148A00EE100A20EE080AB7EEC00AFEF7D8
:10DE20009BFFBDEEC00B10EE101AADF8001060683D
:10DE300000EE100A20EE080AB7EEC00AFEF78CFFCB
:10DE4000BDEEC00B0422694610EE100AADF80200C8
:10DE5000284600F0CBFC01B0BDEC028B30BD0000C9
:10DE60000000C84210B50446164900EB440001EB1F
:10DE70000010FFF7D7F900EE100AB0EE044B9FED4B
:10DE8000121BB8EE400B9FED122B9FED133B04EBE2
:10DE9000C401134820EE044B01EB41010844D0F8C3
:10DEA0001710D0F8130084EE010B80EE021B00EE79
:10DEB000101A81EE032B01EE100AF7EEC20B00EEF2
:10DEC000810A10BDEC02002400000000E0FFEF40DA
:10DED000FA7E6ABC7493683F00000000000049406D
:10DEE000240600240F4900EB400010B501EB0010A0
:10DEF0001830FFF797F900EE100AB0EE042B9FEDF3
:10DF00000A3BB8EE400B9FED0A4BB6EE001B20EE2D
:10DF1000020B80EE032B22EE040B20EE010BB7EE7A
:10DF2000C00B10BDEC02002400000000E0FFEF4039
:10DF300000000000008041402DE9F0412DED048BF0
:10DF40009FED418B424F0024424DE0B2FBF710FEA3
:10DF500004EB440110EE100A05EB81063061E0B2DB
:10DF600000F0F0F9B7EEC00AC4EB041000EB441166
:10DF7000394430EE480BB7EEC00B10EE100A70615A
:10DF8000D1F8611000EE100A00EE901A20EE200A7F
:10DF9000B0EEC00A10EE100AB061E0B200F0FEF878
:10DFA00005EB840110EE100A641C042C0865CCD328
:10DFB00000249FED298BB5EE009AE0B2FFF752FFE7
:10DFC00030EE490A05EBC40610EE100A3060E0B2EC
:10DFD000FFF788FFB7EEC00A641C022C30EE480B36
:10DFE000B7EEC00B10EE100A7060E6D300F038F800
:10DFF00010EE100A286400F03FF810EE100A686472
:10E0000000F0A2F810EE100AA86400F075F910EE06
:10E01000100AE864286D00EE100A012005EB80016B
:10E02000096D00EE901AF4EEC00AF1EE10FA01DD6F
:10E0300000EE101A401C0428F0D310EE100A2866D7
:10E04000BDEC048BBDE8F081CDCCCCCCCCCCE43F96
:10E050002406002446070024666666666666E63F78
:10E06000044810B5FFF7DEF800EE100AB8EE400ADB
:10E0700010BD0000AC030024044810B5FFF7D2F82F
:10E0800000EE100AB8EE400A10BD0000C4030024E0
:10E0900030B505460C462DED028B83B008689FED28
:10E0A0001B8A00EE100A20EE080AB7EEC00AFEF73F
:10E0B00053FEBDEEC00B10EE101AADF800106068F4
:10E0C00000EE100A20EE080AB7EEC00AFEF744FE82
:10E0D000BDEEC00B10EE100AADF80200A06800EE15
:10E0E000100A20EE080AB7EEC00AFEF735FEBDEEB4
:10E0F000C00B0622694610EE100AADF8040028464F
:10E1000000F074FB03B0BDEC028B30BD0000C842D0
:10E1100030B587B0B1F8FB206B46ADF80020002287
:10E1200008E000BF01EB420503EB4204521CB5F8C6
:10E13000FD506580BDF800409442F3D8182219467E
:10E1400000F054FB07B030BD0D4810B5FFF76AF87A
:10E1500000EE100AB0EE042B9FED0A3BB8EE400B28
:10E160009FED0A4B9FED0B1B20EE020B80EE032B65
:10E1700022EE040B80EE012BB7EEC20B10BD0000A7
:10E18000DC03002400000000E0FFEF40000000007E
:10E1900000407F40000000000000494010B53D49AC
:10E1A00000EB400001EBC0002DED068B6030FFF767
:10E1B00039F800EE100ADFED380AB0EE043AB8EE96
:10E1C000400A9FED361BB0EE042BC0EE203A23EE42
:10E1D000830AB7EEC00A20EE011B32EE400B81EE3F
:10E1E000002BB7EEC20BB7EEC00AB0EE40ABFEF7A5
:10E1F00017F89FED2C9B9FED2D2B9FED2E3B9FED58
:10E200002F1B00EE092B83EE020B30EE410BB7EE15
:10E21000C00BB7EEC08A38EE010BB0EE001BFEF764
:10E220001FF99FED283B9FED291B9FED2A2B20EE28
:10E23000030B08EE010B30EE020BB7EEC08BB0EE15
:10E240004A0BFDF7EDFF20EE099BB7EE000BFDF743
:10E250007FFEFDF7E5FF89EE002BB7EEC83A9FED94
:10E260001F1A9FED1F4B9FED206B28EE010A9FEDBB
:10E27000205BB7EEC00ABDEC068B32EE031B31EE1D
:10E28000441B80EE012B32EE460B80EE051BB7EEF1
:10E29000C10B10BDEC02002400FF7F47000000000E
:10E2A00000E7E8406666666666A2724067B8019F4E
:10E2B000BFCF9240000000805CF831416666666620
:10E2C000661271407BA35698BED780BF492EFF21AE
:10E2D000FDB61C40166A4DF38E64B14000EEE84670
:10E2E000D6C56D342074A54000000000C0ACDA40F3
:10E2F00000000000000059400D4810B5FEF792FFE5
:10E3000000EE100AB0EE042B9FED0A3BB8EE400B76
:10E310009FED0A4BB6EE001B20EE020B80EE032BA6
:10E3200022EE040B20EE010BB7EEC00B10BD000077
:10E33000F403002400000000E0FFEF409A9999994F
:10E3400099193C40124900EB400010B501EBC000A8
:10E3500000F59070FEF766FF00EE100AB0EE043B89
:10E360009FED0C4BB8EE400BB7EE045B9FED0B1B23
:10E37000B3EE042B20EE030B80EE043B33EE453B63
:10E3800083EE010B80EE021BB7EEC10B10BD000047
:10E39000EC02002400000000E0FFEF40FA7E6ABCBF
:10E3A0007493683F1CB5B1F80320ADF80020062235
:10E3B000B1F80510ADF80210694600F017FA1CBD5F
:10E3C0000148007B70470000D0040024022207218E
:10E3D00000F025B830B40C00029D07D032B10BB16B
:10E3E000934209D9072A06D3072305E02A4619468E
:10E3F00030BC00F014B81346437485740021817357
:10E40000C1730174C0F81340C275084603E000BF31
:10E4100024F81010401C9042FADB30BC704710B555
:10E4200009B1072900D9072141748274002383733D
:10E430000724C37319460374C0F81330C47500EB86
:10E440004102491C07291380F9DB10BD38B50B4D7B
:10E450005FF0000404EB440005EBC000FFF7B6FFDB
:10E46000641C102CF6D30649052028230090322284
:10E47000A1F19000FFF7AEFF38BD0000EC020024D0
:10E480006C0400241FB5002080F3108800F01CFFEE
:10E490002D4914222D48F1F7B0FF2B4801682C4874
:10E4A00041F00061016000240094019402940394FF
:10E4B000F6F71AFF01208DF80C001F218DF80810C7
:10E4C00087228DF809208DF80D008DF80000684630
:10E4D0008DF80A408DF80E408DF8014001948DF8BA
:10E4E0000B408DF80F40F6F7D1FE0420F6F70AFF37
:10E4F000F6F758FEFCF770F8FBF74DFBFBF776F8E4
:10E50000FAF7B2FFFBF7CAFAFAF7FCFFFAF732FEA6
:10E51000FBF756F9FBF784F9FBF7B4F9FBF748FA78
:10E52000FBF7F2FAFAF79AFEFBF71EF9FAF738FF53
:10E53000FBF7FEF9FBF774FA00F050F8FBF73CF834
:10E5400000F05EF8FEE7000044000024E004002430
:10E5500008ED00E0F0B50B30154D20F00701002468
:10E56000144A0FE003688B420BD38B4205D95E1A25
:10E5700043184768C3E9006700E04368136002C0BE
:10E5800004E0021D10680028ECD12046002802D1CA
:10E59000286808B10020F0BD064A07481060074A05
:10E5A000121A22F00702C0E9002401202860D7E7F0
:10E5B0006801002464010024545D0024505F00249D
:10E5C00010B5EFF3058111B16FF0050404E04FF0D1
:10E5D000000408B101F04AFA204610BDEFF30580AF
:10E5E00010B16FF0050070470449086810B14FF092
:10E5F000FF30704701220A60002070473401002478
:10E6000010B5EFF3058010B16FF0050010BD08489C
:10E610000168012902D04FF0FF3010BD054A0021EA
:10E6200082F8141D0221016001F0D0FA002010BD13
:10E63000340100240BE000E070B505464FF0000403
:10E64000EFF3058050BB0DB1686800E00020C10702
:10E6500001D0012600E0002600071FD46DB1D5E9E6
:10E66000021021B1502819D31EB1042002E020B1BC
:10E6700014E0012001F0F5FB05E00EB1042000E0FC
:10E68000012001F0E3FB040008D00DB1296800E08F
:10E69000002101F0B5F90EB144F00104204670BD2F
:10E6A000002001F009FAFEE72DE9FF414FEA0103DE
:10E6B0004FF00005EFF30581039561BB58B34FF0B0
:10E6C00080064FF018014FF000044AB3176807B1F5
:10E6D0003C4697691FB139467F1E382F02D2177901
:10E6E000FF0703D0002004B0BDE8F081576907B1EF
:10E6F000BE08D2F808C0BCF1000F0DD0D5685C2D63
:10E7000018D312693AB137B18DE806103246214666
:10E7100001F069FE03900DE0D7685FB912694AB94C
:10E7200003AACDE90012B2B2214601F02FFE012862
:10E7300000D003950398D6E72DE9F0412A4FB87829
:10E7400000284ED0388809284BD3002635462EE0C5
:10E750007819041D8288A2F5A8415A3926D1A178DA
:10E76000142923D1E1781C2920D161793B8801F15A
:10E7700009029B1B934219D30A3000F089FF62798A
:10E7800005F10A03D119CB5C98420FD105F10B00BA
:10E79000085AA0F57E435A3B08D12079A11DFEF707
:10E7A000C7FD607908350544681C86B26D1C388841
:10E7B000A842CDD8388800253C46B0420AD92088E6
:10E7C000A119091D821B201DF1F717FE2088801B4F
:10E7D000208000E025802088B0F5967F00D125803C
:10E7E000A570BDE8F0810000F404002470B5144663
:10E7F0000D460646F2F76EFA002806D02246294654
:10E800003046BDE8704000F04FBF70BDF0B5016903
:10E81000426900EE101A00EE902A9FED1F1A30EEAA
:10E82000200A10EE101A0161446800EE101A01EE81
:10E83000904A0568C36821EE803A02EE105A02EE53
:10E84000903A866883EE010A30EEE21A01EE906A91
:10E85000876902EE907A02EE200A01EE810AF0EE5C
:10E86000C00AF4EEE20AF1EE10FA0BD200EE101A32
:10E8700000EE902A30EE600A10EE101A9FED070AA3
:10E880000161F0BD064B994202DC064B994200D96A
:10E890000361C260F0BD00000000C842000000003B
:10E8A0000000C8420000C8C22DE9F041134C0F46D9
:10E8B0000546E6682068001D00F0A2FF681C07D12D
:10E8C00037B12168BDE8F0410D48091D00F0EABFED
:10E8D00020683544B5424560216805D2A06B091D0A
:10E8E000BDE8F04100F0C6BF606B091D00F0C2FF3B
:10E8F000A06A854200D2A562BDE8F081E400002450
:10E900006C1900242DE9F041054600F0D7FF2D4C8D
:10E910002D4FA068401CA060206810B1606930B322
:10E920002BE02560A068012827D1002606EB860091
:10E9300007EB800000F090FF761C382EF6D32348BA
:10E9400000F08AFF2148143000F086FF1F4828306D
:10E9500000F082FF1D483C3000F07EFF1B48503025
:10E9600000F07AFF194860631430A06305E0E86A9C
:10E970002168C96A814200D82560606A401C6062D3
:10E980006864E86A2169884200D9206100EB800050
:10E99000291D07EB800000F085FF00F0AFFF6069E4
:10E9A00000280CD02068E96AC06A884207D208496A
:10E9B0004FF080500860BFF34F8FBFF36F8FBDE8FB
:10E9C000F0810000E4000024BC1400241C19002481
:10E9D00004ED00E038B500F071FF104C2068C8B9B4
:10E9E0000F4800F039FF0E48143000F035FF0C4995
:10E9F0000020E16014312161A1F582730090A1F142
:10EA0000B40210210A2001F05AFA206010B105A1C9
:10EA100000F0F6FFBDE8384000F070BF2001002490
:10EA2000701A0024546D72510000000030B4026C62
:10EA30000B46002A0BD0D0E902411144C160A1422B
:10EA400001D30168C160184630BCF1F7D6BC30BCB8
:10EA500070472DE9F041856B1746026C044600268D
:10EA600082B1C7B1E068F1F7C8FCE168206C2268A8
:10EA7000091AE160914202D2A168081AE060022FEF
:10EA800016D017E02068A8B9A06801F04FFD06462F
:10EA90000020A0600EE06068F1F7AFFCD4E901014E
:10EAA000226C10446060884204D32068606001E0FA
:10EAB00005B16D1E6D1CA5633046BDE8F08110B533
:10EAC000044690F8590058B101280CD002280FD004
:10EAD000502080F31188BFF34F8FBFF36F8FFEE795
:10EAE000206B00F01FFF2046BDE8104000F01ABF69
:10EAF00010BD000011484FF4705110B5420706D008
:10EB00000E49C01D20F00700411AC1F570510C4C90
:10EB1000002301440839A4F1180221F00701C4E9D7
:10EB200000030C1A11604B600B60C0E90014946084
:10EB30004FF000415460516110BD0000502100248D
:10EB400050010024144E4FF08058144CDFF85090C0
:10EB5000A6F29C4712E000BF00F0B0FEF068C56866
:10EB6000281D00F04DFEA068401EA0606068401E99
:10EB7000606000F0C3FE2846FFF7A1FF6068002830
:10EB8000EAD138680128F9D9C9F80080BFF34F8F5E
:10EB9000BFF36F8FF2E7000058190024E40000244F
:10EBA00004ED00E0002807D00021816001600B46E1
:10EBB0000A46C16001F000BA7047000070B51D46FA
:10EBC000049C51B1C4F80020C4E90F010121204682
:10EBD00001F0A8F984F84C5070BD2460F4E72DE9E9
:10EBE000F05F88469A4691001546DDE90B940A9E2F
:10EBF000A5228346206BF1F712FC206B6FF0030116
:10EC000001EB8501084420F00707780707D0502062
:10EC100080F31188BFF34F8FBFF36F8FFEE7B8F11A
:10EC2000000F4FF000050ED00020221818F8001039
:10EC300082F8341018F8001011B1401C1028F4D3D9
:10EC400084F8435001E084F83450382E00D337263E
:10EC5000E662201DC4E9136500F009FE04F1180006
:10EC600000F005FE6565C6F13800A06184F85850D3
:10EC70005246246159463846646200F0FDFAB9F103
:10EC8000000F206001D0C9F80040BDE8F09F0000EF
:10EC900030B5114900E011460A688242FBD34B6847
:10ECA0005C18844203D14468084623444B6043689F
:10ECB0001D18954209D1084C183C2468A24209D07D
:10ECC00052681A4442600A6812680260814200D0A9
:10ECD000086030BD0460F9E75001002470B50D4DA7
:10ECE000914241604FF00004006106D88169D21A58
:10ECF0008A4206D2011D286907E09A4203D299424E
:10ED000001D3012403E0011DE86800F0B3FD2046B3
:10ED100070BD00002001002410B5044600F0CEFDB7
:10ED2000A06B28B15FF0000400F0E8FD204610BDA4
:10ED30000124F9E730B53C4D89B06BE00498002818
:10ED400006DA059ADDE9060190470498002861DBA0
:10ED5000069C606910B1201D00F052FD03A800F070
:10ED6000D5F8024604980A2854D2DFE800F00505D9
:10ED7000052D304705052D3094F8280040F001009E
:10ED800084F82800A06905990B4601442046FFF746
:10ED9000A5FF50B3216A2046884794F82800400711
:10EDA00038D50020009005980023A1694218194623
:10EDB000204601F0C3FCC0B9502080F31188BFF396
:10EDC0004F8FBFF36F8FFEE794F828001EE094F892
:10EDD000280040F0010084F828000598A06128B1BF
:10EDE000811813462046FFF779FF13E0502080F387
:10EDF0001188BFF34F8FBFF36F8FFEE794F82800A1
:10EE0000810703D4204600F08DFD03E020F00100CF
:10EE100084F828002868002204A901F0DDF9002800
:10EE20008CD109B030BD0000200100242DE9FC4147
:10EE30000F46054600F00EFF01A800F067F80446F3
:10EE4000019818B101F0E8FBBDE8FC81254EAFB197
:10EE500030690068D0B300273068291B3A4600F0BB
:10EE6000E3FD01F0D9FB0028EED11F494FF080509F
:10EE70000860BFF34F8FBFF36F8FE5E7A542EBD874
:10EE800001F0CAFBF0682746C068C468201D00F086
:10EE9000B7FC94F82800410719D5A0692B463A46DB
:10EEA00041192046FFF71AFFA8B100202A46034661
:10EEB00001460090204601F041FC60B9502080F3EB
:10EEC0001188BFF34F8FBFF36F8FFEE707E020F08D
:10EED000010084F82800216A20468847B4E701270A
:10EEE000BAE700002001002404ED00E00648416B71
:10EEF000096829B1416BC968C9684968816270476E
:10EF00004FF0FF31FAE70000E400002470B5054639
:10EF100001F0A2FA064E0446B068844203D200F023
:10EF200009F8012000E0002028602046B46070BD90
:10EF300020010024F8B5194D20E0C068C4680668B7
:10EF4000201D00F05DFC216A2046884794F82800C7
:10EF5000400713D5A0693044B04206D92461211D71
:10EF60006060E86800F086FC08E000203246034656
:10EF700001460090204601F0E1FB38B1E8680168E5
:10EF80000029DAD12969C5E90310F8BD502080F3C2
:10EF90001188BFF34F8FBFF36F8FFEE7200100246E
:10EFA00008484068401C4FF0500080F3118804D09E
:10EFB000BFF34F8FBFF36F8FFEE7BFF34F8FBFF3EA
:10EFC0006F8FFEE758010024074CE068016841B1EB
:10EFD000C0680021D0F80000FFF728FFFFF7AAFE65
:10EFE000F3E701210020F7E7200100242DE9F0419B
:10EFF000044600F063FC94F9455004F1240609E04E
:10F00000606A48B1304601F0CFFA08B100F0A4FDC3
:10F010006D1E6DB2002DF3DC4FF0FF3684F84560B5
:10F0200000F06CFC00F04AFC94F9445004F1100725
:10F0300009E0206948B1384601F0B6FA08B100F09D
:10F040008BFD6D1E6DB2002DF3DC84F84460BDE8CD
:10F05000F04100F053BC00000B4B00210948642232
:10F0600010B5197044F61F6103685A630268D162D3
:10F07000C1600021F8F75EFFBDE810400148F8F7D5
:10F08000E5BB0000540E0024580000242DE9F04197
:10F090001D4E00251D4C1E4F96F8F5102078552961
:10F0A00020F00C000ED196F8F610AA290AD161784A
:10F0B000890702D4A178890704D5001D2070FBF7C9
:10F0C0004FF90DE0207000211148F8F7D3FF1048E8
:10F0D0000821F8F7CFFF0E48F8F73EFC3868456284
:10F0E00096F8F60055280DD109480021F8F7C2FF1F
:10F0F00007480821F8F7BEFF0548F8F72DFC2570F2
:10F1000038684562BDE8F0812406002458000024D8
:10F11000BC0D0024F0B5082923D31349028853BA43
:10F120000B8082788A70012AB0F8032052BAA1F8C5
:10F13000032044794C7190F906608E71C579CD71C8
:10F1400010D05527094806EB860180F86470A0F8B6
:10F15000653080F86940A0F86720A0F86A1080F850
:10F160006C50F0BDAA27EDE71800002446070024E4
:10F17000094900228A62CA620288120A81F828209C
:10F18000027881F82920827881F82A20C07881F8D5
:10F190002F000846FEF7CCBC780000242DE9F04192
:10F1A0000027044600F056FD324E306808B9FFF7DC
:10F1B000A1FC706904424ED1C4B3083460070ED07C
:10F1C00004F00700C0F108000444600707D0502095
:10F1D00080F31188BFF34F8FBFF36F8FFEE72CB31F
:10F1E0007068844237D82348183001460D6801E022
:10F1F00028460D466968A14202D229680029F7D144
:10F2000031688D4227D0076829680160083768682F
:10F21000011B10290FD92819420708D0502080F36C
:10F220001188BFF34F8FBFF36F8FFEE713E041608C
:10F230006C60FFF72DFD69687068401A7060B268F5
:10F24000904200D2B060002072691143C5E900010C
:10F25000F068401CF06001F0DFF9780707D050201B
:10F2600080F31188BFF34F8FBFF36F8FFEE73846EF
:10F27000BDE8F0813801002470B5041F094E231F3A
:10F280004FF0807521F0010125601C1F1960A0F16D
:10F2900020010B1F266044380A606FF002051D60D4
:10F2A00070BD0000A1EF020810B5F1F741FB012885
:10F2B000044605D1034900204FF49172F1F761FB38
:10F2C000204610BD2406002410B5F2F777FB07484E
:10F2D0000088002808D006491422BDE8104001EB40
:10F2E0004010044900F008B810BD000000000024E0
:10F2F000E0FF0F0844000024001D00B5F2F72AFAD1
:10F30000002000BD10B5F1F713FB002806D004491A
:10F3100004224FF49170F1F7CDFB012010BD0000E5
:10F320000200002410B5F1F703FB002806D00449C1
:10F3300000204FF49172F1F7BDFB012010BD0000D9
:10F340002406002438B5044600208DF80000FFF79D
:10F35000E9FF012269468DF800002046FFF746FAD2
:10F3600038BD00001CB502685524284B4FF40041FD
:10F3700000928088ADF804009DF80000AA2803D010
:10F3800000228DF8004000E001221846F5F715FC38
:10F390009DF804101E48AA2903D001228DF80440CC
:10F3A00000E000224021F5F708FC9DF80100AA28A2
:10F3B00001D08DF8014047F23050BDF80210814273
:10F3C00001D9ADF802009DF80500FA2802D9FA200B
:10F3D0008DF805000F480099C0F81B11BDF8041006
:10F3E000A0F81F119DF80100AA280CD000210A489E
:10F3F00081709DF80510C170BDF802100180BDE854
:10F400001C40FFF7B5BE0121F1E70000000C0258D7
:10F410000008025824060024200000240A8800EB7B
:10F42000C0039FED121B00EE102A0F4903EB4303AC
:10F43000B8EE400B1944B4EEC10BA1F80920F1EE6F
:10F4400010FA02DDA622A1F80920B1F80910B2EEE7
:10F45000041B00EE101AB8EE400B80EE012BB7EE45
:10F46000C20BFAF727BD00002406002433333333E0
:10F4700033D3644030B400EBC005114B0A884FF41D
:10F48000A97405EB45011944A242A1F8072002D94D
:10F49000A1F8074004E0CE2A02D2CE22A1F807202C
:10F4A000B1F80710B2EE041B00EE101A30BCB8EE33
:10F4B000400B80EE012BB7EEC20BFAF7BBBD00008C
:10F4C00024060024016802480160FFF71BBF00000A
:10F4D00002000024B1F900209FED0D0B01EE102A6F
:10F4E000B8EEC11B81EE002BB7EEC21B11EE102A45
:10F4F0000260B1F9021001EE101AB8EEC11B81EEE4
:10F50000002BB7EEC20B10EE101A416070470000DE
:10F510000000000000005940B1F900209FED130BDE
:10F5200001EE102AB8EEC11B81EE002BB7EEC21B14
:10F5300011EE102A0260B1F9022001EE102AB8EE95
:10F54000C11B81EE002BB7EEC21B11EE102A4260E8
:10F55000B1F9041001EE101AB8EEC11B81EE002BB8
:10F56000B7EEC20B10EE101A816070470000000069
:10F570000000594030B4038800220B2B26D800210C
:10F580004FF4D27509E000BF00EB410464882244C7
:10F59000F03C92B2AC4219D8491C8B42F4D841F2EB
:10F5A00088318A4212D80A4A0021A2F8FB3007E0CB
:10F5B00000EB410402EB4103491C6488A3F8FD40C1
:10F5C00003888B42F4D830BCF1F716BB30BC7047CF
:10F5D000240600240A88963AB2F5FA7F02D80A88EF
:10F5E000A0F803204988A0F80510704700B541EC49
:10F5F000100B2DED028B83B0B1EEC08B18EE100A0C
:10F6000018EE901A8DED008B002818BF01200843DA
:10F6100020F00040C0F17F6000F1E040C00F14D046
:10F6200010EE101A10EE900A8DED000B002918BF95
:10F630000121084320F00040C0F17F6000F1E0406C
:10F64000C00F04BF0120FDF75BFC51EC180B03B0A9
:10F65000BDEC028B00BD70B50446007801250E4656
:10F6600020B1012809D00325284670BD0120207053
:10F6700000F0F2FEC4F80100F6E700F0EDFED4F869
:10F680000110401AB042EFD9032020700546EBE785
:10F6900003460020024610B503E09C5C521C204447
:10F6A000C0B28A42F9D310BD70B50D46134945F278
:10F6B0005A464FF01C0314004FF014020E800E4601
:10F6C00008718B70CA704C7104D0B01D2246294657
:10F6D000F0F793FE21462846FFF7DAFF31195A2347
:10F6E00004F109028871FE24CB71D2B20C72BDE81C
:10F6F000704002490248F9F7D5B9000070010024B2
:10F70000FC1100242DE9F0470D1F002D51DD2E4C7A
:10F7100022896389521C934201D1012600E0002610
:10F72000277BDFF8A89001214FF0000867B1022F76
:10F730000AD04788BB4204D103889A4201D1EA0625
:10F740000CD0C6B1032019E042886281A4F8088079
:10F75000012A236863600CD0002621732173011DE8
:10F760006368AAB21846F2F7DFF8A0B12EB1042000
:10F7700004E00126F1E7062000E007201449207389
:10F78000D9F8002009688A4213D0C9F80010BDE8F2
:10F79000F04700F099BA76B12168C9F8001000F07E
:10F7A00093FA0220207320686060A4F80880A4F80F
:10F7B0000A80BDE8F08705202073606828446060F7
:10F7C0002089401C2081F4E7D00400244400002458
:10F7D000E004002408480022084910B502730C68B0
:10F7E0008B689C4202D1C968016001E01946036040
:10F7F00041600281428110BDD0040024E004002455
:10F80000D0E9013201699A60D0E901235A604A685F
:10F81000824201D182684A60002202610868401E6B
:10F82000086008687047000010B5044C802304602D
:10F8300004F15C000860136010BD0000981A0024F9
:10F8400010B5044C4FF48073046004F15C00086050
:10F85000136010BDF41C00244FF0FF3300F10801C9
:10F860000022C0E901130260C160016170470021FC
:10F870000161704730B50B685A1C02D000F10802D4
:10F8800002E0026904E02246546825689D42FAD9E4
:10F8900053684B6099608A60516008610168491C37
:10F8A000016030BD42684A6093688B60936859601C
:10F8B000916008610168491C01607047502080F325
:10F8C0001188BFF34F8FBFF36F8F0A494868401C00
:10F8D000486001280CD10848006810F0FF0F07D0DD
:10F8E000502080F31188BFF34F8FBFF36F8FFEE777
:10F8F000704700005801002404ED00E00849486802
:10F9000028B1401E486001D180F311887047502013
:10F9100080F31188BFF34F8FBFF36F8FFEE70000B6
:10F920005801002470B500282AD0164DA0F1080413
:10F9300061686869014207D1502080F31188BFF3E4
:10F940004F8FBFF36F8FFEE722683AB1502080F3EC
:10F950001188BFF34F8FBFF36F8FFEE78143616064
:10F9600000F078F960686968084468602046FFF72D
:10F970008FF92869401C2861BDE8704000F04CBE3A
:10F9800070BD0000380100244FF0E020002101612B
:10F990004FF47A728161072303490968B1FBF2F1E0
:10F9A000491E416103617047CC00002410B5F0F797
:10F9B000D9FC114910280ED300F1E0200A7890F804
:10F9C000F003904207D2502080F31188BFF34F8F8D
:10F9D000BFF36F8FFEE709488968006800F4E060B4
:10F9E000884207D9502080F31188BFF34F8FBFF3AF
:10F9F0006F8FFEE710BD0000580100240CED00E001
:10FA0000084B5FF0000210B553F832401CB1521C95
:10FA1000082AF9D310BD03EBC20443F8321060602A
:10FA200010BD00007C14002470B515460E46044637
:10FA3000FFF744FF94F944100020491C01D184F8D9
:10FA4000440094F94510491C01D184F84500FFF7A2
:10FA500055FFA06B28B904F124002A46314600F076
:10FA600099F82046BDE87040FFF7C0BA020010B513
:10FA700014D00F48006B38B1502080F31188BFF3C9
:10FA80004F8FBFF36F8FFEE700F0E4F800211046C0
:10FA9000FEF70AFF00F0C0FD002807D105494FF02E
:10FAA00080500860BFF34F8FBFF36F8F10BD000011
:10FAB000E400002404ED00E070B50546FFF7FEFE0B
:10FAC0001E4C05B92568281DFFF79AFEA86A18B1D3
:10FAD00005F11800FFF794FE606A401C6062206820
:10FAE000854207D11648291DFFF7DCFE6068401CDF
:10FAF000606007E0A068401EA0602846FEF7DFFFB8
:10FB0000FFF7F4F9FFF7FAFE6069002814D02068C7
:10FB1000854211D1206B38B1502080F31188BFF39A
:10FB20004F8FBFF36F8FFEE706494FF0805008609C
:10FB3000BFF34F8FBFF36F8F70BD0000E400002450
:10FB40005819002404ED00E002490A6A0260C968FD
:10FB500041607047E400002401490120C8617047FA
:10FB6000E400002410B50C4650B109490968183169
:10FB7000FFF780FE2046BDE810400121FEF794BE4D
:10FB8000502080F31188BFF34F8FBFF36F8FFEE7D4
:10FB9000E400002470B514460D4668B10A490968AE
:10FBA0001831FFF77FFE0CB14FF0FF352146284694
:10FBB000BDE87040FEF778BE502080F31188BFF397
:10FBC0004F8FBFF36F8FFEE7E400002430B587B09E
:10FBD000002405AA04A9039403A80494FFF724FEB3
:10FBE000DDE9030100940023CDE90110174815A1B8
:10FBF000059A00F0F8FB164D0028E8621FD000F0CF
:10FC00006DFD012809D0401C19D1502080F31188C6
:10FC1000BFF34F8FBFF36F8FFEE7502080F3118843
:10FC2000BFF34F8FBFF36F8F01214FF0FF30A862FA
:10FC30006961EC6007B0BDE8304000F077B807B00C
:10FC400030BD000049444C450000000045EB02086F
:10FC5000E40000240248016B491C01637047000066
:10FC6000E4000024164810B5016B11B10121C161F7
:10FC700010BD0021C161134A016901E0B9B1491EFB
:10FC800001EB810352F82330002BF7D001EB810305
:10FC900002EB830202F1080453685B685360A342DD
:10FCA00001D15B685360DA680260016110BD5020C9
:10FCB00080F31188BFF34F8FBFF36F8FFEE7000013
:10FCC000E4000024BC140024024914224FF0016017
:10FCD000F1F7B4BD440000247CB514460D46A022C3
:10FCE000C0F302218DF805004FF480639C4242EA84
:10FCF00041018DF8041000D91C4602199A4201D91D
:10FD00004042C4B20848FF26009601230DF10502C7
:10FD1000F5F7ACF89DF80410234603482A460096F0
:10FD2000F5F712F87CBD00000C0C002437481CB518
:10FD3000374902688A4207D1502080F31188BFF307
:10FD40004F8FBFF36F8FFEE731490068491E88422D
:10FD500007D1502080F31188BFF34F8FBFF36F8F0F
:10FD6000FEE72C49FF200A780192087008788DF888
:10FD700000009DF800209DF8000002F0F002824291
:10FD800007D0502080F31188BFF34F8FBFF36F8FE0
:10FD9000FEE79DF8002007201F4C02F05002227061
:10FDA000A06005E09DF8002052008DF80020401E64
:10FDB0009DF800201206F5D40328A06007D050203B
:10FDC00080F31188BFF34F8FBFF36F8FFEE74FF4BF
:10FDD0004070A060019808700C482030016841F420
:10FDE00070010160016841F070410160FFF7CCFDD6
:10FDF00000206060F0F77EFA0848016841F0404159
:10FE00000160F0F763FA00201CBD000000ED00E087
:10FE100071C20F4100E400E05801002434EF00E01B
:10FE2000502010B580F31188BFF34F8FBFF36F8F51
:10FE300000F018FB18B104494FF080500860002012
:10FE400080F3118810BD000004ED00E0002102469F
:10FE5000012010B500F012F80446FEF7A3FE20467C
:10FE600010BD38B500220B4611460090012000F06D
:10FE700026F80446FEF796FE204638BDF8B5050084
:10FE800017460E4613D005FB06F05030FFF786F9F3
:10FE900004000AD0002084F8460004F150023B46DA
:10FEA000314628460094FEF789FE2046F8BD5020D2
:10FEB00080F31188BFF34F8FBFF36F8FFEE7F8B564
:10FEC000069D18B153B1CAB181B120E0502080F332
:10FED0001188BFF34F8FBFF36F8FFEE7502080F381
:10FEE0001188BFF34F8FBFF36F8FFEE7502080F371
:10FEF0001188BFF34F8FBFF36F8FFEE739B15020EA
:10FF000080F31188BFF34F8FBFF36F8FFEE750244C
:10FF10001C46012683F8466000932B46FEF74EFEF2
:10FF20002046F8BD2DE9F04704008A4629D0FFF7A6
:10FF3000C5FC21680025D4E90F23D4F840C004F1A2
:10FF4000100810460E46401E4FF0FF3902FB031208
:10FF500000FB0C10BAF1000FA563666084F84490B2
:10FF600084F84590C4E9022013D04046FFF774FCA2
:10FF700004F12400FFF770FCFFF7C0FC0120BDE88E
:10FF8000F087502080F31188BFF34F8FBFF36F8F3E
:10FF9000FEE720690028EFD0404600F005FB00286E
:10FFA000EAD004494FF080500860BFF34F8FBFF391
:10FFB0006F8FE1E704ED00E02DE9FF4704001D46E7
:10FFC00082B08A464FF0000803D0BAF1000F08D083
:10FFD00011E0502080F31188BFF34F8FBFF36F8F74
:10FFE000FEE7206C38B1502080F31188BFF34F8FAB
:10FFF000BFF36F8FFEE7022D0AD1E06B012807D017
:020000040803EF
:10000000502080F31188BFF34F8FBFF36F8FFEE74F
:1000100000F014FA3F4F4FF080564FF0000948B9F6
:10002000049838B1502080F31188BFF34F8FBFF38D
:100030006F8FFEE7FFF742FCA06BE16B884207D3AE
:10004000022D05D00498D0B1B8F1000F1AD01EE0EF
:100050002A4651462046FEF7FCFC616A19B104F1BC
:10006000240000F0A1FA20B13E60BFF34F8FBFF330
:100070006F8FFFF743FC012006B0BDE8F087FFF764
:100080003DFC22E06846FFF75FFD4FF00108FFF7F7
:1000900035FCFFF7DFFDFFF711FC94F94400401C2D
:1000A00001D184F8449094F94500401C01D184F8B2
:1000B0004590FFF723FC04A9684600F02BF930B106
:1000C0002046FEF793FF00F0A7FA0020D4E7FFF7E1
:1000D000F5FBA06BE16B884213D1FFF70FFC04998D
:1000E00004F11000FFF73EFD2046FEF77FFF00F011
:1000F00093FA00289ED13E60BFF34F8FBFF36F8FFE
:1001000098E7FFF7FBFB2046FEF770FF00F084FA4C
:1001100090E7000004ED00E02DE9F04704001F46E1
:100120009046894603D0B9F1000F08D011E0502065
:1001300080F31188BFF34F8FBFF36F8FFEE7206C02
:1001400038B1502080F31188BFF34F8FBFF36F8F0A
:10015000FEE7022F0AD1E06B012807D0502080F380
:100160001188BFF34F8FBFF36F8FFEE7FFF71EFCC1
:100170005020EFF3118680F31188BFF34F8FBFF348
:100180006F8FA06BE16B884206D3022F04D0002052
:1001900086F31188BDE8F08794F94550A06B3A4684
:1001A00049462046FEF755FC681C04D06D1C84F8B7
:1001B00045500120ECE7606A0028FAD004F12400E1
:1001C00000F0F2F90028F4D0B8F1000FF1D00121CD
:1001D000C8F80010EDE700002DE9F74704008A4653
:1001E00083B04FF0000603D0BAF1000F08D011E041
:1001F000502080F31188BFF34F8FBFF36F8FFEE75E
:10020000206C38B1502080F31188BFF34F8FBFF3BB
:100210006F8FFEE700F012F9DFF8F4804FF080579F
:100220004FF0000948B9059838B1502080F3118883
:10023000BFF34F8FBFF36F8FFEE7FFF73FFBA56B59
:10024000C5B151462046FEF7F1FB6D1EA56320693E
:1002500050B104F1100000F0A7F928B1C8F80070FF
:10026000BFF34F8FBFF36F8FFFF748FB012006B03E
:10027000BDE8F087059808B11EB106E0FFF73EFB28
:1002800027E06846FFF760FC0126FFF737FBFFF722
:10029000E1FCFFF713FB94F94400401C01D184F802
:1002A000449094F94500401C01D184F84590FFF733
:1002B00025FB05A9684600F02DF8002820460AD045
:1002C000FEF794FE00F0A8F92046FEF725FD002871
:1002D000B3D00020CBE7FEF71FFD90B1059904F1E4
:1002E0002400FFF73FFC2046FEF780FE00F094F963
:1002F0000028A2D1C8F80070BFF34F8FBFF36F8FF3
:100300009BE72046FEF772FE00F086F995E70000B5
:1003100004ED00E02DE9F04105000C4612D0CCB10F
:10032000FFF7CCFA184E2068F268471C6B68A2EB06
:10033000030117D02F68366AB74215D0934213D8FD
:1003400001251CE0502080F31188BFF34F8FBFF3CD
:100350006F8FFEE7502080F31188BFF34F8FBFF3FC
:100360006F8FFEE700250AE0884205D9401A206019
:100370002846FFF7E9FBF5E7002020600125FFF79D
:10038000BDFA2846BDE8F081E40000242DE9FF5FB6
:10039000994616468A4683469000DDE90E87FEF7A9
:1003A000FDFE05001CD05C20FEF7F8FE040014D012
:1003B0000020256384F859004B46CDE90087CDE93C
:1003C0000240324651465846FEF709FC2046FEF7E9
:1003D00099FA012004B0BDE8F09F2846FFF7A2FA81
:1003E0004FF0FF30F6E7F0B585B0DDE90B740A9DFC
:1003F000A7B1DCB15C262763022684F85960002788
:1004000003970DF1100C0095CDE901C4FEF7E7FB51
:100410002046FEF777FA049805B0F0BD502080F32F
:100420001188BFF34F8FBFF36F8FFEE7502080F32B
:100430001188BFF34F8FBFF36F8FFEE70548416907
:1004400019B1006B18B100207047012070470220DD
:1004500070470000E40000240148C06870470000B5
:10046000E40000242DE9F0412E4C206B002728B138
:10047000A069401CA0613846BDE8F081E668761CA2
:10048000E66013D1606B006838B1502080F31188AA
:10049000BFF34F8FBFF36F8FFEE7606BA16B61639C
:1004A000A063206A401C2062FEF720FDDFF8788000
:1004B000A06A864209D3606B0068A0B1606BC06817
:1004C000C5686868864211D2A0622068C06A00EBE5
:1004D000800158F82100012800D90127E06900288F
:1004E000C9D00127C7E74FF0FF30EDE7281DFFF720
:1004F00087F9A86A18B105F11800FFF781F9E86AD1
:100500002169884200D9206100EB800108EB81005D
:10051000291DFFF7C7F92068E96AC06A8142CAD37A
:100520000127C8E7E4000024BC14002470B5044689
:100530004FF0000190B31A4D2868844207D0502034
:1005400080F31188BFF34F8FBFF36F8FFEE7206DED
:1005500038B1E36C401EE26A20659A421ED040B179
:100560001CE0502080F31188BFF34F8FBFF36F8FD3
:10057000FEE7201DFFF744F9E06CC0F13801A161EE
:10058000E0622969884200D9286100EB80000549B2
:1005900001EB8000211DFFF785F90121084670BDA0
:1005A000E4000024BC14002470B5C068C46854B1D1
:1005B00004F118000646FFF723F9144D286B50B1DB
:1005C0001348314615E0502080F31188BFF34F8F58
:1005D000BFF36F8FFEE7201DFFF712F9E06A29696C
:1005E000884200D9286100EB80000A4901EB8000B5
:1005F000211DFFF757F9E06A2968C96A884203D9C3
:100600000121E961084670BD002070BDE4000024AE
:1006100044190024BC1400242DE9F0472C4D286B0C
:100620000024274638B1FFF749F9286B401E28639C
:10063000286B40B147E0502080F31188BFF34F8F03
:10064000BFF36F8FFEE7234E0120A968D9B3A6F54B
:10065000916980463068E0B1F068C46804F1180020
:10066000FFF7CEF8201DFFF7CBF8E06A2969884232
:1006700000D9286100EB800109EB8100211DFFF703
:1006800011F9E06A2968C96A8842E3D3C5F81C8079
:10069000E0E70CB1FEF72AFCAC694CB14FEA080662
:1006A000FFF7E0FE00B1EE61641EF9D10020A86101
:1006B000E86940B1084901274FF080500860BFF356
:1006C0004F8FBFF36F8FFFF719F93846BDE8F087FA
:1006D000E40000244419002404ED00E010B586B0C5
:1006E000FEF778F9114C2068B8B10020039005AAF4
:1006F000049004A903A8FFF7A3F8DDE90321022071
:1007000000238DE807000C4809A1059AFFF76BFE4E
:10071000606010B106B0012010BD502080F3118838
:10072000BFF34F8FBFF36F8FFEE70000200100245F
:10073000546D722053766300C9EF02082DE9FF4122
:100740001E46134602004FF000000A9D16D0144CBE
:100750002768002F0FD006290292CDE9001317DA7F
:10076000FFF76CFE02284FF000030FD00022206834
:100770006946FFF721FC04B0BDE8F081502080F30A
:100780001188BFF34F8FBFF36F8FFEE72A46EEE766
:100790000023324669463846FFF7BEFCEBE700000F
:1007A00020010024200A03080000000000000000CF
:1007B000000000000000000000020000180000001F
:1007C0000000000000000000FC0903080000000019
:1007D0000000000000000000000000000002000017
:1007E000180000000000000000000000140A0308C8
:1007F00000000000000000000000000000000000F9
:1008000000020000180000000000000000000000CE
:10081000F0090308000000000000000000000000D4
:10082000080A0308000000000000000000000000AB
:100830000006101600061016000102030405060744
:10084000080C1014182030400000000000000000C8
:100850000000000000000000000000000100000097
:10086000020000000300000004000000000000007F
:100870000500000000000000000000000000000073
:100880000600000000000000000000000000000062
:1008900007000000010002000400060008000A0032
:1008A0000C00100020004000800000010101010345
:1008B0000701000008040204080101010000000013
:1008C00001020304010203040607080900000000F6
:1008D000000000000000E03F000000000000E0BF5A
:1008E0000000E0FE422EE63F0000E0FE422EE6BFA2
:1008F000763C7935EF39EA3D763C7935EF39EABD1A
:100900003E5555555555C53F93BDBE166CC166BF86
:100910002CDE25AF6A56113FF16BD2C541BDBBBE7F
:10092000D0A4BE726937663E04FA97999999D93F67
:10093000AF788E1DC571CC3F9FC678D0099AC33F52
:10094000935555555555E53F599322942449D23F27
:10095000DE03CB966446C73F44523EDF12F1C23FEE
:10096000000000000000F03F000000000000F83F21
:1009700000000000000000000000004003B8E23F5B
:10098000000000000000000006D0CF43EBFD4C3E0D
:10099000033333333333E33FFFAB6FDBB66DDB3F02
:1009A0004D268F515555D53F01411DA96074D13F4A
:1009B00065DBC9934A86CD3FEF4E454A287ECA3F44
:1009C0003E5555555555C53F93BDBE166CC166BFC6
:1009D0002CDE25AF6A56113FF16BD2C541BDBBBEBF
:1009E000D0A4BE726937663E00000000000000001F
:1009F0006D794D7574657830310000006D79546102
:100A0000736B3032000000006D794D75746578307D
:100A1000320000006D795461736B303300000000C8
:100A200064656661756C745461736B004C0A0308ED
:100A30000000002470010000760602088C0A0308FA
:100A400070010024E0610000F0CE02085142034B27
:100A50006041044BE040040111061B3F0AD7233CD0
:100A600022081A02041A12041A1004011E13280B79
:100A7000BC2495043D0135320182103C90D0030422
:0C0A8000BCC073450401771AAA010110E4
:040000050802029952
:00000001FF
