:020000040808EA
:10000000586300246D030808B19B0808558B080845
:10001000AF9B0808590B0808DDBE08080000000067
:10002000000000000000000000000000AD02080811
:1000300035120808000000000903080891A6080806
:100040008B0308088B0308088B0308088B03080838
:100050008B0308088B030808411308084F1308088E
:100060008B0308088B0308088B030808A90D0808F0
:10007000B50D0808C10D08088B0308088B03080894
:100080008B0308088B0308081509080829140808B9
:100090008B0308088B0308088B0308088B030808E8
:1000A0008B0308088B0308088B0308088B030808D8
:1000B00051AB08085DAB080869AB08088B0308085A
:1000C0008B0308088B0308088B0308088B030808B8
:1000D0008B030808D1BE08088B0308088B030808A7
:1000E000471308088B030808000000008B0308086A
:1000F0008B0308088B0308088B0308088B03080888
:100100008B0308088B0308088B0308088B03080877
:100110008B0308088B03080875AB08088B030808D5
:10012000CD0D0808D90D0808E50D0808F10D0808DF
:100130008B0308088B0308088B0308088B03080847
:1001400000000000000000000000000000000000AF
:100150008B0308088B0308088B0308088B03080827
:100160008B0308088B0308088B0308088B03080817
:100170008B0308088B0308088B03080800000000A5
:100180008B0308088B0308088B0308088B030808F7
:100190008B0308088B0308088B0308088B030808E7
:1001A0008B0308088B0308088B0308088B030808D7
:1001B0008B0308088B0308088B0308088B030808C7
:1001C0008B0308088B0308088B0308088B030808B7
:1001D0008B0308088B0308088B0308088B030808A7
:1001E0008B0308088B0308088B0308088B03080897
:1001F0008B0308088B0308088B0308088B03080887
:100200008B0308088B0308088B0308088B03080876
:100210008B0308088B0308088B0308088B03080866
:100220008B0308088B0308088B03080800000000F4
:100230008B0308088B03080800000000CD0608089F
:100240008B0308088B0308088B0308088B03080836
:100250008B0308088B0308088B0308088B03080826
:100260008B0308088B0308088B0308088B03080816
:100270008B0308088B0308088B03080800000000A4
:100280008B0308088B0308088B0308080000000094
:10029000000000008B030808DFF80CD000F07CF9A8
:1002A0000048004739E50808586300242C4B1968BA
:1002B0000868B0E8F04F80F30988BFF36F8F4FF004
:1002C000000080F3118870470000000008480068B3
:1002D000006880F308884FF0000080F3148862B64D
:1002E00061B6BFF34F8FBFF36F8F00DF00BF00BF5A
:1002F00008ED00E0DFF80C00016841F470010160D6
:10030000704700BF88ED00E0EFF30980BFF36F8F07
:10031000134B1A681EF0100F08BF20ED108A20E959
:10032000F04F106009B44FF0500080F31188BFF314
:100330004F8FBFF36F8F0FF00FFD4FF0000080F372
:10034000118809BC19680868B0E8F04F1EF0100F5A
:1003500008BFB0EC108A80F30988BFF36F8F704735
:10036000E4000024EFF30580704700000748804751
:100370000748804707480047FEE7FEE7FEE7FEE73D
:10038000FEE7FEE7FEE7FEE7FEE7FEE70D140808DE
:1003900055A70808990208082DE9F05F05460020D6
:1003A00092469B4688460646814640241BE02846E6
:1003B00041464746224600F053F853465A46C01A73
:1003C000914110D311461846224600F03AF82D1AF2
:1003D00067EB01084F4622460120002100F031F86A
:1003E00017EB00094E41201EA4F10104DFDC484652
:1003F00031462A464346BDE8F09F40EA01039B0789
:1004000003D009E008C9121F08C0042AFAD203E089
:1004100011F8013B00F8013B521EF9D27047D2B2ED
:1004200001E000F8012B491EFBD270470022F6E7DD
:1004300010B513460A4604461946FFF7F0FF20465A
:1004400010BD202A04DB203A00FA02F10020704798
:100450009140C2F1200320FA03F319439040704702
:10046000202A04DB203A21FA02F00021704721FA09
:1004700002F3D040C2F12002914008431946704770
:1004800070B521F0004303430CD0C1F30A5500249A
:10049000D5EB040564EB0403D617AD1AB34102DBB8
:1004A0000020014670BD201841EB025170BD0000D4
:1004B0002DE9F041054621F000400C46284309D0C3
:1004C000C4F30A5040F23341884205DD28462146F4
:1004D000BDE8F0812846FBE740F2FE31884210DC9F
:1004E0000CDB4FEA043040EA155050EA053105D0E4
:1004F000104804F0004101430020E9E700200146D4
:10050000E6E7A0F233404642C6F1400228462146C3
:10051000FFF797FF07468846284621463246FFF7F1
:100520009FFF43463A4600F049F83246BDE8F041A5
:10053000FFF787BF0000F03F70B5044601F00045AB
:100540000020054304D14FF00045644265EB0101F2
:1005500003F00045284305D118464FF000435242AE
:1005600063EB0003101B73EB010002D24FF000405D
:1005700009E082EA040283EA01034FF000501A43C3
:1005800001D14FF0C0404FEA2062EFF3008162F3E7
:100590001F6181F3008870BD064C074D06E0E068DE
:1005A00040F0010394E8070098471034AC42F6D3BA
:1005B000FFF776FE240B0908440B090810B5141E3A
:1005C00073F1000408DA401C41F1000192185B410C
:1005D0001A4301D120F0010010BD2DE9F04D9246E3
:1005E0009B4611B1B1FA81F202E0B0FA80F22032FA
:1005F0009046FFF726FF04460F4640EA0A0041EA0C
:100600000B0153465A46084313D0114653EA0100E2
:1006100019D0C8F140025046FFF722FF05460E46AA
:10062000504659464246FFF70CFF084305D00120CB
:1006300004E020463946BDE8F08D0020054346EA37
:10064000E0762C4337430A986305E40AA0EB0800E0
:100650000022FD0A44EA47540A3002D50020014630
:10066000E9E7010510196941DDE90845001969410B
:10067000BDE8F04DA2E770B58C1810F8015B15F0DD
:10068000070301D110F8013B2A1106D110F8012B04
:1006900003E010F8016B01F8016B5B1EF9D12B0729
:1006A00005D40023521E0DD401F8013BFAE710F8DF
:1006B000013BCB1A921C03E013F8015B01F8015BCC
:1006C000521EF9D5A142D8D3002070BD014801F0D7
:1006D00039BD00006409002470B53A490546006838
:1006E000884202D0384A904202D1D1F8080302E091
:1006F0003648D0F8080310F4403F11D006F03EF819
:1007000004466868B0F5803F06D0B0F5003F03D0DE
:10071000B0F5403F27D101E0000C18E0A40822E02A
:1007200000214FF4002005F093F804466868810327
:10073000890B18D181140C2915D2DFE801F01406B9
:1007400006060606060B0D0F1113800C4000B4FBC5
:10075000F0F408E0240906E0640904E0A40902E0DA
:10076000E40900E0240A04F03BFA41F20301884264
:1007700008D8174884422868816813D821F480710A
:10078000816070BD13496008884204D82868816878
:1007900021F44071F4E71049884206D8286881683E
:1007A00021F4407141F48071EAE70C4988422868DD
:1007B000816804D821F4407141F40071E0E741F40C
:1007C0004071DDE700200240002102400060025835
:1007D000002D3101105E5F0020BCBE0040787D011D
:1007E00010B5846B616D11F0500F06D0616DC906B4
:1007F00025D5204601F0A5FC10BD606D40F40070C9
:10080000606520680168090707D508F031FC90B1E0
:100810002068C068800403D50DE0C06880070AD155
:10082000606D20F480706065606DC00403D4606DFD
:1008300040F001006065204601F024FC10BDE16C31
:10084000C96CBDE81040084710B5806B416D41F0A0
:1008500040014165816D41F00401816501F071FC49
:1008600010BD10B5806B01F06BFC10BD70B5044677
:100870000068816811F0010F40D18168204A11425F
:100880002DD18168D5432940491C816004F0AEF91F
:100890001C49064620681C4B884201D0984201D171
:1008A0001A4A00E01A4A9268984202F01F0200D0E9
:1008B000014681421DD0E2B120E0816811F0010FB4
:1008C00003D181682940491C816004F08FF9801BA5
:1008D00002280ED920680068C043C00709D0606DA7
:1008E00040F010006065A06D40F00100A06501209F
:1008F00070BD20680168C943C907DED1002070BD02
:100900003F000080002002400021024000230240FE
:1009100000630258044810B501F014FCBDE8104013
:10092000024801F00FBC00009C08002400090024CC
:100930001CB5A52040F2FF34012269468DF8040061
:10094000204600F01EF89DF80000A52815D00A20CA
:100950000DF090FE0122204601A900F047F80A2080
:100960000DF088FE01226946204600F00AF89DF845
:100970000000A52803D000201CBD01201CBD0220C2
:100980001CBD10B5012A0C4603D9BDE810400FF07C
:100990001FBA00F003F8207010BD00003EB5010A38
:1009A00000228DF80410A0258DF8050001F0070045
:1009B000FF248DF808200123009445EA40010A48ED
:1009C0000DF1050204F060FA9DF80400012302AA6B
:1009D000009400F0070045EA4001034804F0C2F922
:1009E0009DF808003EBD0000140C00242DE9F041E4
:1009F0000F46054600F00F0100F00F00C1F1100492
:100A0000C0F11000A242A2EB000002D9C0F3071609
:100A100001E04FF0000605D9C6F1000100EB01101E
:100A2000C0B201E04FF00000012A804637D94FF4F0
:100A30008060824200D90246A918814201D96842E9
:100A4000C2B2A24228D93A462146284600F05AF8B6
:100A5000281985B2052027440DF00CFE00240CE077
:100A600010213A46284600F04DF81035ADB2052069
:100A700010370DF0FFFD641CE4B2B442F0D3052042
:100A80000DF0F8FDB8F1000012D03A4601462846B4
:100A9000BDE8F04100F036B8D1B23A46F7E7394642
:100AA000284600F01BF8BDE8F04105200DF0E2BD3E
:100AB000BDE8F0812DE9F041002415460E460746B9
:100AC00008E0381980B2311900F008F805200DF05F
:100AD000D1FD641CAC42F4D3BDE8F0813EB50125E4
:100AE0004FF0FF34C2B22B46C0F302200294CDE98E
:100AF0000015A02141EA4001014804F06BFA3EBD17
:100B0000140C00243EB5102913464FEA1024C2B23B
:100B100000D910214518B5F5806F01D94142C9B2FD
:100B200000F00F050D44102D04D9084400F00F000B
:100B3000081AC1B24FF0FF3000930123CDE9011034
:100B400004F00700A02141EA4001024804F042FA03
:100B50003EBD0000140C0024FEE700001E4810B546
:100B60009FED1E4B9FED1F2BB0F8F7304FF4FA743A
:100B70001E4A00EE103A9FED1E1B02F10801B8EE6E
:100B8000400B1460B0F8F930B1EE043B84EE005B2A
:100B900085EE020B02EE103AB8EE424BB0EE412B5E
:100BA00004EE002BBCEEC22B82ED012AB0F8F3005C
:100BB00002EE100AB8EE422B02EE001BBCEEC11B87
:100BC00081ED001AB8EE411B00EE031BBCEEC10B19
:100BD00081ED010A10BD00002C0600240000000079
:100BE000D01263410000000000408F40AC000024A0
:100BF0000000000000407F402DE9F047324901230A
:100C0000324D4FF4FA780E4642460020B1F8F940D2
:100C1000B1F8F370C5F80080B6F8FB6020E010F181
:100C20000100624401EB400CBCF8FDC0A445F6D9BC
:100C300004EB840C02EB4C0A01EB400C45F823A0BA
:100C40005B1CBCF8FD20DBB203F1010C121B401C45
:100C500002EB82090AEB490245F823200CF0FF035E
:100C60008642DFD804EB8400DFF864C05C1C02EB32
:100C70004002164845F82320603007EB8707E3B2AF
:100C8000ACF8003008EB47020260022332324260C7
:100C9000002412E001EB4405B5F8FD5005EB850595
:100CA00002EB4502323A40F823205D1CEBB23232AF
:100CB0005D1C40F82320641CEBB2A642EAD8ACF8D5
:100CC0000230BDE8F08700002C060024980F0024B5
:100CD000A800002470B50A4DE86F02F00BF900245B
:100CE00007E001200DF0C6FC641CE86FE4B202F0DE
:100CF00001F9012802D0322CF3D3002070BD00008E
:100D0000041200240A4B002130B408469970597728
:100D10000246C0EB021404EB42121A44401C0428A1
:100D200082F83810F4D30348016030BC0EF0CCBD1B
:100D30002C0600245B000024002805480A4603D046
:100D40004FF4805103F047BF4FF48041FAE70000B1
:100D500000040258090541EA021141F0407100F017
:100D600001B8000038B50C4605460121FFF7E4FF45
:100D700000212846FFF7E0FF200E8DF80000210C2F
:100D80008DF80110220A8DF802200648C82304229B
:100D900069468DF8034006F0C1F901212846FFF7A6
:100DA000CBFF38BD680C0024014802F0A7B8000052
:100DB000C8090024014802F0A1B80000400A00243C
:100DC000014802F09BB80000B80A0024014802F074
:100DD00095B800002C130024014802F08FB80000E1
:100DE000A4130024014802F089B80000A80E0024D2
:100DF000014802F083B80000200F0024294A01684E
:100E000091423AD0274A1832914236D0254A3032A0
:100E1000914232D0234A483291422ED0214A603248
:100E200091422AD01F4A7832914226D01D4A9032F0
:100E3000914222D01B4AA83291421ED01A4A9142B6
:100E40001BD0194A1832914217D0174A30329142BA
:100E500013D0154A483291420FD0134A6032914262
:100E60000BD0114A7832914207D00F4A903291420A
:100E700003D00D4AA832914211D1CAB21823103AB8
:100E8000B2FBF3F26FF30901032A02F00703074AEA
:100E9000D25CC26500D9091D81650846704721F002
:100EA000FF01F9E710000240100402402809090878
:100EB00030B5224A012301689142CAB21BD01F4CAF
:100EC0001434A14217D01D4C2834A14213D01B4C1E
:100ED0003C34A1420FD0194C5034A1420BD0174CD6
:100EE0006434A14207D0154C7834A14203D0134C8E
:100EF0008C34A1420CD11421114C083AB2FBF1F10F
:100F00000F4A803201F01F0504EB8101AB4010E075
:100F10000C4D1824103A0D44B2FBF4F1A82D00D862
:100F20000831094A01F01F0402EB8101064AA3407F
:100F30008032603080E80E0030BD00000854025856
:100F400000580258F0FBFDBF0008024010B50279BE
:100F5000531E072B2DD8174C0168A1421BD0154CEE
:100F60001434A14217D0134C2834A14213D0114C91
:100F70003C34A1420FD00F4C5034A1420BD00D4C49
:100F80006434A14207D00B4C7834A14203D0094C01
:100F90008C34A14203D10849074C443102E007498F
:100FA000064C443104EB8202C0E91B210121994027
:100FB000416710BD08540258FC580258FC08024012
:100FC00010B583694FF0C074826A0146002053B1A6
:100FD000B3F5005F15D072B1012A0CD0022A0AD0F5
:100FE000032A09D104E01AB1012A06D0022A03D14A
:100FF000C96AC90100D5012010BDC96AA142FAD051
:1010000010BD002AF7D0012AF2D0022AF3D0032A19
:10101000F3D010BD2DE9F04F804E804FDFF8FC91EA
:101020001836DFF8F8A148370468856D0AF1300AF0
:10103000DFF8ECB14C45DFF8ECC1DFF8ECE16DD046
:10104000B4426BD0544569D0BC4267D0DFF8D08140
:10105000A8F11808444561D05C455FD064455DD077
:1010600074455BD0DFF8C481444557D0DFF8BC81BC
:1010700008F11808444551D0DFF8B08108F1300874
:1010800044454BD0DFF8A48108F14808444545D0D9
:10109000DFF8988108F1600844453FD0DFF88C8183
:1010A00008F17808444539D0DFF8808108F19008CC
:1010B000444533D0DFF8748108F1A80844452DD0A9
:1010C000DFF86C81444529D0DFF8648108F1140809
:1010D000444523D0DFF8588108F1280844451DD045
:1010E000DFF84C8108F13C08444517D0DFF8408117
:1010F00008F15008444511D0DFF8348108F1640844
:1011000044450BD0DFF8288108F17808444505D024
:10111000DFF81C8108F18C08444509D1D0E9194851
:10112000C4F80480C46E1CB1D0E91C48C4F8048023
:1011300004684C452ED0B4422CD054452AD0BC4231
:1011400028D0374E183EB44224D05C4522D06445A6
:1011500020D074451ED0354EB4421BD0334E1836C5
:10116000B44217D0314E3036B44213D02F4E4836E9
:10117000B4420FD02D4E6036B4420BD02B4E783691
:10118000B44207D0294E9036B44203D0274EA83639
:10119000B44215D190F85C603F2406F01F06B440BD
:1011A000AC600468256825F4802525602EE09A60EF
:1011B0000068C160BDE8F08F99600068C260F9E71F
:1011C0001B4EB4421BD01A4E1436B44217D0184EE0
:1011D0002836B44213D0164E3C36B4420FD0144ECB
:1011E0005036B4420BD0124E6436B44207D0104E83
:1011F0007836B44203D00E4E8C36B442DAD190F831
:101200005C60012406F01F06B4406C6004686360F3
:101210008368402B0368CFD1C9E70000100002406B
:1012200088000240A0000240B800024010040240C2
:1012300008540258704700002DE9F04300232E485F
:1012400055214FF0A60C5FF0FA041D464FF07E5674
:1012500003EBC3025B1C02EB42073A18022BC15599
:10126000A2F80350C2F80B60C2F80F50C2F8136026
:10127000C2F81750A2F809C0A2F80740E8D3DFF877
:101280007CC0C3270023C8264FF07C591A46C3EB05
:10129000021808EB421202445B1C042B82F8361041
:1012A000A2F83B70A2F83960C2F84590C2F849C074
:1012B000C2F84D50EAD380F8F510642280F8F61099
:1012C000AA23A0F8F3200B2580F8F2304FF47A77A8
:1012D000A0F8FB505FF00002A0F8F770A0F8F960EA
:1012E00000EB4203521C0B2AA3F8FD40F8D380F810
:1012F0001F11BDE8F08300002C060024CDCCCC3DAE
:101300000D4900200D4A08604FEA0001C1EB0113AE
:1013100003EB41131344491C042983F83800F5D327
:101320005FF0000101EBC103491C03EB43031344CD
:1013300002299870F6D370475B0000242C06002425
:10134000012003F021BB4FF4006003F01DBB02201D
:1013500003F01ABB28494FF4967210B501F5967048
:1013600007F01FF825482649006888423AD02449EA
:101370001831884236D022493031884232D0204953
:10138000483188422ED01E49603188422AD01C49FB
:101390007831884226D01A499031884222D01849A3
:1013A000A83188421ED0174988421BD015491831F0
:1013B000884217D013493031884213D0114948313F
:1013C00088420FD00F49603188420BD00D497831E7
:1013D000884207D00B499031884203D00949A8318F
:1013E000884203D1016821F0080102E0016821F080
:1013F0000401016010BD0000D81000242C1300244B
:10140000100002401004024072B6FEE7054805498C
:101410000839026842F00202026008688004FCD5C4
:10142000704700000C480258014802F0A9BD0000B6
:10143000300B0024F0B503684FF6FC716D4C426B25
:10144000D3F884508D4345EA8205C3F8845003687D
:1014500053F8845F068F25F47F0545EA06451D6035
:10146000836B654D9F180268D2F888308B4343EA3E
:101470008703C2F88830026852F8883F868F23F4C9
:10148000FE0343EA06431360066856F8A03FC26BAA
:101490008B4307EB420243EA82033360076857F845
:1014A000A03FB0F8406023F4FE0343EA06433B60EC
:1014B000D0E9103603FB06220368D3F8B0608E43F0
:1014C00046EA8206C3F8B0600368B0F84860D3F813
:1014D000B07027F4FE0747EA0646C3F8B060D0E9CB
:1014E0001267036806FB0722D3F8AC608E4346EA16
:1014F0008206C3F8AC60D0E91467036806FB0722D4
:10150000D3F8F0608E4346EA8206C3F8F0600368C1
:10151000B0F85860D3F8F07027F47C1747EA064615
:10152000C3F8F0600368876D53F8C06F02EB4702A1
:101530008E4346EA820119600168B0F85C20D1F858
:10154000C03023F47C1343EA0242C1F8C020016892
:1015500090F86020D1F8C03023F07C5343EA026257
:10156000C1F8C020416B04EB8101C166826B01EBC5
:1015700082020267C36B02EBC3024267D0E91034F8
:10158000634302EB83028267D0E91234634302EBC8
:101590008302C267D0E91434634302EB8302C0F8CC
:1015A0008020836D02EBC303C0F88430C46D826E6B
:1015B000544303EB8403C0F88830046E544303EBB8
:1015C0008402C0F89020AA420AD9D0F89C200321B6
:1015D00042F02002C0F89C2080F898100120F0BD55
:1015E000002200E004C1D0F890308B42FAD80020ED
:1015F000F0BD000000AC0040FCD30040F0B58E68A8
:101600000C69D1E9005744EA0604DFB145F0804592
:101610002C43866ED1E906C54F695E4391F82030B0
:1016200045EA0C05B1F80CC0D0F884E0002047EA88
:1016300003630C4F1D430EEB860345EA0C45E3E8BC
:1016400002450AE044EA8544E3E71418155C001DEE
:10165000D4F8014045EA042410C3CC683C5D8442C0
:10166000F3D8F0BD3009090830B587B0054600242D
:10167000009400F0BDF901460120B5F1016FCDE9FC
:10168000021000D30220059405A90190684602F0DB
:10169000A1FF07B030BD000030B584240D4BCD074D
:1016A00044EA002007D0DC6824F4E664DC60DC68EF
:1016B00014430443DC6089070BD5D3F80C1121F4E3
:1016C000E661C3F80C11D3F80C1111430143C3F8C0
:1016D0000C1130BD00200052CB431D4A9B0720D087
:1016E000CB070AD0D36823F03003D360D368034319
:1016F000D360D36843F08803D360890710D5D2F84C
:101700000C1121F03001C2F80C11D2F80C11014378
:10171000C2F80C11D2F80C0140F08800C2F80C019C
:101720007047D16821F03001D160D2F80C1121F05E
:101730003001C2F80C11D1680143D160D2F80C110C
:101740000143C2F80C11906940F01000906170479D
:1017500000200052002A10B509D0002305E000BF88
:1017600010F8014B5B1C01F8014B9342F8D310BDFC
:101770002DE9F04704250E46804603F037FA022E85
:10178000814600D1274DDFF8A0A0284C05EA0A07C2
:1017900077B3D4F8100125EA00004000D0B1012E43
:1017A0002AD02349D4F81001084040F000404100FD
:1017B00026D020498A6910EA0A0F42EA00028A61AB
:1017C00001D1606103E020F00040C4F81401012061
:1017D000BDE8F087B8F1FF3FDAD003F007FAA0EBDD
:1017E0000901414502D8B8F1000FD1D10320EFE73C
:1017F000206925EA0000D1E70F4920690840D6E7B3
:10180000012E4FF4803007D0D4F81011C90301D550
:10181000C4F814010020DBE72169C903FAD560612F
:10182000F8E7000004000080F0FF10E00020005204
:101830000000EE97681400240000EE172DE9F04137
:1018400088B016460F468046012080F31088002598
:1018500002F0C2FF4FF0FF3420B1002080F3108867
:1018600025462EE0404607F093FB30B14046FFF797
:10187000FBFE10B102F038FFEFE700241FE020214B
:101880006846FEF7D3FD301B00EE100AB8EEC01B11
:101890009FED130B0AF0F8FCBCEEC00B391968463B
:1018A00010EE102AFEF7A9FD01206A4608EB04019C
:1018B00002F032FF10B16FF0010502E02034A642C1
:1018C000DDDC02F011FF18B1002080F31088C51E86
:1018D000002080F3108808B02846BDE8F0810000A1
:1018E00000000000000040402DE9F04701201546AF
:1018F00088B08A4680F31088002602F06DFF08B198
:10190000761E54E0304C314F2088B0F5805F04D90A
:101910003846FFF7A9FE002020804AF6AA2000EEF4
:10192000105A60F30F08B3EE0C1B65F31F48CDF897
:101930000080B8EE400B0AF0A7FCBCEEC00B01A87B
:10194000514610EE102AFEF758FDB8461C27218894
:1019500001206A4608EB411102F0DEFE28B1208822
:101960006FF00106401C208021E0A5EB0709B9F1CA
:10197000000F14DD20216846FEF758FD00EE109A96
:10198000B8EEC01B9FED120B0AF07EFCBCEEC00B44
:101990000AEB0701684610EE102AFEF72EFD20889C
:1019A0002037E91B401C208020310029CFDC02F0C9
:1019B0009BFE08B16FF00206002080F3108808B08B
:1019C0003046BDE8F08700000000002400000E084B
:1019D0000000000000004040034810B500F074F81B
:1019E0000249088010BD000000000E08000000241D
:1019F0000021A0F100634FF40032934245D3A0F1DF
:101A00000163934241D322490144914203D32149C6
:101A10000144914201D2012137E01F490144914222
:101A200003D31E490144914201D202212DE01C49F9
:101A30000144914203D31B490144914201D2032145
:101A400023E019490144914203D3184901449142CA
:101A500001D2042119E016490144914203D31549EA
:101A60000144914201D205210FE013490144914202
:101A700003D312490144914201D2062105E01049E5
:101A80000144914200D30F490721084670470000E6
:101A90000000FEF70000EEF70000FCF70000ECF796
:101AA0000000FAF70000EAF70000F8F70000E8F796
:101AB0000000F6F70000E6F70000F4F70000E4F796
:101AC0000000F2F700001E0870B55FF00004054644
:101AD0004AF6AA262DED028B9FED138B05EB4410E1
:101AE000006881B2B14215D1000C001D00EE100A51
:101AF000B8EE400B20EE080B0AF01AFA01EE104A7D
:101B0000B8EE411B30EE010BBCEEC00B10EE100A1C
:101B100084B2E3E7401C02D0641CA4B2DEE7BDEC53
:101B2000028B204670BD0000000000000000A03FB6
:101B30007047704770477047704700002DE9F047C5
:101B40000F4690F850109AB0044601294FF0000952
:101B500015D00026DFF8F880012084F85000159693
:101B60001696216841450ED13A4D0095284607F05A
:101B70007BFA8246206807F077FA60B10EE0022017
:101B80001AB0BDE8F087606D84F8506040F0200026
:101B900060650120F4E7BAF1000F09D0616D4FF0E4
:101BA000010941F020006065484684F85060E7E78D
:101BB00020684146884201D0A84201D1264800E071
:101BC000264840F61F72D7F800C0254BBCF1000F25
:101BD00023D0D0F808C0D7F804802CF4404C4CEA4D
:101BE000080CC0F808C0D4F800C08C4501D0AC4542
:101BF00007D18968AB6801F0010103F001031943C3
:101C000002E0996801F001010029CDD1BD68396871
:101C1000836829439343194317E0876827F44047B3
:101C2000876027688F4201D0AF4207D18968AB68CF
:101C300001F0010103F00103194302E0996801F08A
:101C400001010029B0D1816891438160ACE70000B7
:101C5000002002400021024000230240006302589D
:101C6000006002582DE9F84F0446EB4E0020DFF8E3
:101C7000ACB30090002794F850000D46DFF8A0A305
:101C8000012808D04FF0010984F85090206807F02F
:101C9000E7F918B171E10220BDE8F88F2868002843
:101CA0000EDB21680303CA6928D090FAA0F0B0FACD
:101CB00080F000BF00F01F0309FA03F00243CA617D
:101CC000D5E900124FF00C0C20681F23C1F384618A
:101CD0000CEA921C02F01F02604493409140026B98
:101CE0009A430A430263206807F0BAF980462068E5
:101CF00007F0B2F958EA000003D08DE0C0F3846029
:101D0000D8E72A68042320684FF0070CA96803EA83
:101D1000D25318444369C2F304520CFA02FC9140B6
:101D200023EA0C030B434361BE490968B9EB117FF9
:101D300006D121686869C968C1F38201490008E0D9
:101D40002068C168C906C1686869F5D501F010014D
:101D500049088840296904292ED023682A6803EBA2
:101D6000810102F0F8420B6E024303F00040104381
:101D70000866697E22682869012917D05FF0000192
:101D800002EB8000026E22F000420A430266297EC6
:101D900020682A6901290CD00021036902F01F0282
:101DA000914023F4F0420A43026135E04FF00041D4
:101DB000E6E74FF40061F0E720682978026E02F050
:101DC000F842B2EB816F03D1016E21F00041016650
:101DD00020682978426E02F0F842B2EB816F03D19D
:101DE000416E21F00041416620682978826E02F040
:101DF000F842B2EB816F03D1816E21F00041816620
:101E000020682978C26E02F0F842B2EB816F03D1EC
:101E1000C16E21F00041C1662068816811F0010F98
:101E200072D150F8C03F2A7BDFF8FCC1296802F06C
:101E300018022CFA02FCC1F3130823EA08030CEA87
:101E4000010C43EA0C030360E96859456CD17748FB
:101E50002268DFF8DCC1DFF8DCB18242DFF8D8E1CC
:101E60007648774BDFF8DC8122D12968614524D0A0
:101E7000B1EB4C0C38D0A1F1496CBCF1080C35D059
:101E8000A1F1865CBCF1100C32D0DFF8BCC1614519
:101E900028D071453AD0814230D0994232D06B4837
:101EA000814201D16A4831E041452ED169482DE097
:101EB000B2422AD12968614501D1012026E0A1F171
:101EC000066CBCF1040C0FD0A1F1496CBCF1080CFC
:101ED0000CD0A1F1865CBCF1100C09D0DFF868C110
:101EE000614507D15C4811E058460FE05B480DE0C2
:101EF0005B480BE0714509D0814201D1184605E0ED
:101F00009942D1D1574801E03CE00020D169030358
:101F10001AD090FAA0F0B0FA80F000BF00F01F03D2
:101F200009FA03F00143D161D5F800C0BCF1000FFC
:101F300028DA3E4B20684C49DFF83091984201D0B6
:101F4000B04203D10A4602E0800EE7E74A469268B3
:101F5000984202F0E07201D0B04209D19D68D6F8F3
:101F6000088005F0010508F0010845EA080503E0CE
:101F7000DAF8085005F001054DB1606D012740F019
:101F800020006065002084F85000384684E6384D13
:101F9000AC451CD115021AD45045F3D1984202D059
:101FA000B04200D049468B6842F4000023F0E07252
:101FB00002438A6030492F480968B1FBF0F04000C5
:101FC000801C00E0401E00900028FBD1DAE72B4D7A
:101FD000AC450CD1D5010AD45045D3D1984202D09A
:101FE000B04200D049468B6842F080700EE0244D2C
:101FF000AC45C7D15502C5D45045C3D1984202D093
:10200000B04200D049468B6842F4800023F0E07271
:1020100002438A60B6E70000002102400000FF474B
:10202000006002580010005CFFFF0F00002002401B
:1020300002003004400020190004002A0008302E5D
:10204000001060320000844B2000F0140000214397
:10205000000052470000B84F0002B0258000501D1C
:1020600000018021002090360023024000630258C6
:10207000000084CB400D0300CC000024000052C7B8
:102080000000B8CF2DE9F041284980460068284E6D
:10209000884213D1274F00255FF0000404EB85012F
:1020A00004EB440037F8111006EBC0000AF096FF6D
:1020B000641C042CF2D36D1C072DEDD31E49D8F8F7
:1020C0000000884215D11B4F383700255FF000040F
:1020D00004EBC50104EB440006EBC00037F8111017
:1020E00060300AF07BFF641C082CF1D36D1C072DB7
:1020F000ECD31249D8F80000884215D10D4FA8370B
:102100000025002404EB850104EB440006EBC0002D
:1021100037F8111000F590700AF060FF641C042C71
:10212000F0D36D1C072DECD3BDE8F08100200240F8
:10213000F4020024BC070024002102400060025881
:10214000704770472DE9F05F0446006806684568EF
:10215000DFF87082DFF870B2DFF87092404501D08E
:10216000484501D1584600E09948806800F01F07B3
:10217000B0070ED5A8070CD5606DC00603D4606DFE
:1021800040F4006060652046FFF7D2FC2168022021
:102190000860700701D5680703D4300737D52807D2
:1021A00035D5606DC00603D4606D40F40070606585
:1021B000206806F05DFF20B32068484501D1424603
:1021C00000E00246824208D03FB1052F05D0092F1A
:1021D00003D0484503D1414602E0C16801E0014611
:1021E000C96889040DD4016809070AD506F038FFCB
:1021F00058B3606D40F010006065A06D40F00100C4
:10220000A0652046FFF73EFF21680C200860B0065D
:1022100001D5A80603D4700658D5680656D5606D5A
:10222000C00603D4606D40F4005060652068C16C46
:1022300011F4C07F1AD000218A4606F019FF024629
:102240002068484514D1434613E02068416821F0D6
:102250000C014160606D20F480706065606DC004A9
:10226000CFD4606D40F001006065CAE70121E3E76B
:102270000346834208D03FB1062F05D0072F03D075
:10228000484503D1414602E0C16801E00146C96802
:10229000BAF1000F14D08B0102D58AB18A040FD491
:1022A000026852060CD589020AD406F0D5FEE8B3BE
:1022B000606D40F010006065A06D40F00100A06509
:1022C0002046FFF736FC21686020086030060BD5F9
:1022D000280609D5606D40F480306065204600F026
:1022E0008DF9216880200860F0050CD5E8050AD535
:1022F000606D40F4003060652046FFF71CFC2168EB
:102300004FF480700860B0050CD5A8050AD5606D43
:1023100040F4802060652046FFF70EFC21684FF4F2
:1023200000700860F00631D5E80600E00AE02DD51F
:10233000206BE8B12068EFB3404501D0484512D189
:10234000584611E02068416821F060014160606DED
:1023500020F480506065606DC005B1D4606D40F0C0
:1023600001006065ACE71A48806800F4404050B155
:10237000606D40F480606065A06D40F00200A06573
:102380002046FFF7DEFE216810200860700517D593
:10239000680515D5616D4FF4806041F48041616539
:1023A000A16D41F00801A165216808602046BDE8E3
:1023B000F05F00E001E0FFF7BDBBC0688007D6E733
:1023C000BDE8F09F002002400023024000210240AF
:1023D00000630258F8B54FF0000604003546009639
:1023E00002D0606D10B107E00120F8BD204600F07A
:1023F00007F9A66584F8506020688168C1F34071D0
:1024000019B18168704A1140816020688168C1F308
:10241000007181B981686D4A114041F0805181603D
:102420006C496B480968B1FBF0F0401C00E0401EAD
:1024300000900028FBD120688168C1F3007141B988
:10244000616D012541F010016165A16D41F001014F
:10245000A16506F005FE616DC90600D420B1606D6E
:10246000012540F0100093E0606D20F4807040F092
:10247000020060652068816811F0010F1FD1564A83
:10248000564B904201D0984207D191689E6801F066
:10249000010106F00106314303E05149896801F06A
:1024A000010161B9904201D0984201D14D4800E04C
:1024B0004D488268616822F47C120A43826002F00F
:1024C0008FFB41F20301884202D9A06810280CD08A
:1024D000617D227FA368206B490341EA02411843D2
:1024E0000843217F01290CD010E0607D227F216B01
:1024F000400340EA024241F01000104340F00C005B
:10250000EFE7218C394A02EB41410843616A29B166
:10251000A26A01F47871014342EA01002168344B58
:10252000CA681A400243CA60206806F099FD064650
:10253000206806F091FD30431DD1216844F2030369
:10254000267DE26AC86842EA863298431043C86032
:1025500094F8380001281ED02068016921F001019B
:1025600001612068626B016921F0704111430161D2
:102570002046FEF7B1F8E068012820681CD0016B06
:1025800021F00F010163606D20F0020040F00100B6
:1025900060652846F8BD2068A28F164FD4E9101C4C
:1025A000154E07EB0247A36C026941EA0C013B435D
:1025B000324019431143D3E7A269016B521E21F047
:1025C0000F011143DEE70000C0FFFF5FC0FFFF7F88
:1025D000400D0300CC0000240020024000210240F6
:1025E0000060025800230240006302580000FEFF12
:1025F00003C0F0FF0100FFFF1EF800FC7047000061
:102600002DE9F04F87B0064614216846FDF70EFF0E
:10261000754A002472480325DFF8D0C14FF4806763
:102620003368083011684FF40069DFF8B4816345FE
:10263000DFF8B0E14FF4005A4FF4807B01F1010163
:1026400035D1012911600AD1D8F8001041F02001DC
:10265000C8F80010D8F8001001F0200105910168B9
:1026600041F00101016000686946029400F0010038
:1026700005900F20CDE90005704602F091F95C4D00
:102680004FF0090C5B4B05F10C0128462B60C5E9A6
:1026900001C481E8900E2C626C6256E0F564002261
:1026A0000521AE63122002F07DFE122092E0DFF8D9
:1026B00048C1634550D1012911600AD1D8F80010F2
:1026C00041F02001C8F80010D8F8001001F02001F6
:1026D0000591016841F001010160016801F001010B
:1026E0000591016841F004010160016801F00401F5
:1026F0000591016841F00201016000686946029499
:1027000000F002000590F020CDE90005704602F0CF
:1027100047F930206946CDE900053848029402F0B7
:102720003FF9009569463648CDE9015402F038F981
:102730002F4D0A232F4A783518321CC5A5F10C00FD
:1027400085E8900E6C61AC610C3D00F04BFF0028F9
:10275000A4D0FEF759FEA1E72A498B423CD101687B
:1027600041F080710160016801F08071059101689C
:1027700041F00401016000686946009500F0040022
:1027800005901E48CDE9015402F00AF94FF080602F
:10279000014604F089FF4FF00060014604F084FF19
:1027A000134D73221349F035303116C5A5F10C00D5
:1027B00085E8900E6C61AC610C3D00F013FF08B130
:1027C000FEF722FEF56400220521AE637F2002F0B1
:1027D000E9FD7F2002F0D9FD07B0BDE8F08F0000D1
:1027E000D84402580000025874000024002002401F
:1027F000C8090024100002400021024000080258CD
:1028000000040258006002582DE9F047384E044693
:1028100000689146DFF8DC808A46B04201D040452E
:1028200001D1354900E03549896801F01F0506F0FE
:1028300017FC002859D194F85000012855D00120E8
:102840004FF0000784F8500025B1052D02D0092D66
:1028500000D003E02046FEF709F818B184F8507064
:10286000BDE8F087616D40F60163206899434045FB
:1028700041F48071616500D00646864200D01DB9E2
:10288000606D20F480106065606DC00404D5A06D9B
:1028900020F00600A06500E0A7651C20E16C184A46
:1028A000CA63E26C17491164E26C1749D16421686C
:1028B000086084F850702068416841F01001416060
:1028C0002068E16AC26822F003020A43C2602168FC
:1028D0004B46E06C5246403101F066F821680B4BE4
:1028E0008A681A40121D8A60BAE70220B8E7000021
:1028F00000200240002102400023024000630258F1
:10290000E10708086308080849080808C0FFFF7FB6
:102910002DE9F84F044602F069F900903CB194F8B3
:102920003500022806D0802161650020E4E0012006
:10293000BDE8F88FC74DC74EC649183520683036F8
:10294000DFF81483DFF814938842DFF814A3DFF86C
:1029500014B32ED0A8422CD0B0422AD0404528D063
:10296000484526D0504524D0584522D0BD4A18327B
:1029700090421ED0BC4A90421BD0BB4A18329042B3
:1029800017D0B94A3032904213D0B74A48329042F9
:102990000FD0B54A603290420BD0B34A78329042A1
:1029A00007D0B14A9032904203D0AF4AA832904249
:1029B00009D1026822F01E0202602068426922F0FA
:1029C0008002426103E0026822F00E020260276882
:1029D0008F4238464DD0A8424BD0B04249D04045F6
:1029E00047D0484545D0504543D0584541D09D4AF1
:1029F000183290423DD09C4A90423AD09A4A1832BE
:102A0000904236D0984A3032904232D0964A48327C
:102A100090422ED0944A603290422AD0924A783224
:102A2000904226D0904A9032904222D08E4AA832CC
:102A300090421ED08D4A90421BD08C4A1432904254
:102A400017D08A4A2832904213D0884A3C329042AA
:102A50000FD0864A503290420BD0844A6432904262
:102A600007D0824A7832904203D0804A8C32974213
:102A700004D1206E026822F48072026075492068D9
:102A8000884228D0A84226D0B04224D0404522D047
:102A9000484520D050451ED058451CD071491831AA
:102AA000884218D07049884215D06F491831884241
:102AB00011D06D49303188420DD06B494831884280
:102AC00009D069496031884205D067497831884228
:102AD00001D065499031016821F0010101600EE0EB
:102AE00002F084F80099401A052808D9202262656E
:102AF0000321002084F8351084F8340017E7386883
:102B0000C007EDD1534A0121206890422ED0A8423F
:102B10002CD0B0422AD0404528D0484526D0504538
:102B200024D0584522D04F4B183398421ED04E4BDC
:102B300098421BD04C4B1833984217D04A4B303335
:102B4000984213D0484B483398420FD0464B6033DD
:102B500098420BD0444B7833984207D0424B903385
:102B6000984203D0404BA833984208D194F85C7047
:102B70003F23A06D07F01F07BB40836007E094F878
:102B80005C30A06D03F01F0301FA03F3436020687B
:102B900090424DD0A8424BD0B04249D0404547D09A
:102BA000484545D0504543D0584541D02D4A18326C
:102BB00090423DD02C4A90423AD02B4A1832904253
:102BC00036D0294A3032904232D0274A4832904299
:102BD0002ED0254A603290422AD0234A7832904241
:102BE00026D0214A9032904222D01F4AA8329042E9
:102BF0001ED01E4A90421BD01C4A1432904217D05D
:102C00001A4A2832904213D0184A3C3290420FD0D0
:102C1000164A503290420BD0144A6432904207D088
:102C2000124A7832904203D0104A8C3290420BD133
:102C3000D4E919024260E06E30B1026822F4807279
:102C40000260D4E91C024260002084F8351084F848
:102C500034006DE61000024058000240700002404F
:102C600088000240A00002401004024008540258AC
:102C70002DE9F05F28B190F83510022904D08021A9
:102C800041650120BDE8F09F904C904B0168183CD5
:102C900018338E4ADFF83C92A1428D4CDFF838E2BF
:102CA0008E4FDFF83CB2DFF83CA28F4D8F4E31D013
:102CB00091422FD099422DD0A1422BD0494529D005
:102CC000714527D0B94225D0DFF810C20CF1180C9D
:102CD00061451FD0DFF808C2ACF1600C614519D026
:102CE000DFF8FCC1ACF1480C614513D0DFF8F0C14E
:102CF000ACF1300C61450DD0DFF8E4C1ACF1180C3B
:102D0000614507D0594505D0514503D0A94201D0AE
:102D1000B1422CD1DFF8B4C14FF0040880F83580FF
:102D2000ACF1180C61451DD091421BD0994219D0CD
:102D3000A14217D0494515D0714513D0B94211D0E1
:102D40006648183081420DD065486038814209D00C
:102D500063484838814205D061483038814201D00B
:102D60005F481838086820F001000860ABE0D1F82F
:102D700000C02CF00E08DFF854C1C1F80080ACF19F
:102D8000180C0168614527D0914225D0994223D083
:102D9000A14221D049451FD071451DD0B9421BD059
:102DA000DFF838C10CF1180C614515D0DFF830C1DF
:102DB000ACF1600C61450FD0DFF824C1ACF1480CD8
:102DC000614509D0DFF818C1ACF1300C614503D082
:102DD000DFF80CC1ACF1180CD1F800C02CF0010CDC
:102DE000C1F800C0DFF8E4804FF0010C0168A8F1E1
:102DF0001808414546D0914244D0994242D0A14260
:102E000040D049453ED071453CD0B9423AD0334AD2
:102E10001832914236D0324A603A914232D0304A2A
:102E2000483A91422ED02E4A303A91422AD02C4A2A
:102E3000183A914226D0594524D0514522D0A94272
:102E400020D0B1421ED02A4A91421BD0284A1432C7
:102E5000914217D0264A2832914213D0244A3C325C
:102E600091420FD0224A503291420BD0204A643214
:102E7000914207D01E4A7832914203D01C4A8C32CC
:102E8000914218D1016E0A6822F480720A6090F8AB
:102E90005C20816D02F01F020CFA02F24A60D0E958
:102EA00019124A60C16E31B10A6822F480720A6058
:102EB000D0E91C124A600022016D80F835C080F80C
:102EC000342001B188470020DCE6000028000240E1
:102ED000580002407000024088000240A0000240FA
:102EE0007004024088040240A0040240B80402407A
:102EF0000854025890F83500704700002DE9FC5F37
:102F00000446F74E0020DFF8D88300904FF41652A5
:102F1000F44808F11808A56DDFF8C493DFF8C0A3E2
:102F2000016809F1300920680AF1480AB1FBF2F1A1
:102F3000B04201912F68D5F800C0DFF8ACB335D0AE
:102F40004146884232D0484530D050452ED0584571
:102F50002CD0E5491831884228D0E34930318842E5
:102F600024D0E1494831884220D0E04988421DD030
:102F7000DE491831884219D0DC493031884215D0F9
:102F8000DA494831884211D0DFF860E30EF1600E73
:102F900070450BD0D54A7832904207D0D34B90334E
:102FA000984203D0D149A83188427DD194F85C2061
:102FB000082102F01F0201FA02F23A424AD0B0425E
:102FC00032D0404530D048452ED050452CD05845C1
:102FD0002AD0C54A1832904226D0C34A3032904295
:102FE00022D0C14A483290421ED0C04A90421BD0E3
:102FF000BE4A1832904217D0BC4A3032904213D0A9
:10300000BA4A483290420FD0B84A603290420BD050
:10301000B64A7832904207D0B44A9032904203D0F8
:10302000B24AA832904203D1026802F0040202E0E0
:10303000026802F008026AB1026822F0040202602B
:1030400094F85C0000F01F008140A960606D40F0C2
:103050000100606594F85C00012100F01F008140D0
:10306000394240D02068B04234D0404532D0484543
:1030700030D050452ED058452CD09B4A1832904223
:1030800028D0994A3032904224D0974A4832904210
:1030900020D0964A90421DD0944A1832904219D0BE
:1030A000924A3032904200E0AFE113D08F4A48326A
:1030B00090420FD08D4A603290420BD08B4A7832CA
:1030C000904207D0894A9032904203D0874AA83272
:1030D00090427DD1406910F0800F04D0A960606DEE
:1030E00040F00200606594F85C00042100F01F00CD
:1030F000814039423ED02068B04232D0404530D085
:1031000048452ED050452CD058452AD0764A183202
:10311000904226D0744A3032904222D0724A4832CD
:1031200090421ED0714A90421BD0704A1832904291
:1031300017D06E4A3032904213D06C4A48329042D7
:103140000FD06A4A603290420BD0684A783290427F
:1031500007D0664A9032904203D0644AA832904227
:103160004ED1006810F0020F04D0A960606D40F0ED
:103170000400606594F85C00102100F01F0081409D
:10318000394258D02068B04234D0404532D048450A
:1031900030D050452ED058452CD0534A183290424A
:1031A00028D0514A3032904224D04F4A483290427F
:1031B00020D04E4A90421DD04C4A1832904219D02D
:1031C0004A4A3032904215D0484A4832904200E094
:1031D00014E00FD0454A603290420BD0434A783217
:1031E000904207D0414A9032904203D03F4AA832E1
:1031F000904207D1006800F0080006E0006872E71E
:103200000068B7E7006800F00400A0B1A96020687A
:103210000168490304D50068000308D5A16C07E0E4
:103220000168C90503D4016821F008010160216C1F
:1032300009B12046884794F85C00202100F01F0067
:103240008140394279D02068B04232D0404530D0F8
:1032500048452ED050452CD058452AD0224A183205
:10326000904226D0204A3032904222D01E4A483224
:1032700090421ED01D4A90421BD01C4A18329042E8
:1032800017D01A4A3032904213D0184A483290422E
:103290000FD0164A603290420BD0144A78329042D6
:1032A00007D0124A9032904203D0104AA83290427E
:1032B00003D1006800F0100002E0006800F0020096
:1032C000B0B3A96094F835000428206801680FD0D5
:1032D00049037ED5006800032BD4616C2AE000000E
:1032E00010000240CC000024700002401004024094
:1032F00021F0160101602068416921F080014161DF
:10330000206C08B9A06C20B12068016821F0080188
:10331000016094F85C303F21012003F01F0300227C
:103320009940A96084F8350084F83420216D65E067
:1033300003E0E16B09B120468847606D00287DD02D
:10334000606DC00759D02068042184F83510B04260
:103350002BD0404529D0484527D0504525D0584549
:1033600023D09D49884220D09B49183188421CD0E7
:1033700099493031884218D09849884215D09749E8
:103380001831884211D09549303188420DD0934987
:103390004831884209D091496031884205D08F492F
:1033A0007831884201D08D499031016821F00101C6
:1033B000016020680099019A491C0091914202D84D
:1033C0000168C907F6D10068C00710D003200FE0DC
:1033D000FFE70168C905ACD403680121002223F08E
:1033E0001003036084F8351084F83420A1E701202D
:1033F00084F83500002084F83400E16C00291DD0E9
:1034000002B02046BDE8F05F0847754988421DD0EC
:1034100073491431884219D071492831884215D036
:103420006F493C31884211D06D49503188420DD0EE
:103430006B496431884209D0694900E084E0783101
:10344000884203D066498C3188427DD194F85C80F3
:103450000427016808F01F0807FA08F717EA0C0F9D
:10346000009746D04F0744D500980F04686003D5F5
:10347000C8033CD4A16CC1E7880638D42068B042A8
:103480002DD055496039884229D0484527D050452C
:1034900025D0584523D05049884220D04E49183174
:1034A00088421CD04C493031884218D04B49884260
:1034B00015D04A491831884211D0484930318842E4
:1034C0000DD046494831884209D0704507D0904216
:1034D00005D0984203D04149A831884203D1016800
:1034E00021F0080102E0016821F004010160216C73
:1034F00084E7022707FA08F717EA0C0F00974ED067
:103500008F074CD500980F04686003D5C80344D4D6
:10351000616C73E7880640D42068B0422FD02E49F2
:10352000603988422BD0484529D0504527D058458E
:1035300025D02949884222D02749183188421ED0F7
:1035400025493031884200E044E018D023498842C0
:1035500015D022491831884211D020493031884293
:103560000DD01E494831884209D0704507D090429D
:1035700005D0984203D01949A831884203D1016887
:1035800021F0140102E0016821F00A01016001212B
:1035900084F83510002084F83400E16B2EE708220F
:1035A00002FA08F212EA0C0F14D0090712D50168CA
:1035B00021F00E01016094F85C100120002201F05E
:1035C0001F0100FA01F16960606584F8350084F834
:1035D000342012E7BDE8FC9F88000240100402403E
:1035E000085402582DE9F05F044601F0FFFA002C60
:1035F00007467DD0E34E022120684FF00308DFF834
:1036000088934FF00005DFF884A3B042DFF880B361
:1036100034D0DC4A1832904230D048452ED0504544
:103620002CD058452AD0DA4A1832904226D0D84AAF
:103630003032904222D0D64A483290421ED0D54AEB
:1036400090421BD0D34A1832904217D0D14A303220
:10365000904213D0CF4A483290420FD0CD4A6032C8
:1036600090420BD0CB4A7832904207D0C94A903270
:10367000904203D0C74AA83290427DD184F83510D9
:10368000B04284F834502ED0BE49183188422AD036
:10369000484528D0504526D0584524D0BC4918313B
:1036A000884220D0BA49303188421CD0B8494831CC
:1036B000884218D0B749884215D0B6491831884297
:1036C00011D0B449303188420DD0B24948318842D6
:1036D00009D0B0496031884205D0AE49783188427E
:1036E00001D0AC499031016821F00101016008E08E
:1036F00027E100BF01F07AFAC01B052801D920217B
:103700001CE120680068C007F4D104F108002168BA
:10371000D4E9053C8E4685C809681043D4E90728DA
:103720001F43636A38439C4F40EA0C001043394002
:1037300040EA0800042B40EA010003D1D4E90B124F
:1037400011430843954909686FF30F01B1F1005F18
:103750000FD36168A1F12902052A08D9163A032A74
:1037600005D9083A012A02D94F39032901D840F472
:103770008010CEF8000000E023E02068676A40690E
:10378000042F20F0070047EA00070DD1D4E90A0111
:10379000074349B12046FDF713FC28B1402060657E
:1037A000012184F83510CCE0206847612046FDF700
:1037B00025FB94F85C203F2102F01F0291408160BC
:1037C00054E0774A90421BD0754B1433984217D07F
:1037D000734B2833984213D0714B3C3398420FD02F
:1037E0006F4B503398420BD06D4B6433984207D0E7
:1037F0006B4B7833984203D0694B8C3398427DD120
:1038000084F8351084F83450664B0168A26801EAE8
:10381000030E402A73D0802A72D00022D4E90378A4
:10382000D4E9053142EAD70242EAD8085C4AD4E931
:10383000077C48EAD30848EAD10141EAD70152425D
:1038400041EA1C11142341EA0E0101602068104472
:10385000B0FBF3F08000E0652046FDF7CFFA94F866
:103860005C20012102F01F02914041602068B042BB
:1038700057D044491831884253D0484551D050451B
:103880004FD058454DD042491831884249D040491F
:103890003031884245D03E494831884241D03D4987
:1038A00088423ED03B49183188423AD039493031BC
:1038B000884236D037494831884232D03549603164
:1038C00088422ED03349783188422AD0314990310C
:1038D000884226D02F49A831884222D030498842D8
:1038E0001FD02F49143188421BD02D4928318842DE
:1038F00017D02B493C31884213D002E01DE017E07D
:1039000018E02749503188420BD02549643188425C
:1039100007D023497831884203D021498C3188422D
:1039200029D12046FDF7C4FAA06880280CD00CE00D
:10393000102273E74FF4804270E74021616584F8FC
:1039400035800120BDE8F09F6560216E2079086018
:10395000D4E9190141606068401E072808D8204654
:10396000FDF7F4FAE06E0560D4E91C01416002E065
:10397000E566256765670120656584F835000020E8
:10398000E0E7000010000240400002405800024002
:1039900070000240100402403F8010FE0010005CE6
:1039A000085402580F00FEFF2DE9F84F04008C4622
:1039B0004FF00000009014D094F83400012812D089
:1039C00094F835500120002184F83400012D0CD0EA
:1039D000C00260650120009084F834100098BDE8B2
:1039E000F88F0120FBE70220F9E78C4D02262068C2
:1039F00084F83560A8428A4D61658A4E8A4FDFF8A7
:103A00002C82DFF82C92DFF82CA2DFF82CB226D023
:103A1000A84224D0B04222D0B84220D040451ED087
:103A200048451CD050451AD0584518D08349884283
:103A300015D082491831884211D0804930318842EE
:103A40000DD07E494831884209D07C496031884296
:103A500005D07A497831884201D07849903101689F
:103A600021F00101016061462046FDF7D3FA6B4960
:103A7000206888422CD0A8422AD0B04228D0B84230
:103A800026D0404524D0484522D0504520D0584526
:103A90001ED06A4A90421BD0684A1832904217D012
:103AA000664A3032904213D0644A483290420FD076
:103AB000624A603290420BD0604A7832904207D01E
:103AC0005E4A9032904203D05C4AA83290420CD1B8
:103AD000026822F01E0242F016020260206C88B1D9
:103AE0002068026842F008020BE0026822F00E0231
:103AF00042F00A020260206C20B12068026842F0A5
:103B000004020260206888424BD0A84249D0B042EB
:103B100047D0B84245D0404543D0484541D05045B4
:103B20003FD058453DD0454A90423AD0434A18329A
:103B3000904236D0414A3032904232D03F4A4832E9
:103B400090422ED03D4A603290422AD03B4A783291
:103B5000904226D0394A9032904222D0374AA83239
:103B600090421ED0364A90421BD0354A14329042C1
:103B700017D0334A2832904213D0314A3C32904217
:103B80000FD02F4A503290420BD02D4A64329042CF
:103B900007D02B4A7832904203D0294A8C32904287
:103BA0000DD1206E0268D20303D5026842F4807200
:103BB0000260E06E18B1026842F480720260206810
:103BC000884226D0A84224D0B04222D0B84220D089
:103BD00040451ED048451CD050451AD0584518D0F5
:103BE0001649884215D015491831884211D0134919
:103BF000303188420DD011494831884209D00F49EF
:103C00006031884205D00D497831884201D00B4996
:103C10009031016841F001010160DFE610000240CF
:103C2000280002404000024058000240700002405C
:103C300088000240A0000240B80002401004024088
:103C40000854025810B590F89830012B09D0022B77
:103C500007D0D0F89C1041F00201C0F89C10012060
:103C600010BD03689C6D0C4203D1DC6D44F001046F
:103C700004E09C6D31EA04041FD00324DC658B054D
:103C800005D50368D3F8E0401443C3F8E0404B0582
:103C900005D50368D3F8E4401443C3F8E440006852
:103CA000084A01EA0203446D074A1C434465106850
:103CB00040EA91701060002010BDDC6D44F00204F9
:103CC000DCE70000FFFFCF3F14A8004070B50446BA
:103CD00090F89800022804D0D4F89C0040F0080026
:103CE0000DE02068D0F8C03013F07C5F0BD0D0F826
:103CF000C4309B020CD5D4F89C0040F40070C4F88A
:103D00009C00012070BDD4F89C0040F02000F6E734
:103D1000D0F8C400C0F3044520462B46FDF76EFCE6
:103D200021680120A840C1F8D000C4F89400002008
:103D300070BD704770B590F89820012A09D0022A0A
:103D400007D0D0F89C1041F00201C0F89C1001206F
:103D500070BD0B68CA6883B10B69072A43EA4273D6
:103D600025D00C7A4A6942EA84724968006F00EBF8
:103D7000C100C0E90032002070BD072A0DD00C7AC6
:103D8000D6060D8A4B6943EA847246EA0543C06E43
:103D900049681A4340F82120EDE70B8A4FF060553F
:103DA000D1E9062442EA034245EA0423EFE78A699F
:103DB000DBE730B590F89850039C012D07D0D0F880
:103DC0009C1041F00401C0F89C10012030BD0D0191
:103DD000016845EA820040EA43002043C1F88000C0
:103DE000002030BD00F001B87047D0F89C0070474B
:103DF000F0B590F898500024022D04D0D0F89C1013
:103E000041F0080129E0402905D0412929D0056D5C
:103E10008D4219D942E00568D5F8A06016F4FE0F6E
:103E200012D0D5F8A460760613D0D5F8A460F601B8
:103E300005D5D5F8A06016F0004F00D50124D5F8BF
:103E4000A470466F456C24E0D0F89C1041F020012E
:103E500003E0D0F89C1041F48071C0F89C10012060
:103E6000F0BD0568D5F8B06016F4FE0FECD0D5F8BB
:103E7000B4607606EDD0D5F8B460F60105D5D5F876
:103E8000B06016F0004F00D50124D5F8B470866FED
:103E9000C56CC7F305273C44654302E0456DC66F1A
:103EA0004D4306EB85052E6816F0804656602E6859
:103EB00036D026F060461660D5F800C000262E4F9A
:103EC0000CF0005CC2F808C0D5F800C00CF0004C43
:103ED000C2F810C0B5F804C01FFA8CFCC2F81CC0B0
:103EE000D5F804C0CCF3034CC2F80CC0D5F804C01C
:103EF0000CF4801CC2F814C0D5F804C00CF4001CEB
:103F0000C2F818C0D5F804C0CCF3066CC2F820C0C3
:103F1000D5F804C008354FEADC7CC2F824C008E0BC
:103F2000C6F38A46C7E700BF15F806C003F806C007
:103F3000761CD2F80CC017F80CC0B445F4D8402950
:103F40000AD041290CD020294FF001020CD2006880
:103F50008A40C0F898200DE00068C0F8A84009E049
:103F60000068C0F8B84005E0006801F01F018A4011
:103F7000C0F89C200020F0BD3009090870470000FF
:103F80002DE9FF5FDFF80CB304460BF10401DBF809
:103F9000000025680F68AA468007D5F85090696D23
:103FA000D5F850806E6D2A6DD5F854C02B6D00EA9F
:103FB0008770009009F470496F6D286D01EA09015E
:103FC0000191DAF85410DAF85490DAF8505008F009
:103FD0000F0806EA0806029602F0F00203F0715399
:103FE0006FEA09061F4000F060700CEA020CCDF881
:103FF0000CC0F20501EA00090CD4E843C00509D45D
:1040000000214FF48073CAF85030CBF800102046DE
:10401000FFF7B4FF700512D4E84340050FD42068C1
:1040200000234FF48068D0F8DC20D0F8E410C0F80A
:104030005080CBF800301140204600F0C7FADFF87E
:1040400058A2009850B12268830F00EA0A00106558
:10405000CBF8003020460099FFF76BFE019850B175
:104060002268830F00EA0A001065CBF80030204672
:10407000019900F0ADFA029850B12268830F00EA6E
:104080000A001065CBF800302046029900F068FA6B
:10409000039850B12268830F00EA0A001065CBF83C
:1040A00000302046039900F071FA30050CD4E84343
:1040B000000509D4236800204FF400621A65CBF88C
:1040C0000000204600F085FAB00512D4E8438005D0
:1040D0000FD4206800234FF40078D0F8D820D0F80F
:1040E000E010C0F85080CBF800301140204600F0BE
:1040F0006EFA30030CD4E843000309D4236800208F
:104100004FF400221A65CBF80000204600F026FA92
:10411000F0030CD4E843C00309D4236800204FF413
:1041200080321A65CBF80000204600F04EFA70038A
:104130000CD4E843400309D4226800204FF48023C4
:104140001365CBF80000204600F03EFAB0030FD410
:10415000E84380030CD4236800204FF400321A6532
:10416000CBF80000D4F89C0040F08000C4F89C001C
:10417000B9F1000F0BD022684FEA997309EA0A00DF
:104180001065CBF8003049462046FFF72DFE5FB1A1
:104190002268BB0F07EA0A001065CBF80030D4F89C
:1041A0009C003843C4F89C003C492068884268D190
:1041B000606881468068800763D0D9F82060D9F8AC
:1041C0002410D9F82080D9F82400D9F820C0D9F8D3
:1041D0002470D9F82030D9F82450D9F8202003F4DD
:1041E000FC4306F00F0AD9F824601D40D9F824B02A
:1041F00008F030080CF4C07C02F4F02211EA0A0145
:1042000000EA080807EA0C0706EA0206D9F820A027
:1042100004D0C9F82010204600F0D3F9B8F100000E
:1042200005D0616808624146204600F0CCF96FEA8B
:104230000B0040060ED46FEA0A0040060AD46068FC
:104240004021C36BC26B01622046190C02F03F0291
:1042500000F0B8F92FB1606807623946204600F0D7
:10426000AFF935B160680562D4F89C002843C4F802
:104270009C0036B160680662D4F89C003043C4F8F4
:104280009C00D4F89C00002802D02046FFF7AAFD2D
:10429000BDE8FF9F10A80040FFFFCF3F00A00040F7
:1042A0002DE9F04194B08D494C2204466846FCF754
:1042B000A4F864B18A4D2068A84202D100F580704C
:1042C000606094F898004FF0000820B108E00120E9
:1042D00014B0BDE8F081204684F8998000F002F91E
:1042E0002068816921F01001816100F07FFC0327C3
:1042F000064604E000F07AFC801B0A2811D82068EA
:1043000080690007F6D42068816941F0010181616C
:1043100000F06CFC06460DE000F068FC801B0A28EB
:1043200008D9D4F89C0040F00100C4F89C0084F83F
:104330009870CCE720688069C007EDD0206881695B
:1043400041F002018161207C01282068816937D019
:1043500041F040018161607C01282068816932D090
:1043600021F480418161A07C0128206881692DD0E1
:1043700041F4805181612068A268816921F4407113
:10438000114381612068816921F0A4018161206865
:10439000016921F010010161E068012819D010B312
:1043A00002281BD02068816941F08001816120686A
:1043B000016941F010010161E06803280ED012E0AC
:1043C00021F04001C6E741F48041CBE721F4805160
:1043D000D0E72068816941F0040103E02068816929
:1043E00041F020018161207E6FF0FF02D4E9077364
:1043F000A68A1102400602EB0727A0F1007038439D
:1044000027685B1E184301EB06463043F861A0683D
:10441000B0F5407F11D104F12800A68C6FF00F0C8D
:1044200089C801EB0641401E02EB032210432268BB
:104430000CEB071318430843D060206E30B120689E
:10444000626ED0F8C0101143C0F8C010D4E9171242
:104450006846D14209D02168A36E51F8C82F50F8A0
:10446000233022F007021A430A60216C49B1216807
:10447000626C51F8BC3F50F8226023F007023243CF
:104480000A60A16C51B12168E36C51F8BC2F50F85F
:10449000233022F0700242EA03120A60216D51B10A
:1044A0002168626D51F8BC3F50F8220023F4E062AD
:1044B00042EA002008602068A84204D16068816850
:1044C00021F003018160C4F894800121C4F89C802C
:1044D00084F898102046FCF7ADFFF9E6400909087A
:1044E00000A0004010B586B0044614216846FBF7D2
:1044F0009DFF17492068884228D11648016841F479
:1045000080710160006800F48070059011480C38DB
:10451000016841F00101016000680923022200F0F6
:104520000100059000204FF4C05100916946CDE98B
:104530000120CDE90303084800F032FA00220521EA
:10454000132000F02FFF132000F01FFF06B010BD56
:1045500000A00040EC4402580000025870470000E0
:10456000094B402110B5A3F13404221DFFF740FC94
:104570006068B0F5926F06D1208ABDE8104081B224
:1045800001480AF021BE10BD040C0024704790F8C9
:104590009810012907D0D0F89C1041F00401C0F810
:1045A0009C1001207047022180F8981000220168B9
:1045B0008B6923F001038B61C0F89C201046704783
:1045C0007047704770477047704770477047704733
:1045D000704770472DE9F05F044641488846002641
:1045E000017D01291AD0012202758146B246C0F828
:1045F00018A02079C00706D001214CF25030FDF7F9
:10460000B7F800B10126207980070AD502214CF2C3
:104610005030FDF7ADF820B101265DE00220BDE885
:10462000F09F6EBB20682F4D012807D04FF0FF315F
:10463000C8F80010A76840F2047B48E06168206970
:10464000FDF74AF82079C0070AD001214CF250301A
:10465000FDF78EF800B10126E86820F00800E86058
:104660002079800738D502214CF25030FDF780F8D0
:1046700000B10126D5F80C0120F00800C5F80C01A6
:104680002AE0226938466168FDF706F82079C007FC
:1046900009D001214CF25030FDF76AF8E96806466E
:1046A00021EA0B01E960207980070BD502214CF249
:1046B0005030FDF75DF8D5F80C11064621EA0B01E4
:1046C000C5F80C1116B1C8F8007005E07F1CD4E9DC
:1046D00002010844B842D4D8304689F814A09EE7B5
:1046E00068140024002000520A48C16841F001010A
:1046F000C160C168C9070BD0D0F80C1141F00101AD
:10470000C0F80C11D0F80C01C00701D00020704790
:1047100001207047002000522DE9F05F2C4814461C
:1047200008250E46027D012A08D001230375A1F158
:1047300000621F05BA4204D2012707E00220BDE84B
:10474000F09FA6F10161B9420DD202274FF0000A95
:104750008146C0F818A04CF2503B39465846FDF748
:1047600007F810B127E00120E9E7DFF86880012FA2
:10477000404623D0D0F80C1141F00201C0F80C11D2
:10478000BFF36F8FBFF34F8F01CC6D1E15F0FF0588
:1047900001C6F9D1BFF36F8FBFF34F8F394658462B
:1047A000FCF7E6FF012F41460DD0D1F80C2122F095
:1047B0000202C1F80C2189F814A0C0E7C16841F0D9
:1047C0000201C160DCE7CA6822F00202CA60F2E7B7
:1047D00068140024002000520D480E4A0E49C36898
:1047E000DB0704D042604160C368DB070BD1D0F81F
:1047F0000C31DB0709D0C0F80421C0F80411D0F84F
:104800000C01C00701D00120704700207047000054
:104810000020005223016745AB89EFCD70B5022817
:104820002DED028B9FED4D8A31D0012839D04FF408
:10483000006188427ED14A4D95F8F500AA2879D1C9
:1048400040F2E630401EFDD2464E304600F0BEF942
:1048500000287FD0444CB4F80D00A4F81300D4F81D
:104860000F00C4F815000D340BF072FE3F49C4F878
:1048700002000968496A89B22180A2680D3C801A49
:1048800041281DD900EE100A9FED391B20E00020C1
:1048900005F012FC0020B0EE480A05F0D3FA002023
:1048A00008E0012005F008FC0120B0EE480A05F000
:1048B000C9FA0120BDEC028BBDE8704004F0B8BB22
:1048C000B4F813009FED2C1B081A80B200EE100AFA
:1048D000227803214FF48023B8EE400B04EB8202D0
:1048E00081EE002BB7EEC20B10EE100AC2F80100E9
:1048F0002078401CC0B2B0FBF1F201FB1200204A4C
:104900002070002004EB8001D1F80110114499427D
:1049100008D8401C0328F5D32878AA2814D0E87EAC
:10492000AA2811D0174800224FF4004100F053F993
:10493000002200E00EE0BDEC028B30464FF48061B7
:10494000BDE8704000F047B9BDEC028BBDE8704097
:1049500005F084BDBDEC028B70BD000000000000BE
:104960002C0600240004025870020024100E0024BB
:104970000000000000408F400000000080842E41B5
:104980000000BABD000002584FF0B04110B5D1F898
:104990008820024203D0C1F88800FFF73FFF10BD16
:1049A0002DE9F84F03247D4D00234FF001094FF00E
:1049B000B04B4FF00F0AE9E009FA03F73A4076D01E
:1049C0000E7906F00306012E01D0022E18D1D0F880
:1049D00008C04FEA430ECE6804FA0EF82CEA080C21
:1049E00006FA0EF646EA0C068660D0F804C00E7988
:1049F0002CEA070CC6F300169E4046EA0C064660F9
:104A00000E79F643B6070BD0C6684FEA43088F68A5
:104A100004FA08FC26EA0C0607FA08F73743C760D1
:104A20000E7906F00306022E12D1DE080F694FEA56
:104A3000437C00EB8606B646366A4FEADC6C0AFA1F
:104A40000CF807FA0CF726EA08063743CEF8207070
:104A50000F7906684FEA430807F0030704FA08FCD9
:104A600007FA08F726EA0C06374307604E6816F483
:104A7000403F1CD04A4E376847F00207376036681F
:104A80009F0706F00206009623F0030606F1B046E3
:104A9000B6463F0FD6F80864DFF808810AFA07FC2B
:104AA000404526EA0C0603D14FF0000C41E06CE0D3
:104AB000DFF8F4C0604502D14FF0010C39E0DFF8B7
:104AC000ECC0604502D14FF0020C32E0DFF8E0C0EC
:104AD000604502D14FF0030C2BE0DFF8D8C06045F1
:104AE00002D14FF0040C24E0DFF8CCC0604502D1C5
:104AF0004FF0050C1DE0DFF8C4C0604502D14FF057
:104B0000060C16E0DFF8B8C0604502D14FF0070C84
:104B10000FE0DFF8B0C0604502D14FF0080C08E0AC
:104B2000DFF8A4C0604502D14FF0090C01E04FF05E
:104B30000A0C0CFA07FC4CEA060CCEF808C44F68C5
:104B4000DBF80060FF0226EA020600D516435F4646
:104B5000CBF80060D1F804C0DBF804605FEA8C2C6D
:104B600026EA020600D516437E606E684F6826EA84
:104B70000206BF0300D516436E602E684F6826EA12
:104B80000206FF0300D516432E605B1C0A6832FA4A
:104B900003F67FF411AFBDE8F88F000080000058E5
:104BA000F444025800000258000402580008025859
:104BB000000C025800100258001402580018025845
:104BC000001C0258002002580024025800690840C6
:104BD00000D0012070470AB1816170470904FBE7EA
:104BE00001480068000C70470010005C01488068B4
:104BF00070470000C000002430B590F84120202A02
:104C000024D190F84020012A20D0012380F84030A0
:104C1000242280F84120202300240268156825F012
:104C2000010515600268156825F480551560026855
:104C300015680D43156001680A6842F001020A60B8
:104C400080F8413080F84040002030BD022030BD67
:104C500030B590F84120202A22D190F84020012A36
:104C60001ED0012380F84030242280F841202024E7
:104C700000250268136823F00103136002681368BB
:104C800023F4706343EA0121116001680A6842F06D
:104C900001020A6080F8414080F84050002030BD99
:104CA000022030BD70B5040004D094F84100002506
:104CB00010B106E0012070BD204684F8405000F09D
:104CC00035FA242084F841002068016821F00101B0
:104CD0000160D4E9001020F07060086120688168EC
:104CE00021F400418160E06821680128A06830D08B
:104CF00040F404408860E0680228206841682BD0B6
:104D000021F40061416020682021154A4368134363
:104D100043602068C26822F40042C26054F8106BFD
:104D20000DCC104340EA0320F06054F81C3CD4E959
:104D300000021043186054F81C0D026842F0010292
:104D40000260656484F84110256384F842500020B5
:104D500070BD40F40040CDE741F40061D2E70000AF
:104D6000008000022DE9F84F044690F841001F46EC
:104D70009046DDF828A08B4620287ED194F840008C
:104D800001287AD0012084F84000FFF72FFF01228C
:104D9000064619230090D103204604F00DF8E0BB2D
:104DA0000025222184F84110102084F84200656417
:104DB0006785618DFF2732484FF00079C4F8248061
:104DC000FF294FF08078656303D927853A46009024
:104DD00039E0618D218500903AE05946204603F084
:104DE000D3FF13E004F026F8B8B92068616A406A7E
:104DF0000870606A401C6062208D401E81B221856F
:104E0000608D401E6085608D00B169B1608D324655
:104E1000514600282046E5D100E002E004F05EF8AB
:104E2000D0B10120BDE8F88F0022534680212046F2
:104E3000009603F0C1FF0028F3D1608DFF2804D94C
:104E400027853A4600954346C7E7608D2085009543
:104E50004B4694F82820C0E720682021094AC16108
:104E6000206843681340436084F8411084F842503E
:104E7000002084F84050D5E7FFE70220D2E7000089
:104E80000024008000E800FE2DE9FF4F81B00446B9
:104E900090F8410099469046DDF838B020287BD143
:104EA00094F84000012877D0012084F84000FFF7F3
:104EB0009DFE0122064619230090D103204603F0EF
:104EC0007BFF002853D1414921220025C4F82480CA
:104ED000102084F84120FF2784F842006564A4F87C
:104EE0002A90608D4FF080794FF0007A6563FF283B
:104EF00002D94B46278505E0608D53462085000486
:104F0000000C10D0226898F800009062606A401C83
:104F10006062608D401E6085208D401E2085401C93
:104F20000091C2B201E0002200910299204603F0F4
:104F30002BFF13E003F0FEFFC8B9606A2168007818
:104F40008862606A401C6062608D401E6085208DB2
:104F5000401E80B22085618D01B160B1608D324606
:104F6000594600282046E5D103F0B8FFE0B1012002
:104F700005B0BDE8F08F00225B46802120460096F8
:104F800003F01AFF0028F2D1608DFF2805D927858C
:104F90003A464B460095C8E716E0608D534620859B
:104FA000009594F82820C0E721682020084AC861AD
:104FB00021684B6813404B6084F8410084F84250EC
:104FC000002084F84050D3E70220D1E70020008081
:104FD00000E800FE2DE9FF4F83B0044690F8410041
:104FE0009A469346DDE91087DDF84890202871D174
:104FF0005FEA080014D09FB194F84000012869D0FE
:10500000012084F84000FFF7F1FD01220646192334
:105010000090D103204603F0CFFE00286ED103E0BC
:105020004FF40070606469E00025C4F824802121F9
:1050300084F84110402084F8420065646785534637
:1050400065635A4604992046CDE9009603F06AFE4E
:1050500010B184F8405051E0608DFF274FF0807808
:10506000FF284FF0007A04D927853A464346009539
:1050700005E0608D53462085009594F82820204651
:10508000049903F081FE32464946204603F052FF60
:10509000A0BB606A216800788862606A401C606218
:1050A000608D401E6085208D401E80B22085618D00
:1050B000D9B1D0B900224B4680212046009603F09A
:1050C0007BFED8B9608DFF2805D927853A4643462F
:1050D000009506E026E0608D53462085009594F803
:1050E00028202046049903F04FFE608D0028CAD185
:1050F00032464946204603F0F1FE18B1012007B0C0
:10510000BDE8F08F20682021074AC161206843680C
:105110001340436084F8411084F84250002084F822
:105120004050ECE70220EAE700E800FE10B5B6B018
:105130000446142130A8FBF779F9C0216846FBF733
:1051400075F91849206888422AD100202190082149
:105150000446CDE90010684600F0DEFC08B1FCF71B
:1051600053F91148016841F002010160006830AB59
:10517000122100F002003590C020042283E81300C1
:105180000A4830A9CDE93342FFF70AFC0648083047
:10519000016841F400110160006800F400103590CE
:1051A00036B010BD00540040E044025800040258DC
:1051B000024881680278114481607047C000002471
:1051C000032010B500F00EF901F01EFB0F4A104944
:1051D00014681368C4F3032203F00F038A5CC95CEC
:1051E00002F01F0201F01F01D0400A4A20FA01F12B
:1051F0001160094908600F2000F010F808B1012083
:1052000010BD00F09FF8002010BD000018440258A7
:10521000B4090908D0000024CC00002410B51028DF
:1052200004468AB02CD200220146362000F0BAF89B
:10523000362000F0AAF8174804601748016841F0CA
:1052400010010160006809A900F01000089068468C
:1052500001F066FA0598B0B101F0B2FA40000F49CA
:1052600000220F4CB0FBF1F10E4840F2E73304602E
:10527000C0E90332491EC0E9011202F0C3FA28B1A5
:1052800001200AB010BD01F09BFAE8E7054802F0E2
:105290002BFBF6E7C4000024E844025840420F000C
:1052A000001000401C140024154BF0B5083B427858
:1052B00013491A600B680A1F23F001030B6043684F
:1052C0001360057BC67A827A437B2D07847B45EA8F
:1052D0000665C77B90F809C0067A90F800E045EAB9
:1052E000C24040EA834040EA444040EA074040EA86
:1052F0000C2040EA460040EA0E000860F0BD0000C5
:10530000A0ED00E0BFF35F8F044800210368034A6B
:1053100023F48033036070321160704724ED00E0A5
:10532000074A40F00100064970321060086840F4F6
:1053300080300860BFF34F8FBFF36F8F704700005E
:1053400024ED00E0074882B0016841F002010160ED
:10535000006800220F2100F002000090901E02B0B1
:1053600000F020B8F444025800280DDB410900F099
:105370001F028900012001F1E0219040C1F8800165
:10538000BFF34F8FBFF36F8F7047002809DB4109D0
:1053900000F01F028900012001F1E0219040C1F8D6
:1053A000000170470E4BF0B41B680D46C3F3022397
:1053B000C3F10706042E00D90426191D072901D2BE
:1053C000002300E0DB1E012404FA06F19C40491E84
:1053D0002940641E994014402143F0BC06F097BD5B
:1053E0000CED00E0064900F0070210B54FF6FF048F
:1053F0000868044B204040EA02201843086010BDB2
:105400000CED00E00000FA05134970B50A68D243BC
:10541000520705D5096801F00701814213D118E050
:105420000A6822F0070202430A60FFF7DFFB0A4D19
:105430004FF47A760446083D07E000BFFFF7D6FB3D
:10544000001BB04201D9012070BD2868C043800410
:10545000F4D4002070BD00000C48025810B501F0D3
:105460008DF905490968054AC1F30211515C01F043
:105470001F01C84010BD000020440258B4090908AB
:105480004A4930B5494C0B1D0A680C3409681D683F
:10549000246802F0030305F00102C1F30511C4F30F
:1054A000CC04002914FB02F200EE102AF8EE400AA8
:1054B00076D0414A9FED3E1ADFED3E1AB7EE000A64
:1054C00023B1012B5AD0022B18D15CE0374C283C79
:1054D00023689B0612D5394B246801EE901A116897
:1054E000C4F3C104F8EE612AE34001EE903AC1F33F
:1054F0000801F8EE611A81EEA22A07E002EE101A06
:105500001168F8EE422A81EEA22A45E001EE901AD7
:105510001168F8EE611A40EE811A71EE800A62EEAF
:10552000200AC1F3462101EE101AB8EE411A31EEFD
:10553000001AC0EE811ABCEEE11A80ED001A116863
:10554000C1F3064101EE101AB8EE411A31EE001A0D
:10555000C0EE811ABCEEE11A80ED011A1168C1F3A8
:10556000066101EE101AB8EE411A31EE000A80EE23
:10557000801ABCEEC10A80ED020A30BD01EE901A1D
:10558000DFED0F2A03E001EE901ADFED0E2A11681D
:10559000F8EE611A82EEA12AC1F30801B6E7FFE72F
:1055A000002101604160816030BD00002844025844
:1055B000000000390024744C304402580090D0039D
:1055C0000024744A20BCBE4B494930B5484C0B1DE1
:1055D0000A68143409681D68246802F00303C5F3DF
:1055E0000012C1F30531C4F3CC04002914FB02F20C
:1055F00000EE102AF8EE400A75D03F4A9FED3D1AA2
:10560000B7EE000A6BB1DFED3D1A012B01D0022B82
:1056100064D002EE101A1168F8EE422A81EEA22A36
:1056200021E0334C283C23689B0612D5344B246878
:1056300001EE901A1168C4F3C104F8EE612AE34048
:1056400001EE903AC1F30801F8EE611A81EEA22A48
:105650000BE001EE901ADFED2B2A00BFF8EE611A85
:10566000116882EEA12AC1F3080101EE901A1168B7
:10567000F8EE611A40EE811A71EE800A62EE200A9D
:10568000C1F3462101EE101AB8EE411A31EE001AAC
:10569000C0EE811ABCEEE11A80ED001A1168C1F368
:1056A000064101EE101AB8EE411A31EE001AC0EEB2
:1056B000811ABCEEE11A80ED011A1168C1F306618E
:1056C00001EE101AB8EE411A31EE000A80EE801A8F
:1056D000BCEEC10A80ED020A30BD04E001EE901A72
:1056E000DFED092ABAE70021016041608160F3E73C
:1056F0002844025800000039384402580024744AF3
:105700000090D0030024744C20BCBE4B494930B5F6
:10571000484C0B1D0A681C3409681D68246802F097
:105720000303C5F30022C1F30551C4F3CC040029DF
:1057300014FB02F200EE102AF8EE400A75D03F4A40
:105740009FED3D1AB7EE000A6BB1DFED3D1A012B5C
:1057500001D0022B64D002EE101A1168F8EE422A32
:1057600081EEA22A21E0334C283C23689B0612D507
:10577000344B246801EE901A1168C4F3C104F8EEAA
:10578000612AE34001EE903AC1F30801F8EE611A94
:1057900081EEA22A0BE001EE901ADFED2B2A00BF6A
:1057A000F8EE611A116882EEA12AC1F3080101EE38
:1057B000901A1168F8EE611A40EE811A71EE800AB3
:1057C00062EE200AC1F3462101EE101AB8EE411A2A
:1057D00031EE001AC0EE811ABCEEE11A80ED001A1B
:1057E0001168C1F3064101EE101AB8EE411A31EE0C
:1057F000001AC0EE811ABCEEE11A80ED011A1168A0
:10580000C1F3066101EE101AB8EE411A31EE000A3A
:1058100080EE801ABCEEC10A80ED020A30BD04E0C1
:1058200001EE901ADFED092ABAE70021016041601C
:105830008160F3E7284402580000003940440258D0
:105840000024744A0090D0030024744C20BCBE4B4A
:105850002DE9F04FAC4A0546DFF8A8A280F480702D
:10586000DFF8AC9289B01311AA4C0843A748AAF1FB
:1058700004064FF0805C4FF000582CD085F4007780
:105880000F4357D0DFF87CB285F480670F430BF1EC
:10589000080B61D085F400670F4374D085F48057FE
:1058A0000F436ED085F400570F434FF480394FF407
:1058B000003E67D085F400270F4371D085F4803710
:1058C0000F436ED085F480460E436BD085F40042C2
:1058D0000A4368D02AE0DAF8001001F00701052930
:1058E00024D2DFE801F075BC7D25B10006A8FFF7E2
:1058F000C7FD079809B0BDE8F08F6846FFF764FE62
:105900000098F7E703A8FFF701FF0398F2E7206884
:10591000C0F3C10022FA00F0ECE72268D20571D58D
:1059200061456FD11846E5E74145E3D00020E1E746
:105930004846DFE7DAF8001001F4E07180294FD023
:1059400004DC002944D04029F0D188E0C029EFD000
:10595000B1F5807FEAD177E0DBF8001001F4600157
:10596000B1F5800F3CD004DC91B3B1F5001FDDD15F
:1059700075E0B1F5C00FDBD0B1F5000FD6D163E013
:1059800001E018E030E0DBF8001001F0E061B1F177
:10599000007F25D008DCD9B1B1F1807FC6D15EE0AF
:1059A00049E06CE079E09CE0B1F1407FC0D0B1F11A
:1059B000806FBBD148E0DAF8001001F4E041B1F5A6
:1059C000005F0DD005DC19B1B1F5805FAED146E0C6
:1059D00094E0B1F5405FABD0B1F5804FA6D133E094
:1059E00020688000A2D58DE7DAF8001001F4E021EC
:1059F000B1F5403F6CD006DC61B149457AD07145C4
:105A000094D157E037E0B1F5802F65D0B1F5A02FE4
:105A10008CD10CE000F0D4FE6CE76846FFF7D4FDB3
:105A2000019867E703A8FFF771FE049862E7216811
:105A30008903F1D47AE7DBF8001011F440310ED07D
:105A4000494510D07145F5D13168256801F04051C4
:105A50006D077FF562AF00297FF45FAF57E72068DD
:105A60000001E7D549E720688000E3D503A8FFF7E8
:105A70004DFE05983EE722689203DBD554E7306877
:105A800010F480303AD04845D4D120680001D1D5F7
:105A90006846FFF799FD02982CE7DBF8001001F04B
:105AA000E041B1F1405F13D008DC71B1614521D014
:105AB0004145BFD120688000B4D437E7B1F1804FB1
:105AC0000AD0B1F1A04FB2D030E7FFF7C7FC11E721
:105AD00020684007AED51AE72068C005AAD521E79F
:105AE00008E0DAF8001011F04051A0D0614505D06F
:105AF00041459FD1206800018FD417E720688001BD
:105B000098D5F3E6504402580090D00340787D01C8
:105B10000080BB00004402582DE9FE4F0546DFF827
:105B2000E48350F8081B0024F64FC943019005F1A7
:105B30002800264608F12408009008011DD4A86E0C
:105B400050B1B0F5801F0CD0B0F5001F0ED0B0F5ED
:105B5000401F1ED001240FE0386840F40030386048
:105B600017E00198022104F047F803E000980221B1
:105B700004F0D2F804000CD026462888C043C005A3
:105B800023D4A86D05281ED2DFE800F00C11161BE7
:105B90001B00AA6ED8F8001021F440111143C8F878
:105BA0000010EAE7386840F40030386009E00198F6
:105BB000002104F021F803E00098002104F0ACF883
:105BC000044674B100E0012426462888C0438005BD
:105BD00028D4E86D80281ED00CDC90B140280ED16E
:105BE00014E0AA6DD8F8001021F007011143C8F89D
:105BF0000010EAE7C02813D0B0F5807F10D0012450
:105C00000FE0386840F40030386009E00198002166
:105C100003F0F2FF03E00098002104F07DF8044651
:105C20009CB126462888DFF8DC92C04309F12C0994
:105C300040052CD4D5F8A800B0F5800F20D00DDC9D
:105C4000A0B1B0F5001F0FD115E0EA6DD8F8001033
:105C500021F4E0711143C8F80010E3E7B0F5C00F7C
:105C600013D0B0F5000F10D001240FE0386840F4D5
:105C70000030386009E00198002103F0BDFF03E027
:105C80000098002104F048F804467CB12646288894
:105C9000C04300052DD4D5F8AC00B0F1007F21D071
:105CA0000EDCA8B1B0F1807F10D116E0D5F8A820A5
:105CB000D9F8001021F460011143C9F80010E6E79B
:105CC000B0F1407F13D0B0F1806F10D001240FE00D
:105CD000386840F40030386009E00198002103F092
:105CE0008BFF03E00098002104F016F8044674B11D
:105CF00026462868C04380011FD4E86CD8B110281C
:105D00000FD0202812D0302815D0012414E0D5F867
:105D1000AC20D9F8001021F0E0611143C9F800105F
:105D2000E7E7386840F40030386004E00198022169
:105D300003F062FF044674B126462888C043C004BD
:105D40002BD4286EB0F5005F20D00DDCA0B1B0F5EB
:105D5000805F0FD115E06B48EA6C2030016821F0BC
:105D6000300111430160E8E7B0F5405F13D0B0F5B2
:105D7000804F10D001240FE0386840F400303860C4
:105D800009E00198002103F037FF03E000980021AB
:105D900003F0C2FF04468CB126462888C043800425
:105DA00029D4686EB0F5403F23D010DC08B3B0F5BD
:105DB000803F14D0B0F5003F0FD115E02A6ED8F81F
:105DC000001021F4E0411143C8F80010E5E7B0F5F8
:105DD000802F0ED0B0F5A02F0BD001240AE001983F
:105DE000012103F009FF03E00098012103F094FF73
:105DF000044694B126462888C04340042AD4D5F8E6
:105E0000B000B0F1405F23D010DC08B3B0F1805F88
:105E100014D0B0F1005F0FD115E06A6ED8F8001011
:105E200021F4E0211143C8F80010E4E7B0F1804FFD
:105E30000ED0B0F1A04F0BD001240AE0019801214F
:105E400003F0DAFE03E00098012103F065FF044649
:105E500074B126462888C04300041FD4286FD8B1E7
:105E6000B0F1805F0ED0B0F1005F10D0012414E0DB
:105E7000D5F8B020D9F8001021F0E0411143C9F85D
:105E80000010E7E7386840F40030386004E001981B
:105E9000012103F0B1FE044674B126462868C043D0
:105EA000C0011ED4A86CD0B101280ED0022811D098
:105EB000032814D0012413E02A6FD8F8001021F031
:105EC00040511143C8F80010E8E7386840F400304A
:105ED000386004E00198022103F08EFE0446ACB164
:105EE00026462868DFF81CB0C043ABF11C0B40020B
:105EF00052D40548016841F480710160FEF776FED6
:105F0000824611E02C44025800480258FA48AA6C14
:105F1000016821F0030111430160E2E7FEF766FE2C
:105F2000A0EB0A00642835D8F4480068C005F5D510
:105F30008CBBDFF8C4A3B5F8B4100AF1240ADAF870
:105F4000000001F4407100F44070884211D0DAF88A
:105F50000010DAF8002021F4407142F48032CAF8CF
:105F60000020DAF8002022F48032CAF80020CAF8B3
:105F70000010D5F8B400B0F5807F1AD1FEF736FED8
:105F8000029012E0FEF732FE0299411A41F2883087
:105F900081420AD9032426462878DFF85CA3C0434F
:105FA0000AF1080AC00721D03CE0DAF800008007B7
:105FB000E8D5D5F8B410C1F30120032858460DD018
:105FC000016821F47C510160B5F8B420DAF80010C2
:105FD000C2F30B021143CAF80010DDE7C84A036898
:105FE00002EA111223F47C511143ECE7E86F182800
:105FF00016D005DCA0B1082808D0102804D10AE08A
:1060000020280DD028280BD001240AE00198012176
:1060100003F0F2FD03E00098012103F07DFE044649
:1060200064B126462878C04380071ED4A86F06288E
:1060300019D2DFE800F0160C11161616EA6FDAF81E
:10604000001021F038011143CAF80010EAE7019866
:10605000012103F0D1FD03E00098012103F05CFE73
:1060600004467CB100E0012426462878C04340075E
:106070001FD4D5F89400062819D2DFE800F0160CDA
:1060800011161616AA6FDAF8001021F00701114355
:10609000CAF80010E9E70198012103F0ADFD03E023
:1060A0000098012103F038FE0446A4B100E0012469
:1060B00026462878C04380062BD4D5F89000B0F14E
:1060C000405F24D011DC10B3B0F1805F15D0B0F187
:1060D000005F10D116E0D5F89420D9F8001021F017
:1060E00007011143C9F80010E3E7B0F1804F0ED06B
:1060F000B0F1A04F0BD001240AE00198002103F079
:106100007BFD03E00098022103F006FE044694B1F3
:1061100026462878C04340062BD4D5F89C00B0F51D
:10612000406F24D011DC10B3B0F5806F15D0B0F5FE
:10613000006F10D116E0D5F89020DAF8001021F0A9
:10614000E0411143CAF80010E3E7B0F5805F0ED0DC
:10615000B0F5A05F0BD001240AE00198002103F004
:106160004BFD03E00098022103F0D6FD044694B1F4
:1061700026462878C04300062BD4D5F8A000B0F5F9
:10618000C04F24D011DC10B3B0F5005F15D0B0F5CE
:10619000804F10D116E0D5F89C20D9F8001021F4DA
:1061A000E0511143C9F80010E3E7B0F5004F0ED0FD
:1061B000B0F5204F0BD001240AE00198002103F034
:1061C0001BFD03E00098022103F0A6FD044654B134
:1061D00026462878C04300071ED4D5F88400B0F5C1
:1061E000805F0AD00FE0D5F8A020D9F8001021F484
:1061F00060411143C9F80010EBE70098022103F059
:106200008BFD00B10126D5F88420DAF8001021F4C6
:1062100040511143CAF800102878C043C00613D477
:10622000D5F89800B0F5807F05D10098022103F0E1
:1062300073FD00B10126D5F89820D9F8001021F49B
:1062400040711143C9F800102868C043000316D4F8
:10625000D5F8A40038B1B0F5803F09D0B0F5003FC3
:106260000BD001240AE00198002103F0C5FC03E0F3
:106270000098022103F050FD04468CB126462868A0
:10628000C043400322D4D5F88800B0F5801F11D058
:10629000B0F5001F13D0B0F5401F15D0012414E055
:1062A000D5F8A420D9F8001021F440311143C9F8E1
:1062B0000010E4E7386840F40030386004E00098EB
:1062C000012103F029FD04465CB126462868C0433D
:1062D000C00323D4286DA8B1B0F5803F17D00124A6
:1062E0001BE0D5F88820DAF8001021F440111143A2
:1062F000CAF80010EAE700004C440258004802586F
:10630000CFFFFF00386840F40030386004E00198A7
:10631000022103F071FC0446E4B126462868C0431C
:10632000800005D40098022103F0F6FC00B101269C
:106330002868C04380031BD4D5F88000B0B1B0F505
:10634000807F0FD0B0F5007F10D0B0F5407F0DD02A
:1063500001240CE05A482A6D016821F48031114370
:106360000160DBE7386840F400303860ECB3264663
:106370002868C043C00207D46A6FD8F8001021F023
:1063800000411143C8F800102868C043C00008D479
:10639000D5F8B820DBF8001021F480411143CBF888
:1063A00000102868C043800207D4EA6ED8F80010B5
:1063B00021F080711143C8F800102868C0434000E4
:1063C0000CD4DBF8001021F40041CBF80010DBF80E
:1063D0000010D5F8BC201143CBF800102868C0434A
:1063E00008D437486A6D016800E018E021F0405198
:1063F000114301602868C043000208D4D5F88C20FE
:10640000DAF8001021F440011143CAF8001028798D
:106410000024C04300F0010020430AD00FE0D5F86B
:106420008020DAF8001021F440711143CAF80010FE
:106430009EE70198002103F0DFFB00B106462879B2
:10644000C04300F00200204305D10198012103F070
:10645000D3FB00B106462879C04300F00400204376
:1064600005D10198022103F0C7FB00B10646287947
:10647000C04300F00800204305D10098002103F03C
:106480004BFC00B106462879C04300F010002043C1
:1064900005D10098012103F03FFC00B106462879A0
:1064A000C04300F02000044304D10098022103F00F
:1064B00033FC00B916B10120BDE8FE8F0020FBE7D8
:1064C0004C4402582DE9F05F04000F467ED0DFF8FF
:1064D0003882D8F8000000F00F00B8420CD2D8F88B
:1064E000001021F00F013943C8F80010D8F800005F
:1064F00000F00F00B84269D12078844D40070AD5DA
:106500002069296801F07001884204D9296821F0C6
:1065100070010143296020787C4E361D00070AD5A2
:106520006069316801F07001884204D9316821F056
:106530007001014331602078C0060AD5A069316836
:1065400001F4E061884204D9316821F4E06101433B
:1065500031602078DFF8B4B180060BF1080B0CD560
:10656000E1695846DBF8002002F07002914204D93C
:10657000026822F070020A430260207880070AD580
:10658000E068296801F00F01884204D9296821F0E8
:106590000F01014329602078C0073ED05B49A26803
:1065A0002868183920F47060104328606068022859
:1065B00018D0032819D00968012819D049070029E3
:1065C0004ADADFF848A1AAF1080A00E044E0DAF864
:1065D000002022F007020243CAF80020FEF706FB63
:1065E000814612E009688903E9E709688901E6E75D
:1065F000C905E4E7FEF7FAFAA0EB090141F2883099
:10660000814202D90320BDE8F09F6168DAF80000FA
:1066100000F03800B0EBC10FECD1207880070AD52C
:10662000E068296801F00F01884204D2296821F04E
:106630000F0101432960D8F80010404601F00F0116
:10664000B9420BD9016821F00F013943016000689C
:1066500000F00F00B84201D00120D4E720784007B5
:106660000AD52069296801F07001884204D229689E
:1066700021F0700101432960207800070AD5606984
:10668000316801F07001884204D2316821F0700154
:10669000014331602078C0060AD5A069316801F451
:1066A000E061884204D2316821F4E0610143316045
:1066B000207880060CD5E1695846DBF8002002F00E
:1066C0007002914204D2026822F070020A43026012
:1066D00000F09AF80E492A682B68C2F3032203F0EF
:1066E0000F038A5CC95C02F01F0201F01F01D04059
:1066F000084A20FA01F1116007490860074800685C
:10670000BDE8F05FFEF78ABD002000521844025831
:10671000B4090908D0000024CC000024C4000024DF
:1067200070B5144C3F220260124A24680832131DCF
:10673000114D04F00704446016681C1D06F47066D1
:106740008660166806F00F06C660126802F07002D6
:1067500002611A6802F0700242611A6802F4E06293
:106760008261226802F07002C261286800F00F00A6
:10677000086070BD104402580020005230B500F08F
:1067800043F80B4A0B490C4B15681468C5F30322F8
:1067900004F00F048A5C095D02F01F0201F01F0182
:1067A000D040064A20FA01F119601060084630BD59
:1067B00018440258B4090908D0000024CC00002471
:1067C00000B5FFF7DBFF05490968054AC1F302116F
:1067D000515C01F01F01C84000BD00001C4402587C
:1067E000B409090800B5FFF7C9FF05490968054A5A
:1067F000C1F30221515C01F01F01C84000BD00003F
:106800001C440258B4090908454970B5454809684F
:10681000434B103B11F0380208D00111082A03D075
:10682000102A0BD0182A0BD0084670BD19688906AB
:10683000FBD51968C1F3C101C84070BD3A4870BDAD
:106840003749374D18310C1D24350A680968266808
:106850002D6802F0030406F00102C1F30511C5F32F
:10686000CC0515FB02F200EE102AB8EE400AE9B39F
:106870002F4ADFED2E0AB7EE001A6CB1DFED2D1AAC
:10688000012C01D0022C43D002EE101A1068F8EE51
:10689000422A81EEA22A1EE01C68A40611D51B68BC
:1068A00001EE901A1168C3F3C103F8EE612AD840D3
:1068B00001EE900AC1F30800F8EE611A81EEA22AF7
:1068C0000BE001EE901ADFED1C2A00BFF8EE611A12
:1068D000106882EEA12AC0F3080001EE900AF8EEDB
:1068E000611A40EE201A31EE810A00E015E022EE36
:1068F000000A1068C0F34620401C00EE900AF8EE33
:10690000600A80EE201ABCEEC10A10EE100A70BDBB
:1069100001EE901ADFED092AD8E7002070BD0000D3
:10692000104402580090D00340787D0100000039E7
:10693000304402580024744A0024744C20BCBE4BDE
:106940002DE9F05F04007DD0FF4F2078FE4D183711
:10695000DFF8F493103DC00748D0D9F8000039683B
:1069600000F03800102815D0182803D101F00300DA
:1069700002280FD06068B0F5803F12D010B1B0F59A
:10698000A02F18D0286820F480302860286820F4D0
:10699000802009E02868800328D560680028D2D0CC
:1069A00024E0286840F480302860606888B1FEF7F1
:1069B0001DF9064609E0286840F480202860F0E7C9
:1069C000FEF714F9801B64286FD828688003F7D578
:1069D0000CE0FEF70BF9064605E000BFFEF706F9EE
:1069E000801B6428F0D828688003F7D4207841F20F
:1069F0000308D54E0C3E800769D5D9F800003968E8
:106A000010F038000ED0182801D188070AD0E068AD
:106A100090B3296821F0190101432960FEF7E6F8D7
:106A2000824631E02868400702D5E06800288AD015
:106A3000E168286820F0190008432860FEF7D6F8BE
:106A4000824607E0DFE000BFFEF7D0F8A0EB0A00C7
:106A50000228B9D828684007F6D500BFFEF7C0F86D
:106A600040451BD82069402812D0316821F47C3180
:106A700041EA003030602AE018E000BFFEF7B6F8C7
:106A8000A0EB0A0002289FD828684007F6D5E5E762
:106A9000306820F47C3040F40030EBE7207C316833
:106AA00021F0FE4141EA0060E4E70DE1286820F0B2
:106AB00001002860FEF79AF8824605E0FEF796F896
:106AC000A0EB0A0002288DD828684007F6D4207869
:106AD000C0065DD5D9F80000DFF86CB2396800F067
:106AE0003800ABF1040B082810D0182803D101F0AE
:106AF000030001280AD0E0690028286838D040F057
:106B000080002860FEF772F8824623E02868C005FE
:106B100023D5E069802876D11FE0206A202821D083
:106B2000316821F0F84141EA8060306030E000BF18
:106B300094F82010DBF8002022F07C5242EA016138
:106B4000CBF8001024E000BFFEF750F8A0EB0A00DD
:106B5000022898D82868C005F6D5FEF741F84045C8
:106B6000E6D8DAE7306820F0F84040F08040DCE713
:106B700020F080002860FEF739F8064605E000BFE7
:106B8000FEF734F8801B02289DD82868C005F7D48A
:106B90002078000729D56C48616964300029804657
:106BA000016811D041F001010160FEF71FF80646AF
:106BB00005E000BFFEF71AF8801B0228C9D8D8F8F4
:106BC00000008007F6D510E021F001010160FEF71A
:106BD0000DF8064605E000BFFEF708F8801B022806
:106BE00072D8D8F800008007F6D42078800623D524
:106BF000A0690028286810D040F480502860FDF774
:106C0000F5FF064605E036E1FDF7F0FF801B0228A0
:106C10005AD828688004F7D50EE020F48050286008
:106C2000FDF7E4FF064604E0FDF7E0FF801B0228C5
:106C30004AD828688004F7D4207840074FD5DFF879
:106C40000C81D8F8001041F48071C8F80010FDF7ED
:106C5000CDFF064605E000BFFDF7C8FF801B642896
:106C600032D8D8F80000C005F6D5374EA068603697
:106C700001280AD008B1052813D0306820F001009F
:106C80003060306820F0040002E0306840F001001D
:106C90003060A06841F2883A90B1FDF7A7FF8046C6
:106CA0000AE0306840F004003060EEE7FDF79EFF38
:106CB000A0EB0801514507D830688007F6D50EE0F3
:106CC000FDF794FF804607E084E000BFFDF78EFFEC
:106CD000A0EB080151457DD830688007F6D4606A82
:106CE000B0B3DFF86480D9F8001008F120084FF63F
:106CF000F87B08F10409C1F3C2010329A8F1040AD1
:106D000069D00228286820F08070286003D0FDF741
:106D10006DFF044684E0FDF769FF064605E000BF0D
:106D2000FDF764FF801B022877D828688001F7D41C
:106D3000E26A40F2F331386854F8283F884340EA69
:106D400002101843386004E010440258004802580A
:106D5000B5E0217B434622894FF4FE0C208A4FF098
:106D6000FE474902267D521E401EA1F50071C2F366
:106D700008088AB2761E0CEA004042EA0802024382
:106D8000504607EA06610A431A60DAF8002022F04A
:106D90000102CAF80020D9F80020266A22EA0B0274
:106DA00042EAC602C9F80020DAF80010A26921F010
:106DB0000C011143CAF800100168E26921F00201D8
:106DC00011430160016841F480310160016841F4C0
:106DD000003101E021E027E00160016841F48021F9
:106DE0000160016841F001010160286840F0807095
:106DF0002860FDF7FBFE044605E000BFFDF7F6FE48
:106E0000001B022809D828688001F7D557E000BF89
:106E1000FDF7ECFE001B022802D90320BDE8F09F1D
:106E200028688001F4D44AE039680128D8F80000C5
:106E300021D0A26A01F0030393421CD1E26AC1F39C
:106E400005118A4217D1216BC0F30802491E8A42FC
:106E500011D1616BC0F34622491E91420BD1A16B47
:106E6000C0F30642491E914205D1E16BC0F30660B2
:106E7000491E814201D00120D0E7A16C4E46D9F8CD
:106E80000000C0F3CC00814219D0DAF8000055466A
:106E900020F00100CAF80000FDF7A8FE4FEA000745
:106EA000FDF7A4FEB842FBD0A26C306820EA0B00CC
:106EB00040EAC2003060286840F0010028600020ED
:106EC000ACE700002DE9F047040029D0594A4FF003
:106ED00000092068584B594D9042C4F8289006D0BC
:106EE000984204D0A84202D0E1680F2918D8E1687E
:106EF0004FF0010AE76B0831C9080AEB57167143D6
:106F0000904205D0984203D0A84201D0082907D862
:106F1000904203D0984201D0A84204D1102902D94E
:106F20000120BDE8F08794F8810020B9204684F85C
:106F3000809000F085F8022084F8810020680168C4
:106F400021F0010101602068A1698268B1F1806FC0
:106F500002F4F81110D16268B2F5800F01D01AB1B5
:106F60000AE0A26B22B107E0A26BB2F1805F03D10D
:106F7000026842F4805202606068400209D5E0680D
:106F8000072806D32068236D026822F480721A4312
:106F900003E02068026822F480720260A66AE06959
:106FA000E26B25683043E3680A4310431843A86046
:106FB000D4E90D02D4E90581636A25691843D4F840
:106FC00020C00A43266810432843A56DD4E9017206
:106FD000D4E9123140EA080040EA0C003843084383
:106FE000104318432843F060606868B920688168DE
:106FF00021F4C05141F4006181602068816821F46E
:10700000C06141F4806181602068016D21F001015F
:1070100001656068400206D52068626DC16821F094
:1070200000411143C160C4F8849084F881A000201D
:1070300077E700000030014000380040003C00408D
:10704000F0B5B7B00446142130A8F9F7EFF9C02124
:107050006846F9F7EBF92D490226206805272A4DE5
:107060000024884224D1811418940020CDE9001016
:107070006846FEF751FD08B1FAF7C6F92248083014
:10708000016841F480410160006800F4804035905F
:10709000286840F002002860286830A900F002004B
:1070A00035904FF4204030901948CDE9316425E007
:1070B0001849884226D1411419940020CDE90010C6
:1070C0006846FEF729FD08B1FAF79EF90E48103020
:1070D000016841F400510160006800F400503590EF
:1070E000286840F010002860286830A900F01000DF
:1070F0003590642030900848CDE93164CDE93347BC
:10710000FDF74EFC37B0F0BDE044025800380040B7
:107110000004025800340140001002582DE9F84FD5
:10712000044600689946174600F1200B8A46FDF791
:107130005DFD064694F88100012839D1BAF1000FAF
:107140007ED0002FFCD094F88000012830D0A268B7
:1071500000254FF0010884F88080032184F8811015
:10716000C4F88450C4F85CA06566A4F868506567EC
:1071700025672C34B2F5C02FA786E786E58754F83B
:107180002C0D18D0C16821F4C02141F40031C16038
:10719000206841686FF30F0139434160206801683E
:1071A00041F0010101606068B0F5800F08D00CE08B
:1071B0000220BDE8F88F016841F400610160E7E753
:1071C0002068016841F400710160E0680F281CD854
:1071D00020E02068416989070BD5E16D09680162EB
:1071E000E06D001DE065B4F86200401EA4F8620086
:1071F0000BE0FDF7FBFC811B494503D3B9F1FF3FD1
:1072000003D09DE0B9F1000F32D0B4F8620000283D
:10721000DFD179E007282FD872E02068416989071B
:107220001ED5B4F8621001290DD9E16B59B1E16D99
:1072300009680162E06D001DE065B4F8620000E0DD
:107240007CE0801E09E0E06D0188ABF80010E06D85
:10725000801CE065B4F86200401EA4F862000BE0F8
:10726000FDF7C4FC811B494503D3B9F1FF3F03D0AF
:1072700066E0B9F1000F63D0B4F862000028CCD109
:1072800042E02068416989072ED5B4F862100329CD
:107290000CD9E16B402909D9E16D09680162E06D03
:1072A000001DE065B4F86200001F1AE0B4F8621037
:1072B00001290CD9E16B51B1E06D0188ABF80010E8
:1072C000E06D801CE065B4F86200801E09E0E16DAD
:1072D000097880F82010E06D401CE065B4F8620089
:1072E000401EA4F862000BE0FDF780FC811B4945BD
:1072F00003D3B9F1FF3F03D022E0B9F1000F1FD053
:10730000B4F862000028BCD100224B460821204678
:10731000009603F037F828B1D4F8840040F020003C
:10732000C4F88400204602F0CFFF84F88180D4F8AE
:10733000840084F8805000283FF43BAF012038E7F8
:10734000204602F0C1FFD4F8841084F8805041F444
:107350008071C4F8841084F88180032029E700003C
:107360002DE9FF4F0446C06B17461D4683B0420906
:107370002068521C00F1200130301FFA82FBCDE959
:107380000001FDF733FC824694F881002E46012867
:1073900035D1049800287CD0002FFCD0002DFAD0E5
:1073A00094F8800001282AD04FF0010984F88090D9
:1073B00005224FF0000884F88120C4F884806766B5
:1073C000A4F86A50A4F868500499E165A4F86250E2
:1073D000A4F86050C4F87080C4F874802068C16854
:1073E00021F4C021C160AD492068884205D0AC4974
:1073F000884202D0AB49884205D1102704E0022020
:1074000007B0BDE8F08F082741686FF30F012943EB
:1074100041602068016841F0010101606068B0F5D9
:10742000800F04D12068016841F400710160E068B8
:107430000F284CD9BF0838E020684169890710D56A
:107440007EB1F119A9420CD9E16D09680162E06DC4
:10745000001DE065B4F86200401EA4F86200B4F8B4
:1074600062602068416905B34269D20703D15D4576
:1074700010D209040ED5006B616E0860606E001DAD
:107480006066B4F86A00401EA4F86A00B4F86A5056
:107490000BE0F0E0FDF7AAFBA0EB0A011098814297
:1074A00002D3401C01D004E018B156EA0500C3D154
:1074B000C8E0204602F008FFD4F8840084F88080F9
:1074C00040F48070C4F8840084F88190E2E00728DA
:1074D0007BD97F084EE020684069800711D586B1CE
:1074E000F019A8420DD9E06D018801980180E06D86
:1074F000801CE065B4F86200401EA4F86200B4F895
:107500006260216848692DB34969C9070AD00098AB
:107510000088616E0880606E801C6066B4F86A0046
:10752000401E13E05D4516D2010414D50098008872
:10753000616E0880606E801C606600990988018019
:10754000606E801C6066B4F86A00801EA4F86A0051
:10755000B4F86A500EE0012D01D18004D7D4FDF7B4
:1075600045FBA0EB0A011098814202D3401C01D0D8
:1075700083E058B356EA0500ADD163E02068416965
:10758000890711D586B1F119A9420DD9E16D0978A4
:1075900080F82010E06D401CE065B4F86200401EE9
:1075A000A4F86200B4F86260206841696DB1426974
:1075B000D2070CD090F83000616E0870606E401CED
:1075C0006066B4F86A00401E24E038E055E05D458E
:1075D00025D20A0423D590F83000616E0870606EE1
:1075E000401C6066216891F830100170606E401C8C
:1075F0006066216891F830100170606E401C606612
:10760000216891F830100170606E401C6066B4F81B
:107610006A00001FA4F86A00B4F86A500FE0042D55
:1076200002D211F4C04FC5D1FDF7E0FAA0EB0A0178
:107630001098814202D3401C01D01EE0E8B156EA06
:1076400005009BD1109B002208212046CDF800A008
:1076500002F098FE28B1D4F8840040F02000C4F86D
:107660008400204602F030FE84F88190D4F8841023
:1076700084F8808081B10120C2E6204602F024FE19
:10768000D4F8842084F8808042F48072C4F8842086
:1076900084F881900320B3E60020B1E60030014079
:1076A00000380040003C0040024A136883430B430B
:1076B000136070470404005870477047704700001B
:1076C0002DE9F04390F83C20012A42D0012280F8B5
:1076D0003C2051F80C4BDFF880804FF0000991E816
:1076E000680051E9022723F44073B1F80CC03B4312
:1076F000CF6923F480631343026823F400632343B8
:1077000023F4805343EA050323F4005343EA0603BA
:1077100023F4804343EA07030C3923F470234245E2
:1077200043EA0C4302D00D4CA2420CD18D8C23F4C1
:107730007006D1E9073446EA055121F080711943FA
:1077400021F000732343536480F83C900020BDE88F
:10775000F0830220FBE7000000000140000401402C
:10776000F0B590F83C20012A3BD01F4E012480F850
:107770003C40022280F83D2002681C4D5368B24212
:10778000D2F808C001D0AA4203D14F6823F4700395
:107790003B430F6823F070031F4357600268B242F7
:1077A00013D0B2F1804F10D0114B9A420DD0114B33
:1077B0009A420AD0104B9A4207D0AA4205D00F4BEA
:1077C0009A4202D00E4B9A4204D189682CF0800371
:1077D00019439160002180F83D4080F83C10084634
:1077E000F0BD0220F0BD0000000001400004014097
:1077F0000004004000080040000C00400018004059
:107800000040014010B5040003D094F83D0010B1D1
:1078100007E0012010BD002084F83C00204600F065
:1078200022F8022084F83D002068211D03F0A8F909
:10783000012084F8480084F83E0084F83F0084F872
:10784000400084F8410084F8420084F8430084F842
:10785000440084F8450084F8460084F8470084F822
:107860003D00002010BD704790F83D10012901D067
:1078700001207047144B0222016880F83D20994294
:1078800014D0B1F1804F11D0104881420ED0104871
:1078900081420BD00F48814208D00F48814205D069
:1078A0000E48814202D00E48814207D188680D4AB5
:1078B0001040062806D0B0F5803F03D0086840F09D
:1078C00001000860002070470000014000040040F3
:1078D00000080040000C0040000401400018004077
:1078E000004001400700010090F83D10012901D03F
:1078F00001207047174A022180F83D100168CB68CB
:1079000043F00103CB600068904214D0B0F1804F87
:1079100011D0114988420ED0104988420BD010492D
:10792000884208D00F49884205D00F49884202D0CA
:107930000E49884207D181680D4A1140062906D0B8
:10794000B1F5803F03D0016841F0010101600020E2
:1079500070470000000001400004004000080040A3
:10796000000C0040000401400018004000400140AD
:1079700007000100016841F21113CA6822F00102F8
:10798000CA6001680A6A1A4207D10A6A9B101A4241
:1079900003D10A6822F001020A60012180F83D103B
:1079A00000207047704770472DE9F0410446006899
:1079B0000027C6680569A90713D5B10711D5FA1EB6
:1079C000026101212177206880698007204602D06A
:1079D000FFF7E9FF04E000F0D7F9204600F088FC4B
:1079E0002777680716D5700714D5226802206FF034
:1079F0000401116120772068806910F4407F2046DF
:107A000002D0FFF7D0FF04E000F0BEF9204600F0FE
:107A10006FFC2777280715D5300713D52268042077
:107A20006FF00801116120772068C0698007204647
:107A300002D0FFF7B8FF04E000F0A6F9204600F0FE
:107A400057FC2777E80616D5F00614D522680820DB
:107A50006FF01001116120772068C06910F4407F39
:107A6000204602D0FFF79FFF04E000F08DF920468A
:107A700000F03EFC2777E80708D0F00706D0216821
:107A80006FF001000861204600F054FC280601D484
:107A9000A80408D5300606D521686FF402500861A5
:107AA0002046FFF70AFEE80508D5300606D521680E
:107AB0006FF4807008612046FFF7FEFD680608D568
:107AC000700606D521686FF040000861204600F07E
:107AD00047FCA8060AD5B00608D521686FF020003B
:107AE00008612046BDE8F041FFF7E8BDBDE8F08140
:107AF00030B587B0044614216846F8F797FC224A4F
:107B00004FF00105216802242048914211D10168FB
:107B100041F010010160006800F0100005900020A5
:107B2000511500916946CDE90140CDE9030518489A
:107B300026E0B1F1804F25D1016841F002010160DA
:107B4000016801F002010591016841F00101016045
:107B500000686946029400F0010005904FF48060CF
:107B6000CDE900040B48CDE90345FCF719FF4FF4BC
:107B700000400294CDE9000407486946CDE9034579
:107B8000FCF70EFF07B030BD00000140E044025892
:107B900000100258000402580000025870B5044654
:107BA00090F83C00002501280BD0012084F83C000F
:107BB0000C2A1ED007DC82B1042A12D0082A06D172
:107BC00013E0022070BD102A17D0142A19D0012505
:107BD000002084F83C00284670BD206803F0B8F807
:107BE000F6E7206803F006F9F2E7206803F04EF9A3
:107BF000EEE7206803F096F9EAE7206803F0CEF993
:107C0000E6E7206803F004FAE2E700002DE9F0411E
:107C10000D00174604464FF0000610D0042D15D075
:107C2000082D1AD00C2D1FD0102D24D094F843000D
:107C3000022827D094F84300012826D07DE094F84C
:107C40003E0002281ED094F83E00F5E794F83F006D
:107C5000022817D094F83F00EEE794F8400002287D
:107C600010D094F84000E7E794F84100022809D0CA
:107C700094F84100E0E794F84200022802D094F81A
:107C80004200D9E70220BDE8F081A7B39BB33B498E
:107C90004FF002003A4ADFF8ECC055B1042D19D07C
:107CA000082D29D00C2D38D0102D48D084F8430051
:107CB00047E084F83E00606AC1633946606A026446
:107CC000606AC0F84CC02268606A3432FBF76CFE10
:107CD00088B939E084F83F00A06AC1633946A06AD8
:107CE0000264A06AC0F84CC02268A06A3832FBF770
:107CF0005BFE00B92DE020E084F84000E06AC1633B
:107D00003946E06A0264E06AC0F84CC02268E06A62
:107D10003C32FBF749FE80B920E084F84100206B3B
:107D2000C1633946206B0264206BC0F84CC02268E6
:107D3000206B4032FBF738FEA8B10120A3E784F89E
:107D40004200012630469EE72068C16841F4007178
:107D50000DE02068C16841F4806108E02068C168D6
:107D600041F4006103E02068C16841F48051C160C2
:107D700020680122294602F069FFE3E767AC0808A2
:107D8000C5AC0808FDAC0808134A10B501681268B4
:107D900091421CD1007F012819D1104890F8F510AC
:107DA000552914D10E4C6178890702D4A17889072E
:107DB0000DD590F8F60055280AD02078002806D175
:107DC00002F004FB207820F00C00001D207010BD94
:107DD000BDE8104002F042BB5C0E00242C060024DB
:107DE0005800002410B5040003D094F83D0010B1F1
:107DF00007E0012010BD002084F83C00204600F080
:107E000023F8022084F83D002068211D02F0B8FE0E
:107E1000012084F8480084F83E0084F83F0084F88C
:107E2000400084F8410084F8420084F8430084F85C
:107E3000440084F8450084F8460084F8470084F83C
:107E40003D00002010BD00002DE9F84F01680746F5
:107E50003A48B1F1804F11D0394A914256D1016868
:107E600041F00201016000680022052100F00200DB
:107E700000901D20FDF796FA1D2058E0016841F0A2
:107E800001010160006800262E4D4FF4806900F06A
:107E90000100009005F10C014FF040084FF4805AAA
:107EA0004FF0120C4FF4804BC5F8088081E8400E6B
:107EB000EE6128462E62244C6E62C5E9004CFBF749
:107EC00091FB08B1F9F7A0FA1E4C4FF0140C7D623B
:107ED0007834AF6304F10C001B4BC4F808801833EE
:107EE00080E8400EE661204626626662C4E9003CF6
:107EF000FBF778FB08B1F9F787FAFC62002205214D
:107F0000A7631C20FDF74EFA1C2010E00F4A914297
:107F100011D1016841F004010160006800220521CF
:107F200000F0040000901E20FDF73CFA1E20BDE882
:107F3000F84FFDF72ABABDE8F88F0000E844025870
:107F400000040040A80E0024400402400008004045
:107F500070B504464FF002024FF0000569B10429E4
:107F600016D008295BD00C2964D0102969D094F868
:107F7000430001286CD0012070BD94F83E00012818
:107F8000F9D184F83E202068C26842F0020209E07C
:107F900094F83F000128EED184F83F202068C268A1
:107FA00042F00402C2602068012202F04FFE2E4916
:107FB00020682E4A2E4B884209D0904207D0984222
:107FC00005D02C4EB04202D02B4EB04203D1466CAD
:107FD00046F4004646642068884212D0B0F1804FD3
:107FE0000FD0264988420CD02549884209D025491E
:107FF000884206D0904204D02349884201D098425A
:1080000007D18168214A1140062906D0B1F5803F89
:1080100003D0016841F001010160284670BD94F869
:1080200040000128A7D184F840202068C26842F0AF
:108030000802B7E794F8410001289CD184F8412058
:1080400008E094F84200012895D184F8422003E02A
:1080500084F843200C2901D00125DEE72068C2689E
:1080600042F010029EE700000000014000040140C1
:10807000004001400044014000480140000400402D
:1080800000080040000C00400018004007000100FC
:1080900030B50022044600680D4602F0D7FD41F2DB
:1080A0001111224B20688A1098420BD0204B984225
:1080B00008D0204B984205D01F4B984202D01F4B4E
:1080C000984209D1036A0B4206D1036A134203D1D5
:1080D000436C23F4004343642068036A0B4206D1D7
:1080E000016A114203D1016821F0010101604FF0E2
:1080F00001005DB1042D0CD0082D0DD00C2D0ED03B
:10810000102D0FD084F84300002030BD84F83E00CD
:10811000FAE784F83F00F7E784F84000F4E784F8D2
:108120004100F1E784F84200EEE700000000014062
:10813000000401400040014000440140004801406B
:1081400070B5044690F83C0000260D4601280BD07F
:10815000012084F83C000C2A4AD007DC82B1042AB2
:1081600020D0082A06D131E0022070BD102A53D059
:10817000142A63D00126002084F83C00304670BDEC
:10818000206802F0E5FD2068816941F00801816105
:108190002068816921F00401816120682A69816970
:1081A000114311E0206802F025FE2068816941F446
:1081B000006181612068816921F4806181612068AA
:1081C0002969826942EA01218161D4E7206802F0CD
:1081D0005DFE2068C16941F00801C1612068C16984
:1081E00021F00401C16120682A69C169114311E0CD
:1081F000206802F097FE2068C16941F40061C16106
:108200002068C16921F48061C16120682969C2695F
:1082100042EA0121C161AEE7206802F0BFFE20689A
:10822000416D41F0080141652068416D21F0040174
:10823000416520682A69416D114311E0206802F010
:10824000E7FE2068416D41F4006141652068416DA1
:1082500021F48061416520682969426D42EA01216B
:10826000416588E710B5040003D094F83D0010B1D3
:1082700007E0012010BD002084F83C00204600F0FB
:1082800023F8022084F83D002068211D02F078FCCC
:10829000012084F8480084F83E0084F83F0084F808
:1082A000400084F8410084F8420084F8430084F8D8
:1082B000440084F8450084F8460084F8470084F8B8
:1082C0003D00002010BD000008B500680649884246
:1082D00008D10648016841F001010160006800F022
:1082E0000100009008BD000000000140F044025869
:1082F0000C4910B5044600680968884211D1207FF6
:10830000012804D10022C1030748FCF764FC207F48
:10831000042806D10022BDE8104001020348FCF702
:108320005ABC10BDC40D00240000025800040258BD
:108330007047000010B5084904460068884201D122
:10834000FCF736FF054920680968884203D1BDE87B
:10835000104006F0F5BE10BD00100040C40D002412
:10836000704730B590F88410012918D0012280F8A8
:1083700084202421C0F888100022202401680B6882
:108380000D6823F0005325F001050D604266016879
:108390000B60C0F8884080F88420104630BD022071
:1083A00030BD10B50446D0F88C00202801D0022042
:1083B00010BD61B15AB10123E36600202067204659
:1083C00003F060FC0028F3D1E16E012901D0012007
:1083D00010BD226810211162226852E8001F41F08E
:1083E000100142E80013002BF6D110BD0F4AF0B483
:1083F00000681268904216D10D4A00200D4C4FF4CF
:10840000967509E01388AB4208D21388265C5F1C7E
:1084100017801344401C1E718842F3D301209070D2
:10842000F0BCF8F797BFF0BC7047000004120024BE
:10843000FC040024D8100024704770B5044690F85E
:10844000840001281DD0012284F884202420C4F84F
:10845000880020680568026822F001020260206836
:10846000826822F060620A438260204602F00AFEBF
:108470002268202100201560C4F8881084F8840048
:1084800070BD022070BD70B5044690F884000128CC
:108490001DD0012284F884202420C4F8880020689C
:1084A0000568026822F0010202602068826822F0FA
:1084B00060420A438260204602F0E4FD22682021E7
:1084C00000201560C4F8881084F8840070BD022074
:1084D00070BD704770470000044900680968884211
:1084E00003D102210162F8F735BF7047041200245E
:1084F0002DE9F04107680025044640F60F030226E7
:10850000F8693968BA6818420AD183067ED501F045
:10851000200302F0805C53EA0C0377D0616F7EE1A8
:10852000D44BDFF854C3134001EA0C0C53EA0C0C93
:108530006CD05FEAC07C0CD05FEAC15C09D54FF01B
:10854000010CC7F820C0D4F8907047F00107C4F8B8
:108550009070870709D5D70707D027683E62D4F8FF
:10856000906046F00406C4F8906046070AD5D60726
:1085700008D0276804263E62D4F8906046F00206D0
:10858000C4F8906006070CD501F020061E4308D001
:10859000266808233362D4F8903043F00803C4F807
:1085A000903003050BD54B0109D526684FF40063C5
:1085B0003362D4F8903043F02003C4F89030D4F8FC
:1085C0009030002B3DD0800609D501F0200002F04C
:1085D0008051084303D0616F09B120468847216864
:1085E000D4F890008968490602D410F0280F2AD0E8
:1085F000204602F0C7FE2068806840061ED520682D
:10860000083050E8001F21F0400100E021E040E880
:108610000012002AF3D1D4F8800078B1974901659F
:10862000D4F88000FAF724FB00280AD0D4F88000A0
:10863000016D00E02046BDE8F04108472046FFF705
:108640004BFFBDE8F0812046FFF746FFC4F890508D
:10865000F7E7D4F86CC02023BCF1010F7ED15FEAAC
:10866000C06C7BD55FEAC16C78D510203862206879
:108670008068400673D5D4F880208149106888420C
:1086800034D07F491831884230D07D49303188421A
:108690002CD07B494831884228D0794960318842C2
:1086A00024D077497831884220D07549903188426A
:1086B0001CD07349A831884218D07249884215D01D
:1086C00070491831884211D06E49303188420DD03E
:1086D0006C494831884209D06A496031884205D0E6
:1086E00068497831884201D06649903140684FF43A
:1086F00080770004000C40D0B4F85C1081423CD973
:10870000A4F85E00D069B8422FD0216851E8000F6C
:1087100020F4807041E80002002AF6D12068083079
:1087200050E8001F21F0010140E80012002AF5D1B5
:108730002068083050E8001F21F0400140E8001296
:10874000002AF5D1C4F88C30E566206850E8001F97
:1087500021F0100140E80012002A01E04AE019E08F
:10876000F3D1D4F88000FAF7D3F82667B4F85C00A8
:10877000B4F85E10401A81B208E0B4F85C1081428F
:108780007FF466AFD069B842FAD126672046FFF77A
:108790002DFE56E7B4F85C00B4F85E10B4F85E2025
:1087A000401A81B2002AF4D00029F2D0226852E89F
:1087B000000F20F4907042E80007002FF6D1324FEE
:1087C000206800F1080050E8002F02EA070240E8A4
:1087D000002CBCF1000FF3D1C4F88C30E56665675E
:1087E000226852E8000F20F0100042E80003002B3E
:1087F000F6D1CAE7C60209D5560207D54FF4801054
:1088000038622046BDE8F041FFF764BE06060AD58F
:1088100001F0800602F40002164304D0A16F002983
:108820007FF408AF0DE7420611D54A060FD5204662
:10883000016851E8002F22F0400241E80024002C9A
:10884000F6D1C0F88830856700F082F9F9E60202B7
:1088500006D54A0004D52046BDE8F041FFF739BEF1
:10886000C00196D5002994DA2046BDE8F041FFF713
:10887000E3BD000001000010200100043BB2080825
:108880001000024010040240FEFFFFEF10B504008C
:1088900003D0D4F8880010B107E0012010BD0020FB
:1088A00084F88400204600F027F82420C4F88800CB
:1088B0002068016821F001010160A06A10B1204622
:1088C00002F002FC204603F007F80128E6D02068F9
:1088D000416821F4904141602068816821F02A01BB
:1088E00081602068016841F0010101602046BDE817
:1088F000104002F04DBC00002DE9F041B6B0074633
:10890000142130A8F7F792FDC0216846F7F78EFDD5
:108910004A49022538680024474E4FF0070888422C
:108920005ED100201F940121CDE900106846FDF7BB
:10893000F3F808B1F8F768FD3F481030016841F0DE
:1089400010010160006800F010003590306840F0C0
:108950000100306030684FF4C061309130A900F000
:108960000100CDE931543394CDE934803448FCF72B
:1089700017F8344E292234494FF48068304686E88F
:108980001600C6E903487461B461F461346274622C
:10899000FAF728FE08B1F8F737FD2A4D2A222A49AE
:1089A00040237835C7F880601831B763284685E8DA
:1089B0001E016C61AC61EC612C626C62FAF712FE14
:1089C00008B1F8F721FDFD6700220521AF632520DE
:1089D000FCF7E8FC2520FCF7D8FC36B0BDE8F081B8
:1089E0001A498842F9D100201E940221CDE90010D5
:1089F0006846FDF791F808B1F8F706FD0E48083013
:108A0000016841F400310160006800F400303590E5
:108A1000306840F00800306030686021309130A943
:108A200000F00800CDE931543394CDE93480084892
:108A3000FBF7B6FFD1E70000E04402580010014008
:108A4000000002582C13002410040240004400408F
:108A5000000C025830B4D0F88C30202B02D0022009
:108A600030BC7047A9B1A2B10B4D00240368C466A5
:108A7000AB420BD05B681B0208D5046854E8003F8A
:108A800043F0806344E80035002DF6D130BC03F09C
:108A90004DB90120E4E70000000C005805490068CA
:108AA0000968884204D1044901220248FFF7D2BF75
:108AB0007047000098120024BC000024704700009A
:108AC00070B50446D0F88800202801D0022070BD7F
:108AD00039B332B3E06F002321652125A4F8542077
:108AE000A4F85620C4F89030C4F88850D8B115497D
:108AF000C163E16F14480864E16F1448C864E06F13
:108B0000036513462068E56F00F12802216D2846B1
:108B1000FAF74AFF38B11021C4F890102020C4F8A9
:108B20008800012070BD216840200862206808305C
:108B300050E8001F41F0800140E80012002AF5D102
:108B4000002070BD3BB308087BB308084BB208088F
:108B500070477047FEE700001E4810B51E491F4CC5
:108B6000006E884227D900EE100AFBEE0E0A201D87
:108B700030EEC00A80ED050A05F0A2FEDFED180A0E
:108B8000184980EE201A94ED000A31EE000A10EE2A
:108B9000100A84ED000A884201DDC4ED000A94ED5C
:108BA000000ABDE8104010480021BCEEC00A10EEDB
:108BB000102A01F0B1BC00220B48114601F0ACFCB8
:108BC0000648001D01F038F99FED080A84ED000AFF
:108BD00010BD00004E0700240000F0C12400002456
:108BE0000000C8420000C842780D002400000000C8
:108BF00001688A69D243920701D400228A62006820
:108C00008169C943C90703D0816941F001018161CC
:108C1000704700002DE9F0470446006800268946A9
:108C200017464FF0200835468169C90641D5102105
:108C3000C1612FE0B9F1FF3F2CD0FBF7D7FFC11B7B
:108C4000494502D8B9F1000F24D12068426894F850
:108C50004210836902F48042DB431B0415D4B2F551
:108C6000804F12D0202910D0416841F480414160EA
:108C7000FBF7BCFF074608E0FBF7B8FFC01B19284D
:108C800003D9012645F0200504E020688069C0432F
:108C90008006F1D420688069C043800602D5002E8A
:108CA000C8D003E016B92168C1F81C80012645F040
:108CB000040521688869C20505D54FF48072CA6130
:108CC00045F00105012641050AD5216880054FF4CC
:108CD000806245F00805CA614FF0010602D40AE03F
:108CE000800507D5206801264FF4007145F0020584
:108CF000C16100E08EB12046FFF77AFF20680021B5
:108D0000074F43683B404360606C2843606484F8CD
:108D1000418084F8421084F840103046BDE8F08766
:108D200000E800FE2DE9F8430446164817461E46A3
:108D3000DAB20090C3022046DDE9089800F024F87A
:108D400042464946204600F0F5F8B8B9012EFDB27A
:108D500008D02068390A816242464946204600F020
:108D6000E9F858B920688562002280214B462046E8
:108D7000CDF8008000F020F8002800D00120BDE8E8
:108D8000F88300000020008070B50068C1F309017D
:108D900041EA0241074D049C19434FF48066426842
:108DA000214306EA54532B439A4321F000410A43DE
:108DB000426070BDFF63FF032DE9F0411D46174679
:108DC0000E460446DDF8188028E042462946204633
:108DD000FFF720FF10B10120BDE8F081681C1DD015
:108DE000FBF704FFA0EB0800A84200D8B5B9206843
:108DF000806936EA00000FD00020B8420ED1626CC4
:108E0000002084F84000202142F02002626484F8AF
:108E1000411084F84200DEE70120EEE72068806917
:108E200036EA000004D00020B842CED00020D3E7BC
:108E30000120F9E72DE9F0470026914620278846D2
:108E4000044635463DE04A4641462046FFF7E2FEED
:108E500000B1012520688169C943890619D4C5B9C3
:108E600081698169C943C90612D41021C1610422F4
:108E70001949626401252068C761206842680A4078
:108E8000426084F8417084F8426084F8406000E0F9
:108E90006664FBF7ABFEA0EB0901414502D8B8F1CF
:108EA000000F0ED16DB920688069C043400708D516
:108EB000606C012584F8406040F02000606484F814
:108EC000417020688069C043400701D5002DBAD0A9
:108ED0002846BDE8F087000000E800FE70B51646A1
:108EE0000D4604461FE0324629462046FFF792FE13
:108EF00008B1012070BDFBF779FE801BA84200D8A5
:108F00008DB920688069C04380060CD5626C002052
:108F100084F84000202142F02002626484F841106D
:108F200084F84200E5E720688069C0438006DAD40F
:108F3000002070BD70B516460D46044621E032464D
:108F400029462046FFF766FE08B1012070BD681C67
:108F500017D0FBF74BFE801BA84200D88DB92068C4
:108F60008069C04380070CD5626C002084F8400003
:108F7000202142F02002626484F8411084F842000B
:108F8000E3E720688069C0438007D8D4002070BD23
:108F90000146C003C00B4FF0000005D14914A1F5F4
:108FA00080610F2900D801207047000070B5044689
:108FB00008785525AA28B1F805001AD18A78C2B9CF
:108FC0004A78022A15D1B1F8032092B190420ED00E
:108FD00000EE102AB2EE041B2046A1F80520B8EEE0
:108FE000400B80EE012BB7EEC20B00F02BFFAA2541
:108FF00011E080B10B482044407880070BD4002654
:1090000020469FED090AA1F8056000F01BFF074903
:1090100004EB84000E5429462046BDE8704000F061
:109020008BBF0000580000240000000089020024CB
:1090300000EBC000074A552300EB40000021135409
:109040001044827842F001028270A0F80510A0F866
:10905000031070472C0600248068C0F3C0007047DE
:109060008068C0F3800070478068C0F3800070475C
:10907000C06810F4406F01D0002070470120704795
:109080000C4B60B101280DD00B4B02280DD00328EA
:109090000FD10A464FF400411846FBF79CBD0A4623
:1090A0000821F9E70A461021F6E70A464FF4804105
:1090B000F2E77047001002580008025810B500246B
:1090C0000721E0B200F012F80021E0B200F00EF843
:1090D00040F002020021E0B200F03AF80721E0B2CD
:1090E00000F004F8641C042CEAD310BD3EB505461C
:1090F0000C460020012101902846FFF7C1FF002106
:109100002846FFF7BDFFC821009104F07F008DF8CD
:1091100004000648022302AA01A9FEF721F9012151
:109120002846FFF7ADFF9DF809003EBDF00C002476
:1091300070B50024054600212A46E0B200F008F888
:109140000021E0B2FFF7D2FF641C042CF3D370BD02
:10915000F8B515460C4601210646FFF791FF0021A0
:109160003046FFF78DFF44F080008DF8000007487F
:109170002C43C823694602228DF80140FDF7CEFF3B
:1091800001213046FFF77CFFF8BD0000F00C002401
:1091900030B58BB0002468461C21079408940994CC
:1091A000F7F744F92F484FF4101201212C4B0425F6
:1091B0000561C0E90032C0E902410475032241752E
:1091C0000B03856104774462C0E90A42C0E90C34AC
:1091D00080F83840C163F9F7FDF808B1F8F714F9E1
:1091E000204807A90794F8F7A9FC08B1F8F70CF98B
:1091F00006201D4940F2FF72CDE90010CDE90202C0
:1092000018486946CDE904548DF81940F8F72AFD4D
:1092100008B1F8F7F9F80C211448CDE9000111481C
:109220006946F8F71FFD08B1F8F7EEF8122110486B
:10923000CDE900010B486946F8F714FD08B1F8F7CD
:10924000E3F818210B48CDE9000106486946F8F714
:1092500009FD002801D0F8F7D7F80BB030BD0000A9
:10926000002002409C0800240000214300005247D7
:109270000040C03A0080F03E70B588B01C216846BE
:10928000F7F7D4F844480024424A042501214FF45A
:10929000101302600822C0E90134C0E90315047507
:1092A000032341750E03826104774462C0E90A43D7
:1092B000C0E90C6480F83840C163F9F78BF808B155
:1092C000F8F7A2F80620354940F2FF72CDE9001008
:1092D000CDE9020230486946CDE904548DF81940C1
:1092E000F8F7C0FC08B1F8F78FF80C212C48CDE94D
:1092F000000129486946F8F7B5FC08B1F8F784F889
:1093000012212848CDE9000123486946F8F7AAFC54
:1093100008B1F8F779F818212348CDE900011E4873
:109320006946F8F79FFC08B1F8F76EF84FF48071C2
:109330001E48CDE9000118486946F8F793FC08B1CA
:10934000F8F762F84FF483711948CDE9000112482B
:109350006946F8F787FC08B1F8F756F84FF48671BC
:109360001448CDE900010C486946F8F77BFC08B1C8
:10937000F8F74AF84FF489710F48CDE90001064823
:109380006946F8F76FFC002801D0F8F73DF808B0FF
:1093900070BD000000210240000900240000844B41
:1093A0000000B84F0800900C8000501D1000C01045
:1093B000000180210002B0252000F01470B588B0B3
:1093C0001C216846F7F732F82A480024284A01256C
:1093D00004264FF4101104C02A0380E872000474BC
:1093E00003214574466104760462C0E90941C0E97D
:1093F0000B2480F834408563001FF8F7EBFF08B1B9
:10940000F8F702F806201C4940F2FF72CDE900107F
:10941000CDE9020217486946CDE904648DF8194088
:10942000F8F720FC08B1F7F7EFFF0C211348CDE95E
:10943000000110486946F8F715FC08B1F7F7E4FF9A
:1094400012206946CDE900500A48F8F70BFC08B134
:10945000F7F7DAFF18210A48CDE900010548694607
:10946000F8F700FC002801D0F7F7CEFF08B070BD78
:1094700000600258640900240004002A0008302E0D
:1094800002003004254808B5016841F0010101607F
:10949000016801F001010091016841F002010160E1
:1094A00000680022052100F0020000900B20FBF76D
:1094B00079FF0B20FBF769FF002205210C20FBF749
:1094C00071FF0C20FBF761FF002205210D20FBF747
:1094D00069FF0D20FBF759FF002205213820FBF71B
:1094E00061FF3820FBF751FF002205213920FBF7EF
:1094F00059FF3920FBF749FF002205213A20FBF7ED
:1095000051FF3A20FBF741FF002205213B20FBF7EA
:1095100049FFBDE808403B20FBF737BFD84402585D
:109520002B480421F0B5294F002489B084600760DE
:109530001422C4601B23047402254474012684741D
:10954000C361C0E90521C0E9081200F13002C0E999
:109550000A1382E85200C0E90F45C0E91114C0E9BE
:109560001314C0E91514C0E91745C0E91941FAF709
:1095700097FE08B1F7F748FF02A901944FF49260F3
:1095800081E87000CDE90504114801A9FAF7D2FB82
:1095900008B1F7F739FF02220D4800231146009465
:1095A000FAF707FC08B1F7F72FFF0948002201215D
:1095B000FAF748FB08B1F7F727FF0548FAF7E7FF86
:1095C000002801D0F7F720FF09B0F0BD00A000404F
:1095D000300B0024094810B505F088F8084CE0600D
:1095E0000648103005F082F8044A00212061054841
:1095F0006C3A05F0B3F8206010BD000008090908B6
:109600006000002499A508082DE9F04F87B01421C7
:109610006846F6F70BFF5648016841F010010160FB
:10962000016801F010010591016841F00401016039
:10963000016801F004010591016841F080010160B9
:10964000016801F080010591016841F001010160AC
:10965000016801F001010591016841F0020101601A
:10966000016801F002010591016841F00801016003
:10967000006840F21B16DFF8FC90002200F00800A2
:10968000314605904846FBF7A6FADFF8ECA0002229
:109690004CF240115046FBF79EFADFF8E0B045F27D
:1096A0003837002239465846FBF795FA48F28008C9
:1096B000334800224146FBF78EFA0024009601252C
:1096C00069464846CDE901540394FBF769F94FF424
:1096D00041400090CDE90154694650460394FBF7A0
:1096E0005FF94FF488166946E8020294CDE9000656
:1096F0005846FBF755F900976946CDE9015458469D
:109700000394FBF74DF9CDF800806946CDE901548B
:109710001B480394FBF744F940206946CDE9000556
:10972000CDE902545046FBF73BF903206946CDE9E9
:10973000000613480294FBF733F9002205210620A6
:10974000FBF730FE0620FBF720FE00220521072054
:10975000FBF728FE0720FBF718FE00220521282032
:10976000FBF720FE2820FBF710FE07B0BDE8F08FC6
:10977000E044025800100258000802580004025841
:10978000000C02581348002110B5114C0123124A55
:109790000460C0E90121C0E9033141618161C16117
:1097A0000162FBF77FFA08B1F7F72EFE09480021A6
:1097B000FBF722FA08B1F7F727FE06480021FBF76E
:1097C00047FA002803D0BDE81040F7F71DBE10BDD2
:1097D00000540040140C0024EE3A30704FF08042E8
:1097E00015482DE9F0411311124C00211512C0E962
:1097F0000513C0E907214162072781624FF4C026A3
:10980000C1624FF0007CC0E90D21C1630164416475
:109810008164C16401654165816580E8F010FDF7F0
:1098200051FB002803D0BDE8F041F7F7EDBDBDE8DE
:10983000F081000000380040680C00242DE9F04160
:10984000164807264FF08042DFF84CC00021551122
:1098500005611311C0E90216C0E907214162171220
:1098600081629411C162C0E90D21C1630164416448
:109870008164C164016541658165C0E90543C0E952
:1098800000C7FDF71FFB002803D0BDE8F041F7F744
:10989000BBBDBDE8F081000000340140F00C0024A5
:1098A00010B596B000241C210BA8129413941494A4
:1098B000F6F7BCFD2C216846F6F7B8FD2248EF22EA
:1098C00020494FF6FF7380E81600C0E90334446175
:1098D0008461FEF7C7FC08B1F7F796FD1A4812A994
:1098E000129413941494FDF73BFF08B1F7F78CFD25
:1098F0006020CDE90B04144800220BA90D940E94AE
:109900000F9410941194FEF71BFC08B1F7F77CFD3F
:109910004FF400500094019401030294CDE90440F7
:1099200003940694CDE907410748694609940A94CF
:10993000FDF7C6FE08B1F7F767FD0348FEF7D8F854
:1099400016B010BD00000140780D002410B58AB09B
:10995000002468461C21079408940994F6F766FDD4
:109960001948611E17224FF08043C0E9024104618B
:109970008461C0E90032FEF735FA08B1F7F744FD1B
:10998000114807A907940994FDF7EAFE08B1F7F713
:109990003BFD3020049402210291CDE900040A48E5
:1099A00000226946FEF7FAF808B1F7F72DFD0648E0
:1099B00008226946FEF7F2F808B1F7F725FD0248DC
:1099C000FEF796F80AB010BDC40D002410B58AB099
:1099D000002468461C21079408940994F6F726FD94
:1099E00015484FF6FF71EF22124BC0E902410461A6
:1099F0008461C0E90032FEF7F5F908B1F7F704FD1C
:109A00000D4807A907940994FDF7AAFE08B1F7F7D6
:109A1000FBFC0220009400226946CDE90140064883
:109A20000494FEF7BBF8002801D0F7F7EDFC0AB06C
:109A300010BD000000040040100E002410B58AB0D4
:109A4000002468461C21079408940994F6F7EEFC5C
:109A500018484FF6FF71EF22154BC0E9024104612F
:109A60008461C0E90032FEF7BDF908B1F7F7CCFC1C
:109A7000104807A907940994FDF772FE08B1F7F79B
:109A8000C3FC0C480022694600940194029404949B
:109A9000FEF784F808B1F7F7B7FC064804226946D8
:109AA000FEF77CF8002801D0F7F7AEFC0AB010BD35
:109AB000000800405C0E0024194800212DE9F04107
:109AC000164A0C24C0E90541C1614FF461230162CB
:109AD0009514416256141715816280E8EC00FEF778
:109AE000D5FE08B1F7F790FC0D480021FEF7CBFC3E
:109AF00008B1F7F789FC0A480021FEF79EFC08B17F
:109B0000F7F782FC0648FEF72CFC002803D0BDE8DE
:109B1000F041F7F779BCBDE8F0810000001001408A
:109B2000041200241848002110B5164C0C224FF4E2
:109B3000E1330460C0E90131C160C0E90412816110
:109B4000C161016241628162FEF7A0FE08B1F7F7D0
:109B50005BFC0D480021FEF796FC08B1F7F754FCBA
:109B600009480021FEF769FC08B1F7F74DFC0648EB
:109B7000FEF7F7FB002803D0BDE81040F7F744BC20
:109B800010BD0000004400409812002470B501216F
:109B90000446FFF7ABFAC50120460221FFF7A6FAFB
:109BA00045EA50002146BDE8704003F007BCFEE7DF
:109BB000FEE7F0B5B1B0C0216846F6F737FC0023E8
:109BC00004240A254FF408228DE83C000220299342
:109BD000C026049002071C9220270590CDE90606B6
:109BE000CDE908736846FBF797FF002801D072B6ED
:109BF000FEE731B0F0BD00002DE9F047454D0446C9
:109C000089464FF0000A2868C04380070AD0414EB9
:109C1000283E306820F080603060FAF7E7FF0746A2
:109C2000B04608E00120BDE8F08700BFFAF7DEFF8C
:109C3000C01B022867D8D8F800000001F6D42068BD
:109C400029684FF4FE0721F47C313E0241EA0030DE
:109C50002860207AA389B4F804C040022D4D2D4914
:109C60005B1E227CACF1010C1035091DA0F50070C3
:109C700080B2521ECCF3080C07EA034340EA0C0002
:109C8000184306EA0262104328600868626920F0FF
:109C9000C000104308600A68A06922F02002024355
:109CA0000A60281D0A6822F010020A6002684FF656
:109CB000F873E4699A4342EAC40202600868B9F1A1
:109CC000000F40F010020A6011D00868B9F1010FCE
:109CD00011D040F400100860D8F80000444640F06D
:109CE0008060C8F80000FAF781FF05460DE00868BB
:109CF00040F40020EFE740F48010ECE7FAF776FF3D
:109D0000401B022801D903208DE720680001F5D50A
:109D1000504688E7284402582DE9F047454D04464F
:109D200089464FF0000A2868C04380070AD0414E98
:109D3000283E306820F080503060FAF757FF074621
:109D4000B04608E00120BDE8F08700BFFAF74EFFFB
:109D5000C01B022867D8D8F800008000F6D42088FD
:109D600029684FF4FE0721F07C713E0241EA005061
:109D70002860207AA389B4F804C040022D4D2D49F3
:109D80005B1E227CACF1010C1835091DA0F500709A
:109D900080B2521ECCF3080C07EA034340EA0C00E1
:109DA000184306EA0262104328600868626920F4DA
:109DB0004060104308600A68A06922F40072024300
:109DC0000A60281D0A6822F480720A6002684FF651
:109DD000F873E4699A4342EAC40202600868B9F180
:109DE000000F40F480720A6011D00868B9F1010FC9
:109DF00011D040F080700860D8F80000444640F070
:109E00008050C8F80000FAF7F1FE05460DE008683A
:109E100040F48000EFE740F40000ECE7FAF7E6FEDC
:109E2000401B022801D903208DE720688000F5D56A
:109E3000504688E72844025800214161C160016111
:109E40007047000000EBC0021A4902EB42021144C5
:109E5000D1F80F20D1F80B1000EE902A01EE101A65
:109E600040EE010AF5EEC00AF1EE10FA01D2DFED84
:109E7000120A9FED120AB0EE041B9FED112B20EE8B
:109E8000800A9FED113BB7EEC00A80EE014B24EE35
:109E9000020B20EE030BBCEEC00B10EE101A8AB2C0
:109EA00028B1012805D103210120F6F753BF022173
:109EB000FAE770472C0600240000000000FF7F47EF
:109EC000FA7E6ABC7493683F0000000000004940BD
:109ED000B5EEC00AF1EE10FA01D29FED110ADFEDE6
:109EE000110AB0EE042B9FED103B20EE200A9FEDEF
:109EF000101BB7EEC00A80EE024B24EE030B20EEDF
:109F0000010BBCEEC00B10EE101A8AB228B101286A
:109F100005D105210120F6F71DBF0421FAE770479E
:109F20000000000000FF7F47FA7E6ABC7493683F20
:109F300000000000000049402DE9F05F06465A4A43
:109F40005A48AA2906EB8607DFF864B102EB06043B
:109F50004FF0010A00EB47054FF000081AD069796D
:109F6000814600296AD006F0F3FAD5F80610401AA7
:109F7000C8280DD34FF001024EB34E48802100BFD8
:109F8000FAF729FE85F80580607820F002006070FD
:109F9000BDE8F09F814610F81700D8B106F0D8FA56
:109FA000D5F801104D46401AB0F5FA6FF0D34FF0D6
:109FB00000024EB13F488021FAF70DFE05F81780E8
:109FC000607840F00200E2E708215846F4E70821F3
:109FD0005846D5E74FF001028EB110215846FAF7E6
:109FE000FAFD607840F00100607056B13148802180
:109FF000FAF7ECFD40B119F8170040B118E0202144
:10A00000ECE708215846F3E709F8178010E04FF015
:10A01000010286B127488021FAF7DDFD627822F03F
:10A020000202627009F817A006F092FAC5F8010062
:10A0300085F80580ACE708215846EDE74FF00002AF
:10A04000A6B110215846FAF7C6FD607820F001004D
:10A0500060706EB117488021FAF7B8FD58B185F8E5
:10A060000580607820F00200607017E02021E9E7A9
:10A0700008215846F0E7687980B94FF0000286B1B0
:10A080000C488021FAF7A7FD617841F00201617068
:10A0900085F805A006F05CFAC5F8060009F81780F7
:10A0A00076E708215846EDE7580000249302002483
:10A0B00000040258000C025870B5104D04004FF017
:10A0C000010216D00E488021FAF785FD0D48002CBC
:10A0D0004FF000020444607820F0020060700BD062
:10A0E00010212846FAF777FD607820F001006070B3
:10A0F00070BD08212846E7E72021F2E70004025856
:10A10000000C025858000024B7EEC02A9FED1B1B1C
:10A110009FED1C3B9FED1D0B1E4A32EE412B82EE44
:10A12000034B34EE412B02EE401BB7EEC10BB5EEF4
:10A13000C00AF1EE10FA02D29FED170A05E010EE08
:10A14000101A914201DDB0EE040ADFED140AB0EE00
:10A15000041B20EE200AB7EEC00A80EE012BBCEEF5
:10A16000C20B10EE101A8AB228B1012805D10121C4
:10A170000120F6F7EFBD0021FAE770479A99999907
:10A180009999E93F00000000000042403333333327
:10A1900033331B40000020400000000000FF7F47D9
:10A1A000B5EEC00A10B5F1EE10FA02DDF0EE400A8D
:10A1B00001E0F1EE400A9FED2D1BB7EEE04AB2EE52
:10A1C0000C3BB7EE082B34EE414B84EE035B35EECF
:10A1D000413B03EE421BF7EEC10BF5EEC00AF1EE78
:10A1E00010FA01D2DFED230A9FED232AB5EEC00A53
:10A1F000B0EE041BF1EE10FA20EE820A4FF6FF716A
:10A20000B7EEC00A80EE012BBCEEC20B10EE102A96
:10A2100094B202DD22460C4600E00A4680B10128D5
:10A2200015D002281AD003281FD107210020F6F7E5
:10A2300091FD05212246BDE810400020F6F78ABDB9
:10A2400002210020F6F786FD00212246F3E70621D1
:10A250000020F6F77FFD04212246ECE703210020D1
:10A26000F6F778FD01212246E5E710BD9A99999904
:10A270009999E93F0000000000FF7F47AA290346A3
:10A2800030B40AD000220E4C4BB1012B0AD00D4C39
:10A29000022B0AD003280FD10BE00122F3E70221A1
:10A2A000204609E00121204606E04FF400712046D7
:10A2B00002E04FF48071204630BCFAF78CBC0000FD
:10A2C000001002580004025810B5026840F26F33C3
:10A2D0005169946944F0080494610268946944F0F7
:10A2E000100494610268146824F001041460026888
:10A2F00014699C4314610268936823F4404393609B
:10A3000090F88120042A0CD08A060AD5D0F884203F
:10A3100042F08002C0F884200268936943F0200371
:10A32000936190F88120032A0CD04A060AD5D0F810
:10A33000842042F00402C0F884200268936943F04C
:10A34000400393618A050AD5D0F8842042F00102C7
:10A35000C0F884200268936943F400739361C905CF
:10A360000AD5D0F8841041F00801C0F884100168C3
:10A370008A6942F480728A610021A0F86210A0F814
:10A380006A1010BD2DE9F0411C4616460D460746E1
:10A39000DDF818800AE000BFFAF728FCA0EB0800FF
:10A3A000A04202D3601C01D00BE054B13868406970
:10A3B00035EA000007D00020B042EDD00020BDE813
:10A3C000F0810320FBE70120F6E70000154800219B
:10A3D00010B5FDF75DFE13480821FDF759FE114841
:10A3E000FDF7C8FA0F4900209FED0F1B0A68506265
:10A3F0000F480A68B0F8F70000EE100AB8EE400BFC
:10A4000081EE002BBCEEC20B10EE100A401ED06293
:10A41000C860F6F7A3FB00F00DF8BDE81040014856
:10A42000FDF762BAC40D002400000000D0126341A1
:10A430002C060024074A02230748002110B5FDF727
:10A44000E5FB044A0223BDE8104008320248082117
:10A45000FDF7DCBBAC000024C40D00242DE9F04165
:10A46000284D2878002846D1274C0021274AA2F5FC
:10A47000EA702388FDF7CAFBDFF89480254E234F4E
:10A4800098F8F200AA2810D030680022082100F0C5
:10A49000DDFB2088326807EB800050F8041C633134
:10A4A000D16250F8040C633018E0184A0821638820
:10A4B00018486032FDF7AAFB21886288134807EB31
:10A4C0008101603000EB820051F8041C50F8040C4C
:10A4D000814200D9084631686330C862F0600D4897
:10A4E000FDF702FA98F8F5005528287805D020F0F5
:10A4F000300010302870BDE8F08120F00300401CCF
:10A50000F8E7000058000024A8000024980F002459
:10A510002C060024C40D002410B5C3686424006810
:10A5200003F1010303FB02F3B3FBF4F249B1042985
:10A5300009D0082909D00C2909D0102909D0C265F1
:10A5400010BD426310BD826310BDC26310BD0264C2
:10A5500010BD826510BD0000044A0021044810B5FA
:10A5600004F0FCF80349886010BD0000E408090805
:10A570004DA6080860000024044A0021044810B5D4
:10A5800004F0ECF80349486010BD0000C008090859
:10A59000C1A508086000002403F0B2FF00F05EF8D7
:10A5A000C120FEF7C5FDFEF789FD02F0D5FD05F0DF
:10A5B0008BF9F6F7CFFEFFF7CFFF04F0CBF80000E2
:10A5C000204A8AB0204C022602F11000099004F1C2
:10A5D000360008905E300490793802F11C09009032
:10A5E00004F1650A02F1280802F1340502F10807B6
:10A5F00004F1C30B03F0FAFC0020DDE9081200F0BF
:10A600005DF901204A46514600F058F904990220AC
:10A61000424600F053F903202A46594600F04EF90D
:10A6200066700020074A08492677FEF7BFFC0099AC
:10A6300001203A46FEF7BAFCFEF78EFA012004F03C
:10A6400019F8D7E74E0700242C06002402F0EEFC90
:10A6500004F0CCF8012004F00DF8F7E70B491C22B8
:10A6600010B501F1E000F8F7CFF808493822383189
:10A6700001F58670F8F7C8F804491C22BDE81040BF
:10A68000A83101F58070F8F7BFB80000BC070024BE
:10A690004FF0E02010B5006905F04CFF012803D011
:10A6A000BDE8104005F038BC10BD000070B59CB08E
:10A6B0004C216846F5F7BAFE202113A8F5F7B6FE3F
:10A6C0000220FAF7A1FE214800242149026842F441
:10A6D0004042026002680A6842F001020A600968AA
:10A6E00001F001011B9101688904FCD50220009052
:10A6F000402504950121039104220B923C23CDE9CE
:10A700000904CDE90C300FAB05260E960C2183E829
:10A71000130068461294FCF713F908B172B6FEE70D
:10A7200008221A95CDE91625D30113AA3F2003214B
:10A73000CDE9185382E81300042113A8FBF7C2FEE9
:10A74000002801D072B6FEE71CB070BD1848025850
:10A750002C0400583348F0B5334A016841F47001C5
:10A760000160106800F00F00072804D2106820F084
:10A770000F00C01D10602D4900202C4C10340B68B8
:10A780002B4D43F001030B6020600B682B400B60E6
:10A79000136803F00F03072B04D9136823F00F038A
:10A7A000DB1D1360214C234A1834234B261D371D13
:10A7B00020601E4C214D28343060261D3860371D26
:10A7C00023603B1D35601C1D3A60251D2E1D186041
:10A7D000331D22602860326018600A68134B184CE1
:10A7E00022F4802260330A60186020686FF30F0043
:10A7F000B0F1005F03D213490120C1F808010B48F2
:10A80000D4300168C9040BD4026843F2D2010E4B64
:10A8100042F4805202601960016821F480510160A5
:10A82000F0BD000088ED00E0002000520044025816
:10A830007FEDF6EA80020101000202020000FF0142
:10A840000010005C0080005100400052B0F903008D
:10A85000B2EE041B00EE100A0968B0EE082BB8EE49
:10A86000C04B00EE101A84EE013BB7EEC00A33EE87
:10A87000021BB4EEC01BF1EE10FA01D201207047AA
:10A8800000207047B0F90300B2EE041B00EE100A7E
:10A890000968B0EE082BB8EEC04B00EE101A84EE3B
:10A8A000013BB7EEC00A33EE421BB4EEC01BF1EE23
:10A8B00010FA01DD01207047002070472DE9F047B4
:10A8C00092460C46054600F093F83D4B0022207856
:10A8D00005EB850503F12806552803F1140702D17D
:10A8E00072555A557A55705D30B101284FF0030802
:10A8F0000DD002285AD12FE02078AA2856D1012065
:10A90000705505F025FEA919C1F801004EE0514629
:10A910002046FFF79BFF20B951462046FFF7B2FFC4
:10A92000B8B1274849F2E031283004F00EFF03287F
:10A930003CD151462046FFF789FF0028A07802D07D
:10A9400040F0020001E040F00400A07006F805802D
:10A950002CE00220705529E051462046FFF776FF93
:10A960004EF6602958B11648494604F0EEFE032819
:10A970001CD106F80580A07840F0020015E05A5579
:10A98000A078514620F00200A0702046FFF77AFF21
:10A9900080B10B484946143004F0D7FE032805D196
:10A9A00006F80580A07840F00400A070785D607023
:10A9B000BDE8F0877A55A07820F00400F5E70000A4
:10A9C000A80200244968094A00EE101A02EB800030
:10A9D000D0ED000AB0EEC00AB4EEE00AF1EE10FAD3
:10A9E00001DB0120704700207047000008000024B0
:10A9F0002DE9F0410C46097804F10F081646AA2902
:10AA0000054601D1A07880B155212846FFF736FCD4
:10AA100000209FED4A0AC4F82B002846FFF7C0FB30
:10AA20004046BDE8F041FFF707BAAA212846FFF7E4
:10AA300025FC05F08DFD424F57F82510401AC82817
:10AA40007AD905F085FD47F82500B4F90300B2EE88
:10AA5000041B00EE100A3168B8EEC02B00EE101A8D
:10AA600082EE013BB7EEC00A33EE400BB7EEC00BEF
:10AA700010EE100AC4F82300404603F021FFDFED7A
:10AA8000310A80EE201A11EE100AB0F1804F02DD7B
:10AA9000B0EE001A06E011EE100AB0F1404F01D9F5
:10AAA000B8EE001A31462846FFF78CFF70B1D4F893
:10AAB0002B1000EE101A70EE010AB0EEC00AF0EE94
:10AAC000E00AF4EEC00AF1EE10FA2CDC54F82B0F79
:10AAD00000EE100A30EE010A10EE100A206028463F
:10AAE00003F0B0F8B7EEC01A9FED170B01F0CCFBE6
:10AAF000B7EEC00B54F82B1901EE101AF1EE400A14
:10AB0000B4EEE01AF1EE10FA02D210EE900A08E06C
:10AB100000EE901AF4EEC00AF1EE10FA03DD10EE2A
:10AB2000100AC4F82B00D4F82B0000EE100A2846B7
:10AB3000BDE8F041FFF734BBBDE8F0810000000044
:10AB4000E40200240000C8420000000000803340FE
:10AB50000148FCF729BF0000C40D00240148FCF7A0
:10AB600023BF0000100E00240148FCF71DBF0000A9
:10AB70005C0E00240148FCF717BF00001C140024E1
:10AB80002DE9F047294B4FF0804A294D0268984241
:10AB9000284E294F294C09D0504507D0A84205D04E
:10ABA000B04203D0B84201D0A04205D1D1F804C0D0
:10ABB00022F070024CEA0202DFF884C0DFF88480E1
:10ABC0009842DFF884900FD050450DD0A8420BD0AA
:10ABD000B04209D0B84207D0A04205D0604503D0AA
:10ABE000404501D0484503D1CD6822F440722A4344
:10ABF0008E684D6922F08002C6620E682A43984230
:10AC0000866207D0A04205D0604503D0404501D000
:10AC1000484501D1096901630368012143F0040338
:10AC2000036041610260BDE8F08700000000014060
:10AC30000004004000080040000C004000040140F7
:10AC400000400140004401400048014010B5046A42
:10AC5000012301F01F018B409C4304628A40016A7A
:10AC60001143016210BD10B5846B0121626A8242FA
:10AC700005D12177C069F8B984F83E101CE0A26ABA
:10AC8000824206D102222277C069A8B984F83F1017
:10AC900012E0E26A824206D104222277C06958B9E2
:10ACA00084F8401008E0226B824205D10822227706
:10ACB000C06908B984F841102046FDF719FB00204F
:10ACC000207710BD10B5846B616A814201D10120EB
:10ACD0000DE0A16A814201D1022008E0E16A8142CF
:10ACE00001D1042003E0216B814201D108202077AB
:10ACF0002046FDF71DFB0020207710BD10B5846BAA
:10AD00000121626A824203D1217784F83E1019E062
:10AD1000A26A824204D10220207784F83F1011E019
:10AD2000E26A824204D10420207784F8401009E0CE
:10AD3000226B824204D10820207784F8411001E080
:10AD400084F83D102046FCF72DFE0020207710BD32
:10AD50002DE9F04FDFF88480214EDFF88890DFF88E
:10AD600088B0026A036AB042DFF880A022F0020CC9
:10AD70001F4F23F001020262426885698B680C68EC
:10AD800005EA080525F0030543EA0C0344EA050437
:10AD900007D0484505D0584503D0504501D0B842AA
:10ADA00005D1CD6823F008031D4325F00403B0420C
:10ADB00007D0484505D0584503D0504501D0B8428A
:10ADC00005D122F44076D1E9055235432A43426049
:10ADD0008461496841630362BDE8F08F8FFFFEFF25
:10ADE00000000140000401400040014000440140D7
:10ADF00000480140F0B5DFF87CE01F4C1F4D026AAF
:10AE0000036AA04222F0200623F010030362426886
:10AE10008369D1F808C00F6803EA0E0323F4407E6B
:10AE200046EA0C134EEA072601D0A84206D1CF68A5
:10AE300023F0800343EA071323F04003A0420AD023
:10AE4000A84208D00E4CA04205D00E4CA04202D021
:10AE50000D4CA04207D1D1E9054522F4406242EAF7
:10AE6000840242EA85024260866149688163036226
:10AE7000F0BD0000FF8FFFFE000001400004014014
:10AE8000004001400044014000480140F0B5DFF8B7
:10AE90007CE01F4D1F4E026A036AA84222F400772D
:10AEA00023F4807303624368C269D1F808C002EAE0
:10AEB0000E020C6822F0030E47EA0C2244EA0E044C
:10AEC00001D0B04206D1CF6822F4006242EA0722E4
:10AED00022F48062A8420AD0B04208D00E4DA842A7
:10AEE00005D00E4DA84202D00D4DA84207D1D1E9A0
:10AEF000055623F4405343EA051343EA061343601F
:10AF0000C4614968C1630262F0BD00008FFFFEFFAB
:10AF100000000140000401400040014000440140A5
:10AF200000480140F0B5046A026A22F480520262CD
:10AF30004268C36924F40054DFF848C08E680D6885
:10AF400003EA0C03104F23F4407344EA0634B8427A
:10AF500043EA05230BD00D4DA84208D00C4DA84262
:10AF600005D00C4DA84202D00B4DA84204D14D692A
:10AF700022F4804242EA85124260C361496801645A
:10AF80000462F0BDFF8FFFFE00000140000401409D
:10AF9000004001400044014000480140F0B5164F18
:10AFA000164B026A046A984222F4003524F4803376
:10AFB00003624268436D0E890C6803EA070344EAA2
:10AFC000030445EA06430BD00D4DA84208D00D4DB1
:10AFD000A84205D00C4DA84202D00C4DA84204D185
:10AFE0004D6922F4803242EA052242604465496894
:10AFF00081650362F0BD00008FFFFEFF000001408D
:10B00000000401400040014000440140004801406C
:10B01000F0B5164F164B026A046A984224F4801366
:10B02000036222F400144268436D0E890D6803EA3E
:10B03000070344EA065443EA05230BD00D4DA8420A
:10B0400008D00D4DA84205D00C4DA84202D00C4DA1
:10B05000A84204D14D6922F4802242EA852242604E
:10B0600043654968C1650462F0BD0000FF8FFFFEC3
:10B070000000014000040140004001400044014044
:10B080000048014030B5416EB9B101680D4B03F184
:10B0900008048A688968C2F34262490F5D5C615C9A
:10B0A0002D01B5FBF1F1A0F86A10995CA25C0901D1
:10B0B000B1FBF2F1A0F8681030BD0121A0F86A10D0
:10B0C000F8E70000A409090890F82810090706D538
:10B0D0000168836B4A6822F400421A434A6090F880
:10B0E0002810C90706D00168C36A4A6822F40032F2
:10B0F0001A434A6090F82810890706D50168036B47
:10B100004A6822F480321A434A6090F828104907AE
:10B1100006D50168436B4A6822F480221A434A60CC
:10B1200090F82810C90606D50168C36B8A6822F416
:10B1300080521A438A6090F82810890606D5016863
:10B14000036C8A6822F400521A438A6090F828102F
:10B15000490611D50168436C4A6822F480121A43EB
:10B160004A60416CB1F5801F06D10168836C4A6862
:10B1700022F4C0021A434A6090F82810090606D546
:10B180000168C26C486820F4002010434860704792
:10B190002DE9F84300250446C0F89050F9F726FD44
:10B1A0008046206820266FF07E470068000713D590
:10B1B0000022434631042046009700F03FFE58B17C
:10B1C000216851E8000F20F0800041E80002002AC9
:10B1D000F6D1C4F8886021E020680068400722D5D5
:10B1E000002243464FF480012046009700F026FEDF
:10B1F000C8B1206850E8001F21F4907140E80012A7
:10B20000002AF6D12068083050E8001F21F0010123
:10B2100040E80012002AF5D1C4F88C60032084F8BD
:10B220008450BDE8F883C4F88860C4F88C60E56693
:10B230002567002084F88450F3E710B5806B002167
:10B24000A0F85E10FDF748F910BD70B5846B0025BD
:10B250002168D4F88800D4F88C608968090606D57E
:10B26000212804D1A4F85650204600F0B5F82068F3
:10B270008068400606D5222E04D1A4F85E502046F0
:10B2800000F080F8D4F8900040F01000C4F890006E
:10B290002046FDF721F970BD10B5C1690022806B11
:10B2A000B1F5807F2DD0A0F85E20036853E8001F21
:10B2B00021F4807143E80014002CF6D101680831B4
:10B2C00051E8003F23F0010341E80034002CF5D1A0
:10B2D0000168083151E8003F23F0400341E80034A1
:10B2E000002CF5D12021C0F88C10C16E012908D1A5
:10B2F000016851E8003F23F0100341E80034002CBE
:10B30000F6D10267C16E012902D0FDF7C7FB10BD5F
:10B31000B0F85C10FDF76AF810BD10B5806B012124
:10B320000167C16E012902D0FDF7C8FB10BDB0F85E
:10B330005C104908FDF75AF810BD10B5C169806B63
:10B34000B1F5807F16D00021A0F8561001680831B1
:10B3500051E8002F22F0800241E80023002BF5D1B4
:10B36000026852E8001F41F0400142E80013002B40
:10B37000F6D110BDFDF7ECFB10BD10B5806BFDF7ED
:10B38000E8FB10BD10B5026852E8001F21F490716F
:10B3900042E80013002BF6D10E4B0268083252E847
:10B3A000001F194042E80014002CF6D1C16E01299B
:10B3B00008D1026852E8001F21F0100142E8001392
:10B3C000002BF6D100212022C0F88C20C1664167F5
:10B3D00010BD0000FEFFFFEF026852E8001F21F0E1
:10B3E000C00142E80013002BF6D10168083151E892
:10B3F000002F22F4000241E80023002BF5D1202188
:10B40000C0F888107047000010B5D0F88C10B0F864
:10B4100060202229016804D0886940F00800886112
:10B4200010BD496A836D11401980816D891C816549
:10B43000B0F85E10491EA0F85E10B0F85E1000294A
:10B44000EED1016851E8002F22F4907241E8002308
:10B45000002BF6D10168083151E8002F22F00102DB
:10B4600041E80023002BF5D1184B0021026820246D
:10B47000C0F88C40416701679A420BD052681202B3
:10B4800008D5036853E8002F22F0806243E80024C7
:10B49000002CF6D1C26E012A02D0FDF7FFFA10BDD2
:10B4A000C166026852E8001F21F0100142E8001353
:10B4B000002BF6D10168CA69D243D20601D410220A
:10B4C0000A62B0F85C10FCF791FF10BD000C005848
:10B4D0002DE9F04704460068C569D0F800A0D0F80F
:10B4E0000890D4F88C10B4F86060222905D08169E6
:10B4F00041F008018161BDE8F087B4F868704FF051
:10B50000000844E02068A16D406A30400880A06DCA
:10B51000801CA065B4F85E00401EA4F85E002068A0
:10B52000C569690730D0E9070AD05FEACA5107D573
:10B5300001210162D4F8900040F00100C4F89000AD
:10B54000A8070BD55FEAC97008D0216802200862FD
:10B55000D4F8900040F00400C4F8900068070BD5C0
:10B560005FEAC97008D0216804200862D4F890000E
:10B5700040F00200C4F89000D4F8900020B12046BA
:10B58000FCF7AAFFC4F89080B4F85E0000B30FB1D6
:10B59000A806B7D4B4F85E000028ACD0B4F86810A0
:10B5A0008142A8D92068083050E8001F21F080515E
:10B5B00040E80012002AF5D12A486067216851E866
:10B5C000000F40F0200041E80002002AF6D192E787
:10B5D000216851E8000F20F4807041E80002002A41
:10B5E000F6D1214A2068083050E8001F114040E899
:10B5F0000013002BF6D11D4A202321684046C4F8D1
:10B600008C30C4F87480C4F8708091420BD04968C3
:10B61000090208D5226852E8001F21F0806142E843
:10B620000013002BF6D1E16E012903D02046FDF76F
:10B6300035FAAFE7E066216851E8000F20F010000E
:10B6400041E80002002AF6D12068C169C943C90651
:10B6500001D410210162B4F85C102046FCF7C6FE4C
:10B6600098E7000009B40808FEFFFFEF000C00583F
:10B6700010B5D0F88C10B0F860202229016804D0F1
:10B68000886940F00800886110BD496A836D1140E7
:10B690001970816D491C8165B0F85E10491EA0F8D3
:10B6A0005E10B0F85E100029EED1026852E8001F6B
:10B6B00021F4907142E80013002BF6D101680831A3
:10B6C00051E8002F22F0010241E80023002BF5D1C0
:10B6D000184B002102682024C0F88C4041670167A4
:10B6E0009A420BD05268120208D5026852E8003F15
:10B6F00023F0806342E80034002CF6D1C26E012AA8
:10B7000002D0FDF7CBF910BDC166026852E8001FF8
:10B7100021F0100142E80013002BF6D10168CA693C
:10B72000D243D20601D410220A62B0F85C10FCF7B2
:10B730005DFE10BD000C00582DE9F047044600687E
:10B74000C569D0F800A0D0F80890D4F88C10B4F8EF
:10B750006060222905D0816941F008018161BDE85E
:10B76000F087B4F868704FF0000844E02068A16DDD
:10B77000406A30400870A06D401CA065B4F85E00BF
:10B78000401EA4F85E002068C569690730D0E9074B
:10B790000AD05FEACA5107D501210162D4F89000AE
:10B7A00040F00100C4F89000A8070BD55FEAC9700B
:10B7B00008D0216802200862D4F8900040F004000C
:10B7C000C4F8900068070BD55FEAC97008D02168FB
:10B7D00004200862D4F8900040F00200C4F8900001
:10B7E000D4F8900020B12046FCF776FEC4F8908093
:10B7F000B4F85E0000B30FB1A806B7D4B4F85E0089
:10B800000028ACD0B4F868108142A8D9206808306C
:10B8100050E8001F21F0805140E80012002AF5D1C5
:10B820002A486067206850E8001F41F0200140E886
:10B830000012002AF6D192E7216851E8000F20F4A7
:10B84000807041E80002002AF6D1214A20680830C1
:10B8500050E8001F114040E80013002BF6D11D4AAC
:10B86000202321684046C4F88C30C4F87480C4F8A2
:10B87000708091420BD04968090208D5226852E8CD
:10B88000001F21F0806142E80013002BF6D1E16E29
:10B89000012903D02046FDF701F9AFE7E0662068F3
:10B8A00050E8001F21F0100140E80012002AF6D1F4
:10B8B0002068C169C943C90601D410210162B4F8E6
:10B8C0005C102046FCF792FD98E7000071B608086E
:10B8D000FEFFFFEF000C00582DE9F043044680689E
:10B8E000D84E87B0D84B2168D4E90427D4F81CC0BF
:10B8F00010430A68002547EA0C07384332400243E8
:10B900000A602068E268416821F4405111434160B7
:10B910002268A1699A4201D0206A01439768DFF842
:10B920002CC3CB4ECB4807EA0C070F439760216826
:10B93000676ACA6A22F00F023A43CA622268B242B8
:10B940000ED1006800F03800182873D047DCB8B377
:10B95000082879D010286FD178E028287ED17BE0A4
:10B96000BD498A4209D1006800F00700062875D257
:10B97000DFE800F0546A6C6E7072B8498A4209D1EF
:10B98000006800F00700062868D2DFE800F0475D95
:10B990005F616365B2498A4209D1006800F007001F
:10B9A00006285BD2DFE800F03A5052545658AD49B1
:10B9B0008A420BD1006800F0070006284ED200E052
:10B9C00010E0DFE800F02B4143454749A6498A4291
:10B9D0000AD1006800F03800182839D0B7DD2028D7
:10B9E000BBD13CE001203AE0A0498A4209D100687D
:10B9F00000F00700062831D2DFE800F01026282AE0
:10BA00002C2E9B498A420BD1006800F007000628C3
:10BA100024D2DFE800F003191B1D1F2100201EE0C7
:10BA20009A421BD18B48001D006800F007000628D1
:10BA300014D202E00CE007E010E0DFE800F00305BC
:10BA400007090B0D02200AE0042008E0082006E0A8
:10BA5000102004E0202002E0402000E08020854902
:10BA6000DFF814829A42854A4FF400434FEA2117C7
:10BA70004FF000064ED110281AD006DC022809D05B
:10BA800004280BD008287CD10DE020283ED0402887
:10BA900077D13DE0F9F7E2FC014610E06846F9F79E
:10BAA00093FD01990BE003A8F9F730FE049906E035
:10BAB0001068800605D51068C0F3C100C140002998
:10BAC00070D0606A676838F8102007EB4703B1FB55
:10BAD000F2F0834255D8B0EB073F52D80023084616
:10BAE0001946F4F759FC02467808130E120243EA8D
:10BAF000012110183A4671410023F4F74DFC604AC9
:10BB0000A0F5407191423CD821688FE03946D8E7D2
:10BB10001946D6E7D4F81CC04FF6EF799C4546D1BC
:10BB2000082819D005DC58B101280CD0042875D19B
:10BB30000DE0102815D0202835D040286ED134E0F3
:10BB4000FAF73EFE01E0FAF74DFE014610E06846C6
:10BB5000F9F73AFD01990BE003A8F9F7D7FD04992D
:10BB600006E01068800604D51068C0F3C100C1402B
:10BB7000C1B1636A606838F81330B1FBF3F1490072
:10BB800000E04BE001EB5001B1FBF0F0A0F110013F
:10BB9000494543D84FF6F0732168C0F3420218407C
:10BBA000104343E043E03946E3E71946E1E708285C
:10BBB00019D005DC58B101280CD004282ED10DE095
:10BBC000102815D020282BD0402827D12AE0FAF7BA
:10BBD000F7FD01E0FAF706FE014610E06846F9F7C6
:10BBE000F3FC01990BE003A8F9F790FD049906E036
:10BBF0001068800604D51068C0F3C100C140B1B11F
:10BC0000636A606838F81330B1FBF3F101EB50015F
:10BC1000B1FBF0F0A0F11001494505D9012506E07E
:10BC20003946EDE71946EBE7216880B2C86001208C
:10BC3000A4F86A00A4F8680028466667A66707B0FB
:10BC4000BDE8F083F369FFCF000C0058FFF4FF114B
:10BC50000010014054440258004400400048004095
:10BC6000004C0040005000400014014000780040AB
:10BC7000007C00400090D0038C0909080044025861
:10BC8000FFFC0F0070B50446D0F880000023222589
:10BC9000A165A4F85C20C4F89030C4F88C50F0B1D1
:10BCA0001F49C163D4F880101E480864D4F880107E
:10BCB0001D48C864D4F8800003651346A56D21684B
:10BCC000D4F880002A462431F7F76EFE38B11021EF
:10BCD000C4F890102020C4F88C00012070BD2069A9
:10BCE00040B1216851E8000F40F4807041E8000243
:10BCF000002AF6D12068083050E8001F41F0010109
:10BD000040E80012002AF5D12068083050E8001FF2
:10BD100041F0400140E80012002AF5D1002070BD3A
:10BD200099B208081BB308084BB2080870B58368BD
:10BD3000002481654FF48056A0F85C20B342A0F83F
:10BD40005E204FF0FF01446704D1036903BB40F25A
:10BD5000FF111DE04FF07F05C3B1B3F1805F1AD032
:10BD6000A0F860402221C0F89040C0F88C10016813
:10BD7000083151E8003F43F0010341E80034002C52
:10BD8000F5D1416EB1F1005F0CD02FE0036933B9FA
:10BD9000A0F86010E6E7016909B13F21F8E7A0F8D3
:10BDA0006050DFE7B0F8681091421FD88168B14257
:10BDB00001D10169B9B11D490269416742B1026807
:10BDC00052E8001F41F4807142E80013002BF6D1C5
:10BDD0000168083151E8002F42F0805241E8002309
:10BDE000002BF5D120E012494167F1E78168B142AB
:10BDF00001D1016969B10F49026941675AB101680E
:10BE000051E8002F42F4907241E80023002BF6D154
:10BE10000AE009494167026852E8001F41F0200129
:10BE200042E80013002BF6D1002070BD39B7080896
:10BE3000D1B4080871B6080809B408082DE9F0471C
:10BE4000994617460D460446089E4FF0000833E019
:10BE5000701C31D0F8F7CAFEA0EB0900B04218D828
:10BE6000BEB120680168490726D5802D24D0402D19
:10BE700022D0C169C94309070DD4082505622046AF
:10BE8000FFF780FAC4F89050012084F88480BDE860
:10BE9000F0870320FBE7C069C04300050CD421688C
:10BEA0004FF4006008622046FFF76CFA2021C4F8C6
:10BEB000901084F88480ECE72068C06935EA0000BF
:10BEC00004D00020B842C3D00020E0E70120F9E709
:10BED0000148FCF70DBB000004120024FEE703B488
:10BEE00001984100009850EAC12018BF04204A0D73
:10BEF00018BF40F0010040F2FF72B2EB515F08BF83
:10BF000040F00200012808BF052002B07047090771
:10BF100000284FEA116104DB00F1E02080F80014F2
:10BF2000704700F00F0000F1E02080F8141D70470A
:10BF30002DED020B9FED340BDDE90010C0F30A522A
:10BF40009FED331BA2F2FF32142A2DDA9DED002B58
:10BF50009FED2D0B002A32EE000B10DAB4EEC01B61
:10BF6000F1EE10FA49D20028BCBF4FF0004000218A
:10BF700043DB50EA010218BF274813D13DE0274BAD
:10BF8000D34000EA030C5CEA010C17D0B4EEC10BFD
:10BF9000F1EE10FA31DD002803DD4FF48011D140BD
:10BFA00008449843002128E0332A07DCA2F1140357
:10BFB0004FF0FF3C2CFA03F3194203D19DED000B27
:10BFC00002B070479DED002B30EE420BB4EEC10B7A
:10BFD000F1EE10FA11DD00280EDD142A08BF401C16
:10BFE0000AD0C2F134024FF0010C0CFA02F20A44FA
:10BFF0008A4238BF401C11469943CDE900109DED9F
:10C00000000B02B0704700009C7500883CE4377E4E
:10C0100000000000000000000000F03FFFFF0F00E4
:10C0200010B5794A2DED020B2DED088B82B00B99DE
:10C03000C80F21F00041914242D3744A8A4219D874
:10C040000A9AC1F31301114309D09DED0A0B02B006
:10C05000BDEC088B02B0BDE8104000F07DBF0028A9
:10C0600014BF9FED6B0B9DED0A0B02B0BDEC088B6E
:10C0700002B010BD9DED0A0B9FED671BB4EEC10B26
:10C08000F1EE10FA0ADD022000F0A2FF02B0BDECD2
:10C09000088B02B0BDE8104000F072BF9FED601B3E
:10C0A000B4EEC10BF1EE10FA0AD2022000F090FFBC
:10C0B00002B0BDEC088B02B0BDE8104000F06CBFD0
:10C0C000594A9FED5B9B8A4239D25B4A914213D217
:10C0D0005A49794401EBC0019DED0A1B91ED000B1B
:10C0E000574931EE408B794401EBC00191ED00AB33
:10C0F000C0F101010C1A1DE05249794401EBC00066
:10C100009DED0A1B90ED000B9FED4F2B9DED0A8BD3
:10C1100001EE020BBDEEC00B10EE104A00EE104A0D
:10C12000B8EEC00B9FED4A1B00EE418B9FED4A1B02
:10C1300020EE01AB38EE4A0B8DED0A0B15E04848B6
:10C1400088420FD99DED0A0B9FED471B30EE010B86
:10C15000B4EEC90BF1EE10FAC4BF9DED0A0B30EE40
:10C16000090B82DC9DED0A0B00244148052120EEDD
:10C1700000BBB0EE4B0B784400F0A6FE9DED0A1B11
:10C180009DED0A2B0BEE401B9FED3B0B22EE012B8E
:10C19000BCB130EE411B6FF47F70844282EE010B24
:10C1A0003AEE400B30EE480B39EE400B10EE900AA1
:10C1B0008DED000B10DB00EB045001909DED000BAA
:10C1C00053E731EE401B82EE010B9DED0A1B30EE72
:10C1D000410B39EE400B48E74FF07A5101EB045127
:10C1E000084401909DED001B9FED250B21EE008B77
:10C1F00051EC180BFFF773FE042808BF00F0CCFECB
:10C20000B0EE480B31E70000422E86400000F07F80
:10C210000000000000000000EF39FAFE422E8640C8
:10C2200051302DD5104987C0422ED63F0000000066
:10C23000000000000000F03FB2A2F03F0249000001
:10C24000FE480000CA480000FE822B654715F73FF4
:10C250000000E0FE422EE63F763C7935EF39EA3DBC
:10C260000000303E000000009C7500883CE4377EF2
:10C270007E480000000000000000000000000040B8
:10C28000000000000000700100B52DED048BB0EE41
:10C29000418BB0EE409B83B053EC182B51EC190B43
:10C2A000F4F74AF900F07040B0F1004F17D018EEE3
:10C2B000101A18EE900A8DED008B002918BF01218D
:10C2C000084320F00040C0F17F6000F1E040C00F63
:10C2D00001BFB0EE480B03B0BDEC048B00BDB0EE67
:10C2E000490B03B0BDEC048B00BD00000000000052
:10C2F00070B5DFF8DCC100222DED020B2DED108BA7
:10C30000DDE91010604505DA20F00043634501D8EF
:10C3100009D141B19DED100BBDEC108B02B0BDE811
:10C32000704000F019BEB0F5801F24DA19430BD01D
:10C33000002814DA012000F04BFEBDEC108B02B097
:10C34000BDE8704000F010BE022000F041FE00F099
:10C35000F3FDB1EE400BBDEC108B02B070BD9DED56
:10C36000100B6FF035029FED5C1B20EE010B10EE01
:10C37000900A8DED100B02EB2051A1F2FF325849CB
:10C38000C0F31300014401F4801181F07F6383F056
:10C390004053034311939DED100B02EB21549FED8D
:10C3A000521B811CC1F3130130EE418B9FED50BB3A
:10C3B0009FED51CB032931D25148784490ED000BC9
:10C3C000B4EE408BF1EE10FA0ED1002C02BFBDECA2
:10C3D000108B02B070BD00EE104AB8EEC01B21EE0B
:10C3E0000B0B01EE0C0BB6E728EE081B9FED462B5E
:10C3F0009FED470B002C08EE420B21EE000B08BF0F
:10C4000038EE400BA7D001EE104AB8EEC11B01EE8A
:10C410004C0B30EE480B11EE0B0B9CE79FED3E0BE7
:10C420003F49C0F1510638EE000B45183D4806F56E
:10C43000D726032188EE009B00EE104AB8EEC0AB71
:10C4400029EE09DB2DEE0DEBB0EE4E0B784400F03B
:10C450003BFD20EE0EFB3448B0EE4E0B0421784439
:10C4600000F032FD20EE0D0B45EA0600002830EE0C
:10C470000F1B1ADD002C9FED260B28EE000B20EE83
:10C48000080B30EE011B04BF09EE410B38EE400BE8
:10C490003FF461AF21EE091B0AEE0C1B30EE410B9D
:10C4A00030EE480B1AEE0B0B55E754B138EE410B4A
:10C4B00020EE090B0AEE4C0B30EE480B1AEE0B0B7C
:10C4C00049E738EE411BB0EE480B09EE410B42E75D
:10C4D0000000F07F0000000000000000000050435A
:10C4E000645F090000000000000000000000F03F51
:10C4F0000000E0FE422EE63F763C7935EF39EA3D1A
:10C500002247000000000000555555555555D53FB0
:10C51000000000000000E03F0000000000000040BC
:10C5200086EBF9FFD0450000D64500000000000072
:10C530002DE9F04D2DED040B2DED0A8B9AB0DDE9C0
:10C540002550279CDDF890A025F0004624F00048F7
:10C55000BAF1000F14BF0121002101EB4502F84997
:10C5600053184A1093422AD3002814BF01230023F2
:10C5700003EB44030B44F3498B4220D358EA0001F8
:10C580009FEDF19B72D0DFF8C8B35D4503D1BAF1DE
:10C59000000F05D184E0BAF1000F08BF002100D0E0
:10C5A000012101EB450111F5001F08D8002814BF37
:10C5B0000121002101EB440111F5001F0BD99DED74
:10C5C000261B9DED240B1AB0BDEC0A8B04B0BDE810
:10C5D000F04D00F0C4BC0027002DBCBFDD498845EC
:10C5E00021DADD498845A8BF02271CDAC3451ADCD9
:10C5F000DA4901EB2851142908DDC1F1340220FA8F
:10C6000002F101FA02F282420DD108E058B9C1F1FB
:10C61000140228FA02F101FA02F2424503D101F0B4
:10C620000101C1F1020756EA0A0120D1002C1EDAED
:10C63000002D18BF022F01D0012F0AD0022000F0D8
:10C64000C7FC1AB0BDEC0A8B04B0BDE8F04D00F099
:10C6500073BC022000F0BCFC00F06EFCB1EE400B9D
:10C660001AB0BDEC0A8B04B0BDE8F08D18E09FED68
:10C67000BCAB9FEDBD8B00287DD1B64880451CD159
:10C6800005F1804010F5801008BFBAF1000F07D007
:10C69000B34508DC002CA8BF9DED260BE0DA07E0CF
:10C6A000B0EE490BDCE7002CB8BF9DED260BD5DBC7
:10C6B000AF48784490ED000BD2E7D84548D1002C24
:10C6C00043DA2EB186423AD1BAF1000F3DD126E0CD
:10C6D000BAF1000F13D0022000F07AFC00F050FCF9
:10C6E0008DED020B9DED240B8DED000B10EE900AED
:10C6F000039961F31E0003909DED020BB0E78DEDF1
:10C7000002AB9DED240B1AEE901A10EE900A8DEDFF
:10C71000000B61F31E0003909DED020BA0E78DED71
:10C72000028B9DED240B18EE901A10EE900A8DED01
:10C73000000B61F31E0003909DED020B90E704DAFD
:10C740009DED241B89EE010B8AE79DED240B87E705
:10C7500086421ADAB4F1804F04BF9DED240B20EE1F
:10C76000000B3FF47DAFA4F10050B0F1FF500CD1AD
:10C77000002D0ADB00E008E09DED240B51EC100BCE
:10C7800002F0AEFF41EC100B6AE79DED240B51EC7B
:10C79000100B01F01BFABAF1000FCDE90E0140D1E8
:10C7A0009FED750B46B3A6F1E040B0F17F600ED06F
:10C7B0005E4536D1002D00DA97B3022F0CBF012061
:10C7C0004FF0FF3000EE100AB8EEC00B48E7002D26
:10C7D00001DD002C0DDA002D01DD002C1DDB002D0C
:10C7E00014DA002C12DB012F08BF9FED650B3FF41C
:10C7F00037AFB0EE4A0B33E7022F18BF002D0CD035
:10C80000012F0AD1002DFFF62BAF06E0002DB8BF97
:10C81000002C06DA012F3FF423AFB0EE480B1FE7E0
:10C8200019E0012000EBE57050EA070113D0791EF2
:10C83000B0EE498B084308BF9FED538B5448002549
:10C8400080457ADD53495448884514DDB0420DDBFC
:10C85000002C19DB2CE0012000F0BAFB1AB0BDEC73
:10C860000A8B04B0BDE8F04D00F07EBBB34502DC9E
:10C87000002C09DC1CE0864202DA002C18DA03E006
:10C880005E4528DD002C13DD022000F0A1FB00F046
:10C8900077FB8DED020B28EE0A0B8DED000B10EEF1
:10C8A000900A039961F31E0003909DED020BD7E6F9
:10C8B000022000F08DFB00F06FFB10EE901A18EED6
:10C8C000900A8DED020B8DED008B61F31E0003903D
:10C8D0009DED020BC4E69DED0E0B9FED313B30EE5E
:10C8E000490B8DED040B20EE002B9DED041B9FEDFD
:10C8F0002E0B01EE430B9DED043B9FED2D1B03EE34
:10C90000401B9DED040B9FED2E3B22EE012B9FED76
:10C910002A1B20EE011B20EE030B9FED2B3B02EEAA
:10C92000430B31EE002B8DED022B02959DED022B7A
:10C9300032EE411B30EE411B21E149E000000000D6
:10C94000FFFF1F00FFFF0F00000000000000F03F8E
:10C950000000F03F0000F07F0000404301FCFFFFBB
:10C96000000000000000F07F000000000000000058
:10C970002A440000000000000000000000000080C9
:10C98000000000000000F0FF000000000000F0BF09
:10C990000000E0410000F043FFFFEF3F0000000017
:10C9A000000000000000D03F555555555555D53F66
:10C9B000000000000000E03F000000604715F73F66
:10C9C00044DF5DF80BAE543EFE822B654715F73F02
:10C9D0000020B6F5801F0BDA9DED0E0B9FEDEC1BD2
:10C9E0006FF0340020EE010B10EE906A8DED0E0B0F
:10C9F000E94A00EB2650C6F31301A0F2FF3741F0DD
:10CA00007F6040F040509142D8BF002408DDE34AE7
:10CA10008A42C8BF012403DC0024A0F580107F1CDB
:10CA2000DF49794401EBC4010F9091ED001B9DEDAE
:10CA30000E2B9DED0E0BDB4931EE023B30EE410B30
:10CA400089EE032B20EE02AB8DED02AB794402950B
:10CA500091ED003B4FF0005141EA600000EB844053
:10CA60008DED043B00F5002005909DED043B9DED10
:10CA7000044B2AEE0ACB33EE411B9DED0E3BCA4818
:10CA8000062133EE411B9DED023B03EE440B03EE0A
:10CA9000410B20EE02BBB0EE4C0B784400F014FAD0
:10CAA0002CEE0C1B20EE010B9DED021B31EE0A1B40
:10CAB0000BEE010B9DED021B21EE011B9FEDBC2B2C
:10CAC00031EE023B33EE003B8DED043B04959DEDD2
:10CAD000043B33EE422B32EE411B30EE412B9DEDF9
:10CAE000020B9DED041B20EE011B9DED040B2BEEB4
:10CAF000000B02EE0A0B31EE002B8DED022B02959E
:10CB00009DED022B32EE411B30EE410B9DED021BE1
:10CB10009FEDA92B21EE021B9DED022B9FEDA83B63
:10CB200022EE032B9FEDA83BA94800EE032B78448F
:10CB300000EBC40090ED000BA64832EE000B02EEB5
:10CB4000107AB8EEC22B8DED042B31EE003B784409
:10CB500000EBC4009DED044B90ED002B33EE023B47
:10CB600033EE043B8DED023B02959DED023B33EE2F
:10CB7000443B33EE422B32EE411B30EE411B9DED28
:10CB8000260B954A8DED000B00959DED260B9DED36
:10CB9000002B30EE420B9DED022B20EE020B9DEDA3
:10CBA000262B02EE010B9DED001B9DED022B21EECD
:10CBB000021B8DED021B30EE011B11EE900A11EEEF
:10CBC000101A8DED001B904224DB821A11430ED106
:10CBD0009FED831B9DED002B9DED023B30EE011B75
:10CBE00032EE432BB4EEC21BF1EE10FA26DD02202A
:10CBF00000F0EEF900F0C4F910EE901A18EE900A69
:10CC00008DED020B8DED008B61F31E0003909DED09
:10CC1000020B25E5744B20F000429A420ED3734A72
:10CC2000024411437FF444AE9DED022B31EE421BD2
:10CC3000B4EEC01BF1EE10FABFF63AAE20F00041A0
:10CC40006B4A6C4B002402EB21529942D8BF9DEDF8
:10CC5000021B27DD511C4FF4801222FA01F101441E
:10CC6000654BC1F30A527B44A2F2FF3293ED001BE5
:10CC7000624B8DED041BD34021EA0303C1F3130182
:10CC800041F48011C2F1140221FA02F40593002844
:10CC9000B8BF64429DED021B9DED042B31EE421B9B
:10CCA0008DED021B30EE011B8DED041B04959DEDF7
:10CCB000041B9FED532B9DED023B21EE021B9DEDCE
:10CCC000042B32EE432B30EE420B9FED4F2B20EE28
:10CCD000020B9DED042B9FED4E3B4F48052102EECC
:10CCE000030B31EE002B8DED002B32EE411B30EEAD
:10CCF00041AB9DED000B20EE000B8DED040B784455
:10CD000000F0E2F89DED001B9DED042B02EE401BB0
:10CD10008DED021B9DED000B20EE010B9FED402BD6
:10CD200031EE422B80EE021B9DED002BB0EE4A0B44
:10CD300002EE0A0B31EE400B9DED001B30EE410B75
:10CD400039EE400B10EE900A8DED000B00EB045015
:10CD500001150029C8BF019013DC224651EC100BCD
:10CD6000F3F78EFBFFF7BBF8042808BF00F014F9B7
:10CD700022469DED000B51EC100BF3F781FBCDE942
:10CD800000019DED000B28EE000B69E4000000009F
:10CD900000000000000040438E9803007AB60B00AC
:10CDA0003240000090400000EA3F00000000000018
:10CDB0000000000000000840000000E009C7EE3F4E
:10CDC000F5015B14E02F3EBEFD033ADC09C7EE3FE0
:10CDD000463F0000163F00000000904000000000A9
:10CDE000FE822B654715973C00CC904000346F3F86
:10CDF00001FCFFFF0000E03F763E0000FFFF0F0058
:10CE000000000000432EE63FEF39FAFE422EE63FD7
:10CE1000396CA80C615C20BEB63D0000000000002B
:10CE2000000000000000004010B52DED020B84B0A2
:10CE30009DED040B51EC100BF3F73AFB41EC100B9A
:10CE40009DED041B05989FED1A2B31EE401B9FEDC5
:10CE50001A3B9FED1B4B10F0004F0AD0B4EEC41BE1
:10CE6000F1EE10FA0AD9B4EEC31BF1EE10FA0FDDA1
:10CE70000CE0B4EEC41BF1EE10FA02D230EE420B1D
:10CE800006E0B4EEC31BF1EE10FA01DB30EE020B4C
:10CE90008DED020B9DED040B8DED000B10EE900A55
:10CEA000039961F31E0003909DED020B06B010BDC7
:10CEB000000000000000F03F000000000000E03F24
:10CEC000000000000000E0BF491E00EBC102B0EE10
:10CED000401B92ED000B31F006020DD0491E00EB15
:10CEE000C102B0EE403B92ED002B31F00602B0EEF5
:10CEF000420B03EE010BF1D1022914D004290AD010
:10CF0000062918BF704790ED0A2B00EE012B90ED1B
:10CF1000080B02EE010B90ED062B00EE012B90EDBD
:10CF2000040B02EE010B90ED022B00EE012B90EDB5
:10CF3000000B02EE010B70479FED031B9FED042BCE
:10CF400081EE020B70470000000000000000F03F7F
:10CF5000000000000000000030EE000B704730EED3
:10CF6000010B7047000000009FED031B81EE010BD9
:10CF700070470000000000000000000000000000FA
:10CF80009FED030B20EE000B704700000000000037
:10CF900000000000000000709FED030B20EE000B6E
:10CFA00070470000000000000000000000000010BA
:10CFB00002E008C8121F08C1002AFAD17047704762
:10CFC000002001E001C1121F002AFBD170470000C0
:10CFD00001490860704700006C01002410B5D0F8CA
:10CFE0001330847B002B01D0C27D01E04FF007029B
:10CFF00002D023F8141002E000EB44031980837B75
:10D00000017C03F10103B3FBF2F4914202FB143300
:10D01000837302D2491C017410BDC17B491CB1FB52
:10D02000F2F302FB1311C17310BD0000484A4948D6
:10D03000F0B592F836308178AA2B6DD021F0080136
:10D04000817092F86530AA2B69D021F010018170AF
:10D0500092F89430AA2B65D021F02001817092F8CB
:10D06000C330AA2B61D021F040013A4B8170147873
:10D07000DB78AA2C5CD023F00103C370D47EAA2CE9
:10D0800059D023F00203C37092F8F240AA2C55D075
:10D0900021F08001817092F8F510AA2951D023F077
:10D0A0000401C17092F8F630AA2B4DD021F008018E
:10D0B000C17093780178547F5D0865F300016508BD
:10D0C00063F3410165F3820164F3C301017092F8D7
:10D0D0003840417892F867304FEA940C92F89650B5
:10D0E000640892F8C5206CF300019E0864F34101C6
:10D0F0005B0866F382014FEA950C63F3C3016D0888
:10D100006CF30411970865F34511520867F3861113
:10D1100062F3C7114170F0BD41F0080190E741F0A2
:10D12000100194E741F0200198E741F040019CE7AD
:10D1300043F00103A1E743F00203A4E741F08001BB
:10D14000A8E743F00401ACE741F00801B0E70000B4
:10D150002C0600245B00002470B501252DED028B08
:10D1600002F0FCF806460720F8F7FEF80620F8F76C
:10D17000FBF82820F8F7F8F8494801224021F7F792
:10D180002AFD484800222902F7F725FDF4F7B8F8F0
:10D190000020FCF791FF0120FCF78EFF00245521B1
:10D1A000E0B2FDF76BF8641C042CF8D316B1022E24
:10D1B00009D00CE0F4F740F83B480025817841F0B5
:10D1C0000101817003E0F4F737F802F005F9374CFC
:10D1D0005522002000EBC001401C01EB4101022858
:10D1E0006254F7D35FF00001C1EB011000EB411076
:10D1F000204490F83630AA2B01D080F83620491C04
:10D200000429F1D3B4F80900B2EE048B00EE100A41
:10D210000020B8EE400B80EE081BB7EEC10BFCF708
:10D2200057FEA08C00EE100A0120B8EE400B80EEF5
:10D23000081BB7EEC10BFCF74BFEB4F8070000EE7D
:10D24000100A0020B8EE400AFCF75EFF608C00EE8A
:10D25000100A0120B8EE400AFCF756FFF3F7CCFCA9
:10D26000F3F77CFC01F052FFFDF7B0F8002684F8DC
:10D270002161FDF781F90720F8F787F80620F8F714
:10D2800084F82820F8F781F80948FAF7EDFA0948F8
:10D290004670867006702846BDEC028B70BD00009B
:10D2A00000080258001002585B0000242C060024DD
:10D2B000100E002458000024F0B54C1E002314E08A
:10D2C000CE1A0022761E0CE000EB420730F8125016
:10D2D000B7F802C0654502D920F812C07D80521C03
:10D2E000D2B29642F0DC5B1CDBB2A342E8DBF0BDBD
:10D2F0002DE9F04106462DED028B047C44B1D6F8B1
:10D300001310707CB57C9FED2C8A31B1F17D05E066
:10D310000020BDEC028BBDE8F081072184428846E5
:10D3200000D30446600001F06FF900210746B07B8E
:10D3300013E040B1B0F10100D6F81320C0B22AB119
:10D3400032F8102005E0A8F10100F5E706EB4002F5
:10D3500012884B1C27F81120D9B2A142E9D32146EB
:10D360003846FFF7A9FFB4EB450F03D8384600F065
:10D3700041FCCDE76842611B04EB4000C0B209E00C
:10D3800037F815206D1CEDB200EE102AB8EE400AF9
:10D3900030EE088AA942F3DC00EE100AB8EE400A2B
:10D3A000C8EE000ABCEEE00A10EE100A84B238465D
:10D3B00000F020FC2046ACE70000000000EE100A60
:10D3C0000D48DFED0A1AB8EE400A00EB8100DFEDF0
:10D3D000080A9FED081A20EE210AD0ED001A20EE6F
:10D3E000210A70EE600A80EE810A70470000003862
:10D3F00000007A44696F7640D40000242DE9FC5F78
:10D40000CE4D0B46CE499628B2EE040A04467DD096
:10D410007DDCCA48552C00F1360600F1650077D056
:10D4200036DC392C75D020DC332C73D015DC302C55
:10D4300071D00ADC102C6FD0112C6ED0122C6DD153
:10D440001846BDE8FC5F02F0A7B8312C66D0322C3C
:10D4500064D11888A5F8F700DFE0343C052C5DD2D4
:10D46000DFE804F0D6DFE9EFEE003F2C72D007DCF6
:10D47000A4F13A04032C74D2DFE804F0E6E5E400FA
:10D48000503C052C6DD2DFE804F0F0EFEEEDEC003F
:10D49000712C7CD046DC5B2C7AD008DCA4F15604DD
:10D4A000052C5ED2DFE804F0F6F5F4F3F2005E2C12
:10D4B0006FD016DC5C2C6DD05D2C52D1086C00EE68
:10D4C000900A20EE800AB7EEC00AFFF7ADFCBDEE71
:10D4D000C00B0222694610EE100AADF80000C02011
:10D4E000DFE25F2C5FD0702C3BD1886900EE900AA0
:10D4F00020EE800AB7EEC00AFFF796FCBDEEC00B27
:10D50000022210EE100AADF8000008E0A2E02AE0C6
:10D5100042E1C0E078E073E047E34BE321E0C32061
:10D520006946BEE2772C3FD008DCA4F17204052CDA
:10D5300017D2DFE804F0EEEDECEBEA007A2C7DD0B8
:10D5400009DC782C72D0792C0BD17C490122F63180
:10D55000D12025E3CAE07B2C71D0902C01D1188812
:10D56000E883BDE8FC9FA0F19804744800F19402A0
:10D5700001922F3200927E3A00F10B0E00F1260943
:10D5800000F1130C00F12E0700F2131603E0ADE1D9
:10D590004DE185E171E100F1740B00F1A30AD23095
:10D5A0004F2CDED201E08EE174E2DFE804F07C84EF
:10D5B0009194282828282828282828282828282816
:10D5C000282828282828282828BC28FDF3F2F12814
:10D5D000F0EF282828EEEDECEBEAE9E8E7E6E5E4F1
:10D5E000E3E2E1E02828DFDEDDDCDBDAD9D8D7D6DC
:10D5F000D5D4D3D2D128D0CFCECDCCCBC600B0E7B6
:10D600001888A5F80300ACE71888A5F8F90002E02F
:10D610001888A5F8F300F3F7EFFABDE8FC5FF3F71D
:10D620009DBA1878BDE8FC5F01F0A6BF1878BDE888
:10D63000FC5F02F039B81878552806E034E237E28A
:10D640001CE013E04DE041E03DE001D0AA2888D184
:10D65000287086E71878552801D0AA2881D1E87665
:10D660007FE765E05BE055E04AE044E01878552844
:10D6700001D0AA28C7D185F8F20072E7187855289A
:10D6800001D0AA28BFD185F836006AE7A9E0A2E058
:10D6900095E091E084E01878552801D0AA28B2D10D
:10D6A00085F865005DE71878552801D0AA28AAD129
:10D6B00085F8940055E71878552801D0AA28A2D1FA
:10D6C00085F8C3004DE71946304606E0194604E0E8
:10D6D0000198194601E000981946BDE8FC5F01F089
:10D6E000F3BF1846BDE8FC5F01F0AEBF134902224C
:10D6F000F731A22054E211490222F931A3204FE26E
:10D700000E490222F331A4204AE2BDE1B6E1AFE1C5
:10D71000AAE1FEE009490122F531A52040E20222FA
:10D72000E91CA0203CE2054902221E31F02037E22C
:10D7300002490122F231A72032E282E12C060024C4
:10D740004E0700246AE156E142E12EE11AE106E1CA
:10D7500022E21DE216E212E20EE20AE203E2FFE139
:10D76000FBE1F7E1F3E1EDE1E7E1E1E1DCE1D6E165
:10D77000D0E1CCE1C8E1C4E1BDE1B9E1B5E1B1E19D
:10D78000ADE1A6E1A2E19BE197E1D5E062E03BE0FB
:10D790001BE017E00CE007E001223146A820FFE182
:10D7A00001220146A920FBE101220199F820F7E1BD
:10D7B00001220099F920F3E1AA20314607E0014651
:10D7C000AB2004E00199FA2001E00099FB20BDE8BC
:10D7D000FC5F00F041BEBDE8FC5FF849AC2000F002
:10D7E000F1BC086800EE900A20EE800AB7EEC00A8D
:10D7F000FFF71AFBBCEEC00B0222694610EE100ABE
:10D80000ADF80000AD204CE1886800EE900A20EEF3
:10D81000800AB7EEC00AFFF707FBBCEEC00B02227E
:10D82000694610EE100AADF80000FD2039E14868A5
:10D8300000EE900A20EE800AB7EEC00AFFF7F4FA75
:10D84000BCEEC00B0222694610EE100AADF80000D3
:10D85000AE2026E1C86800EE900A20EE800AB7EEFE
:10D86000C00AFFF7E1FABCEEC00B0222694610EED7
:10D87000100AADF80000EE2013E1086E00EE900AE9
:10D8800020EE800AB7EEC00AFFF7CEFABDEEC00B5D
:10D890000222694610EE100AADF80000AF2000E148
:10D8A000486C00EE900A20EE800AB7EEC00AFFF73F
:10D8B000BBFABDEEC00B0222694610EE100AADF8AD
:10D8C0000000C120EDE0086900EE900A20EE800A19
:10D8D000B7EEC00AFFF7A8FABDEEC00B02226946F8
:10D8E00010EE100AADF80000C220DAE0C86900EEC0
:10D8F000900A20EE800AB7EEC00AFFF795FABDEE57
:10D90000C00B0222694610EE100AADF80000C420D8
:10D91000C7E0486A00EE900A20EE800AB7EEC00A1F
:10D92000FFF782FABDEEC00B0222694610EE100A24
:10D93000ADF80000C520B4E0886A00EE900A20EE41
:10D94000800AB7EEC00AFFF76FFABDEEC00B0222E5
:10D95000694610EE100AADF800001220A1E0086B35
:10D9600000EE900A20EE800AB7EEC00AFFF75CFADC
:10D97000BDEEC00B0222694610EE100AADF80000A1
:10D9800013208EE0486B00EE900A20EE800AB7EE7E
:10D99000C00AFFF749FABDEEC00B0222694610EE3D
:10D9A000100AADF8000014207BE0C86B00EE900A6E
:10D9B00020EE800AB7EEC00AFFF736FABDEEC00BC4
:10D9C0000222694610EE100AADF80000152068E04A
:10D9D000486900EE900A20EE800AB7EEC00AFFF711
:10D9E00023FABDEEC00B0222694610EE100AADF814
:10D9F0000000162055E0086A00EE900A20EE800A2A
:10DA0000B7EEC00AFFF710FABDEEC00B022269465E
:10DA100010EE100AADF80000172042E0C86A00EED0
:10DA2000900A20EE800AB7EEC00AFFF7FDF9BDEEBE
:10DA3000C00B0222694610EE100AADF80000182053
:10DA40002FE0886B00EE900A20EE800AB7EEC00A45
:10DA5000FFF7EAF9BDEEC00B0222694610EE100A8C
:10DA6000ADF8000019201CE004225549C62097E0BB
:10DA7000BDE8FC5F5149C72000F0DAB9BDE8FC5FA2
:10DA80005049CF2000F0F4B891B21846BDE8FC5FD1
:10DA900001F0B2BE00F0EEFC012269468DF80000F4
:10DAA000D02000F0FDFE5CE501224449A62077E08D
:10DAB000424901221B31F62072E00020194601E0A4
:10DAC00001201946BDE8FC5F01F02EBD002019467B
:10DAD00001E001201946BDE8FC5F01F0F9BC1946E0
:10DAE00070460AE01946484607E01946604604E0D9
:10DAF0001946384601E019463046BDE8FC5F01F0A2
:10DB000053BD1946104606E01946584603E019462B
:10DB1000504600E01946BDE8FC5F01F067BD1846BD
:10DB2000BDE8FC5F01F078BC0222E91D202037E04F
:10DB3000224902222231212032E0204902220931E9
:10DB400022202DE01D4902222431232028E0242018
:10DB500071460AE02520494607E02620614604E098
:10DB60002720394601E028203146BDE8FC5F00F05F
:10DB7000A1B92920114607E02A20594604E02B20AC
:10DB8000514601E001462C20BDE8FC5F00F0DABA06
:10DB900006220D492D2003E00A49092264312E2076
:10DBA00002B0BDE8F05F00F07BBEBDE8FC5FE020A6
:10DBB00001F022BCBDE8FC5FF3F7A4B82C060024FA
:10DBC0005B0000244E0700244707002482B0CDE903
:10DBD000000121F0004001909DED000B02B051ECDE
:10DBE000100B70470368011D00F128021846F6F774
:10DBF0006DB8000010B5002821D0114B0022001F85
:10DC0000196803E0814203D80A4649680029F9D11E
:10DC100052B11368841A9C4204D100681844106001
:10DC2000104602E0506000E0186039B102680B1A3B
:10DC3000934203D10B681A4402604968416010BDE9
:10DC400064010024C0EB001101EB40100749B2EE63
:10DC5000041B0844B0F83B0000EE100AB8EE400B7D
:10DC600080EE012BB7EEC20B704700002C0600249B
:10DC70002DE9F04782460C462DED028BB2EE048A68
:10DC800008688EB000EE100A20EE080AB7EEC00A4F
:10DC9000FFF7CAF8BCEEC00B10EE100AADF800009A
:10DCA000A06800EE100A20EE080AB7EEC00AFFF7DF
:10DCB000BBF8BCEEC00B10EE100AADF802006068B5
:10DCC00000EE100A20EE080AB7EEC00AFFF7ACF823
:10DCD000BCEEC00B10EE100AADF80400E06800EED8
:10DCE000100A20EE080AB7EEC00AFFF79DF8BCEE56
:10DCF000C00B10EE100AADF80600206E00EE100A00
:10DD000020EE080AB7EEC00AFFF78EF8BDEEC00B92
:10DD100010EE100AADF80800206C00EE100A20EE9C
:10DD2000080AB7EEC00AFFF77FF8BCEEC00B10EE92
:10DD3000100AADF80A00606C00EE100A20EE080A26
:10DD4000B7EEC00AFFF770F8BDEEC00BDFF8D89051
:10DD50000025E84610EE100AADF80C0005EB45076B
:10DD600004EB8706306900EE100A20EE080AB7EED1
:10DD7000C00AFFF759F8BDEEC00B08EB470710EEDD
:10DD8000100AF881B06900EE100A20EE080AB7EE1A
:10DD9000C00AFFF749F8BDEEC00B10EE100A38823A
:10DDA000706900EE100A20EE080AB7EEC00AFFF70D
:10DDB0003BF8BDEEC00B10EE100A788208EB0500B0
:10DDC00019F805106D1C042D80F82E10C6D3E06CD8
:10DDD00000EE100A20EE080AB7EEC00AFFF724F89A
:10DDE000BCEEC00B10EE100AADF82600A06C00EEE1
:10DDF000100A20EE080AB7EEC00AFFF715F8BCEECD
:10DE0000C00B3222694610EE100AADF82800074810
:10DE10000068CDF82A00504600F042FD0EB0BDEC7F
:10DE2000028BBDE8F0870000020000245B000024A4
:10DE300070B590B0B1F803206B46ADF80020CA8BE6
:10DE4000ADF80220B1F8F720ADF80620B1F8F920BE
:10DE5000ADF80820B1F8F320ADF80A205FF0000219
:10DE6000C2EB021505EB421502EB42040D4403EB35
:10DE70004404521C35F8396FA681042A6D88E58167
:10DE8000EED3B1F8FB20ADF82420002208E000BF5B
:10DE900001EB420503EB4204521CB5F8FD50E5844A
:10DEA000BDF824409442F3D83C22194600F0F8FC17
:10DEB00010B070BD30B505460C462DED028B81B01B
:10DEC00008689FED148A00EE100A20EE080AB7EEEB
:10DED000C00AFEF7A9FFBDEEC00B10EE101AADF898
:10DEE0000010606800EE100A20EE080AB7EEC00AC3
:10DEF000FEF79AFFBDEEC00B0422694610EE100A31
:10DF0000ADF80200284600F0CBFC01B0BDEC028B5E
:10DF100030BD00000000C84210B50446164900EBB1
:10DF2000440001EB0010FFF7E3F900EE100AB0EE39
:10DF3000044B9FED121BB8EE400B9FED122B9FED93
:10DF4000133B04EBC401134820EE044B01EB4101E9
:10DF50000844D0F81710D0F8130084EE010B80EEBF
:10DF6000021B00EE101A81EE032B01EE100AF7EEF1
:10DF7000C20B00EE810A10BDF40200240000000074
:10DF8000E0FFEF40FA7E6ABC7493683F0000000037
:10DF9000000049402C0600240F4900EB400010B55A
:10DFA00001EB00101830FFF7A3F900EE100AB0EEF5
:10DFB000042B9FED0A3BB8EE400B9FED0A4BB6EEEB
:10DFC000001B20EE020B80EE032B22EE040B20EE52
:10DFD000010BB7EEC00B10BDF402002400000000DE
:10DFE000E0FFEF4000000000008041402DE9F041DB
:10DFF0002DED048B9FED418B424F0024424DE0B24A
:10E00000FBF7C4FD04EB440110EE100A05EB81069A
:10E010003061E0B200F0F0F9B7EEC00AC4EB0410D2
:10E0200000EB4411394430EE480BB7EEC00B10EE54
:10E03000100A7061D1F8611000EE100A00EE901A1B
:10E0400020EE200AB0EEC00A10EE100AB061E0B275
:10E0500000F0FEF805EB840110EE100A641C042C9D
:10E060000865CCD300249FED298BB5EE009AE0B271
:10E07000FFF752FF30EE490A05EBC40610EE100A16
:10E080003060E0B2FFF788FFB7EEC00A641C022CD4
:10E0900030EE480BB7EEC00B10EE100A7060E6D3FE
:10E0A00000F038F810EE100A286400F03FF810EE87
:10E0B000100A686400F0A2F810EE100AA86400F0DC
:10E0C00075F910EE100AE864286D00EE100A0120C0
:10E0D00005EB8001096D00EE901AF4EEC00AF1EE36
:10E0E00010FA01DD00EE101A401C0428F0D310EEE7
:10E0F000100A2866BDEC048BBDE8F081CDCCCCCCF9
:10E10000CCCCE43F2C0600244E07002466666666ED
:10E110006666E63F044810B5FFF7EAF800EE100A1D
:10E12000B8EE400A10BD0000B4030024044810B546
:10E13000FFF7DEF800EE100AB8EE400A10BD00004E
:10E14000CC03002430B505460C462DED028B83B080
:10E1500008689FED1B8A00EE100A20EE080AB7EE51
:10E16000C00AFEF761FEBDEEC00B10EE101AADF84E
:10E170000010606800EE100A20EE080AB7EEC00A30
:10E18000FEF752FEBDEEC00B10EE100AADF8020015
:10E19000A06800EE100A20EE080AB7EEC00AFEF7EB
:10E1A00043FEBDEEC00B0622694610EE100AADF824
:10E1B0000400284600F074FB03B0BDEC028B30BDB8
:10E1C0000000C84230B587B0B1F8FB206B46ADF80F
:10E1D0000020002208E000BF01EB420503EB4204EF
:10E1E000521CB5F8FD506580BDF800409442F3D84C
:10E1F0001822194600F054FB07B030BD0D4810B589
:10E20000FFF776F800EE100AB0EE042B9FED0A3B04
:10E21000B8EE400B9FED0A4B9FED0B1B20EE020B5F
:10E2200080EE032B22EE040B80EE012BB7EEC20B27
:10E2300010BD0000E403002400000000E0FFEF40F8
:10E240000000000000407F40000000000000494046
:10E2500010B53D4900EB400001EBC0002DED068BF1
:10E260006030FFF745F800EE100ADFED380AB0EE37
:10E27000043AB8EE400A9FED361BB0EE042BC0EE18
:10E28000203A23EE830AB7EEC00A20EE011B32EEDD
:10E29000400B81EE002BB7EEC20BB7EEC00AB0EE1A
:10E2A00040ABFEF725F89FED2C9B9FED2D2B9FEDAE
:10E2B0002E3B9FED2F1B00EE092B83EE020B30EE61
:10E2C000410BB7EEC00BB7EEC08A38EE010BB0EED3
:10E2D000001BFEF72DF99FED283B9FED291B9FEDBD
:10E2E0002A2B20EE030B08EE010B30EE020BB7EEEB
:10E2F000C08BB0EE4A0BFDF7FBFF20EE099BB7EE9B
:10E30000000BFDF78DFEFDF7F3FF89EE002BB7EE56
:10E31000C83A9FED1F1A9FED1F4B9FED206B28EE13
:10E32000010A9FED205BB7EEC00ABDEC068B32EE12
:10E33000031B31EE441B80EE012B32EE460B80EEC8
:10E34000051BB7EEC10B10BDF402002400FF7F4790
:10E350000000000000E7E8406666666666A272405C
:10E3600067B8019FBFCF9240000000805CF8314148
:10E3700066666666661271407BA35698BED780BFFC
:10E38000492EFF21FDB61C40166A4DF38E64B14044
:10E3900000EEE846D6C56D342074A54000000000AC
:10E3A000C0ACDA4000000000000059400D4810B534
:10E3B000FEF79EFF00EE100AB0EE042B9FED0A3B25
:10E3C000B8EE400B9FED0A4BB6EE001B20EE020BA1
:10E3D00080EE032B22EE040B20EE010BB7EEC00BF8
:10E3E00010BD0000FC03002400000000E0FFEF402F
:10E3F0009A99999999193C40124900EB400010B53F
:10E4000001EBC00000F59070FEF772FF00EE100AFD
:10E41000B0EE043B9FED0C4BB8EE400BB7EE045B47
:10E420009FED0B1BB3EE042B20EE030B80EE043BA1
:10E4300033EE453B83EE010B80EE021BB7EEC10BC2
:10E4400010BD0000F402002400000000E0FFEF40D7
:10E45000FA7E6ABC7493683F1CB5B1F80320ADF82E
:10E4600000200622B1F80510ADF80210694600F050
:10E4700017FA1CBD0148007B70470000D804002437
:10E480000222072100F025B830B40C00029D07D00D
:10E4900032B10BB1934209D9072A06D3072305E00D
:10E4A0002A46194630BC00F014B8134643748574EC
:10E4B00000218173C1730174C0F81340C27508460E
:10E4C00003E000BF24F81010401C9042FADB30BC7F
:10E4D000704710B509B1072900D90721417482742A
:10E4E000002383730724C37319460374C0F81330E1
:10E4F000C47500EB4102491C07291380F9DB10BDEC
:10E5000038B50B4D5FF0000404EB440005EBC00090
:10E51000FFF7B6FF641C102CF6D30649052028230C
:10E5200000903222A1F19000FFF7AEFF38BD00004D
:10E53000F4020024740400241FB5002080F3108826
:10E5400000F01CFF2D4914222D48F1F756FF2B48EF
:10E5500001682C4841F0006101600024009401949E
:10E5600002940394F6F7CEFE01208DF80C001F21D3
:10E570008DF8081087228DF809208DF80D008DF890
:10E58000000068468DF80A408DF80E408DF8014075
:10E5900001948DF80B408DF80F40F6F785FE0420AE
:10E5A000F6F7BEFEF6F70CFEFCF780F8FBF701FB72
:10E5B000FBF72AF8FAF766FFFBF77EFAFAF7B0FFE7
:10E5C000FAF7E6FDFBF70AF9FBF738F9FBF768F90C
:10E5D000FBF7FCF9FBF7A6FAFAF74EFEFBF7D2F8C9
:10E5E000FAF7ECFEFBF7B2F9FBF728FA00F050F867
:10E5F000FAF7F0FF00F05EF8FEE7000044000024A8
:10E60000E804002408ED00E0F0B50B30154D20F0D3
:10E6100007010024144A0FE003688B420BD38B429E
:10E6200005D95E1A43184768C3E9006700E04368EC
:10E63000136002C004E0021D10680028ECD12046DF
:10E64000002802D1286808B10020F0BD064A07481A
:10E650001060074A121A22F00702C0E900240120C4
:10E660002860D7E768010024640100245C5D002471
:10E67000585F002410B5EFF3058111B16FF0050468
:10E6800004E04FF0000408B101F06AFA204610BD22
:10E69000EFF3058010B16FF005007047044908687A
:10E6A00010B14FF0FF30704701220A600020704720
:10E6B0003401002410B5EFF3058010B16FF00500B0
:10E6C00010BD08480168012902D04FF0FF3010BD8D
:10E6D000054A002182F8141D0221016001F0F0FAC0
:10E6E000002010BD340100240BE000E070B50546A9
:10E6F0004FF00004EFF3058050BB0DB1686800E0F7
:10E700000020C10701D0012600E0002600071FD429
:10E710006DB1D5E9021021B1502819D31EB10420E2
:10E7200002E020B114E0012001F017FC05E00EB179
:10E73000042000E0012001F005FC040008D00DB128
:10E74000296800E0002101F0D5F90EB144F0010480
:10E75000204670BD002001F029FAFEE72DE9FF41B7
:10E760004FEA01034FF00005EFF30581039561BB0C
:10E7700058B34FF080064FF018014FF000044AB331
:10E78000176807B13C4697691FB139467F1E382F7D
:10E7900002D21779FF0703D0002004B0BDE8F08152
:10E7A000576907B1BE08D2F808C0BCF1000F0DD000
:10E7B000D5685C2D18D312693AB137B18DE80610CF
:10E7C0003246214601F08BFE03900DE0D7685FB919
:10E7D00012694AB903AACDE90012B2B2214601F08A
:10E7E00051FE012800D003950398D6E72DE9F041AA
:10E7F0002A4FB87800284ED0388809284BD30026F5
:10E8000035462EE07819041D8288A2F5A8415A39B0
:10E8100026D1A178142923D1E1781C2920D161794E
:10E820003B8801F109029B1B934219D30A3000F087
:10E83000A9FF627905F10A03D119CB5C98420FD187
:10E8400005F10B00085AA0F57E435A3B08D1207908
:10E85000A11DFEF7D3FD607908350544681C86B21A
:10E860006D1C3888A842CDD8388800253C46B04277
:10E870000AD92088A119091D821B201DF1F7BDFDB1
:10E880002088801B208000E025802088B0F5967FBE
:10E8900000D12580A570BDE8F0810000FC040024B3
:10E8A00070B514460D460646F2F714FA002806D055
:10E8B000224629463046BDE8704000F06FBF70BD6B
:10E8C000F0B50169426900EE101A00EE902A9FED42
:10E8D0001F1A30EE200A10EE101A0161446800EE93
:10E8E000101A01EE904A0568C36821EE803A02EEE4
:10E8F000105A02EE903A866883EE010A30EEE21A70
:10E9000001EE906A876902EE907A02EE200A01EE2B
:10E91000810AF0EEC00AF4EEE20AF1EE10FA0BD230
:10E9200000EE101A00EE902A30EE600A10EE101A77
:10E930009FED070A0161F0BD064B994202DC064BD0
:10E94000994200D90361C260F0BD00000000C842D6
:10E95000000000000000C8420000C8C22DE9F041DC
:10E96000134C0F460546E6682068001D00F0C2FF04
:10E97000681C07D137B12168BDE8F0410D48091D79
:10E9800001F00AB820683544B5424560216805D2D7
:10E99000A06B091DBDE8F04100F0E6BF606B091DEA
:10E9A00000F0E2FFA06A854200D2A562BDE8F081D6
:10E9B000E4000024741900242DE9F041054600F01C
:10E9C000F7FF2D4C2D4FA068401CA060206810B1AF
:10E9D000606930B32BE02560A068012827D10026AC
:10E9E00006EB860007EB800000F0B0FF761C382EA7
:10E9F000F6D3234800F0AAFF2148143000F0A6FF08
:10EA00001F48283000F0A2FF1D483C3000F09EFF58
:10EA10001B48503000F09AFF194860631430A0631F
:10EA200005E0E86A2168C96A814200D82560606A09
:10EA3000401C60626864E86A2169884200D92061EC
:10EA400000EB8000291D07EB800000F0A5FF00F01F
:10EA5000CFFF606900280CD02068E96AC06A88424C
:10EA600007D208494FF080500860BFF34F8FBFF3C3
:10EA70006F8FBDE8F0810000E4000024C41400247E
:10EA80002419002404ED00E038B500F091FF104C8B
:10EA90002068C8B90F4800F059FF0E48143000F044
:10EAA00055FF0C490020E16014312161A1F582730A
:10EAB0000090A1F1B40210210A2001F07CFA20603C
:10EAC00010B105A101F016F8BDE8384000F090BF84
:10EAD00020010024781A0024546D725100000000B7
:10EAE00030B4026C0B46002A0BD0D0E9024111442D
:10EAF000C160A14201D30168C160184630BCF1F782
:10EB00007CBC30BC70472DE9F041856B1746026C28
:10EB10000446002682B1C7B1E068F1F76EFCE168F7
:10EB2000206C2268091AE160914202D2A168081A99
:10EB3000E060022F16D017E02068A8B9A06801F0A5
:10EB400071FD06460020A0600EE06068F1F755FCFC
:10EB5000D4E90101226C10446060884204D320682B
:10EB6000606001E005B16D1E6D1CA5633046BDE817
:10EB7000F08110B5044690F8590058B101280CD026
:10EB800002280FD0502080F31188BFF34F8FBFF3BE
:10EB90006F8FFEE7206B00F03FFF2046BDE810407E
:10EBA00000F03ABF10BD000011484FF4705110B58D
:10EBB000420706D00E49C01D20F00700411AC1F5DA
:10EBC00070510C4C002301440839A4F1180221F0C3
:10EBD0000701C4E900030C1A11604B600B60C0E927
:10EBE000001494604FF000415460516110BD00006A
:10EBF0005821002450010024144E4FF08058144C2A
:10EC0000DFF85090A6F29C4712E000BF00F0D0FE63
:10EC1000F068C568281D00F06DFEA068401EA06069
:10EC20006068401E606000F0E3FE2846FFF7A1FF29
:10EC300060680028EAD138680128F9D9C9F800804D
:10EC4000BFF34F8FBFF36F8FF2E70000601900240E
:10EC5000E400002404ED00E0002807D000218160DA
:10EC600001600B460A46C16001F022BA70470000FD
:10EC700070B51D46049C51B1C4F80020C4E90F01D1
:10EC80000121204601F0CAF984F84C5070BD24607F
:10EC9000F4E72DE9F05F88469A4691001546DDE9D4
:10ECA0000B940A9EA5228346206BF1F7B8FB206BDC
:10ECB0006FF0030101EB8501084420F00707780796
:10ECC00007D0502080F31188BFF34F8FBFF36F8FB1
:10ECD000FEE7B8F1000F4FF000050ED0002022181B
:10ECE00018F8001082F8341018F8001011B1401C08
:10ECF0001028F4D384F8435001E084F83450382EBF
:10ED000000D33726E662201DC4E9136500F029FE12
:10ED100004F1180000F025FE6565C6F13800A06119
:10ED200084F858505246246159463846646200F0CF
:10ED3000FDFAB9F1000F206001D0C9F80040BDE82C
:10ED4000F09F000030B5114900E011460A68824288
:10ED5000FBD34B685C18844203D1446808462344C3
:10ED60004B6043681D18954209D1084C183C246833
:10ED7000A24209D052681A4442600A6812680260CE
:10ED8000814200D0086030BD0460F9E750010024E2
:10ED900070B50D4D914241604FF00004006106D8FE
:10EDA0008169D21A8A4206D2011D286907E09A4277
:10EDB00003D2994201D3012403E0011DE86800F069
:10EDC000D3FD204670BD00002001002410B504468C
:10EDD00000F0EEFDA06B28B15FF0000400F008FE2B
:10EDE000204610BD0124F9E730B53C4D89B06BE0F9
:10EDF0000498002806DA059ADDE906019047049890
:10EE0000002861DB069C606910B1201D00F072FDD6
:10EE100003A800F0D5F8024604980A2854D2DFE887
:10EE200000F00505052D304705052D3094F8280024
:10EE300040F0010084F82800A06905990B460144C0
:10EE40002046FFF7A5FF50B3216A2046884794F873
:10EE50002800400738D50020009005980023A169BC
:10EE600042181946204601F0E5FCC0B9502080F355
:10EE70001188BFF34F8FBFF36F8FFEE794F8280020
:10EE80001EE094F8280040F0010084F8280005985E
:10EE9000A06128B1811813462046FFF779FF13E0DF
:10EEA000502080F31188BFF34F8FBFF36F8FFEE7C1
:10EEB00094F82800810703D4204600F0ADFD03E05C
:10EEC00020F0010084F828002868002204A901F03D
:10EED000FFF900288CD109B030BD000020010024CA
:10EEE0002DE9FC410F46054600F02EFF01A800F079
:10EEF00067F80446019818B101F00AFCBDE8FC81EE
:10EF0000254EAFB130690068D0B300273068291BA7
:10EF10003A4600F003FE01F0FBFB0028EED11F494A
:10EF20004FF080500860BFF34F8FBFF36F8FE5E75E
:10EF3000A542EBD801F0ECFBF0682746C068C46836
:10EF4000201D00F0D7FC94F82800410719D5A069CE
:10EF50002B463A4641192046FFF71AFFA8B1002078
:10EF60002A46034601460090204601F063FC60B942
:10EF7000502080F31188BFF34F8FBFF36F8FFEE7F0
:10EF800007E020F0010084F82800216A2046884725
:10EF9000B4E70127BAE700002001002404ED00E0F7
:10EFA0000648416B096829B1416BC968C96849685D
:10EFB000816270474FF0FF31FAE70000E40000245F
:10EFC00070B5054601F0C4FA064E0446B0688442A6
:10EFD00003D200F009F8012000E00020286020465C
:10EFE000B46070BD20010024F8B5194D20E0C06860
:10EFF000C4680668201D00F07DFC216A2046884711
:10F0000094F82800400713D5A0693044B04206D9CF
:10F010002461211D6060E86800F0A6FC08E0002083
:10F020003246034601460090204601F003FC38B109
:10F03000E86801680029DAD12969C5E90310F8BD3B
:10F04000502080F31188BFF34F8FBFF36F8FFEE71F
:10F050002001002408484068401C4FF0500080F315
:10F06000118804D0BFF34F8FBFF36F8FFEE7BFF35C
:10F070004F8FBFF36F8FFEE758010024074CE06805
:10F08000016841B1C0680021D0F80000FFF728FFF7
:10F09000FFF7AAFEF3E701210020F7E72001002493
:10F0A0002DE9F041044600F083FC94F9455004F149
:10F0B000240609E0606A48B1304601F0F1FA08B16F
:10F0C00000F0C4FD6D1E6DB2002DF3DC4FF0FF3675
:10F0D00084F8456000F08CFC00F06AFC94F9445020
:10F0E00004F1100709E0206948B1384601F0D8FA68
:10F0F00008B100F0ABFD6D1E6DB2002DF3DC84F89D
:10F100004460BDE8F04100F073BC00000B4B0021EF
:10F110000948642210B5197044F61F6103685A63E8
:10F120000268D162C1600021F8F712FFBDE810400B
:10F130000148F8F799BB00005C0E00245800002439
:10F140002DE9F0411D4E00251D4C1E4F96F8F5107F
:10F150002078552920F00C000ED196F8F610AA2937
:10F160000AD16178890702D4A178890704D5001DE6
:10F170002070FBF75FF90DE0207000211148F8F7CF
:10F1800087FF10480821F8F783FF0E48F8F7F2FBD5
:10F190003868456296F8F60055280DD109480021D7
:10F1A000F8F776FF07480821F8F772FF0548F8F7E7
:10F1B000E1FB257038684562BDE8F0812C0600242B
:10F1C00058000024C40D0024F0B5082923D31349A6
:10F1D000028853BA0B8082788A70012AB0F8032023
:10F1E00052BAA1F8032044794C7190F906608E71EF
:10F1F000C579CD7110D05527094806EB860180F8F6
:10F200006470A0F8653080F86940A0F86720A0F825
:10F210006A1080F86C50F0BDAA27EDE718000024B2
:10F220004E070024094900228A62CA620288120A33
:10F2300081F82820027881F82920827881F82A2014
:10F24000C07881F82F000846FEF7CCBC7800002477
:10F250002DE9F0410027044600F076FD324E30687B
:10F2600008B9FFF7A1FC706904424ED1C4B3083459
:10F2700060070ED004F00700C0F1080004446007E6
:10F2800007D0502080F31188BFF34F8FBFF36F8FEB
:10F29000FEE72CB37068844237D823481830014603
:10F2A0000D6801E028460D466968A14202D229682E
:10F2B0000029F7D131688D4227D00768296801609D
:10F2C00008376868011B10290FD92819420708D090
:10F2D000502080F31188BFF34F8FBFF36F8FFEE78D
:10F2E00013E041606C60FFF72DFD69687068401A9B
:10F2F0007060B268904200D2B06000207269114321
:10F30000C5E90001F068401CF06001F001FA7807DF
:10F3100007D0502080F31188BFF34F8FBFF36F8F5A
:10F32000FEE73846BDE8F0813801002470B5041FBF
:10F33000094E231F4FF0807521F0010125601C1F2D
:10F340001960A0F120010B1F266044380A606FF09D
:10F3500002051D6070BD000055F0080810B5F1F7FA
:10F36000E7FA0128044605D1034900204FF49172C1
:10F37000F1F707FB204610BD2C06002410B5F2F76C
:10F380002BFB07480088002808D006491422BDE856
:10F39000104001EB4010044900F008B810BD000017
:10F3A00000000024E0FF0D0844000024001D00B50B
:10F3B000F2F7D0F9002000BD10B5F1F7B9FA002836
:10F3C00006D0044904224FF49170F1F773FB012039
:10F3D00010BD00000200002410B5F1F7A9FA0028C2
:10F3E00006D0044900204FF49172F1F763FB01202D
:10F3F00010BD00002C06002438B5044600208DF80E
:10F400000000FFF7E9FF012269468DF80000204661
:10F41000FFF746FA38BD00001CB502685524284B9A
:10F420004FF4004100928088ADF804009DF8000080
:10F43000AA2803D000228DF8004000E001221846DF
:10F44000F5F7C9FB9DF804101E48AA2903D0012234
:10F450008DF8044000E000224021F5F7BCFB9DF848
:10F460000100AA2801D08DF8014047F23050BDF8C4
:10F470000210814201D9ADF802009DF80500FA287A
:10F4800002D9FA208DF805000F480099C0F81B1129
:10F49000BDF80410A0F81F119DF80100AA280CD097
:10F4A00000210A4881709DF80510C170BDF8021056
:10F4B0000180BDE81C40FFF7B5BE0121F1E7000067
:10F4C000000C0258000802582C06002420000024DA
:10F4D0000A8800EBC0039FED121B00EE102A0F49B3
:10F4E00003EB4303B8EE400B1944B4EEC10BA1F893
:10F4F0000920F1EE10FA02DDA622A1F80920B1F8E8
:10F500000910B2EE041B00EE101AB8EE400B80EEAC
:10F51000012BB7EEC20BFAF7DBBC00002C0600246F
:10F520003333333333D3644030B400EBC005114B75
:10F530000A884FF4A97405EB45011944A242A1F8C9
:10F54000072002D9A1F8074004E0CE2A02D2CE2239
:10F55000A1F80720B1F80710B2EE041B00EE101A54
:10F5600030BCB8EE400B80EE012BB7EEC20BFAF7C1
:10F57000CBBD00002C06002406490A78AA2A08D030
:10F58000CA7EAA2A05D0552801D0AA2801D181F81F
:10F59000F50070472C060024016802480160FFF75F
:10F5A0000BBF000002000024B1F900209FED0D0BFD
:10F5B00001EE102AB8EEC11B81EE002BB7EEC21B84
:10F5C00011EE102A0260B1F9021001EE101AB8EE25
:10F5D000C11B81EE002BB7EEC20B10EE101A41607A
:10F5E000704700000000000000005940B1F9002001
:10F5F0009FED130B01EE102AB8EEC11B81EE002B1C
:10F60000B7EEC21B11EE102A0260B1F9022001EE22
:10F61000102AB8EEC11B81EE002BB7EEC21B11EE13
:10F62000102A4260B1F9041001EE101AB8EEC11BA5
:10F6300081EE002BB7EEC20B10EE101A81607047FE
:10F64000000000000000594030B4038800220B2B5A
:10F6500026D800214FF4D27509E000BF00EB410429
:10F6600064882244F03C92B2AC4219D8491C8B42C7
:10F67000F4D841F288318A4212D80A4A0021A2F80D
:10F68000FB3007E000EB410402EB4103491C6488B6
:10F69000A3F8FD4003888B42F4D830BCF1F7ACBA34
:10F6A00030BC70472C06002406490A78AA2A08D0E4
:10F6B000CA7EAA2A05D0552801D0AA2801D181F8EE
:10F6C000F60070472C0600240A88963AB2F5FA7FB5
:10F6D00002D80A88A0F803204988A0F805107047CE
:10F6E00000B541EC100B2DED028B83B0B1EEC08B59
:10F6F00018EE100A18EE901A8DED008B002818BF36
:10F700000120084320F00040C0F17F6000F1E0409C
:10F71000C00F14D010EE101A10EE900A8DED000BF1
:10F72000002918BF0121084320F00040C0F17F608C
:10F7300000F1E040C00F04BF0120FDF749FC51EC8F
:10F74000180B03B0BDEC028B00BD70B50446007809
:10F7500001250E4620B1012809D00325284670BD99
:10F760000120207000F0F4FEC4F80100F6E700F07C
:10F77000EFFED4F80110401AB042EFD903202070F8
:10F780000546EBE703460020024610B503E09C5C0B
:10F79000521C2044C0B28A42F9D310BD70B50D4648
:10F7A000134945F25A464FF01C0314004FF014025F
:10F7B0000E800E4608718B70CA704C7104D0B01D5B
:10F7C00022462946F0F719FE21462846FFF7DAFFC0
:10F7D00031195A2304F109028871FE24CB71D2B287
:10F7E0000C72BDE8704002490248F9F769B900009F
:10F7F00070010024041200242DE9F0470D1F002D94
:10F8000051DD2E4C22896389521C934201D101267D
:10F8100000E00026277BDFF8A89001214FF00008C8
:10F8200067B1022F0AD04788BB4204D103889A42AD
:10F8300001D1EA060CD0C6B1032019E042886281EA
:10F84000A4F80880012A236863600CD00026217385
:10F850002173011D6368AAB21846F1F7EFFFA0B14A
:10F860002EB1042004E00126F1E7062000E0072085
:10F8700014492073D9F8002009688A4213D0C9F8C6
:10F880000010BDE8F04700F099BA76B12168C9F8D8
:10F89000001000F093FA0220207320686060A4F842
:10F8A0000880A4F80A80BDE8F0870520207360680E
:10F8B000284460602089401C2081F4E7D80400249B
:10F8C00044000024E804002408480022084910B538
:10F8D00002730C688B689C4202D1C968016001E028
:10F8E0001946036041600281428110BDD8040024A2
:10F8F000E8040024D0E9013201699A60D0E90123CB
:10F900005A604A68824201D182684A6000220261DC
:10F910000868401E086008687047000010B5044C75
:10F920008023046004F15C000860136010BD0000D7
:10F93000A01A002410B5044C4FF48073046004F145
:10F940005C000860136010BDFC1C00244FF0FF3306
:10F9500000F108010022C0E901130260C1600161E9
:10F96000704700210161704730B50B685A1C02D006
:10F9700000F1080202E0026904E0224654682568AA
:10F980009D42FAD953684B6099608A605160086162
:10F990000168491C016030BD42684A6093688B6011
:10F9A00093685960916008610168491C0160704763
:10F9B000502080F31188BFF34F8FBFF36F8F0A4938
:10F9C0004868401C486001280CD10848006810F0C5
:10F9D000FF0F07D0502080F31188BFF34F8FBFF384
:10F9E0006F8FFEE7704700005801002404ED00E02F
:10F9F0000849486828B1401E486001D180F3118849
:10FA00007047502080F31188BFF34F8FBFF36F8F83
:10FA1000FEE700005801002470B500282AD0164DDA
:10FA2000A0F1080461686869014207D1502080F3A1
:10FA30001188BFF34F8FBFF36F8FFEE722683AB193
:10FA4000502080F31188BFF34F8FBFF36F8FFEE715
:10FA50008143616000F078F9606869680844686013
:10FA60002046FFF76FF92869401C2861BDE8704007
:10FA700000F04EBE70BD0000380100244FF0E020C1
:10FA8000002101614FF47A728161072303490968FB
:10FA9000B1FBF2F1491E416103617047CC000024C3
:10FAA00010B5F0F75FFC114910280ED300F1E020EB
:10FAB0000A7890F8F003904207D2502080F3118822
:10FAC000BFF34F8FBFF36F8FFEE709488968006867
:10FAD00000F4E060884207D9502080F31188BFF31A
:10FAE0004F8FBFF36F8FFEE710BD00005801002459
:10FAF0000CED00E0084B5FF0000210B553F8324007
:10FB00001CB1521C082AF9D310BD03EBC20443F800
:10FB10003210606010BD00008414002470B51546DA
:10FB20000E460446FFF744FF94F944100020491C98
:10FB300001D184F8440094F94510491C01D184F89E
:10FB40004500FFF755FFA06B28B904F124002A46B1
:10FB5000314600F099F82046BDE87040FFF7A0BAA2
:10FB6000020010B514D00F48006B38B1502080F35C
:10FB70001188BFF34F8FBFF36F8FFEE700F0E4F8FB
:10FB800000211046FEF7EAFE00F0C2FD002807D172
:10FB900005494FF080500860BFF34F8FBFF36F8F60
:10FBA00010BD0000E400002404ED00E070B505463F
:10FBB000FFF7FEFE1E4C05B92568281DFFF79AFECB
:10FBC000A86A18B105F11800FFF794FE606A401C9E
:10FBD00060622068854207D11648291DFFF7DCFEC8
:10FBE0006068401C606007E0A068401EA060284676
:10FBF000FEF7BFFFFFF7D4F9FFF7FAFE60690028B0
:10FC000014D02068854211D1206B38B1502080F388
:10FC10001188BFF34F8FBFF36F8FFEE706494FF098
:10FC200080500860BFF34F8FBFF36F8F70BD00002F
:10FC3000E40000246019002404ED00E002490A6A8F
:10FC40000260C96841607047E40000240149012056
:10FC5000C8617047E400002410B50C4650B1094952
:10FC600009681831FFF780FE2046BDE810400121E9
:10FC7000FEF774BE502080F31188BFF34F8FBFF39F
:10FC80006F8FFEE7E400002470B514460D4668B19E
:10FC90000A4909681831FFF77FFE0CB14FF0FF35B4
:10FCA00021462846BDE87040FEF758BE502080F33C
:10FCB0001188BFF34F8FBFF36F8FFEE7E40000247E
:10FCC00030B587B0002405AA04A9039403A80494BE
:10FCD000FFF724FEDDE9030100940023CDE90110C4
:10FCE000174815A1059A00F0FAFB164D0028E862A6
:10FCF0001FD000F06FFD012809D0401C19D1502001
:10FD000080F31188BFF34F8FBFF36F8FFEE7502052
:10FD100080F31188BFF34F8FBFF36F8F01214FF036
:10FD2000FF30A8626961EC6007B0BDE8304000F0C8
:10FD300079B807B030BD000049444C4500000000D0
:10FD4000F9EB0808E40000240248016B491C016338
:10FD500070470000E4000024164810B5016B11B193
:10FD60000121C16110BD0021C161134A016901E097
:10FD7000B9B1491E01EB810352F82330002BF7D0B3
:10FD800001EB810302EB830202F1080453685B6814
:10FD90005360A34201D15B685360DA68026001617D
:10FDA00010BD502080F31188BFF34F8FBFF36F8FCA
:10FDB000FEE70000E4000024C414002402491422D9
:10FDC0000248F1F791BD00004400002400000E0835
:10FDD0007CB514460D46A022C0F302218DF8050023
:10FDE0004FF480639C4242EA41018DF8041000D92F
:10FDF0001C4602199A4201D94042C4B20848FF2663
:10FE0000009601230DF10502F5F73EF89DF8041068
:10FE1000234603482A460096F4F7A4FF7CBD000061
:10FE2000140C002437481CB5374902688A4207D1B0
:10FE3000502080F31188BFF34F8FBFF36F8FFEE721
:10FE400031490068491E884207D1502080F311884B
:10FE5000BFF34F8FBFF36F8FFEE72C49FF200A7867
:10FE60000192087008788DF800009DF800209DF838
:10FE7000000002F0F002824207D0502080F3118887
:10FE8000BFF34F8FBFF36F8FFEE79DF80020072071
:10FE90001F4C02F050022270A06005E09DF8002087
:10FEA00052008DF80020401E9DF800201206F5D467
:10FEB0000328A06007D0502080F31188BFF34F8F34
:10FEC000BFF36F8FFEE74FF44070A0600198087099
:10FED0000C482030016841F470010160016841F074
:10FEE00070410160FFF7CAFD00206060F0F702FA80
:10FEF0000848016841F040410160F0F7E7F900204F
:10FF00001CBD000000ED00E071C20F4100E400E004
:10FF10005801002434EF00E0502010B580F3118820
:10FF2000BFF34F8FBFF36F8F00F018FB18B1044978
:10FF30004FF080500860002080F3118810BD000051
:10FF400004ED00E000210246012010B500F012F897
:10FF50000446FEF781FE204610BD38B500220B4650
:10FF600011460090012000F026F80446FEF774FECA
:10FF7000204638BDF8B5050017460E4613D005FBE0
:10FF800006F05030FFF764F904000AD0002084F82E
:10FF9000460004F150023B46314628460094FEF7E5
:10FFA00067FE2046F8BD502080F31188BFF34F8FC5
:10FFB000BFF36F8FFEE7F8B5069D18B153B1CAB114
:10FFC00081B120E0502080F31188BFF34F8FBFF341
:10FFD0006F8FFEE7502080F31188BFF34F8FBFF380
:10FFE0006F8FFEE7502080F31188BFF34F8FBFF370
:10FFF0006F8FFEE739B1502080F31188BFF34F8F28
:020000040809E9
:10000000BFF36F8FFEE750241C46012683F846603D
:1000100000932B46FEF72CFE2046F8BD2DE9F04755
:1000200004008A4629D0FFF7C3FC21680025D4E9E3
:100030000F23D4F840C004F1100810460E46401EAD
:100040004FF0FF3902FB031200FB0C10BAF1000F56
:10005000A563666084F8449084F84590C4E9022062
:1000600013D04046FFF772FC04F12400FFF76EFC4A
:10007000FFF7BEFC0120BDE8F087502080F3118817
:10008000BFF34F8FBFF36F8FFEE720690028EFD0DB
:10009000404600F005FB0028EAD004494FF08050AC
:1000A0000860BFF34F8FBFF36F8FE1E704ED00E00F
:1000B0002DE9FF4704001D4682B08A464FF0000834
:1000C00003D0BAF1000F08D011E0502080F311885E
:1000D000BFF34F8FBFF36F8FFEE7206C38B1502016
:1000E00080F31188BFF34F8FBFF36F8FFEE7022DB0
:1000F0000AD1E06B012807D0502080F31188BFF3AC
:100100004F8FBFF36F8FFEE700F014FA3F4F4FF0B1
:1001100080564FF0000948B9049838B1502080F358
:100120001188BFF34F8FBFF36F8FFEE7FFF740FCDF
:10013000A06BE16B884207D3022D05D00498D0B1A3
:10014000B8F1000F1AD01EE02A4651462046FEF7AD
:10015000DAFC616A19B104F1240000F0A1FA20B1BF
:100160003E60BFF34F8FBFF36F8FFFF741FC01205D
:1001700006B0BDE8F087FFF73BFC22E06846FFF7DA
:100180005DFD4FF00108FFF733FCFFF7DDFDFFF7E2
:100190000FFC94F94400401C01D184F8449094F978
:1001A0004500401C01D184F84590FFF721FC04A9CB
:1001B000684600F02BF930B12046FEF771FF00F0E1
:1001C000A7FA0020D4E7FFF7F3FBA06BE16B8842AE
:1001D00013D1FFF70DFC049904F11000FFF73CFD6B
:1001E0002046FEF75DFF00F093FA00289ED13E60A6
:1001F000BFF34F8FBFF36F8F98E7FFF7F9FB2046F0
:10020000FEF74EFF00F084FA90E7000004ED00E0F6
:100210002DE9F04704001F469046894603D0B9F106
:10022000000F08D011E0502080F31188BFF34F8FEA
:10023000BFF36F8FFEE7206C38B1502080F3118838
:10024000BFF34F8FBFF36F8FFEE7022F0AD1E06B32
:10025000012807D0502080F31188BFF34F8FBFF3E0
:100260006F8FFEE7FFF71CFC5020EFF3118680F341
:100270001188BFF34F8FBFF36F8FA06BE16B884284
:1002800006D3022F04D0002086F31188BDE8F08742
:1002900094F94550A06B3A4649462046FEF733FC98
:1002A000681C04D06D1C84F845500120ECE7606A9E
:1002B0000028FAD004F1240000F0F2F90028F4D06C
:1002C000B8F1000FF1D00121C8F80010EDE70000EF
:1002D0002DE9F74704008A4683B04FF0000603D0AB
:1002E000BAF1000F08D011E0502080F31188BFF35D
:1002F0004F8FBFF36F8FFEE7206C38B1502080F333
:100300001188BFF34F8FBFF36F8FFEE700F012F934
:10031000DFF8F4804FF080574FF0000948B9059896
:1003200038B1502080F31188BFF34F8FBFF36F8F28
:10033000FEE7FFF73DFBA56BC5B151462046FEF732
:10034000CFFB6D1EA563206950B104F1100000F0D1
:10035000A7F928B1C8F80070BFF34F8FBFF36F8FB4
:10036000FFF746FB012006B0BDE8F087059808B10D
:100370001EB106E0FFF73CFB27E06846FFF75EFC96
:100380000126FFF735FBFFF7DFFCFFF711FB94F9C0
:100390004400401C01D184F8449094F94500401C6D
:1003A00001D184F84590FFF723FB05A9684600F0CA
:1003B0002DF8002820460AD0FEF772FE00F0A8F9BA
:1003C0002046FEF703FD0028B3D00020CBE7FEF760
:1003D000FDFC90B1059904F12400FFF73DFC204697
:1003E000FEF75EFE00F094F90028A2D1C8F8007074
:1003F000BFF34F8FBFF36F8F9BE72046FEF750FE92
:1004000000F086F995E7000004ED00E02DE9F041E9
:1004100005000C4612D0CCB1FFF7CAFA184E20687E
:10042000F268471C6B68A2EB030117D02F68366A8D
:10043000B74215D0934213D801251CE0502080F319
:100440001188BFF34F8FBFF36F8FFEE7502080F30B
:100450001188BFF34F8FBFF36F8FFEE700250AE0CF
:10046000884205D9401A20602846FFF7E7FBF5E7E8
:10047000002020600125FFF7BBFA2846BDE8F08187
:10048000E40000242DE9FF5F994616468A4683461C
:100490009000DDE90E87FEF7DBFE05001CD05C2036
:1004A000FEF7D6FE040014D00020256384F859001E
:1004B0004B46CDE90087CDE90240324651465846C9
:1004C000FEF7E7FB2046FEF777FA012004B0BDE80F
:1004D000F09F2846FFF7A0FA4FF0FF30F6E7F0B59F
:1004E00085B0DDE90B740A9DA7B1DCB15C262763FA
:1004F000022684F85960002703970DF1100C00952F
:10050000CDE901C4FEF7C5FB2046FEF755FA049875
:1005100005B0F0BD502080F31188BFF34F8FBFF3BB
:100520006F8FFEE7502080F31188BFF34F8FBFF32A
:100530006F8FFEE70548416919B1006B18B10020C3
:10054000704701207047022070470000E40000243B
:100550000148C06870470000E40000242DE9F04124
:100560002E4C206B002728B1A069401CA0613846A2
:10057000BDE8F081E668761CE66013D1606B006828
:1005800038B1502080F31188BFF34F8FBFF36F8FC6
:10059000FEE7606BA16B6163A063206A401C206270
:1005A000FEF7FEFCDFF87880A06A864209D3606B14
:1005B0000068A0B1606BC068C5686868864211D2E7
:1005C000A0622068C06A00EB800158F82100012871
:1005D00000D90127E0690028C9D00127C7E74FF0FB
:1005E000FF30EDE7281DFFF785F9A86A18B105F17E
:1005F0001800FFF77FF9E86A2169884200D9206175
:1006000000EB800108EB8100291DFFF7C5F9206888
:10061000E96AC06A8142CAD30127C8E7E40000241E
:10062000C414002470B504464FF0000190B31A4D75
:100630002868844207D0502080F31188BFF34F8F81
:10064000BFF36F8FFEE7206D38B1E36C401EE26AA6
:1006500020659A421ED040B11CE0502080F31188E2
:10066000BFF34F8FBFF36F8FFEE7201DFFF742F9F7
:10067000E06CC0F13801A161E0622969884200D9CB
:10068000286100EB8000054901EB8000211DFFF788
:1006900083F90121084670BDE4000024C41400243D
:1006A00070B5C068C46854B104F118000646FFF77D
:1006B00021F9144D286B50B11348314615E05020F4
:1006C00080F31188BFF34F8FBFF36F8FFEE7201DBC
:1006D000FFF710F9E06A2969884200D9286100EB28
:1006E00080000A4901EB8000211DFFF755F9E06AFF
:1006F0002968C96A884203D90121E961084670BDA9
:10070000002070BDE40000244C190024C41400240F
:100710002DE9F0472C4D286B0024274638B1FFF710
:1007200047F9286B401E2863286B40B147E05020F2
:1007300080F31188BFF34F8FBFF36F8FFEE7234E17
:100740000120A968D9B3A6F5916980463068E0B167
:10075000F068C46804F11800FFF7CCF8201DFFF71B
:10076000C9F8E06A2969884200D9286100EB800154
:1007700009EB8100211DFFF70FF9E06A2968C96ABA
:100780008842E3D3C5F81C80E0E70CB1FEF708FC13
:10079000AC694CB14FEA0806FFF7E0FE00B1EE612C
:1007A000641EF9D10020A861E86940B10849012719
:1007B0004FF080500860BFF34F8FBFF36F8FFFF78C
:1007C00017F93846BDE8F087E40000244C190024EE
:1007D00004ED00E010B586B0FEF756F9114C206824
:1007E000B8B10020039005AA049004A903A8FFF75C
:1007F000A1F8DDE90321022000238DE807000C4861
:1008000009A1059AFFF76BFE606010B106B00120E8
:1008100010BD502080F31188BFF34F8FBFF36F8F4F
:10082000FEE7000020010024546D7220537663001F
:100830007DF008082DE9FF411E46134602004FF0E7
:1008400000000A9D16D0144C2768002F0FD00629EF
:100850000292CDE9001317DAFFF76CFE02284FF081
:1008600000030FD0002220686946FFF721FC04B086
:10087000BDE8F081502080F31188BFF34F8FBFF3A4
:100880006F8FFEE72A46EEE7002332466946384678
:10089000FFF7BEFCEBE7000020010024180B09085D
:1008A0000000000000000000000000000000000048
:1008B000000200001800000000000000000000001E
:1008C000F40A090800000000000000000000000019
:1008D00000000000000200001800000000000000FE
:1008E000000000000C0B09080000000000000000E0
:1008F00000000000000000000002000018000000DE
:100900000000000000000000E80A090800000000E4
:100910000000000000000000000B090800000000BB
:10092000000000000000000000061016000610166F
:100930000001020304050607080C101418203040BB
:1009400000000000000000000000000000000000A7
:100950000000000001000000020000000300000091
:10096000040000000000000005000000000000007E
:100970000000000000000000060000000000000071
:10098000000000000000000007000000010002005D
:100990000400060008000A000C00100020004000BF
:1009A00080000001010101030701000008040204A6
:1009B0000801010100000000010203040102030418
:1009C0000607080900000000000000000000E03FEA
:1009D000000000000000E0BF0000E0FE422EE63F05
:1009E0000000E0FE422EE6BF763C7935EF39EA3D65
:1009F000763C7935EF39EABD3E5555555555C53FDD
:100A000093BDBE166CC166BF2CDE25AF6A56113F82
:100A1000F16BD2C541BDBBBED0A4BE726937663E84
:100A200004FA97999999D93FAF788E1DC571CC3F3B
:100A30009FC678D0099AC33F935555555555E53F04
:100A4000599322942449D23FDE03CB966446C73F94
:100A500044523EDF12F1C23F000000000000F03FB0
:100A6000000000000000F83F00000000000000004F
:100A70000000004003B8E23F00000000000000005A
:100A800006D0CF43EBFD4C3E033333333333E33FE8
:100A9000FFAB6FDBB66DDB3F4D268F515555D53F14
:100AA00001411DA96074D13F65DBC9934A86CD3FE2
:100AB000EF4E454A287ECA3F3E5555555555C53FD0
:100AC00093BDBE166CC166BF2CDE25AF6A56113FC2
:100AD000F16BD2C541BDBBBED0A4BE726937663EC4
:100AE00000000000000000006D794D7574657830DD
:100AF000310000006D795461736B303200000000EA
:100B00006D794D7574657830320000006D795461EF
:100B1000736B30330000000064656661756C74545B
:100B200061736B00440B0908000000247001000091
:100B300076060808840B090870010024E8610000AB
:100B4000C0CF08085142034B6041044BE040040110
:100B500011061B3F0AD7233C22081A02041A080474
:100B60001A0E04011E13300BBC2495043D013532CE
:100B70000182103C90D00304BCC073450401771A75
:040B8000AA010110B5
:04000005080802994C
:00000001FF
