:020000040802F0
:10000000C86300246D030208059D0208758C020870
:10001000039D0208590B020831C0020800000000CD
:10002000000000000000000000000000AD02020817
:10003000CD1202080000000009030208E5A702082B
:100040008B0302088B0302088B0302088B03020850
:100050008B0302088B030208D9130208E713020876
:100060008B0302088B0302088B030208410E02086F
:100070004D0E0208590E02088B0302088B0302087A
:100080008B0302088B03020815090208C114020839
:100090008B0302088B0302088B0302088B03020800
:1000A0008B0302088B0302088B0302088B030208F0
:1000B000A5AC0208B1AC0208BDAC02088B03020873
:1000C0008B0302088B0302088B0302088B030208D0
:1000D0008B03020825C002088B0302088B03020869
:1000E000DF1302088B030208000000008B030208E4
:1000F0008B0302088B0302088B0302088B030208A0
:100100008B0302088B0302088B0302088B0302088F
:100110008B0302088B030208C9AC02088B03020898
:10012000650E0208710E02087D0E0208890E020893
:100130008B0302088B0302088B0302088B0302085F
:1001400000000000000000000000000000000000AF
:100150008B0302088B0302088B0302088B0302083F
:100160008B0302088B0302088B0302088B0302082F
:100170008B0302088B0302088B03020800000000B7
:100180008B0302088B0302088B0302088B0302080F
:100190008B0302088B0302088B0302088B030208FF
:1001A0008B0302088B0302088B0302088B030208EF
:1001B0008B0302088B0302088B0302088B030208DF
:1001C0008B0302088B0302088B0302088B030208CF
:1001D0008B0302088B0302088B0302088B030208BF
:1001E0008B0302088B0302088B0302088B030208AF
:1001F0008B0302088B0302088B0302088B0302089F
:100200008B0302088B0302088B0302088B0302088E
:100210008B0302088B0302088B0302088B0302087E
:100220008B0302088B0302088B0302080000000006
:100230008B0302088B03020800000000CD060208B1
:100240008B0302088B0302088B0302088B0302084E
:100250008B0302088B0302088B0302088B0302083E
:100260008B0302088B0302088B0302088B0302082E
:100270008B0302088B0302088B03020800000000B6
:100280008B0302088B0302088B03020800000000A6
:10029000000000008B030208DFF80CD000F07CF9AE
:1002A0000048004709E80208C86300242C4B19687D
:1002B0000868B0E8F04F80F30988BFF36F8F4FF004
:1002C000000080F3118870470000000008480068B3
:1002D000006880F308884FF0000080F3148862B64D
:1002E00061B6BFF34F8FBFF36F8F00DF00BF00BF5A
:1002F00008ED00E0DFF80C00016841F470010160D6
:10030000704700BF88ED00E0EFF30980BFF36F8F07
:10031000134B1A681EF0100F08BF20ED108A20E959
:10032000F04F106009B44FF0500080F31188BFF314
:100330004F8FBFF36F8F0FF0FFFE4FF0000080F381
:10034000118809BC19680868B0E8F04F1EF0100F5A
:1003500008BFB0EC108A80F30988BFF36F8F704735
:1003600004010024EFF30580704700000748804730
:100370000748804707480047FEE7FEE7FEE7FEE73D
:10038000FEE7FEE7FEE7FEE7FEE7FEE7A51402084C
:10039000A9A80208990202082DE9F05F054600208D
:1003A00092469B4688460646814640241BE02846E6
:1003B00041464746224600F053F853465A46C01A73
:1003C000914110D311461846224600F03AF82D1AF2
:1003D00067EB01084F4622460120002100F031F86A
:1003E00017EB00094E41201EA4F10104DFDC484652
:1003F00031462A464346BDE8F09F40EA01039B0789
:1004000003D009E008C9121F08C0042AFAD203E089
:1004100011F8013B00F8013B521EF9D27047D2B2ED
:1004200001E000F8012B491EFBD270470022F6E7DD
:1004300010B513460A4604461946FFF7F0FF20465A
:1004400010BD202A04DB203A00FA02F10020704798
:100450009140C2F1200320FA03F319439040704702
:10046000202A04DB203A21FA02F00021704721FA09
:1004700002F3D040C2F12002914008431946704770
:1004800070B521F0004303430CD0C1F30A5500249A
:10049000D5EB040564EB0403D617AD1AB34102DBB8
:1004A0000020014670BD201841EB025170BD0000D4
:1004B0002DE9F041054621F000400C46284309D0C3
:1004C000C4F30A5040F23341884205DD28462146F4
:1004D000BDE8F0812846FBE740F2FE31884210DC9F
:1004E0000CDB4FEA043040EA155050EA053105D0E4
:1004F000104804F0004101430020E9E700200146D4
:10050000E6E7A0F233404642C6F1400228462146C3
:10051000FFF797FF07468846284621463246FFF7F1
:100520009FFF43463A4600F049F83246BDE8F041A5
:10053000FFF787BF0000F03F70B5044601F00045AB
:100540000020054304D14FF00045644265EB0101F2
:1005500003F00045284305D118464FF000435242AE
:1005600063EB0003101B73EB010002D24FF000405D
:1005700009E082EA040283EA01034FF000501A43C3
:1005800001D14FF0C0404FEA2062EFF3008162F3E7
:100590001F6181F3008870BD064C074D06E0E068DE
:1005A00040F0010394E8070098471034AC42F6D3BA
:1005B000FFF776FE4C0F03086C0F030810B5141EEE
:1005C00073F1000408DA401C41F1000192185B410C
:1005D0001A4301D120F0010010BD2DE9F04D9246E3
:1005E0009B4611B1B1FA81F202E0B0FA80F22032FA
:1005F0009046FFF726FF04460F4640EA0A0041EA0C
:100600000B0153465A46084313D0114653EA0100E2
:1006100019D0C8F140025046FFF722FF05460E46AA
:10062000504659464246FFF70CFF084305D00120CB
:1006300004E020463946BDE8F08D0020054346EA37
:10064000E0762C4337430A986305E40AA0EB0800E0
:100650000022FD0A44EA47540A3002D50020014630
:10066000E9E7010510196941DDE90845001969410B
:10067000BDE8F04DA2E770B58C1810F8015B15F0DD
:10068000070301D110F8013B2A1106D110F8012B04
:1006900003E010F8016B01F8016B5B1EF9D12B0729
:1006A00005D40023521E0DD401F8013BFAE710F8DF
:1006B000013BCB1A921C03E013F8015B01F8015BCC
:1006C000521EF9D5A142D8D3002070BD014801F0D7
:1006D00007BD0000AC09002470B53A490546006822
:1006E000884202D0384A904202D1D1F8080302E091
:1006F0003648D0F8080310F4403F11D006F0CEF889
:1007000004466868B0F5803F06D0B0F5003F03D0DE
:10071000B0F5403F27D101E0000C18E0A40822E02A
:1007200000214FF4002005F023F904466868810396
:10073000890B18D181140C2915D2DFE801F01406B9
:1007400006060606060B0D0F1113800C4000B4FBC5
:10075000F0F408E0240906E0640904E0A40902E0DA
:10076000E40900E0240A04F0CBFA41F203018842D4
:1007700008D8174884422868816813D821F480710A
:10078000816070BD13496008884204D82868816878
:1007900021F44071F4E71049884206D8286881683E
:1007A00021F4407141F48071EAE70C4988422868DD
:1007B000816804D821F4407141F40071E0E741F40C
:1007C0004071DDE700200240002102400060025835
:1007D000002D3101105E5F0020BCBE0040787D011D
:1007E00010B5846B616D11F0500F06D0616DC906B4
:1007F00025D5204601F073FC10BD606D40F40070FB
:10080000606520680168090707D508F0C1FC90B150
:100810002068C068800403D50DE0C06880070AD155
:10082000606D20F480706065606DC00403D4606DFD
:1008300040F001006065204601F0F2FB10BDE16C64
:10084000C96CBDE81040084710B5806B416D41F0A0
:1008500040014165816D41F00401816501F03FFC7B
:1008600010BD10B5806B01F039FC10BD70B50446A9
:100870000068816811F0010F40D18168204A11425F
:100880002DD18168D5432940491C816004F03EFA8E
:100890001C49064620681C4B884201D0984201D171
:1008A0001A4A00E01A4A9268984202F01F0200D0E9
:1008B000014681421DD0E2B120E0816811F0010FB4
:1008C00003D181682940491C816004F01FFA801B14
:1008D00002280ED920680068C043C00709D0606DA7
:1008E00040F010006065A06D40F00100A06501209F
:1008F00070BD20680168C943C907DED1002070BD02
:100900003F000080002002400021024000230240FE
:1009100000630258044810B501F0E2FBBDE8104046
:10092000024801F0DDBB0000E4080024480900246F
:100930001CB5A52040F2FF34012269468DF8040061
:10094000204600F01EF89DF80000A52815D00A20CA
:100950000DF0E8FF0122204601A900F047F80A2027
:100960000DF0E0FF01226946204600F00AF89DF8EC
:100970000000A52803D000201CBD01201CBD0220C2
:100980001CBD10B5012A0C4603D9BDE810400FF07C
:1009900033BC00F003F8207010BD00003EB5010A22
:1009A00000228DF80410A0258DF8050001F0070045
:1009B000FF248DF808200123009445EA40010A48ED
:1009C0000DF1050204F0F0FA9DF80400012302AADB
:1009D000009400F0070045EA4001034804F052FA91
:1009E0009DF808003EBD0000800C00242DE9F04178
:1009F0000F46054600F00F0100F00F00C1F1100492
:100A0000C0F11000A242A2EB000002D9C0F3071609
:100A100001E04FF0000605D9C6F1000100EB01101E
:100A2000C0B201E04FF00000012A804637D94FF4F0
:100A30008060824200D90246A918814201D96842E9
:100A4000C2B2A24228D93A462146284600F05AF8B6
:100A5000281985B2052027440DF064FF00240CE01E
:100A600010213A46284600F04DF81035ADB2052069
:100A700010370DF057FF641CE4B2B442F0D30520E8
:100A80000DF050FFB8F1000012D03A46014628465A
:100A9000BDE8F04100F036B8D1B23A46F7E7394642
:100AA000284600F01BF8BDE8F04105200DF03ABFE4
:100AB000BDE8F0812DE9F041002415460E460746B9
:100AC00008E0381980B2311900F008F805200DF05F
:100AD00029FF641CAC42F4D3BDE8F0813EB501258A
:100AE0004FF0FF34C2B22B46C0F302200294CDE98E
:100AF0000015A02141EA4001014804F0FBFA3EBD87
:100B0000800C00243EB5102913464FEA1024C2B2CF
:100B100000D910214518B5F5806F01D94142C9B2FD
:100B200000F00F050D44102D04D9084400F00F000B
:100B3000081AC1B24FF0FF3000930123CDE9011034
:100B400004F00700A02141EA4001024804F0D2FA73
:100B50003EBD0000800C0024FEE7000030B50023FD
:100B600008E000BF01EB830504682D684FEA3545B6
:100B700025605B1CB3EB520FF4D3D20703D002689D
:100B800031F8231011800068006830BDF0B50023F3
:100B90000BE000BF01EB830405682668E77834BAF0
:100BA00024F0FF043C432C605B1CB3EB920FF1D3A9
:100BB00094071BD002F00304012C03D1056811F83F
:100BC00023602E70022C05D101EB83040568248874
:100BD00064BA2C80D243920708D101EB83020368E8
:100BE000118849BA1980917802681170006800680C
:100BF000F0BD00001E4810B59FED1E4B9FED1F2B52
:100C0000B0F8F7304FF4FA741E4A00EE103A9FED38
:100C10001E1B02F10801B8EE400B1460B0F8F93069
:100C2000B1EE043B84EE005B85EE020B02EE103A5F
:100C3000B8EE424BB0EE412B04EE002BBCEEC22BC3
:100C400082ED012AB0F8F30002EE100AB8EE422B52
:100C500002EE001BBCEEC11B81ED001AB8EE411B79
:100C600000EE031BBCEEC10B81ED010A10BD0000BC
:100C70007406002400000000D01263410000000050
:100C800000408F40CC0000240000000000407F4066
:100C90002DE9F04732490123324D4FF4FA780E46E0
:100CA00042460020B1F8F940B1F8F370C5F8008071
:100CB000B6F8FB6020E010F10100624401EB400C4B
:100CC000BCF8FDC0A445F6D904EB840C02EB4C0A39
:100CD00001EB400C45F823A05B1CBCF8FD20DBB207
:100CE00003F1010C121B401C02EB82090AEB4902C2
:100CF00045F823200CF0FF038642DFD804EB840084
:100D0000DFF864C05C1C02EB4002164845F8232063
:100D1000603007EB8707E3B2ACF8003008EB47021E
:100D20000260022332324260002412E001EB4405EB
:100D3000B5F8FD5005EB850502EB4502323A40F867
:100D400023205D1CEBB232325D1C40F82320641C72
:100D5000EBB2A642EAD8ACF80230BDE8F08700005A
:100D60007406002404100024C800002470B50A4D45
:100D7000E86F02F04FF9002407E001200DF0D2FDEA
:100D8000641CE86FE4B202F045F9012802D0322C6D
:100D9000F3D3002070BD0000701200240A4B002124
:100DA00030B40846997059770246C0EB021404EB40
:100DB00042121A44401C042882F83810F4D3034825
:100DC000016030BC0EF066BF740600247B00002476
:100DD000002805480A4603D04FF4805103F08BBF2A
:100DE0004FF48041FAE7000000040258090541EA87
:100DF000021141F0407100F001B8000038B50C4616
:100E000005460121FFF7E4FF00212846FFF7E0FF38
:100E1000200E8DF80000210C8DF80110220A8DF8AB
:100E200002200648C823042269468DF8034006F0D4
:100E300005FA01212846FFF7CBFF38BDD40C00246A
:100E4000014802F0EBB80000100A0024014802F04B
:100E5000E5B80000880A0024014802F0DFB800006D
:100E6000000B0024014802F0D9B8000098130024B8
:100E7000014802F0D3B8000010140024014802F029
:100E8000CDB80000140F0024014802F0C7B80000DC
:100E90008C0F0024294A016891423AD0274A18321F
:100EA000914236D0254A3032914232D0234A4832DC
:100EB00091422ED0214A603291422AD01F4A783284
:100EC000914226D01D4A9032914222D01B4AA8322C
:100ED00091421ED01A4A91421BD0194A18329142AF
:100EE00017D0174A3032914213D0154A48329142F6
:100EF0000FD0134A603291420BD0114A783291429E
:100F000007D00F4A9032914203D00D4AA832914245
:100F100011D1CAB21823103AB2FBF3F26FF30901F0
:100F2000032A02F00703074AD25CC26500D9091DF3
:100F300081650846704721F0FF01F9E71000024083
:100F400010040240500D030830B5224A0123016805
:100F50009142CAB21BD01F4C1434A14217D01D4C71
:100F60002834A14213D01B4C3C34A1420FD0194C61
:100F70005034A1420BD0174C6434A14207D0154C19
:100F80007834A14203D0134C8C34A1420CD11421EB
:100F9000114C083AB2FBF1F10F4A803201F01F0503
:100FA00004EB8101AB4010E00C4D1824103A0D44C5
:100FB000B2FBF4F1A82D00D80831094A01F01F0452
:100FC00002EB8101064AA3408032603080E80E00C7
:100FD00030BD00000854025800580258F0FBFDBF15
:100FE0000008024010B50279531E072B2DD8174C6C
:100FF0000168A1421BD0154C1434A14217D0134CE8
:101000002834A14213D0114C3C34A1420FD00F4CD4
:101010005034A1420BD00D4C6434A14207D00B4C8C
:101020007834A14203D0094C8C34A14203D1084941
:10103000074C443102E00749064C443104EB82027C
:10104000C0E91B2101219940416710BD0854025895
:10105000FC580258FC08024010B583694FF0C07478
:10106000826A0146002053B1B3F5005F15D072B11A
:10107000012A0CD0022A0AD0032A09D104E01AB1AD
:10108000012A06D0022A03D1C96AC90100D501206C
:1010900010BDC96AA142FAD010BD002AF7D0012ABA
:1010A000F2D0022AF3D0032AF3D010BD2DE9F04F7D
:1010B000804E804FDFF8FC911836DFF8F8A14837F2
:1010C0000468856D0AF1300ADFF8ECB14C45DFF8B1
:1010D000ECC1DFF8ECE16DD0B4426BD0544569D07F
:1010E000BC4267D0DFF8D081A8F11808444561D030
:1010F0005C455FD064455DD074455BD0DFF8C4814A
:10110000444557D0DFF8BC8108F11808444551D058
:10111000DFF8B08108F1300844454BD0DFF8A481F6
:1011200008F14808444545D0DFF8988108F1600887
:1011300044453FD0DFF88C8108F17808444539D028
:10114000DFF8808108F19008444533D0DFF87481DE
:1011500008F1A80844452DD0DFF86C81444529D01A
:10116000DFF8648108F11408444523D0DFF8588182
:1011700008F1280844451DD0DFF84C8108F13C08EF
:10118000444517D0DFF8408108F15008444511D09C
:10119000DFF8348108F1640844450BD0DFF828817A
:1011A00008F17808444505D0DFF81C8108F18C0867
:1011B000444509D1D0E91948C4F80480C46E1CB173
:1011C000D0E91C48C4F8048004684C452ED0B442D1
:1011D0002CD054452AD0BC4228D0374E183EB442B9
:1011E00024D05C4522D0644520D074451ED0354EB5
:1011F000B4421BD0334E1836B44217D0314E30367D
:10120000B44213D02F4E4836B4420FD02D4E603624
:10121000B4420BD02B4E7836B44207D0294E9036CC
:10122000B44203D0274EA836B44215D190F85C6082
:101230003F2406F01F06B440AC600468256825F41E
:10124000802525602EE09A600068C160BDE8F08FBF
:1012500099600068C260F9E71B4EB4421BD01A4E79
:101260001436B44217D0184E2836B44213D0164E56
:101270003C36B4420FD0144E5036B4420BD0124E0E
:101280006436B44207D0104E7836B44203D00E4EC6
:101290008C36B442DAD190F85C60012406F01F0667
:1012A000B4406C60046863608368402B0368CFD1EE
:1012B000C9E700001000024088000240A000024080
:1012C000B800024010040240085402587047000061
:1012D0002DE9F04300232E4855214FF0A60C5FF076
:1012E000FA041D464FF07E5603EBC3025B1C02EB73
:1012F00042073A18022BC155A2F80350C2F80B60FE
:10130000C2F80F50C2F81360C2F81750A2F809C013
:10131000A2F80740E8D3DFF87CC0C3270023C82623
:101320004FF07C591A46C3EB021808EB42120244F4
:101330005B1C042B82F83610A2F83B70A2F83960CF
:10134000C2F84590C2F849C0C2F84D50EAD380F8BF
:10135000F510642280F8F610AA23A0F8F3200B25DC
:1013600080F8F2304FF47A77A0F8FB505FF000027B
:10137000A0F8F770A0F8F96000EB4203521C0B2AAA
:10138000A3F8FD40F8D380F81F11BDE8F0830000FA
:1013900074060024CDCCCC3D0D4900200D4A0860D8
:1013A0004FEA0001C1EB011303EB41131344491C45
:1013B000042983F83800F5D35FF0000101EBC10385
:1013C000491C03EB4303134402299870F6D370477A
:1013D0007B00002474060024012003F065BB4FF459
:1013E000006003F061BB022003F05EBB28494FF4AC
:1013F000967210B501F5967007F063F825482649F6
:10140000006888423AD024491831884236D02249AF
:101410003031884232D02049483188422ED01E498E
:10142000603188422AD01C497831884226D01A4936
:101430009031884222D01849A83188421ED01749DD
:1014400088421BD015491831884217D013493031D2
:10145000884213D01149483188420FD00F4960317A
:1014600088420BD00D497831884207D00B49903122
:10147000884203D00949A831884203D1016821F08C
:10148000080102E0016821F00401016010BD0000C4
:10149000441100249813002410000240100402405C
:1014A00072B6FEE7054805490839026842F00202B3
:1014B000026008688004FCD5704700000C480258A0
:1014C000014802F0EDBD00009C0B0024F0B503685C
:1014D0004FF6FC716D4C426BD3F884508D4345EA56
:1014E0008205C3F88450036853F8845F068F25F49F
:1014F0007F0545EA06451D60836B654D9F180268B0
:10150000D2F888308B4343EA8703C2F888300268F8
:1015100052F8883F868F23F4FE0343EA06431360A4
:10152000066856F8A03FC26B8B4307EB420243EAC2
:1015300082033360076857F8A03FB0F8406023F497
:10154000FE0343EA06433B60D0E9103603FB062264
:101550000368D3F8B0608E4346EA8206C3F8B060F1
:101560000368B0F84860D3F8B07027F4FE0747EA84
:101570000646C3F8B060D0E91267036806FB07228D
:10158000D3F8AC608E4346EA8206C3F8AC60D0E97B
:101590001467036806FB0722D3F8F0608E4346EA1F
:1015A0008206C3F8F0600368B0F85860D3F8F070B2
:1015B00027F47C1747EA0646C3F8F0600368876D96
:1015C00053F8C06F02EB47028E4346EA820119606E
:1015D0000168B0F85C20D1F8C03023F47C1343EAF2
:1015E0000242C1F8C020016890F86020D1F8C030F4
:1015F00023F07C5343EA0262C1F8C020416B04EB44
:101600008101C166826B01EB82020267C36B02EB50
:10161000C3024267D0E91034634302EB830282675E
:10162000D0E91234634302EB8302C267D0E9143479
:10163000634302EB8302C0F88020836D02EBC30397
:10164000C0F88430C46D826E544303EB8403C0F849
:101650008830046E544303EB8402C0F89020AA4201
:101660000AD9D0F89C20032142F02002C0F89C2027
:1016700080F898100120F0BD002200E004C1D0F8ED
:1016800090308B42FAD80020F0BD000000AC004042
:10169000FCD30040F0B58E680C69D1E9005744EAEC
:1016A0000604DFB145F080452C43866ED1E906C5BE
:1016B0004F695E4391F8203045EA0C05B1F80CC043
:1016C000D0F884E0002047EA03630C4F1D430EEB83
:1016D000860345EA0C45E3E802450AE044EA85440E
:1016E000E3E71418155C001DD4F8014045EA042412
:1016F00010C3CC683C5D8442F3D8F0BD580D03089C
:1017000030B587B005460024009400F073F9014617
:101710000120B5F1016FCDE9021000D3022005943C
:1017200005A90190684602F0E5FF07B030BD000052
:1017300030B584240D4BCD0744EA002007D0DC6887
:1017400024F4E664DC60DC6814430443DC6089074D
:101750000BD5D3F80C1121F4E661C3F80C11D3F8C2
:101760000C1111430143C3F80C1130BD002000528D
:10177000CB431D4A9B0720D0CB070AD0D36823F068
:101780003003D360D3680343D360D36843F0880346
:10179000D360890710D5D2F80C1121F03001C2F8BE
:1017A0000C11D2F80C110143C2F80C11D2F80C0143
:1017B00040F08800C2F80C017047D16821F0300178
:1017C000D160D2F80C1121F03001C2F80C11D168AF
:1017D0000143D160D2F80C110143C2F80C11906999
:1017E00040F010009061704700200052002A10B5B0
:1017F00009D0002305E000BF10F8014B5B1C01F885
:10180000014B9342F8D310BD2DE9F04704250E4655
:10181000804603F07BFA022E814600D1274DDFF887
:10182000A0A0284C05EA0A0777B3D4F8100125EAEE
:1018300000004000D0B1012E2AD02349D4F8100175
:10184000084040F00040410026D020498A6910EA53
:101850000A0F42EA00028A6101D1606103E020F0D0
:101860000040C4F814010120BDE8F087B8F1FF3F43
:10187000DAD003F04BFAA0EB0901414502D8B8F1E8
:10188000000FD1D10320EFE7206925EA0000D1E75E
:101890000F4920690840D6E7012E4FF4803007D069
:1018A000D4F81011C90301D5C4F814010020DBE7F6
:1018B0002169C903FAD56061F8E7000004000080DF
:1018C000F0FF10E0002000520000EE97D414002436
:1018D0000000EE172DE9F04188B016460F4680460D
:1018E000012080F31088002503F006F84FF0FF3444
:1018F00020B1002080F3108825462EE0404607F0F6
:10190000D7FB30B14046FFF7FBFE10B102F07CFF81
:10191000EFE700241FE020216846FEF787FD301B1B
:1019200000EE100AB8EEC01B9FED130B0AF058FD35
:10193000BCEEC00B3919684610EE102AFEF75DFDAB
:1019400001206A4608EB040102F076FF10B16FF047
:10195000010502E02034A642DDDC02F055FF18B19B
:10196000002080F31088C51E002080F3108808B086
:101970002846BDE8F0810000000000000000404063
:101980002DE9F041002406464AF6AA274FEA04054D
:101990002DED028B9FED148B06EB4410006881B295
:1019A000B94216D1000C2546001D00EE100AB8EE13
:1019B000400B20EE080B0AF067FB01EE104AB8EE70
:1019C000411B30EE010BBCEEC00B10EE100A84B2CE
:1019D000E2E7074806EB451206EB4411C0E90012A6
:1019E000BDEC028BBDE8F081000000000000A03FCC
:1019F000000000240021A0F100634FF40032934264
:101A000045D3A0F10163934241D32249014491425D
:101A100003D321490144914201D2012137E01F49FA
:101A20000144914203D31E490144914201D2022153
:101A30002DE01C490144914203D31B4901449142CA
:101A400001D2032123E019490144914203D31849EB
:101A50000144914201D2042119E016490144914206
:101A600003D315490144914201D205210FE01349E6
:101A70000144914203D312490144914201D206210B
:101A800005E010490144914200D30F49072108465F
:101A9000704700000000FEF70000EEF70000FCF7C2
:101AA0000000ECF70000FAF70000EAF70000F8F792
:101AB0000000E8F70000F6F70000E6F70000F4F792
:101AC0000000E4F70000F2F700001E0870477047BE
:101AD00070477047704700002DE9F0470F4690F8B7
:101AE00050109AB0044601294FF0000915D0002685
:101AF000DFF8F880012084F85000159616962168CA
:101B000041450ED13A4D0095284607F03DFB8246EF
:101B1000206807F039FB60B10EE002201AB0BDE882
:101B2000F087606D84F8506040F02000606501200F
:101B3000F4E7BAF1000F09D0616D4FF0010941F0EF
:101B400020006065484684F85060E7E72068414619
:101B5000884201D0A84201D1264800E0264840F63C
:101B60001F72D7F800C0254BBCF1000F23D0D0F86E
:101B700008C0D7F804802CF4404C4CEA080CC0F89C
:101B800008C0D4F800C08C4501D0AC4507D18968A5
:101B9000AB6801F0010103F00103194302E0996809
:101BA00001F001010029CDD1BD683968836829435E
:101BB0009343194317E0876827F4404787602768F5
:101BC0008F4201D0AF4207D18968AB6801F00101B3
:101BD00003F00103194302E0996801F001010029B3
:101BE000B0D1816891438160ACE7000000200240E1
:101BF00000210240002302400063025800600258A6
:101C00002DE9F84F0446EB4E0020DFF8ACB300900E
:101C1000002794F850000D46DFF8A0A3012808D053
:101C20004FF0010984F85090206807F0A9FA18B124
:101C300071E10220BDE8F88F286800280EDB2168DA
:101C40000303CA6928D090FAA0F0B0FA80F000BF70
:101C500000F01F0309FA03F00243CA61D5E900123C
:101C60004FF00C0C20681F23C1F384610CEA921C16
:101C700002F01F02604493409140026B9A430A4372
:101C80000263206807F07CFA8046206807F074FA47
:101C900058EA000003D08DE0C0F38460D8E72A68DA
:101CA000042320684FF0070CA96803EAD2531844B4
:101CB0004369C2F304520CFA02FC914023EA0C037C
:101CC0000B434361BE490968B9EB117F06D1216816
:101CD0006869C968C1F38201490008E02068C168E9
:101CE000C906C1686869F5D501F010014908884046
:101CF000296904292ED023682A6803EB810102F0A8
:101D0000F8420B6E024303F0004010430866697E00
:101D100022682869012917D05FF0000102EB8000DA
:101D2000026E22F000420A430266297E20682A6978
:101D300001290CD00021036902F01F02914023F415
:101D4000F0420A43026135E04FF00041E6E74FF40C
:101D50000061F0E720682978026E02F0F842B2EBE9
:101D6000816F03D1016E21F000410166206829785E
:101D7000426E02F0F842B2EB816F03D1416E21F066
:101D80000041416620682978826E02F0F842B2EB89
:101D9000816F03D1816E21F000418166206829782E
:101DA000C26E02F0F842B2EB816F03D1C16E21F036
:101DB0000041C1662068816811F0010F72D150F8AE
:101DC000C03F2A7BDFF8FCC1296802F018022CFA18
:101DD00002FCC1F3130823EA08030CEA010C43EAEE
:101DE0000C030360E96859456CD177482268DFF835
:101DF000DCC1DFF8DCB18242DFF8D8E17648774B0E
:101E0000DFF8DC8122D12968614524D0B1EB4C0C8C
:101E100038D0A1F1496CBCF1080C35D0A1F1865C39
:101E2000BCF1100C32D0DFF8BCC1614528D071453F
:101E30003AD0814230D0994232D06B48814201D1B0
:101E40006A4831E041452ED169482DE0B2422AD19D
:101E50002968614501D1012026E0A1F1066CBCF1A1
:101E6000040C0FD0A1F1496CBCF1080C0CD0A1F10D
:101E7000865CBCF1100C09D0DFF868C1614507D160
:101E80005C4811E058460FE05B480DE05B480BE012
:101E9000714509D0814201D1184605E09942D1D15E
:101EA000574801E03CE00020D16903031AD090FAC2
:101EB000A0F0B0FA80F000BF00F01F0309FA03F0B1
:101EC0000143D161D5F800C0BCF1000F28DA3E4BC8
:101ED00020684C49DFF83091984201D0B04203D1DC
:101EE0000A4602E0800EE7E74A469268984202F00E
:101EF000E07201D0B04209D19D68D6F8088005F0A3
:101F0000010508F0010845EA080503E0DAF8085081
:101F100005F001054DB1606D012740F020006065BE
:101F2000002084F85000384684E6384DAC451CD17A
:101F300015021AD45045F3D1984202D0B04200D0D5
:101F400049468B6842F4000023F0E07202438A6045
:101F500030492F480968B1FBF0F04000801C00E0D8
:101F6000401E00900028FBD1DAE72B4DAC450CD188
:101F7000D5010AD45045D3D1984202D0B04200D006
:101F800049468B6842F080700EE0244DAC45C7D1C5
:101F90005502C5D45045C3D1984202D0B04200D0BA
:101FA00049468B6842F4800023F0E07202438A6065
:101FB000B6E70000002102400000FF470060025821
:101FC0000010005CFFFF0F00002002400200300400
:101FD000400020190004002A0008302E0010603252
:101FE0000000844B2000F014000021430000524701
:101FF0000000B84F0002B0258000501D0001802174
:10200000002090360023024000630258000084CB79
:10201000400D0300EC000024000052C70000B8CFC0
:102020002DE9F041284980460068284E884213D1A6
:10203000274F00255FF0000404EB850104EB44000A
:1020400037F8111006EBC0000BF07EF8641C042C6E
:10205000F2D36D1C072DEDD31E49D8F8000088423D
:1020600015D11B4F383700255FF0000404EBC50184
:1020700004EB440006EBC00037F8111060300BF0A1
:1020800063F8641C082CF1D36D1C072DECD31249A6
:10209000D8F80000884215D10D4FA837002500243C
:1020A00004EB850104EB440006EBC00037F8111087
:1020B00000F590700BF048F8641C042CF0D36D1CF4
:1020C000072DECD3BDE8F08100200240140300246A
:1020D0000408002400210240006002587047704745
:1020E0002DE9F05F0446006806684568DFF87082F5
:1020F000DFF870B2DFF87092404501D0484501D159
:10210000584600E09948806800F01F07B0070ED5D8
:10211000A8070CD5606DC00603D4606D40F4006064
:1021200060652046FFF7D2FC216802200860700736
:1021300001D5680703D4300737D5280735D5606D3A
:10214000C00603D4606D40F400706065206807F03D
:102150001FF820B32068484501D1424600E00246FE
:10216000824208D03FB1052F05D0092F03D0484542
:1021700003D1414602E0C16801E00146C968890413
:102180000DD4016809070AD506F0FAFF58B3606D4F
:1021900040F010006065A06D40F00100A065204691
:1021A000FFF73EFF21680C200860B00601D5A806A5
:1021B00003D4700658D5680656D5606DC00603D4A2
:1021C000606D40F4005060652068C16C11F4C07F00
:1021D0001AD000218A4606F0DBFF024620684845F7
:1021E00014D1434613E02068416821F00C0141609E
:1021F000606D20F480706065606DC004CFD4606D48
:1022000040F001006065CAE70121E3E7034683422D
:1022100008D03FB1062F05D0072F03D0484503D182
:10222000414602E0C16801E00146C968BAF1000F09
:1022300014D08B0102D58AB18A040FD402685206E9
:102240000CD589020AD406F097FFE8B3606D40F020
:1022500010006065A06D40F00100A0652046FFF70A
:1022600036FC21686020086030060BD5280609D5A9
:10227000606D40F480306065204600F08DF9216883
:1022800080200860F0050CD5E8050AD5606D40F4A3
:10229000003060652046FFF71CFC21684FF4807019
:1022A0000860B0050CD5A8050AD5606D40F4802003
:1022B00060652046FFF70EFC21684FF4007008604F
:1022C000F00631D5E80600E00AE02DD5206BE8B134
:1022D0002068EFB3404501D0484512D1584611E07F
:1022E0002068416821F060014160606D20F48050F9
:1022F0006065606DC005B1D4606D40F0010060653F
:10230000ACE71A48806800F4404050B1606D40F47A
:1023100080606065A06D40F00200A0652046FFF778
:10232000DEFE216810200860700517D5680515D5F8
:10233000616D4FF4806041F480416165A16D41F0B1
:102340000801A165216808602046BDE8F05F00E053
:1023500001E0FFF7BDBBC0688007D6E7BDE8F09F8E
:102360000020024000230240002102400063025886
:10237000F8B54FF0000604003546009602D0606DB7
:1023800010B107E00120F8BD204600F007F9A6656E
:1023900084F8506020688168C1F3407119B1816888
:1023A000704A1140816020688168C1F3007181B971
:1023B00081686D4A114041F0805181606C496B48E1
:1023C0000968B1FBF0F0401C00E0401E00900028BE
:1023D000FBD120688168C1F3007141B9616D0125AD
:1023E00041F010016165A16D41F00101A16506F0A8
:1023F000C7FE616DC90600D420B1606D012540F0B3
:10240000100093E0606D20F4807040F00200606581
:102410002068816811F0010F1FD1564A564B904237
:1024200001D0984207D191689E6801F0010106F041
:102430000106314303E05149896801F0010161B9A6
:10244000904201D0984201D14D4800E04D48826849
:10245000616822F47C120A43826002F051FC41F26E
:102460000301884202D9A06810280CD0617D227F28
:10247000A368206B490341EA024118430843217FC6
:1024800001290CD010E0607D227F216B400340EADF
:10249000024241F01000104340F00C00EFE7218CA5
:1024A000394A02EB41410843616A29B1A26A01F449
:1024B0007871014342EA01002168344BCA681A402E
:1024C0000243CA60206806F05BFE0646206806F0FC
:1024D00053FE30431DD1216844F20303267DE26A96
:1024E000C86842EA863298431043C86094F83800BE
:1024F00001281ED02068016921F0010101612068D6
:10250000626B016921F07041114301612046FEF7C1
:10251000E3F8E068012820681CD0016B21F00F016E
:102520000163606D20F0020040F001006065284604
:10253000F8BD2068A28F164FD4E9101C154E07EB8A
:102540000247A36C026941EA0C013B433240194344
:102550001143D3E7A269016B521E21F00F01114311
:10256000DEE70000C0FFFF5FC0FFFF7F400D0300FC
:10257000EC000024002002400021024000600258CC
:1025800000230240006302580000FEFF03C0F0FF7A
:102590000100FFFF1EF800FC704700002DE9F04F1E
:1025A00087B0064614216846FDF740FF754A0024AF
:1025B00072480325DFF8D0C14FF4806733680830D4
:1025C00011684FF40069DFF8B4816345DFF8B0E1CA
:1025D0004FF4005A4FF4807B01F1010135D10129FC
:1025E00011600AD1D8F8001041F02001C8F800109D
:1025F000D8F8001001F020010591016841F00101B7
:10260000016000686946029400F0010005900F2007
:10261000CDE90005704602F053FA5C4D4FF0090C0D
:102620005B4B05F10C0128462B60C5E901C481E82C
:10263000900E2C626C6256E0F56400220521AE63B8
:10264000122002F03FFF122092E0DFF848C16345FC
:1026500050D1012911600AD1D8F8001041F02001B1
:10266000C8F80010D8F8001001F0200105910168A9
:1026700041F001010160016801F00101059101686B
:1026800041F004010160016801F004010591016855
:1026900041F00201016000686946029400F0020006
:1026A0000590F020CDE90005704602F009FA3020CF
:1026B0006946CDE900053848029402F001FA009518
:1026C00069463648CDE9015402F0FAF92F4D0A2344
:1026D0002F4A783518321CC5A5F10C0085E8900EFC
:1026E0006C61AC610C3D01F00DF80028A4D0FEF740
:1026F000D7FEA1E72A498B423CD1016841F08071A5
:102700000160016801F080710591016841F00401E8
:10271000016000686946009500F0040005901E48BD
:10272000CDE9015402F0CCF94FF08060014605F08C
:102730004BF84FF00060014605F046F8134D732248
:102740001349F035303116C5A5F10C0085E8900E1F
:102750006C61AC610C3D00F0D5FF08B1FEF7A0FE46
:10276000F56400220521AE637F2002F0ABFE7F20DE
:1027700002F09BFE07B0BDE8F08F0000D84402587D
:10278000000002589400002400200240100A002497
:1027900010000240002102400008025800040258C4
:1027A000006002582DE9F047384E04460068914613
:1027B000DFF8DC808A46B04201D0404501D135497E
:1027C00000E03549896801F01F0506F0D9FC0028B2
:1027D00059D194F85000012855D001204FF000073E
:1027E00084F8500025B1052D02D0092D00D003E05A
:1027F0002046FEF73BF818B184F85070BDE8F0872A
:10280000616D40F6016320689943404541F4807151
:10281000616500D00646864200D01DB9606D20F487
:1028200080106065606DC00404D5A06D20F00600C6
:10283000A06500E0A7651C20E16C184ACA63E26C41
:1028400017491164E26C1749D1642168086084F863
:1028500050702068416841F0100141602068E16AD1
:10286000C26822F003020A43C26021684B46E06C52
:102870005246403101F028F921680B4B8A681A4012
:10288000121D8A60BAE70220B8E70000002002406B
:10289000002102400023024000630258E1070208C1
:1028A0006308020849080208C0FFFF7FF0B504462C
:1028B000C8074FF0000010D01E23012603F01F07A9
:1028C00006FA07F50D4201D15B1EF7D27AB1082A4C
:1028D0000BD0102A06D0182A01D00120F0BD072BFA
:1028E000FBD204E0082BF8D201E0102BF5D22368CC
:1028F000596121688B6823F0180313438B60F0BD86
:1029000070B50446036A022060770020012B0FD0C7
:10291000022B11D0032B12D105E000BF236851F820
:1029200020501D60401C9042F8D32068006806E0EB
:102930002046FEF72BF902E02046FEF70FF90121B1
:10294000617770BD70B5044602206077002023686F
:102950009D6845F001059D60236A012B0ED0022B76
:1029600010D0032B11D104E0236851F820501D60D2
:10297000401C9042F8D32068006806E02046FEF72D
:1029800005F902E02046FEF7E9F80121617770BD04
:1029900010B5040010D0607F20B9002020772046B9
:1029A00000F032F821790220607739B1D4E90212BF
:1029B0002046FFF77BFF48B1012010BD2168114878
:1029C00048612068816821F0180181606079A0B1B8
:1029D000216820690861012220686369816821F00B
:1029E0006001194381602068A369816821F080013A
:1029F000194381606277002010BD21684FF0FF30DD
:102A0000E8E70000B71DC10408B500680649884220
:102A100008D10648016841F400210160006800F413
:102A20000020009008BD0000004C0258E04402580D
:102A30002DE9F84F044602F069F900903CB194F892
:102A40003500022806D0802161650020E4E00120E5
:102A5000BDE8F88FC74DC74EC649183520683036D7
:102A6000DFF81483DFF814938842DFF814A3DFF84B
:102A700014B32ED0A8422CD0B0422AD0404528D042
:102A8000484526D0504524D0584522D0BD4A18325A
:102A900090421ED0BC4A90421BD0BB4A1832904292
:102AA00017D0B94A3032904213D0B74A48329042D8
:102AB0000FD0B54A603290420BD0B34A7832904280
:102AC00007D0B14A9032904203D0AF4AA832904228
:102AD00009D1026822F01E0202602068426922F0D9
:102AE0008002426103E0026822F00E020260276861
:102AF0008F4238464DD0A8424BD0B04249D04045D5
:102B000047D0484545D0504543D0584541D09D4ACF
:102B1000183290423DD09C4A90423AD09A4A18329C
:102B2000904236D0984A3032904232D0964A48325B
:102B300090422ED0944A603290422AD0924A783203
:102B4000904226D0904A9032904222D08E4AA832AB
:102B500090421ED08D4A90421BD08C4A1432904233
:102B600017D08A4A2832904213D0884A3C32904289
:102B70000FD0864A503290420BD0844A6432904241
:102B800007D0824A7832904203D0804A8C329742F2
:102B900004D1206E026822F48072026075492068B8
:102BA000884228D0A84226D0B04224D0404522D026
:102BB000484520D050451ED058451CD07149183189
:102BC000884218D07049884215D06F491831884220
:102BD00011D06D49303188420DD06B49483188425F
:102BE00009D069496031884205D067497831884207
:102BF00001D065499031016821F0010101600EE0CA
:102C000002F084F80099401A052808D9202262654C
:102C10000321002084F8351084F8340017E7386861
:102C2000C007EDD1534A0121206890422ED0A8421E
:102C30002CD0B0422AD0404528D0484526D0504517
:102C400024D0584522D04F4B183398421ED04E4BBB
:102C500098421BD04C4B1833984217D04A4B303314
:102C6000984213D0484B483398420FD0464B6033BC
:102C700098420BD0444B7833984207D0424B903364
:102C8000984203D0404BA833984208D194F85C7026
:102C90003F23A06D07F01F07BB40836007E094F857
:102CA0005C30A06D03F01F0301FA03F3436020685A
:102CB00090424DD0A8424BD0B04249D0404547D079
:102CC000484545D0504543D0584541D02D4A18324B
:102CD00090423DD02C4A90423AD02B4A1832904232
:102CE00036D0294A3032904232D0274A4832904278
:102CF0002ED0254A603290422AD0234A7832904220
:102D000026D0214A9032904222D01F4AA8329042C7
:102D10001ED01E4A90421BD01C4A1432904217D03B
:102D20001A4A2832904213D0184A3C3290420FD0AF
:102D3000164A503290420BD0144A6432904207D067
:102D4000124A7832904203D0104A8C3290420BD112
:102D5000D4E919024260E06E30B1026822F4807258
:102D60000260D4E91C024260002084F8351084F827
:102D700034006DE61000024058000240700002402E
:102D800088000240A000024010040240085402588B
:102D90002DE9F05F28B190F83510022904D0802188
:102DA00041650120BDE8F09F904C904B0168183CB4
:102DB00018338E4ADFF83C92A1428D4CDFF838E29E
:102DC0008E4FDFF83CB2DFF83CA28F4D8F4E31D0F2
:102DD00091422FD099422DD0A1422BD0494529D0E4
:102DE000714527D0B94225D0DFF810C20CF1180C7C
:102DF00061451FD0DFF808C2ACF1600C614519D005
:102E0000DFF8FCC1ACF1480C614513D0DFF8F0C12C
:102E1000ACF1300C61450DD0DFF8E4C1ACF1180C19
:102E2000614507D0594505D0514503D0A94201D08D
:102E3000B1422CD1DFF8B4C14FF0040880F83580DE
:102E4000ACF1180C61451DD091421BD0994219D0AC
:102E5000A14217D0494515D0714513D0B94211D0C0
:102E60006648183081420DD065486038814209D0EB
:102E700063484838814205D061483038814201D0EA
:102E80005F481838086820F001000860ABE0D1F80E
:102E900000C02CF00E08DFF854C1C1F80080ACF17E
:102EA000180C0168614527D0914225D0994223D062
:102EB000A14221D049451FD071451DD0B9421BD038
:102EC000DFF838C10CF1180C614515D0DFF830C1BE
:102ED000ACF1600C61450FD0DFF824C1ACF1480CB7
:102EE000614509D0DFF818C1ACF1300C614503D061
:102EF000DFF80CC1ACF1180CD1F800C02CF0010CBB
:102F0000C1F800C0DFF8E4804FF0010C0168A8F1BF
:102F10001808414546D0914244D0994242D0A1423E
:102F200040D049453ED071453CD0B9423AD0334AB1
:102F30001832914236D0324A603A914232D0304A09
:102F4000483A91422ED02E4A303A91422AD02C4A09
:102F5000183A914226D0594524D0514522D0A94251
:102F600020D0B1421ED02A4A91421BD0284A1432A6
:102F7000914217D0264A2832914213D0244A3C323B
:102F800091420FD0224A503291420BD0204A6432F3
:102F9000914207D01E4A7832914203D01C4A8C32AB
:102FA000914218D1016E0A6822F480720A6090F88A
:102FB0005C20816D02F01F020CFA02F24A60D0E937
:102FC00019124A60C16E31B10A6822F480720A6037
:102FD000D0E91C124A600022016D80F835C080F8EB
:102FE000342001B188470020DCE6000028000240C0
:102FF000580002407000024088000240A0000240D9
:103000007004024088040240A0040240B804024058
:103010000854025890F83500704700002DE9FC5F15
:103020000446F74E0020DFF8D88300904FF4165284
:10303000F44808F11808A56DDFF8C493DFF8C0A3C1
:10304000016809F1300920680AF1480AB1FBF2F180
:10305000B04201912F68D5F800C0DFF8ACB335D08D
:103060004146884232D0484530D050452ED0584550
:103070002CD0E5491831884228D0E34930318842C4
:1030800024D0E1494831884220D0E04988421DD00F
:10309000DE491831884219D0DC493031884215D0D8
:1030A000DA494831884211D0DFF860E30EF1600E52
:1030B00070450BD0D54A7832904207D0D34B90332D
:1030C000984203D0D149A83188427DD194F85C2040
:1030D000082102F01F0201FA02F23A424AD0B0423D
:1030E00032D0404530D048452ED050452CD05845A0
:1030F0002AD0C54A1832904226D0C34A3032904274
:1031000022D0C14A483290421ED0C04A90421BD0C1
:10311000BE4A1832904217D0BC4A3032904213D087
:10312000BA4A483290420FD0B84A603290420BD02F
:10313000B64A7832904207D0B44A9032904203D0D7
:10314000B24AA832904203D1026802F0040202E0BF
:10315000026802F008026AB1026822F0040202600A
:1031600094F85C0000F01F008140A960606D40F0A1
:103170000100606594F85C00012100F01F008140AF
:10318000394240D02068B04234D0404532D0484522
:1031900030D050452ED058452CD09B4A1832904202
:1031A00028D0994A3032904224D0974A48329042EF
:1031B00020D0964A90421DD0944A1832904219D09D
:1031C000924A3032904200E0AFE113D08F4A483249
:1031D00090420FD08D4A603290420BD08B4A7832A9
:1031E000904207D0894A9032904203D0874AA83251
:1031F00090427DD1406910F0800F04D0A960606DCD
:1032000040F00200606594F85C00042100F01F00AB
:10321000814039423ED02068B04232D0404530D063
:1032200048452ED050452CD058452AD0764A1832E1
:10323000904226D0744A3032904222D0724A4832AC
:1032400090421ED0714A90421BD0704A1832904270
:1032500017D06E4A3032904213D06C4A48329042B6
:103260000FD06A4A603290420BD0684A783290425E
:1032700007D0664A9032904203D0644AA832904206
:103280004ED1006810F0020F04D0A960606D40F0CC
:103290000400606594F85C00102100F01F0081407C
:1032A000394258D02068B04234D0404532D04845E9
:1032B00030D050452ED058452CD0534A1832904229
:1032C00028D0514A3032904224D04F4A483290425E
:1032D00020D04E4A90421DD04C4A1832904219D00C
:1032E0004A4A3032904215D0484A4832904200E073
:1032F00014E00FD0454A603290420BD0434A7832F6
:10330000904207D0414A9032904203D03F4AA832BF
:10331000904207D1006800F0080006E0006872E7FC
:103320000068B7E7006800F00400A0B1A960206859
:103330000168490304D50068000308D5A16C07E0C3
:103340000168C90503D4016821F008010160216CFE
:1033500009B12046884794F85C00202100F01F0046
:103360008140394279D02068B04232D0404530D0D7
:1033700048452ED050452CD058452AD0224A1832E4
:10338000904226D0204A3032904222D01E4A483203
:1033900090421ED01D4A90421BD01C4A18329042C7
:1033A00017D01A4A3032904213D0184A483290420D
:1033B0000FD0164A603290420BD0144A78329042B5
:1033C00007D0124A9032904203D0104AA83290425D
:1033D00003D1006800F0100002E0006800F0020075
:1033E000B0B3A96094F835000428206801680FD0B4
:1033F00049037ED5006800032BD4616C2AE00000ED
:1034000010000240EC000024700002401004024052
:1034100021F0160101602068416921F080014161BD
:10342000206C08B9A06C20B12068016821F0080167
:10343000016094F85C303F21012003F01F0300225B
:103440009940A96084F8350084F83420216D65E046
:1034500003E0E16B09B120468847606D00287DD00C
:10346000606DC00759D02068042184F83510B0423F
:103470002BD0404529D0484527D0504525D0584528
:1034800023D09D49884220D09B49183188421CD0C6
:1034900099493031884218D09849884215D09749C7
:1034A0001831884211D09549303188420DD0934966
:1034B0004831884209D091496031884205D08F490E
:1034C0007831884201D08D499031016821F00101A5
:1034D000016020680099019A491C0091914202D82C
:1034E0000168C907F6D10068C00710D003200FE0BB
:1034F000FFE70168C905ACD403680121002223F06D
:103500001003036084F8351084F83420A1E701200B
:1035100084F83500002084F83400E16C00291DD0C7
:1035200002B02046BDE8F05F0847754988421DD0CB
:1035300073491431884219D071492831884215D015
:103540006F493C31884211D06D49503188420DD0CD
:103550006B496431884209D0694900E084E07831E0
:10356000884203D066498C3188427DD194F85C80D2
:103570000427016808F01F0807FA08F717EA0C0F7C
:10358000009746D04F0744D500980F04686003D5D4
:10359000C8033CD4A16CC1E7880638D42068B04287
:1035A0002DD055496039884229D0484527D050450B
:1035B00025D0584523D05049884220D04E49183153
:1035C00088421CD04C493031884218D04B4988423F
:1035D00015D04A491831884211D0484930318842C3
:1035E0000DD046494831884209D0704507D09042F5
:1035F00005D0984203D04149A831884203D10168DF
:1036000021F0080102E0016821F004010160216C51
:1036100084E7022707FA08F717EA0C0F00974ED045
:103620008F074CD500980F04686003D5C80344D4B5
:10363000616C73E7880640D42068B0422FD02E49D1
:10364000603988422BD0484529D0504527D058456D
:1036500025D02949884222D02749183188421ED0D6
:1036600025493031884200E044E018D0234988429F
:1036700015D022491831884211D020493031884272
:103680000DD01E494831884209D0704507D090427C
:1036900005D0984203D01949A831884203D1016866
:1036A00021F0140102E0016821F00A01016001210A
:1036B00084F83510002084F83400E16B2EE70822EE
:1036C00002FA08F212EA0C0F14D0090712D50168A9
:1036D00021F00E01016094F85C100120002201F03D
:1036E0001F0100FA01F16960606584F8350084F813
:1036F000342012E7BDE8FC9F88000240100402401D
:10370000085402582DE9F05F044601F0FFFA002C3E
:1037100007467DD0E34E022120684FF00308DFF812
:1037200088934FF00005DFF884A3B042DFF880B340
:1037300034D0DC4A1832904230D048452ED0504523
:103740002CD058452AD0DA4A1832904226D0D84A8E
:103750003032904222D0D64A483290421ED0D54ACA
:1037600090421BD0D34A1832904217D0D14A3032FF
:10377000904213D0CF4A483290420FD0CD4A6032A7
:1037800090420BD0CB4A7832904207D0C94A90324F
:10379000904203D0C74AA83290427DD184F83510B8
:1037A000B04284F834502ED0BE49183188422AD015
:1037B000484528D0504526D0584524D0BC4918311A
:1037C000884220D0BA49303188421CD0B8494831AB
:1037D000884218D0B749884215D0B6491831884276
:1037E00011D0B449303188420DD0B24948318842B5
:1037F00009D0B0496031884205D0AE49783188425D
:1038000001D0AC499031016821F00101016008E06C
:1038100027E100BF01F07AFAC01B052801D9202159
:103820001CE120680068C007F4D104F10800216899
:10383000D4E9053C8E4685C809681043D4E90728B9
:103840001F43636A38439C4F40EA0C0010433940E1
:1038500040EA0800042B40EA010003D1D4E90B122E
:1038600011430843954909686FF30F01B1F1005FF7
:103870000FD36168A1F12902052A08D9163A032A53
:1038800005D9083A012A02D94F39032901D840F451
:103890008010CEF8000000E023E02068676A4069ED
:1038A000042F20F0070047EA00070DD1D4E90A01F0
:1038B000074349B12046FDF7CFFB28B140206065A2
:1038C000012184F83510CCE0206847612046FDF7DF
:1038D000E1FA94F85C203F2102F01F0291408160E0
:1038E00054E0774A90421BD0754B1433984217D05E
:1038F000734B2833984213D0714B3C3398420FD00E
:103900006F4B503398420BD06D4B6433984207D0C5
:103910006B4B7833984203D0694B8C3398427DD1FE
:1039200084F8351084F83450664B0168A26801EAC7
:10393000030E402A73D0802A72D00022D4E9037883
:10394000D4E9053142EAD70242EAD8085C4AD4E910
:10395000077C48EAD30848EAD10141EAD70152423C
:1039600041EA1C11142341EA0E0101602068104451
:10397000B0FBF3F08000E0652046FDF78BFA94F889
:103980005C20012102F01F02914041602068B0429A
:1039900057D044491831884253D0484551D05045FA
:1039A0004FD058454DD042491831884249D04049FE
:1039B0003031884245D03E494831884241D03D4966
:1039C00088423ED03B49183188423AD0394930319B
:1039D000884236D037494831884232D03549603143
:1039E00088422ED03349783188422AD031499031EB
:1039F000884226D02F49A831884222D030498842B7
:103A00001FD02F49143188421BD02D4928318842BC
:103A100017D02B493C31884213D002E01DE017E05B
:103A200018E02749503188420BD02549643188423B
:103A300007D023497831884203D021498C3188420C
:103A400029D12046FDF780FAA06880280CD00CE030
:103A5000102273E74FF4804270E74021616584F8DB
:103A600035800120BDE8F09F6560216E20790860F7
:103A7000D4E9190141606068401E072808D8204633
:103A8000FDF7B0FAE06E0560D4E91C01416002E088
:103A9000E566256765670120656584F835000020C7
:103AA000E0E70000100002404000024058000240E1
:103AB00070000240100402403F8010FE0010005CC5
:103AC000085402580F00FEFF2DE9F84F04008C4601
:103AD0004FF00000009014D094F83400012812D068
:103AE00094F835500120002184F83400012D0CD0C9
:103AF000C00260650120009084F834100098BDE891
:103B0000F88F0120FBE70220F9E78C4D02262068A0
:103B100084F83560A8428A4D61658A4E8A4FDFF885
:103B20002C82DFF82C92DFF82CA2DFF82CB226D002
:103B3000A84224D0B04222D0B84220D040451ED066
:103B400048451CD050451AD0584518D08349884262
:103B500015D082491831884211D0804930318842CD
:103B60000DD07E494831884209D07C496031884275
:103B700005D07A497831884201D07849903101687E
:103B800021F00101016061462046FDF78FFA6B4983
:103B9000206888422CD0A8422AD0B04228D0B8420F
:103BA00026D0404524D0484522D0504520D0584505
:103BB0001ED06A4A90421BD0684A1832904217D0F1
:103BC000664A3032904213D0644A483290420FD055
:103BD000624A603290420BD0604A7832904207D0FD
:103BE0005E4A9032904203D05C4AA83290420CD197
:103BF000026822F01E0242F016020260206C88B1B8
:103C00002068026842F008020BE0026822F00E020F
:103C100042F00A020260206C20B12068026842F083
:103C200004020260206888424BD0A84249D0B042CA
:103C300047D0B84245D0404543D0484541D0504593
:103C40003FD058453DD0454A90423AD0434A183279
:103C5000904236D0414A3032904232D03F4A4832C8
:103C600090422ED03D4A603290422AD03B4A783270
:103C7000904226D0394A9032904222D0374AA83218
:103C800090421ED0364A90421BD0354A14329042A0
:103C900017D0334A2832904213D0314A3C329042F6
:103CA0000FD02F4A503290420BD02D4A64329042AE
:103CB00007D02B4A7832904203D0294A8C32904266
:103CC0000DD1206E0268D20303D5026842F48072DF
:103CD0000260E06E18B1026842F4807202602068EF
:103CE000884226D0A84224D0B04222D0B84220D068
:103CF00040451ED048451CD050451AD0584518D0D4
:103D00001649884215D015491831884211D01349F7
:103D1000303188420DD011494831884209D00F49CD
:103D20006031884205D00D497831884201D00B4975
:103D30009031016841F001010160DFE610000240AE
:103D4000280002404000024058000240700002403B
:103D500088000240A0000240B80002401004024067
:103D60000854025810B590F89830012B09D0022B56
:103D700007D0D0F89C1041F00201C0F89C1001203F
:103D800010BD03689C6D0C4203D1DC6D44F001044E
:103D900004E09C6D31EA04041FD00324DC658B052C
:103DA00005D50368D3F8E0401443C3F8E0404B0561
:103DB00005D50368D3F8E4401443C3F8E440006831
:103DC000084A01EA0203446D074A1C43446510682F
:103DD00040EA91701060002010BDDC6D44F00204D8
:103DE000DCE70000FFFFCF3F14A8004070B5044699
:103DF00090F89800022804D0D4F89C0040F0080005
:103E00000DE02068D0F8C03013F07C5F0BD0D0F804
:103E1000C4309B020CD5D4F89C0040F40070C4F868
:103E20009C00012070BDD4F89C0040F02000F6E713
:103E3000D0F8C400C0F3044520462B46FDF72AFC09
:103E400021680120A840C1F8D000C4F894000020E7
:103E500070BD704770B590F89820012A09D0022AE9
:103E600007D0D0F89C1041F00201C0F89C1001204E
:103E700070BD0B68CA6883B10B69072A43EA4273B5
:103E800025D00C7A4A6942EA84724968006F00EBD7
:103E9000C100C0E90032002070BD072A0DD00C7AA5
:103EA000D6060D8A4B6943EA847246EA0543C06E22
:103EB00049681A4340F82120EDE70B8A4FF060551E
:103EC000D1E9062442EA034245EA0423EFE78A697E
:103ED000DBE730B590F89850039C012D07D0D0F85F
:103EE0009C1041F00401C0F89C10012030BD0D0170
:103EF000016845EA820040EA43002043C1F880009F
:103F0000002030BD00F001B87047D0F89C00704729
:103F1000F0B590F898500024022D04D0D0F89C10F1
:103F200041F0080129E0402905D0412929D0056D3B
:103F30008D4219D942E00568D5F8A06016F4FE0F4D
:103F400012D0D5F8A460760613D0D5F8A460F60197
:103F500005D5D5F8A06016F0004F00D50124D5F89E
:103F6000A470466F456C24E0D0F89C1041F020010D
:103F700003E0D0F89C1041F48071C0F89C1001203F
:103F8000F0BD0568D5F8B06016F4FE0FECD0D5F89A
:103F9000B4607606EDD0D5F8B460F60105D5D5F855
:103FA000B06016F0004F00D50124D5F8B470866FCC
:103FB000C56CC7F305273C44654302E0456DC66FF9
:103FC0004D4306EB85052E6816F0804656602E6838
:103FD00036D026F060461660D5F800C000262E4F79
:103FE0000CF0005CC2F808C0D5F800C00CF0004C22
:103FF000C2F810C0B5F804C01FFA8CFCC2F81CC08F
:10400000D5F804C0CCF3034CC2F80CC0D5F804C0FA
:104010000CF4801CC2F814C0D5F804C00CF4001CC9
:10402000C2F818C0D5F804C0CCF3066CC2F820C0A2
:10403000D5F804C008354FEADC7CC2F824C008E09B
:10404000C6F38A46C7E700BF15F806C003F806C0E6
:10405000761CD2F80CC017F80CC0B445F4D840292F
:104060000AD041290CD020294FF001020CD200685F
:104070008A40C0F898200DE00068C0F8A84009E028
:104080000068C0F8B84005E0006801F01F018A40F0
:10409000C0F89C200020F0BD580D030870470000B8
:1040A0002DE9FF5FDFF80CB304460BF10401DBF8E8
:1040B000000025680F68AA468007D5F85090696D02
:1040C000D5F850806E6D2A6DD5F854C02B6D00EA7E
:1040D0008770009009F470496F6D286D01EA09013D
:1040E0000191DAF85410DAF85490DAF8505008F0E8
:1040F0000F0806EA0806029602F0F00203F0715378
:104100006FEA09061F4000F060700CEA020CCDF85F
:104110000CC0F20501EA00090CD4E843C00509D43B
:1041200000214FF48073CAF85030CBF800102046BD
:10413000FFF7B4FF700512D4E84340050FD42068A0
:1041400000234FF48068D0F8DC20D0F8E410C0F8E9
:104150005080CBF800301140204600F0C7FADFF85D
:1041600058A2009850B12268830F00EA0A00106537
:10417000CBF8003020460099FFF76BFE019850B154
:104180002268830F00EA0A001065CBF80030204651
:10419000019900F0ADFA029850B12268830F00EA4D
:1041A0000A001065CBF800302046029900F068FA4A
:1041B000039850B12268830F00EA0A001065CBF81B
:1041C00000302046039900F071FA30050CD4E84322
:1041D000000509D4236800204FF400621A65CBF86B
:1041E0000000204600F085FAB00512D4E8438005AF
:1041F0000FD4206800234FF40078D0F8D820D0F8EE
:10420000E010C0F85080CBF800301140204600F09C
:104210006EFA30030CD4E843000309D4236800206D
:104220004FF400221A65CBF80000204600F026FA71
:10423000F0030CD4E843C00309D4236800204FF4F2
:1042400080321A65CBF80000204600F04EFA700369
:104250000CD4E843400309D4226800204FF48023A3
:104260001365CBF80000204600F03EFAB0030FD4EF
:10427000E84380030CD4236800204FF400321A6511
:10428000CBF80000D4F89C0040F08000C4F89C00FB
:10429000B9F1000F0BD022684FEA997309EA0A00BE
:1042A0001065CBF8003049462046FFF72DFE5FB180
:1042B0002268BB0F07EA0A001065CBF80030D4F87B
:1042C0009C003843C4F89C003C492068884268D16F
:1042D000606881468068800763D0D9F82060D9F88B
:1042E0002410D9F82080D9F82400D9F820C0D9F8B2
:1042F0002470D9F82030D9F82450D9F8202003F4BC
:10430000FC4306F00F0AD9F824601D40D9F824B008
:1043100008F030080CF4C07C02F4F02211EA0A0123
:1043200000EA080807EA0C0706EA0206D9F820A006
:1043300004D0C9F82010204600F0D3F9B8F10000ED
:1043400005D0616808624146204600F0CCF96FEA6A
:104350000B0040060ED46FEA0A0040060AD46068DB
:104360004021C36BC26B01622046190C02F03F0270
:1043700000F0B8F92FB1606807623946204600F0B6
:10438000AFF935B160680562D4F89C002843C4F8E1
:104390009C0036B160680662D4F89C003043C4F8D3
:1043A0009C00D4F89C00002802D02046FFF7AAFD0C
:1043B000BDE8FF9F10A80040FFFFCF3F00A00040D6
:1043C0002DE9F04194B08D494C2204466846FCF733
:1043D00014F864B18A4D2068A84202D100F58070BB
:1043E000606094F898004FF0000820B108E00120C8
:1043F00014B0BDE8F081204684F8998000F002F9FD
:104400002068816921F01001816100F07FFC0327A1
:10441000064604E000F07AFC801B0A2811D82068C8
:1044200080690007F6D42068816941F0010181614B
:1044300000F06CFC06460DE000F068FC801B0A28CA
:1044400008D9D4F89C0040F00100C4F89C0084F81E
:104450009870CCE720688069C007EDD0206881693A
:1044600041F002018161207C01282068816937D0F8
:1044700041F040018161607C01282068816932D06F
:1044800021F480418161A07C0128206881692DD0C0
:1044900041F4805181612068A268816921F44071F2
:1044A000114381612068816921F0A4018161206844
:1044B000016921F010010161E068012819D010B3F1
:1044C00002281BD02068816941F080018161206849
:1044D000016941F010010161E06803280ED012E08B
:1044E00021F04001C6E741F48041CBE721F480513F
:1044F000D0E72068816941F0040103E02068816908
:1045000041F020018161207E6FF0FF02D4E9077342
:10451000A68A1102400602EB0727A0F1007038437B
:1045200027685B1E184301EB06463043F861A0681C
:10453000B0F5407F11D104F12800A68C6FF00F0C6C
:1045400089C801EB0641401E02EB0322104322689A
:104550000CEB071318430843D060206E30B120687D
:10456000626ED0F8C0101143C0F8C010D4E9171221
:104570006846D14209D02168A36E51F8C82F50F87F
:10458000233022F007021A430A60216C49B12168E6
:10459000626C51F8BC3F50F8226023F007023243AE
:1045A0000A60A16C51B12168E36C51F8BC2F50F83E
:1045B000233022F0700242EA03120A60216D51B1E9
:1045C0002168626D51F8BC3F50F8220023F4E0628C
:1045D00042EA002008602068A84204D1606881682F
:1045E00021F003018160C4F894800121C4F89C800B
:1045F00084F898102046FCF769FFF9E6680D030877
:1046000000A0004010B586B0044614216846FBF7B0
:104610000DFF17492068884228D11648016841F4E7
:1046200080710160006800F48070059011480C38BA
:10463000016841F00101016000680923022200F0D5
:104640000100059000204FF4C05100916946CDE96A
:104650000120CDE90303084800F032FA00220521C9
:10466000132000F02FFF132000F01FFF06B010BD35
:1046700000A00040EC4402580000025870470000BF
:10468000094B402110B5A3F13404221DFFF740FC73
:104690006068B0F5926F06D1208ABDE8104081B203
:1046A00001480AF0E9BE10BD700C0024704790F874
:1046B0009810012907D0D0F89C1041F00401C0F8EF
:1046C0009C1001207047022180F898100022016898
:1046D0008B6923F001038B61C0F89C201046704762
:1046E0007047704770477047704770477047704712
:1046F000704770472DE9F05F044641488846002620
:10470000017D01291AD0012202758146B246C0F806
:1047100018A02079C00706D001214CF25030FDF7D7
:1047200073F800B10126207980070AD502214CF2E6
:104730005030FDF769F820B101265DE00220BDE8A8
:10474000F09F6EBB20682F4D012807D04FF0FF313E
:10475000C8F80010A76840F2047B48E0616820694F
:10476000FDF706F82079C0070AD001214CF250303D
:10477000FDF74AF800B10126E86820F00800E8607B
:104780002079800738D502214CF25030FDF73CF8F3
:1047900000B10126D5F80C0120F00800C5F80C0185
:1047A0002AE0226938466168FCF7C2FF2079C00719
:1047B00009D001214CF25030FDF726F8E968064691
:1047C00021EA0B01E960207980070BD502214CF228
:1047D0005030FDF719F8D5F80C11064621EA0B0107
:1047E000C5F80C1116B1C8F8007005E07F1CD4E9BB
:1047F00002010844B842D4D8304689F814A09EE794
:10480000D4140024002000520A48C16841F001017C
:10481000C160C168C9070BD0D0F80C1141F001018B
:10482000C0F80C11D0F80C01C00701D0002070476F
:1048300001207047002000522DE9F05F2C481446FB
:1048400008250E46027D012A08D001230375A1F137
:1048500000621F05BA4204D2012707E00220BDE82A
:10486000F09FA6F10161B9420DD202274FF0000A74
:104870008146C0F818A04CF2503B39465846FCF728
:10488000C3FF10B127E00120E9E7DFF86880012FBE
:10489000404623D0D0F80C1141F00201C0F80C11B1
:1048A000BFF36F8FBFF34F8F01CC6D1E15F0FF0567
:1048B00001C6F9D1BFF36F8FBFF34F8F394658460A
:1048C000FCF7A2FF012F41460DD0D1F80C2122F0B8
:1048D0000202C1F80C2189F814A0C0E7C16841F0B8
:1048E0000201C160DCE7CA6822F00202CA60F2E796
:1048F000D4140024002000520D480E4A0E49C3680B
:10490000DB0704D042604160C368DB070BD1D0F8FD
:104910000C31DB0709D0C0F80421C0F80411D0F82D
:104920000C01C00701D00120704700207047000033
:104930000020005223016745AB89EFCD70B50228F6
:104940002DED028B9FED4D8A31D0012839D04FF4E7
:10495000006188427ED14A4D95F8F500AA2879D1A8
:1049600040F2E630401EFDD2464E304600F0BEF921
:1049700000287FD0444CB4F80D00A4F81300D4F8FC
:104980000F00C4F815000D340BF0F6FF3F49C4F8D2
:1049900002000968496A89B22180A2680D3C801A28
:1049A00041281DD900EE100A9FED391B20E00020A0
:1049B00005F02CFC0020B0EE480A05F0EDFA0020CE
:1049C00008E0012005F022FC0120B0EE480A05F0C5
:1049D000E3FA0120BDEC028BBDE8704004F0B8BBE7
:1049E000B4F813009FED2C1B081A80B200EE100AD9
:1049F000227803214FF48023B8EE400B04EB8202AF
:104A000081EE002BB7EEC20B10EE100AC2F80100C7
:104A10002078401CC0B2B0FBF1F201FB1200204A2A
:104A20002070002004EB8001D1F80110114499425C
:104A300008D8401C0328F5D32878AA2814D0E87E8B
:104A4000AA2811D0174800224FF4004100F053F972
:104A5000002200E00EE0BDEC028B30464FF4806196
:104A6000BDE8704000F047B9BDEC028BBDE8704076
:104A700005F09EBDBDEC028B70BD00000000000083
:104A80007406002400040258900200247C0E0024C6
:104A90000000000000408F400000000080842E4194
:104AA0000000BABD000002584FF0B04110B5D1F877
:104AB0008820024203D0C1F88800FFF73FFF10BDF5
:104AC0002DE9F84F03247D4D00234FF001094FF0ED
:104AD000B04B4FF00F0AE9E009FA03F73A4076D0FD
:104AE0000E7906F00306012E01D0022E18D1D0F85F
:104AF00008C04FEA430ECE6804FA0EF82CEA080C00
:104B000006FA0EF646EA0C068660D0F804C00E7966
:104B10002CEA070CC6F300169E4046EA0C064660D7
:104B20000E79F643B6070BD0C6684FEA43088F6884
:104B300004FA08FC26EA0C0607FA08F73743C760B0
:104B40000E7906F00306022E12D1DE080F694FEA35
:104B5000437C00EB8606B646366A4FEADC6C0AFAFE
:104B60000CF807FA0CF726EA08063743CEF820704F
:104B70000F7906684FEA430807F0030704FA08FCB8
:104B800007FA08F726EA0C06374307604E6816F462
:104B9000403F1CD04A4E376847F0020737603668FE
:104BA0009F0706F00206009623F0030606F1B046C2
:104BB000B6463F0FD6F80864DFF808810AFA07FC0A
:104BC000404526EA0C0603D14FF0000C41E06CE0B2
:104BD000DFF8F4C0604502D14FF0010C39E0DFF896
:104BE000ECC0604502D14FF0020C32E0DFF8E0C0CB
:104BF000604502D14FF0030C2BE0DFF8D8C06045D0
:104C000002D14FF0040C24E0DFF8CCC0604502D1A3
:104C10004FF0050C1DE0DFF8C4C0604502D14FF035
:104C2000060C16E0DFF8B8C0604502D14FF0070C63
:104C30000FE0DFF8B0C0604502D14FF0080C08E08B
:104C4000DFF8A4C0604502D14FF0090C01E04FF03D
:104C50000A0C0CFA07FC4CEA060CCEF808C44F68A4
:104C6000DBF80060FF0226EA020600D516435F4625
:104C7000CBF80060D1F804C0DBF804605FEA8C2C4C
:104C800026EA020600D516437E606E684F6826EA63
:104C90000206BF0300D516436E602E684F6826EAF1
:104CA0000206FF0300D516432E605B1C0A6832FA29
:104CB00003F67FF411AFBDE8F88F000080000058C4
:104CC000F444025800000258000402580008025838
:104CD000000C025800100258001402580018025824
:104CE000001C0258002002580024025800690840A5
:104CF00000D0012070470AB1816170470904FBE7C9
:104D000001480068000C70470010005C0148806892
:104D100070470000E000002430B590F84120202AC0
:104D200024D190F84020012A20D0012380F840307F
:104D3000242280F84120202300240268156825F0F1
:104D4000010515600268156825F480551560026834
:104D500015680D43156001680A6842F001020A6097
:104D600080F8413080F84040002030BD022030BD46
:104D700030B590F84120202A22D190F84020012A15
:104D80001ED0012380F84030242280F841202024C6
:104D900000250268136823F001031360026813689A
:104DA00023F4706343EA0121116001680A6842F04C
:104DB00001020A6080F8414080F84050002030BD78
:104DC000022030BD70B5040004D094F841000025E5
:104DD00010B106E0012070BD204684F8405000F07C
:104DE00035FA242084F841002068016821F001018F
:104DF0000160D4E9001020F07060086120688168CB
:104E000021F400418160E06821680128A06830D069
:104E100040F404408860E0680228206841682BD094
:104E200021F40061416020682021154A4368134342
:104E300043602068C26822F40042C26054F8106BDC
:104E40000DCC104340EA0320F06054F81C3CD4E938
:104E500000021043186054F81C0D026842F0010271
:104E60000260656484F84110256384F84250002094
:104E700070BD40F40040CDE741F40061D2E700008E
:104E8000008000022DE9F84F044690F841001F46CB
:104E90009046DDF828A08B4620287ED194F840006B
:104EA00001287AD0012084F84000FFF72FFF01226B
:104EB000064619230090D103204604F00DF8E0BB0C
:104EC0000025222184F84110102084F842006564F6
:104ED0006785618DFF2732484FF00079C4F8248040
:104EE000FF294FF08078656303D927853A46009003
:104EF00039E0618D218500903AE05946204603F063
:104F0000D3FF13E004F026F8B8B92068616A406A5C
:104F10000870606A401C6062208D401E81B221854D
:104F2000608D401E6085608D00B169B1608D324634
:104F3000514600282046E5D100E002E004F05EF88A
:104F4000D0B10120BDE8F88F0022534680212046D1
:104F5000009603F0C1FF0028F3D1608DFF2804D92B
:104F600027853A4600954346C7E7608D2085009522
:104F70004B4694F82820C0E720682021094AC161E7
:104F8000206843681340436084F8411084F842501D
:104F9000002084F84050D5E7FFE70220D2E7000068
:104FA0000024008000E800FE2DE9FF4F81B0044698
:104FB00090F8410099469046DDF838B020287BD122
:104FC00094F84000012877D0012084F84000FFF7D2
:104FD0009DFE0122064619230090D103204603F0CE
:104FE0007BFF002853D1414921220025C4F82480A9
:104FF000102084F84120FF2784F842006564A4F85B
:105000002A90608D4FF080794FF0007A6563FF2819
:1050100002D94B46278505E0608D53462085000464
:10502000000C10D0226898F800009062606A401C62
:105030006062608D401E6085208D401E2085401C72
:105040000091C2B201E0002200910299204603F0D3
:105050002BFF13E003F0FEFFC8B9606A21680078F7
:105060008862606A401C6062608D401E6085208D91
:10507000401E80B22085618D01B160B1608D3246E5
:10508000594600282046E5D103F0B8FFE0B10120E1
:1050900005B0BDE8F08F00225B46802120460096D7
:1050A00003F01AFF0028F2D1608DFF2805D927856B
:1050B0003A464B460095C8E716E0608D534620857A
:1050C000009594F82820C0E721682020084AC8618C
:1050D00021684B6813404B6084F8410084F84250CB
:1050E000002084F84050D3E70220D1E70020008060
:1050F00000E800FE2DE9FF4F83B0044690F8410020
:105100009A469346DDE91087DDF84890202871D152
:105110005FEA080014D09FB194F84000012869D0DC
:10512000012084F84000FFF7F1FD01220646192313
:105130000090D103204603F0CFFE00286ED103E09B
:105140004FF40070606469E00025C4F824802121D8
:1051500084F84110402084F8420065646785534616
:1051600065635A4604992046CDE9009603F06AFE2D
:1051700010B184F8405051E0608DFF274FF08078E7
:10518000FF284FF0007A04D927853A464346009518
:1051900005E0608D53462085009594F82820204630
:1051A000049903F081FE32464946204603F052FF3F
:1051B000A0BB606A216800788862606A401C6062F7
:1051C000608D401E6085208D401E80B22085618DDF
:1051D000D9B1D0B900224B4680212046009603F079
:1051E0007BFED8B9608DFF2805D927853A4643460E
:1051F000009506E026E0608D53462085009594F8E2
:1052000028202046049903F04FFE608D0028CAD163
:1052100032464946204603F0F1FE18B1012007B09E
:10522000BDE8F08F20682021074AC16120684368EB
:105230001340436084F8411084F84250002084F801
:105240004050ECE70220EAE700E800FE10B5B6B0F7
:105250000446142130A8FBF7E9F8C0216846FBF7A3
:10526000E5F81849206888422AD1002021900821B9
:105270000446CDE90010684600F0DEFC08B1FCF7FA
:105280000FF91148016841F002010160006830AB7C
:10529000122100F002003590C020042283E81300A0
:1052A0000A4830A9CDE93342FFF70AFC0648083026
:1052B000016841F400110160006800F400103590AD
:1052C00036B010BD00540040E044025800040258BB
:1052D000024881680278114481607047E000002430
:1052E000032010B500F00EF901F01EFB0F4A104923
:1052F00014681368C4F3032203F00F038A5CC95CCB
:1053000002F01F0201F01F01D0400A4A20FA01F109
:105310001160094908600F2000F010F808B1012061
:1053200010BD00F09FF8002010BD00001844025886
:10533000DC0D0308F0000024EC00002410B5102858
:1053400004468AB02CD200220146362000F0BAF87A
:10535000362000F0AAF8174804601748016841F0A9
:1053600010010160006809A900F01000089068466B
:1053700001F066FA0598B0B101F0B2FA40000F49A9
:1053800000220F4CB0FBF1F10E4840F2E73304600D
:10539000C0E90332491EC0E9011202F0C3FA28B184
:1053A00001200AB010BD01F09BFAE8E7054802F0C1
:1053B0002BFBF6E7E4000024E844025840420F00CB
:1053C0000010004088140024154BF0B5083B4278CB
:1053D00013491A600B680A1F23F001030B6043682E
:1053E0001360057BC67A827A437B2D07847B45EA6E
:1053F0000665C77B90F809C0067A90F800E045EA98
:10540000C24040EA834040EA444040EA074040EA64
:105410000C2040EA460040EA0E000860F0BD0000A3
:10542000A0ED00E0BFF35F8F044800210368034A4A
:1054300023F48033036070321160704724ED00E084
:10544000074A40F00100064970321060086840F4D5
:1054500080300860BFF34F8FBFF36F8F704700003D
:1054600024ED00E0074882B0016841F002010160CC
:10547000006800220F2100F002000090901E02B090
:1054800000F020B8F444025800280DDB410900F078
:105490001F028900012001F1E0219040C1F8800144
:1054A000BFF34F8FBFF36F8F7047002809DB4109AF
:1054B00000F01F028900012001F1E0219040C1F8B5
:1054C000000170470E4BF0B41B680D46C3F3022376
:1054D000C3F10706042E00D90426191D072901D29D
:1054E000002300E0DB1E012404FA06F19C40491E63
:1054F0002940641E994014402143F0BC06F0B1BD20
:105500000CED00E0064900F0070210B54FF6FF046D
:105510000868044B204040EA02201843086010BD90
:105520000CED00E00000FA05134970B50A68D2439B
:10553000520705D5096801F00701814213D118E02F
:105540000A6822F0070202430A60FFF7DFFB0A4DF8
:105550004FF47A760446083D07E000BFFFF7D6FB1C
:10556000001BB04201D9012070BD2868C0438004EF
:10557000F4D4002070BD00000C48025810B501F0B2
:105580008DF905490968054AC1F30211515C01F022
:105590001F01C84010BD000020440258DC0D030864
:1055A0004A4930B5494C0B1D0A680C3409681D681E
:1055B000246802F0030305F00102C1F30511C4F3EE
:1055C000CC04002914FB02F200EE102AF8EE400A87
:1055D00076D0414A9FED3E1ADFED3E1AB7EE000A43
:1055E00023B1012B5AD0022B18D15CE0374C283C58
:1055F00023689B0612D5394B246801EE901A116876
:10560000C4F3C104F8EE612AE34001EE903AC1F31D
:105610000801F8EE611A81EEA22A07E002EE101AE4
:105620001168F8EE422A81EEA22A45E001EE901AB6
:105630001168F8EE611A40EE811A71EE800A62EE8E
:10564000200AC1F3462101EE101AB8EE411A31EEDC
:10565000001AC0EE811ABCEEE11A80ED001A116842
:10566000C1F3064101EE101AB8EE411A31EE001AEC
:10567000C0EE811ABCEEE11A80ED011A1168C1F387
:10568000066101EE101AB8EE411A31EE000A80EE02
:10569000801ABCEEC10A80ED020A30BD01EE901AFC
:1056A000DFED0F2A03E001EE901ADFED0E2A1168FC
:1056B000F8EE611A82EEA12AC1F30801B6E7FFE70E
:1056C000002101604160816030BD00002844025823
:1056D000000000390024744C304402580090D0037C
:1056E0000024744A20BCBE4B494930B5484C0B1DC0
:1056F0000A68143409681D68246802F00303C5F3BE
:105700000012C1F30531C4F3CC04002914FB02F2EA
:1057100000EE102AF8EE400A75D03F4A9FED3D1A80
:10572000B7EE000A6BB1DFED3D1A012B01D0022B61
:1057300064D002EE101A1168F8EE422A81EEA22A15
:1057400021E0334C283C23689B0612D5344B246857
:1057500001EE901A1168C4F3C104F8EE612AE34027
:1057600001EE903AC1F30801F8EE611A81EEA22A27
:105770000BE001EE901ADFED2B2A00BFF8EE611A64
:10578000116882EEA12AC1F3080101EE901A116896
:10579000F8EE611A40EE811A71EE800A62EE200A7C
:1057A000C1F3462101EE101AB8EE411A31EE001A8B
:1057B000C0EE811ABCEEE11A80ED001A1168C1F347
:1057C000064101EE101AB8EE411A31EE001AC0EE91
:1057D000811ABCEEE11A80ED011A1168C1F306616D
:1057E00001EE101AB8EE411A31EE000A80EE801A6E
:1057F000BCEEC10A80ED020A30BD04E001EE901A51
:10580000DFED092ABAE70021016041608160F3E71A
:105810002844025800000039384402580024744AD1
:105820000090D0030024744C20BCBE4B494930B5D5
:10583000484C0B1D0A681C3409681D68246802F076
:105840000303C5F30022C1F30551C4F3CC040029BE
:1058500014FB02F200EE102AF8EE400A75D03F4A1F
:105860009FED3D1AB7EE000A6BB1DFED3D1A012B3B
:1058700001D0022B64D002EE101A1168F8EE422A11
:1058800081EEA22A21E0334C283C23689B0612D5E6
:10589000344B246801EE901A1168C4F3C104F8EE89
:1058A000612AE34001EE903AC1F30801F8EE611A73
:1058B00081EEA22A0BE001EE901ADFED2B2A00BF49
:1058C000F8EE611A116882EEA12AC1F3080101EE17
:1058D000901A1168F8EE611A40EE811A71EE800A92
:1058E00062EE200AC1F3462101EE101AB8EE411A09
:1058F00031EE001AC0EE811ABCEEE11A80ED001AFA
:105900001168C1F3064101EE101AB8EE411A31EEEA
:10591000001AC0EE811ABCEEE11A80ED011A11687E
:10592000C1F3066101EE101AB8EE411A31EE000A19
:1059300080EE801ABCEEC10A80ED020A30BD04E0A0
:1059400001EE901ADFED092ABAE7002101604160FB
:105950008160F3E7284402580000003940440258AF
:105960000024744A0090D0030024744C20BCBE4B29
:105970002DE9F04FAC4A0546DFF8A8A280F480700C
:10598000DFF8AC9289B01311AA4C0843A748AAF1DA
:1059900004064FF0805C4FF000582CD085F400775F
:1059A0000F4357D0DFF87CB285F480670F430BF1CB
:1059B000080B61D085F400670F4374D085F48057DD
:1059C0000F436ED085F400570F434FF480394FF4E6
:1059D000003E67D085F400270F4371D085F48037EF
:1059E0000F436ED085F480460E436BD085F40042A1
:1059F0000A4368D02AE0DAF8001001F0070105290F
:105A000024D2DFE801F075BC7D25B10006A8FFF7C0
:105A1000C7FD079809B0BDE8F08F6846FFF764FE40
:105A20000098F7E703A8FFF701FF0398F2E7206863
:105A3000C0F3C10022FA00F0ECE72268D20571D56C
:105A400061456FD11846E5E74145E3D00020E1E725
:105A50004846DFE7DAF8001001F4E07180294FD002
:105A600004DC002944D04029F0D188E0C029EFD0DF
:105A7000B1F5807FEAD177E0DBF8001001F4600136
:105A8000B1F5800F3CD004DC91B3B1F5001FDDD13E
:105A900075E0B1F5C00FDBD0B1F5000FD6D163E0F2
:105AA00001E018E030E0DBF8001001F0E061B1F156
:105AB000007F25D008DCD9B1B1F1807FC6D15EE08E
:105AC00049E06CE079E09CE0B1F1407FC0D0B1F1F9
:105AD000806FBBD148E0DAF8001001F4E041B1F585
:105AE000005F0DD005DC19B1B1F5805FAED146E0A5
:105AF00094E0B1F5405FABD0B1F5804FA6D133E073
:105B000020688000A2D58DE7DAF8001001F4E021CA
:105B1000B1F5403F6CD006DC61B149457AD07145A2
:105B200094D157E037E0B1F5802F65D0B1F5A02FC3
:105B30008CD10CE000F0D4FE6CE76846FFF7D4FD92
:105B4000019867E703A8FFF771FE049862E72168F0
:105B50008903F1D47AE7DBF8001011F440310ED05C
:105B6000494510D07145F5D13168256801F04051A3
:105B70006D077FF562AF00297FF45FAF57E72068BC
:105B80000001E7D549E720688000E3D503A8FFF7C7
:105B90004DFE05983EE722689203DBD554E7306856
:105BA00010F480303AD04845D4D120680001D1D5D6
:105BB0006846FFF799FD02982CE7DBF8001001F02A
:105BC000E041B1F1405F13D008DC71B1614521D0F3
:105BD0004145BFD120688000B4D437E7B1F1804F90
:105BE0000AD0B1F1A04FB2D030E7FFF7C7FC11E700
:105BF00020684007AED51AE72068C005AAD521E77E
:105C000008E0DAF8001011F04051A0D0614505D04D
:105C100041459FD1206800018FD417E7206880019B
:105C200098D5F3E6504402580090D00340787D01A7
:105C30000080BB00004402582DE9FE4F0546DFF806
:105C4000E48350F8081B0024F64FC943019005F186
:105C50002800264608F12408009008011DD4A86EEB
:105C600050B1B0F5801F0CD0B0F5001F0ED0B0F5CC
:105C7000401F1ED001240FE0386840F40030386027
:105C800017E00198022104F061F803E00098022176
:105C900004F0ECF804000CD026462888C043C00568
:105CA00023D4A86D05281ED2DFE800F00C11161BC6
:105CB0001B00AA6ED8F8001021F440111143C8F857
:105CC0000010EAE7386840F40030386009E00198D5
:105CD000002104F03BF803E00098002104F0C6F82E
:105CE000044674B100E0012426462888C04380059C
:105CF00028D4E86D80281ED00CDC90B140280ED14D
:105D000014E0AA6DD8F8001021F007011143C8F87B
:105D10000010EAE7C02813D0B0F5807F10D001242E
:105D20000FE0386840F40030386009E00198002145
:105D300004F00CF803E00098002104F097F8044602
:105D40009CB126462888DFF8DC92C04309F12C0973
:105D500040052CD4D5F8A800B0F5800F20D00DDC7C
:105D6000A0B1B0F5001F0FD115E0EA6DD8F8001012
:105D700021F4E0711143C8F80010E3E7B0F5C00F5B
:105D800013D0B0F5000F10D001240FE0386840F4B4
:105D90000030386009E00198002103F0D7FF03E0EC
:105DA0000098002104F062F804467CB12646288859
:105DB000C04300052DD4D5F8AC00B0F1007F21D050
:105DC0000EDCA8B1B0F1807F10D116E0D5F8A82084
:105DD000D9F8001021F460011143C9F80010E6E77A
:105DE000B0F1407F13D0B0F1806F10D001240FE0EC
:105DF000386840F40030386009E00198002103F071
:105E0000A5FF03E00098002104F030F8044674B1C7
:105E100026462868C04380011FD4E86CD8B11028FA
:105E20000FD0202812D0302815D0012414E0D5F846
:105E3000AC20D9F8001021F0E0611143C9F800103E
:105E4000E7E7386840F40030386004E00198022148
:105E500003F07CFF044674B126462888C043C00482
:105E60002BD4286EB0F5005F20D00DDCA0B1B0F5CA
:105E7000805F0FD115E06B48EA6C2030016821F09B
:105E8000300111430160E8E7B0F5405F13D0B0F591
:105E9000804F10D001240FE0386840F400303860A3
:105EA00009E00198002103F051FF03E00098002170
:105EB00003F0DCFF04468CB126462888C0438004EA
:105EC00029D4686EB0F5403F23D010DC08B3B0F59C
:105ED000803F14D0B0F5003F0FD115E02A6ED8F8FE
:105EE000001021F4E0411143C8F80010E5E7B0F5D7
:105EF000802F0ED0B0F5A02F0BD001240AE001981E
:105F0000012103F023FF03E00098012103F0AEFF1D
:105F1000044694B126462888C04340042AD4D5F8C4
:105F2000B000B0F1405F23D010DC08B3B0F1805F67
:105F300014D0B0F1005F0FD115E06A6ED8F80010F0
:105F400021F4E0211143C8F80010E4E7B0F1804FDC
:105F50000ED0B0F1A04F0BD001240AE0019801212E
:105F600003F0F4FE03E00098012103F07FFF0446F4
:105F700074B126462888C04300041FD4286FD8B1C6
:105F8000B0F1805F0ED0B0F1005F10D0012414E0BA
:105F9000D5F8B020D9F8001021F0E0411143C9F83C
:105FA0000010E7E7386840F40030386004E00198FA
:105FB000012103F0CBFE044674B126462868C04395
:105FC000C0011ED4A86CD0B101280ED0022811D077
:105FD000032814D0012413E02A6FD8F8001021F010
:105FE00040511143C8F80010E8E7386840F4003029
:105FF000386004E00198022103F0A8FE0446ACB129
:1060000026462868DFF81CB0C043ABF11C0B4002E9
:1060100052D40548016841F480710160FEF776FEB4
:10602000824611E02C44025800480258FA48AA6CF3
:10603000016821F0030111430160E2E7FEF766FE0B
:10604000A0EB0A00642835D8F4480068C005F5D5EF
:106050008CBBDFF8C4A3B5F8B4100AF1240ADAF84F
:10606000000001F4407100F44070884211D0DAF869
:106070000010DAF8002021F4407142F48032CAF8AE
:106080000020DAF8002022F48032CAF80020CAF892
:106090000010D5F8B400B0F5807F1AD1FEF736FEB7
:1060A000029012E0FEF732FE0299411A41F2883066
:1060B00081420AD9032426462878DFF85CA3C0432E
:1060C0000AF1080AC00721D03CE0DAF80000800796
:1060D000E8D5D5F8B410C1F30120032858460DD0F7
:1060E000016821F47C510160B5F8B420DAF80010A1
:1060F000C2F30B021143CAF80010DDE7C84A036877
:1061000002EA111223F47C511143ECE7E86F1828DE
:1061100016D005DCA0B1082808D0102804D10AE068
:1061200020280DD028280BD001240AE00198012155
:1061300003F00CFE03E00098012103F097FE0446F3
:1061400064B126462878C04380071ED4A86F06286D
:1061500019D2DFE800F0160C11161616EA6FDAF8FD
:10616000001021F038011143CAF80010EAE7019845
:10617000012103F0EBFD03E00098012103F076FE1E
:1061800004467CB100E0012426462878C04340073D
:106190001FD4D5F89400062819D2DFE800F0160CB9
:1061A00011161616AA6FDAF8001021F00701114334
:1061B000CAF80010E9E70198012103F0C7FD03E0E8
:1061C0000098012103F052FE0446A4B100E001242E
:1061D00026462878C04380062BD4D5F89000B0F12D
:1061E000405F24D011DC10B3B0F1805F15D0B0F166
:1061F000005F10D116E0D5F89420D9F8001021F0F6
:1062000007011143C9F80010E3E7B0F1804F0ED049
:10621000B0F1A04F0BD001240AE00198002103F057
:1062200095FD03E00098022103F020FE044694B19E
:1062300026462878C04340062BD4D5F89C00B0F5FC
:10624000406F24D011DC10B3B0F5806F15D0B0F5DD
:10625000006F10D116E0D5F89020DAF8001021F088
:10626000E0411143CAF80010E3E7B0F5805F0ED0BB
:10627000B0F5A05F0BD001240AE00198002103F0E3
:1062800065FD03E00098022103F0F0FD044694B19F
:1062900026462878C04300062BD4D5F8A000B0F5D8
:1062A000C04F24D011DC10B3B0F5005F15D0B0F5AD
:1062B000804F10D116E0D5F89C20D9F8001021F4B9
:1062C000E0511143C9F80010E3E7B0F5004F0ED0DC
:1062D000B0F5204F0BD001240AE00198002103F013
:1062E00035FD03E00098022103F0C0FD044654B1DF
:1062F00026462878C04300071ED4D5F88400B0F5A0
:10630000805F0AD00FE0D5F8A020D9F8001021F462
:1063100060411143C9F80010EBE70098022103F037
:10632000A5FD00B10126D5F88420DAF8001021F48B
:1063300040511143CAF800102878C043C00613D456
:10634000D5F89800B0F5807F05D10098022103F0C0
:106350008DFD00B10126D5F89820D9F8001021F460
:1063600040711143C9F800102868C043000316D4D7
:10637000D5F8A40038B1B0F5803F09D0B0F5003FA2
:106380000BD001240AE00198002103F0DFFC03E0B8
:106390000098022103F06AFD04468CB12646286865
:1063A000C043400322D4D5F88800B0F5801F11D037
:1063B000B0F5001F13D0B0F5401F15D0012414E034
:1063C000D5F8A420D9F8001021F440311143C9F8C0
:1063D0000010E4E7386840F40030386004E00098CA
:1063E000012103F043FD04465CB126462868C04302
:1063F000C00323D4286DA8B1B0F5803F17D0012485
:106400001BE0D5F88820DAF8001021F44011114380
:10641000CAF80010EAE700004C440258004802584D
:10642000CFFFFF00386840F40030386004E0019886
:10643000022103F08BFC0446E4B126462868C043E1
:10644000800005D40098022103F010FD00B1012660
:106450002868C04380031BD4D5F88000B0B1B0F5E4
:10646000807F0FD0B0F5007F10D0B0F5407F0DD009
:1064700001240CE05A482A6D016821F4803111434F
:106480000160DBE7386840F400303860ECB3264642
:106490002868C043C00207D46A6FD8F8001021F002
:1064A00000411143C8F800102868C043C00008D458
:1064B000D5F8B820DBF8001021F480411143CBF867
:1064C00000102868C043800207D4EA6ED8F8001094
:1064D00021F080711143C8F800102868C0434000C3
:1064E0000CD4DBF8001021F40041CBF80010DBF8ED
:1064F0000010D5F8BC201143CBF800102868C04329
:1065000008D437486A6D016800E018E021F0405176
:10651000114301602868C043000208D4D5F88C20DC
:10652000DAF8001021F440011143CAF8001028796C
:106530000024C04300F0010020430AD00FE0D5F84A
:106540008020DAF8001021F440711143CAF80010DD
:106550009EE70198002103F0F9FB00B10646287977
:10656000C04300F00200204305D10198012103F04F
:10657000EDFB00B106462879C04300F0040020433B
:1065800005D10198022103F0E1FB00B1064628790C
:10659000C04300F00800204305D10098002103F01B
:1065A00065FC00B106462879C04300F01000204386
:1065B00005D10098012103F059FC00B10646287965
:1065C000C04300F02000044304D10098022103F0EE
:1065D0004DFC00B916B10120BDE8FE8F0020FBE79D
:1065E0004C4402582DE9F05F04000F467ED0DFF8DE
:1065F0003882D8F8000000F00F00B8420CD2D8F86A
:10660000001021F00F013943C8F80010D8F800003D
:1066100000F00F00B84269D12078844D40070AD5B8
:106620002069296801F07001884204D9296821F0A5
:1066300070010143296020787C4E361D00070AD581
:106640006069316801F07001884204D9316821F035
:106650007001014331602078C0060AD5A069316815
:1066600001F4E061884204D9316821F4E06101431A
:1066700031602078DFF8B4B180060BF1080B0CD53F
:10668000E1695846DBF8002002F07002914204D91B
:10669000026822F070020A430260207880070AD55F
:1066A000E068296801F00F01884204D9296821F0C7
:1066B0000F01014329602078C0073ED05B49A268E2
:1066C0002868183920F47060104328606068022838
:1066D00018D0032819D00968012819D049070029C2
:1066E0004ADADFF848A1AAF1080A00E044E0DAF843
:1066F000002022F007020243CAF80020FEF706FB42
:10670000814612E009688903E9E709688901E6E73B
:10671000C905E4E7FEF7FAFAA0EB090141F2883077
:10672000814202D90320BDE8F09F6168DAF80000D9
:1067300000F03800B0EBC10FECD1207880070AD50B
:10674000E068296801F00F01884204D2296821F02D
:106750000F0101432960D8F80010404601F00F01F5
:10676000B9420BD9016821F00F013943016000687B
:1067700000F00F00B84201D00120D4E72078400794
:106780000AD52069296801F07001884204D229687D
:1067900021F0700101432960207800070AD5606963
:1067A000316801F07001884204D2316821F0700133
:1067B000014331602078C0060AD5A069316801F430
:1067C000E061884204D2316821F4E0610143316024
:1067D000207880060CD5E1695846DBF8002002F0ED
:1067E0007002914204D2026822F070020A430260F1
:1067F00000F09AF80E492A682B68C2F3032203F0CE
:106800000F038A5CC95C02F01F0201F01F01D04037
:10681000084A20FA01F1116007490860074800683A
:10682000BDE8F05FFEF78ABD002000521844025810
:10683000DC0D0308F0000024EC000024E400002438
:1068400070B5144C3F220260124A24680832131DAE
:10685000114D04F00704446016681C1D06F47066B0
:106860008660166806F00F06C660126802F07002B5
:1068700002611A6802F0700242611A6802F4E06272
:106880008261226802F07002C261286800F00F0085
:10689000086070BD104402580020005230B500F06E
:1068A00043F80B4A0B490C4B15681468C5F30322D7
:1068B00004F00F048A5C095D02F01F0201F01F0161
:1068C000D040064A20FA01F119601060084630BD38
:1068D00018440258DC0D0308F0000024EC000024EA
:1068E00000B5FFF7DBFF05490968054AC1F302114E
:1068F000515C01F01F01C84000BD00001C4402585B
:10690000DC0D030800B5FFF7C9FF05490968054A12
:10691000C1F30221515C01F01F01C84000BD00001D
:106920001C440258DC0D0308454970B54548096808
:10693000434B103B11F0380208D00111082A03D054
:10694000102A0BD0182A0BD0084670BD196889068A
:10695000FBD51968C1F3C101C84070BD3A4870BD8C
:106960003749374D18310C1D24350A6809682668E7
:106970002D6802F0030406F00102C1F30511C5F30E
:10698000CC0515FB02F200EE102AB8EE400AE9B37E
:106990002F4ADFED2E0AB7EE001A6CB1DFED2D1A8B
:1069A000012C01D0022C43D002EE101A1068F8EE30
:1069B000422A81EEA22A1EE01C68A40611D51B689B
:1069C00001EE901A1168C3F3C103F8EE612AD840B2
:1069D00001EE900AC1F30800F8EE611A81EEA22AD6
:1069E0000BE001EE901ADFED1C2A00BFF8EE611AF1
:1069F000106882EEA12AC0F3080001EE900AF8EEBA
:106A0000611A40EE201A31EE810A00E015E022EE14
:106A1000000A1068C0F34620401C00EE900AF8EE11
:106A2000600A80EE201ABCEEC10A10EE100A70BD9A
:106A300001EE901ADFED092AD8E7002070BD0000B2
:106A4000104402580090D00340787D0100000039C6
:106A5000304402580024744A0024744C20BCBE4BBD
:106A60002DE9F05F04007DD0FF4F2078FE4D1837F0
:106A7000DFF8F493103DC00748D0D9F8000039681A
:106A800000F03800102815D0182803D101F00300B9
:106A900002280FD06068B0F5803F12D010B1B0F579
:106AA000A02F18D0286820F480302860286820F4AF
:106AB000802009E02868800328D560680028D2D0AB
:106AC00024E0286840F480302860606888B1FEF7D0
:106AD0001DF9064609E0286840F480202860F0E7A8
:106AE000FEF714F9801B64286FD828688003F7D557
:106AF0000CE0FEF70BF9064605E000BFFEF706F9CD
:106B0000801B6428F0D828688003F7D4207841F2ED
:106B10000308D54E0C3E800769D5D9F800003968C6
:106B200010F038000ED0182801D188070AD0E0688C
:106B300090B3296821F0190101432960FEF7E6F8B6
:106B4000824631E02868400702D5E06800288AD0F4
:106B5000E168286820F0190008432860FEF7D6F89D
:106B6000824607E0DFE000BFFEF7D0F8A0EB0A00A6
:106B70000228B9D828684007F6D500BFFEF7C0F84C
:106B800040451BD82069402812D0316821F47C315F
:106B900041EA003030602AE018E000BFFEF7B6F8A6
:106BA000A0EB0A0002289FD828684007F6D5E5E741
:106BB000306820F47C3040F40030EBE7207C316812
:106BC00021F0FE4141EA0060E4E70DE1286820F091
:106BD00001002860FEF79AF8824605E0FEF796F875
:106BE000A0EB0A0002288DD828684007F6D4207848
:106BF000C0065DD5D9F80000DFF86CB2396800F046
:106C00003800ABF1040B082810D0182803D101F08C
:106C1000030001280AD0E0690028286838D040F035
:106C200080002860FEF772F8824623E02868C005DD
:106C300023D5E069802876D11FE0206A202821D062
:106C4000316821F0F84141EA8060306030E000BFF7
:106C500094F82010DBF8002022F07C5242EA016117
:106C6000CBF8001024E000BFFEF750F8A0EB0A00BC
:106C7000022898D82868C005F6D5FEF741F84045A7
:106C8000E6D8DAE7306820F0F84040F08040DCE7F2
:106C900020F080002860FEF739F8064605E000BFC6
:106CA000FEF734F8801B02289DD82868C005F7D469
:106CB0002078000729D56C48616964300029804636
:106CC000016811D041F001010160FEF71FF806468E
:106CD00005E000BFFEF71AF8801B0228C9D8D8F8D3
:106CE00000008007F6D510E021F001010160FEF7F9
:106CF0000DF8064605E000BFFEF708F8801B0228E5
:106D000072D8D8F800008007F6D42078800623D502
:106D1000A0690028286810D040F480502860FDF752
:106D2000F5FF064605E036E1FDF7F0FF801B02287F
:106D30005AD828688004F7D50EE020F480502860E7
:106D4000FDF7E4FF064604E0FDF7E0FF801B0228A4
:106D50004AD828688004F7D4207840074FD5DFF858
:106D60000C81D8F8001041F48071C8F80010FDF7CC
:106D7000CDFF064605E000BFFDF7C8FF801B642875
:106D800032D8D8F80000C005F6D5374EA068603676
:106D900001280AD008B1052813D0306820F001007E
:106DA0003060306820F0040002E0306840F00100FC
:106DB0003060A06841F2883A90B1FDF7A7FF8046A5
:106DC0000AE0306840F004003060EEE7FDF79EFF17
:106DD000A0EB0801514507D830688007F6D50EE0D2
:106DE000FDF794FF804607E084E000BFFDF78EFFCB
:106DF000A0EB080151457DD830688007F6D4606A61
:106E0000B0B3DFF86480D9F8001008F120084FF61D
:106E1000F87B08F10409C1F3C2010329A8F1040AAF
:106E200069D00228286820F08070286003D0FDF720
:106E30006DFF044684E0FDF769FF064605E000BFEC
:106E4000FDF764FF801B022877D828688001F7D4FB
:106E5000E26A40F2F331386854F8283F884340EA48
:106E600002101843386004E01044025800480258E9
:106E7000B5E0217B434622894FF4FE0C208A4FF077
:106E8000FE474902267D521E401EA1F50071C2F345
:106E900008088AB2761E0CEA004042EA0802024361
:106EA000504607EA06610A431A60DAF8002022F029
:106EB0000102CAF80020D9F80020266A22EA0B0253
:106EC00042EAC602C9F80020DAF80010A26921F0EF
:106ED0000C011143CAF800100168E26921F00201B7
:106EE00011430160016841F480310160016841F49F
:106EF000003101E021E027E00160016841F48021D8
:106F00000160016841F001010160286840F0807073
:106F10002860FDF7FBFE044605E000BFFDF7F6FE26
:106F2000001B022809D828688001F7D557E000BF68
:106F3000FDF7ECFE001B022802D90320BDE8F09FFC
:106F400028688001F4D44AE039680128D8F80000A4
:106F500021D0A26A01F0030393421CD1E26AC1F37B
:106F600005118A4217D1216BC0F30802491E8A42DB
:106F700011D1616BC0F34622491E91420BD1A16B26
:106F8000C0F30642491E914205D1E16BC0F3066091
:106F9000491E814201D00120D0E7A16C4E46D9F8AC
:106FA0000000C0F3CC00814219D0DAF80000554649
:106FB00020F00100CAF80000FDF7A8FE4FEA000724
:106FC000FDF7A4FEB842FBD0A26C306820EA0B00AB
:106FD00040EAC2003060286840F0010028600020CC
:106FE000ACE700002DE9F047040029D0594A4FF0E2
:106FF00000092068584B594D9042C4F8289006D09B
:10700000984204D0A84202D0E1680F2918D8E1685C
:107010004FF0010AE76B0831C9080AEB57167143B4
:10702000904205D0984203D0A84201D0082907D841
:10703000904203D0984201D0A84204D1102902D92D
:107040000120BDE8F08794F8810020B9204684F83B
:10705000809000F085F8022084F8810020680168A3
:1070600021F0010101602068A1698268B1F1806F9F
:1070700002F4F81110D16268B2F5800F01D01AB194
:107080000AE0A26B22B107E0A26BB2F1805F03D1EC
:10709000026842F4805202606068400209D5E068EC
:1070A000072806D32068236D026822F480721A43F1
:1070B00003E02068026822F480720260A66AE06938
:1070C000E26B25683043E3680A4310431843A86025
:1070D000D4E90D02D4E90581636A25691843D4F81F
:1070E00020C00A43266810432843A56DD4E90172E5
:1070F000D4E9123140EA080040EA0C003843084362
:10710000104318432843F060606868B920688168BC
:1071100021F4C05141F4006181602068816821F44C
:10712000C06141F4806181602068016D21F001013E
:1071300001656068400206D52068626DC16821F073
:1071400000411143C160C4F8849084F881A00020FC
:1071500077E700000030014000380040003C00406C
:10716000F0B5B7B00446142130A8F9F75FF9C02193
:107170006846F9F75BF92D490226206805272A4D54
:107180000024884224D1811418940020CDE90010F5
:107190006846FEF751FD08B1FAF782F92248083037
:1071A000016841F480410160006800F4804035903E
:1071B000286840F002002860286830A900F002002A
:1071C00035904FF4204030901948CDE9316425E0E6
:1071D0001849884226D1411419940020CDE90010A5
:1071E0006846FEF729FD08B1FAF75AF90E48103043
:1071F000016841F400510160006800F400503590CE
:10720000286840F010002860286830A900F01000BD
:107210003590642030900848CDE93164CDE933479A
:10722000FDF74EFC37B0F0BDE04402580038004096
:107230000004025800340140001002582DE9F84FB4
:10724000044600689946174600F1200B8A46FDF770
:107250005DFD064694F88100012839D1BAF1000F8E
:107260007ED0002FFCD094F88000012830D0A26896
:1072700000254FF0010884F88080032184F88110F4
:10728000C4F88450C4F85CA06566A4F868506567CB
:1072900025672C34B2F5C02FA786E786E58754F81A
:1072A0002C0D18D0C16821F4C02141F40031C16017
:1072B000206841686FF30F0139434160206801681D
:1072C00041F0010101606068B0F5800F08D00CE06A
:1072D0000220BDE8F88F016841F400610160E7E732
:1072E0002068016841F400710160E0680F281CD833
:1072F00020E02068416989070BD5E16D09680162CA
:10730000E06D001DE065B4F86200401EA4F8620064
:107310000BE0FDF7FBFC811B494503D3B9F1FF3FAF
:1073200003D09DE0B9F1000F32D0B4F8620000281C
:10733000DFD179E007282FD872E0206841698907FA
:107340001ED5B4F8621001290DD9E16B59B1E16D78
:1073500009680162E06D001DE065B4F8620000E0BC
:107360007CE0801E09E0E06D0188ABF80010E06D64
:10737000801CE065B4F86200401EA4F862000BE0D7
:10738000FDF7C4FC811B494503D3B9F1FF3F03D08E
:1073900066E0B9F1000F63D0B4F862000028CCD1E8
:1073A00042E02068416989072ED5B4F862100329AC
:1073B0000CD9E16B402909D9E16D09680162E06DE2
:1073C000001DE065B4F86200001F1AE0B4F8621016
:1073D00001290CD9E16B51B1E06D0188ABF80010C7
:1073E000E06D801CE065B4F86200801E09E0E16D8C
:1073F000097880F82010E06D401CE065B4F8620068
:10740000401EA4F862000BE0FDF780FC811B49459B
:1074100003D3B9F1FF3F03D022E0B9F1000F1FD031
:10742000B4F862000028BCD100224B460821204657
:10743000009603F051F828B1D4F8840040F0200001
:10744000C4F88400204602F0E9FF84F88180D4F873
:10745000840084F8805000283FF43BAF012038E7D7
:10746000204602F0DBFFD4F8841084F8805041F409
:107470008071C4F8841084F88180032029E700001B
:107480002DE9FF4F0446C06B17461D4683B04209E5
:107490002068521C00F1200130301FFA82FBCDE938
:1074A0000001FDF733FC824694F881002E46012846
:1074B00035D1049800287CD0002FFCD0002DFAD0C4
:1074C00094F8800001282AD04FF0010984F88090B8
:1074D00005224FF0000884F88120C4F88480676694
:1074E000A4F86A50A4F868500499E165A4F86250C1
:1074F000A4F86050C4F87080C4F874802068C16833
:1075000021F4C021C160AD492068884205D0AC4952
:10751000884202D0AB49884205D1102704E00220FE
:1075200007B0BDE8F08F082741686FF30F012943CA
:1075300041602068016841F0010101606068B0F5B8
:10754000800F04D12068016841F400710160E06897
:107550000F284CD9BF0838E020684169890710D549
:107560007EB1F119A9420CD9E16D09680162E06DA3
:10757000001DE065B4F86200401EA4F86200B4F893
:1075800062602068416905B34269D20703D15D4555
:1075900010D209040ED5006B616E0860606E001D8C
:1075A0006066B4F86A00401EA4F86A00B4F86A5035
:1075B0000BE0F0E0FDF7AAFBA0EB0A011098814276
:1075C00002D3401C01D004E018B156EA0500C3D133
:1075D000C8E0204602F022FFD4F8840084F88080BE
:1075E00040F48070C4F8840084F88190E2E00728B9
:1075F0007BD97F084EE020684069800711D586B1AD
:10760000F019A8420DD9E06D018801980180E06D64
:10761000801CE065B4F86200401EA4F86200B4F873
:107620006260216848692DB34969C9070AD000988A
:107630000088616E0880606E801C6066B4F86A0025
:10764000401E13E05D4516D2010414D50098008851
:10765000616E0880606E801C6066009909880180F8
:10766000606E801C6066B4F86A00801EA4F86A0030
:10767000B4F86A500EE0012D01D18004D7D4FDF793
:1076800045FBA0EB0A011098814202D3401C01D0B7
:1076900083E058B356EA0500ADD163E02068416944
:1076A000890711D586B1F119A9420DD9E16D097883
:1076B00080F82010E06D401CE065B4F86200401EC8
:1076C000A4F86200B4F86260206841696DB1426953
:1076D000D2070CD090F83000616E0870606E401CCC
:1076E0006066B4F86A00401E24E038E055E05D456D
:1076F00025D20A0423D590F83000616E0870606EC0
:10770000401C6066216891F830100170606E401C6A
:107710006066216891F830100170606E401C6066F0
:10772000216891F830100170606E401C6066B4F8FA
:107730006A00001FA4F86A00B4F86A500FE0042D34
:1077400002D211F4C04FC5D1FDF7E0FAA0EB0A0157
:107750001098814202D3401C01D01EE0E8B156EAE5
:1077600005009BD1109B002208212046CDF800A0E7
:1077700002F0B2FE28B1D4F8840040F02000C4F832
:107780008400204602F04AFE84F88190D4F88410E8
:1077900084F8808081B10120C2E6204602F03EFEDE
:1077A000D4F8842084F8808042F48072C4F8842065
:1077B00084F881900320B3E60020B1E60030014058
:1077C00000380040003C0040024A136883430B43EA
:1077D00013607047040400587047704770470000FA
:1077E0002DE9F04390F83C20012A42D0012280F894
:1077F0003C2051F80C4BDFF880804FF0000991E8F5
:10780000680051E9022723F44073B1F80CC03B43F0
:10781000CF6923F480631343026823F40063234396
:1078200023F4805343EA050323F4005343EA060399
:1078300023F4804343EA07030C3923F470234245C1
:1078400043EA0C4302D00D4CA2420CD18D8C23F4A0
:107850007006D1E9073446EA055121F080711943D9
:1078600021F000732343536480F83C900020BDE86E
:10787000F0830220FBE7000000000140000401400B
:10788000F0B590F83C20012A3BD01F4E012480F82F
:107890003C40022280F83D2002681C4D5368B242F1
:1078A000D2F808C001D0AA4203D14F6823F4700374
:1078B0003B430F6823F070031F4357600268B242D6
:1078C00013D0B2F1804F10D0114B9A420DD0114B12
:1078D0009A420AD0104B9A4207D0AA4205D00F4BC9
:1078E0009A4202D00E4B9A4204D189682CF0800350
:1078F00019439160002180F83D4080F83C10084613
:10790000F0BD0220F0BD0000000001400004014075
:107910000004004000080040000C00400018004037
:107920000040014010B5040003D094F83D0010B1B0
:1079300007E0012010BD002084F83C00204600F044
:1079400022F8022084F83D002068211D03F0C2F9CE
:10795000012084F8480084F83E0084F83F0084F851
:10796000400084F8410084F8420084F8430084F821
:10797000440084F8450084F8460084F8470084F801
:107980003D00002010BD704790F83D10012901D046
:1079900001207047144B0222016880F83D20994273
:1079A00014D0B1F1804F11D0104881420ED0104850
:1079B00081420BD00F48814208D00F48814205D048
:1079C0000E48814202D00E48814207D188680D4A94
:1079D0001040062806D0B0F5803F03D0086840F07C
:1079E00001000860002070470000014000040040D2
:1079F00000080040000C0040000401400018004056
:107A0000004001400700010090F83D10012901D01D
:107A100001207047174A022180F83D100168CB68A9
:107A200043F00103CB600068904214D0B0F1804F66
:107A300011D0114988420ED0104988420BD010490C
:107A4000884208D00F49884205D00F49884202D0A9
:107A50000E49884207D181680D4A1140062906D097
:107A6000B1F5803F03D0016841F0010101600020C1
:107A70007047000000000140000400400008004082
:107A8000000C00400004014000180040004001408C
:107A900007000100016841F21113CA6822F00102D7
:107AA000CA6001680A6A1A4207D10A6A9B101A4220
:107AB00003D10A6822F001020A60012180F83D101A
:107AC00000207047704770472DE9F0410446006878
:107AD0000027C6680569A90713D5B10711D5FA1E95
:107AE000026101212177206880698007204602D049
:107AF000FFF7E9FF04E000F0D7F9204600F088FC2A
:107B00002777680716D5700714D5226802206FF012
:107B10000401116120772068806910F4407F2046BD
:107B200002D0FFF7D0FF04E000F0BEF9204600F0DD
:107B30006FFC2777280715D5300713D52268042056
:107B40006FF00801116120772068C0698007204626
:107B500002D0FFF7B8FF04E000F0A6F9204600F0DD
:107B600057FC2777E80616D5F00614D522680820BA
:107B70006FF01001116120772068C06910F4407F18
:107B8000204602D0FFF79FFF04E000F08DF9204669
:107B900000F03EFC2777E80708D0F00706D0216800
:107BA0006FF001000861204600F054FC280601D463
:107BB000A80408D5300606D521686FF40250086184
:107BC0002046FFF70AFEE80508D5300606D52168ED
:107BD0006FF4807008612046FFF7FEFD680608D547
:107BE000700606D521686FF040000861204600F05D
:107BF00047FCA8060AD5B00608D521686FF020001A
:107C000008612046BDE8F041FFF7E8BDBDE8F0811E
:107C100030B587B0044614216846F8F707FC224ABD
:107C20004FF00105216802242048914211D10168DA
:107C300041F010010160006800F010000590002084
:107C4000511500916946CDE90140CDE90305184879
:107C500026E0B1F1804F25D1016841F002010160B9
:107C6000016801F002010591016841F00101016024
:107C700000686946029400F0010005904FF48060AE
:107C8000CDE900040B48CDE90345FCF719FF4FF49B
:107C900000400294CDE9000407486946CDE9034558
:107CA000FCF70EFF07B030BD00000140E044025871
:107CB00000100258000402580000025870B5044633
:107CC00090F83C00002501280BD0012084F83C00EE
:107CD0000C2A1ED007DC82B1042A12D0082A06D151
:107CE00013E0022070BD102A17D0142A19D00125E4
:107CF000002084F83C00284670BD206803F0D2F8CC
:107D0000F6E7206803F020F9F2E7206803F068F94D
:107D1000EEE7206803F0B0F9EAE7206803F0E8F93D
:107D2000E6E7206803F01EFAE2E700002DE9F041E3
:107D30000D00174604464FF0000610D0042D15D054
:107D4000082D1AD00C2D1FD0102D24D094F84300EC
:107D5000022827D094F84300012826D07DE094F82B
:107D60003E0002281ED094F83E00F5E794F83F004C
:107D7000022817D094F83F00EEE794F8400002285C
:107D800010D094F84000E7E794F84100022809D0A9
:107D900094F84100E0E794F84200022802D094F8F9
:107DA0004200D9E70220BDE8F081A7B39BB33B496D
:107DB0004FF002003A4ADFF8ECC055B1042D19D05B
:107DC000082D29D00C2D38D0102D48D084F8430030
:107DD00047E084F83E00606AC1633946606A026425
:107DE000606AC0F84CC02268606A3432FBF76CFEEF
:107DF00088B939E084F83F00A06AC1633946A06AB7
:107E00000264A06AC0F84CC02268A06A3832FBF74E
:107E10005BFE00B92DE020E084F84000E06AC16319
:107E20003946E06A0264E06AC0F84CC02268E06A41
:107E30003C32FBF749FE80B920E084F84100206B1A
:107E4000C1633946206B0264206BC0F84CC02268C5
:107E5000206B4032FBF738FEA8B10120A3E784F87D
:107E60004200012630469EE72068C16841F4007157
:107E70000DE02068C16841F4806108E02068C168B5
:107E800041F4006103E02068C16841F48051C160A1
:107E900020680122294602F083FFE3E7BBAD020818
:107EA00019AE020851AE0208134A10B501681268F3
:107EB00091421CD1007F012819D1104890F8F5108B
:107EC000552914D10E4C6178890702D4A17889070D
:107ED0000DD590F8F60055280AD02078002806D154
:107EE00002F01EFB207820F00C00001D207010BD59
:107EF000BDE8104002F05CBBC80E002474060024EC
:107F00007800002410B5040003D094F83D0010B1AF
:107F100007E0012010BD002084F83C00204600F05E
:107F200023F8022084F83D002068211D02F0D2FED3
:107F3000012084F8480084F83E0084F83F0084F86B
:107F4000400084F8410084F8420084F8430084F83B
:107F5000440084F8450084F8460084F8470084F81B
:107F60003D00002010BD00002DE9F84F01680746D4
:107F70003A48B1F1804F11D0394A914256D1016847
:107F800041F00201016000680022052100F00200BA
:107F900000901D20FDF796FA1D2058E0016841F081
:107FA00001010160006800262E4D4FF4806900F049
:107FB0000100009005F10C014FF040084FF4805A89
:107FC0004FF0120C4FF4804BC5F8088081E8400E4A
:107FD000EE6128462E62244C6E62C5E9004CFBF728
:107FE00091FB08B1F9F75CFA1E4C4FF0140C7D625E
:107FF0007834AF6304F10C001B4BC4F808801833CD
:1080000080E8400EE661204626626662C4E9003CD4
:10801000FBF778FB08B1F9F743FAFC62002205216F
:10802000A7631C20FDF74EFA1C2010E00F4A914276
:1080300011D1016841F004010160006800220521AE
:1080400000F0040000901E20FDF73CFA1E20BDE861
:10805000F84FFDF72ABABDE8F88F0000E84402584F
:1080600000040040140F00244004024000080040B7
:1080700070B504464FF002024FF0000569B10429C3
:1080800016D008295BD00C2964D0102969D094F847
:10809000430001286CD0012070BD94F83E000128F7
:1080A000F9D184F83E202068C26842F0020209E05B
:1080B00094F83F000128EED184F83F202068C26880
:1080C00042F00402C2602068012202F069FE2E49DB
:1080D00020682E4A2E4B884209D0904207D0984201
:1080E00005D02C4EB04202D02B4EB04203D1466C8C
:1080F00046F4004646642068884212D0B0F1804FB2
:108100000FD0264988420CD02549884209D02549FC
:10811000884206D0904204D02349884201D0984238
:1081200007D18168214A1140062906D0B1F5803F68
:1081300003D0016841F001010160284670BD94F848
:1081400040000128A7D184F840202068C26842F08E
:108150000802B7E794F8410001289CD184F8412037
:1081600008E094F84200012895D184F8422003E009
:1081700084F843200C2901D00125DEE72068C2687D
:1081800042F010029EE700000000014000040140A0
:10819000004001400044014000480140000400400C
:1081A00000080040000C00400018004007000100DB
:1081B00030B50022044600680D4602F0F1FD41F2A0
:1081C0001111224B20688A1098420BD0204B984204
:1081D00008D0204B984205D01F4B984202D01F4B2D
:1081E000984209D1036A0B4206D1036A134203D1B4
:1081F000436C23F4004343642068036A0B4206D1B6
:10820000016A114203D1016821F0010101604FF0C0
:1082100001005DB1042D0CD0082D0DD00C2D0ED019
:10822000102D0FD084F84300002030BD84F83E00AC
:10823000FAE784F83F00F7E784F84000F4E784F8B1
:108240004100F1E784F84200EEE700000000014041
:10825000000401400040014000440140004801404A
:1082600070B5044690F83C0000260D4601280BD05E
:10827000012084F83C000C2A4AD007DC82B1042A91
:1082800020D0082A06D131E0022070BD102A53D038
:10829000142A63D00126002084F83C00304670BDCB
:1082A000206802F0FFFD2068816941F008018161CA
:1082B0002068816921F00401816120682A6981694F
:1082C000114311E0206802F03FFE2068816941F40B
:1082D000006181612068816921F480618161206889
:1082E0002969826942EA01218161D4E7206802F0AC
:1082F00077FE2068C16941F00801C1612068C16949
:1083000021F00401C16120682A69C169114311E0AB
:10831000206802F0B1FE2068C16941F40061C161CA
:108320002068C16921F48061C16120682969C2693E
:1083300042EA0121C161AEE7206802F0D9FE20685F
:10834000416D41F0080141652068416D21F0040153
:10835000416520682A69416D114311E0206802F0EF
:1083600001FF2068416D41F4006141652068416D65
:1083700021F48061416520682969426D42EA01214A
:10838000416588E710B5040003D094F83D0010B1B2
:1083900007E0012010BD002084F83C00204600F0DA
:1083A00023F8022084F83D002068211D02F092FC91
:1083B000012084F8480084F83E0084F83F0084F8E7
:1083C000400084F8410084F8420084F8430084F8B7
:1083D000440084F8450084F8460084F8470084F897
:1083E0003D00002010BD000008B500680649884225
:1083F00008D10648016841F001010160006800F001
:108400000100009008BD000000000140F044025847
:108410000C4910B5044600680968884211D1207FD4
:10842000012804D10022C1030748FCF764FC207F27
:10843000042806D10022BDE8104001020348FCF7E1
:108440005ABC10BD300E002400000258000402582F
:108450007047000010B5084904460068884201D101
:10846000FCF736FF054920680968884203D1BDE85A
:10847000104006F0BDBF10BD00100040300E0024BB
:10848000704730B590F88410012918D0012280F887
:1084900084202421C0F888100022202401680B6861
:1084A0000D6823F0005325F001050D604266016858
:1084B0000B60C0F8884080F88420104630BD022050
:1084C00030BD10B50446D0F88C00202801D0022021
:1084D00010BD61B15AB10123E36600202067204638
:1084E00003F07AFC0028F3D1E16E012901D00120CC
:1084F00010BD226810211162226852E8001F41F06D
:10850000100142E80013002BF6D110BD0F4AF0B461
:1085100000681268904216D10D4A00200D4C4FF4AD
:10852000967509E01388AB4208D21388265C5F1C5D
:1085300017801344401C1E718842F3D301209070B1
:10854000F0BCF8F753BFF0BC704700007012002475
:108550004405002444110024704770B5044690F887
:10856000840001281DD0012284F884202420C4F82E
:10857000880020680568026822F001020260206815
:10858000826822F060620A438260204602F024FE84
:108590002268202100201560C4F8881084F8840027
:1085A00070BD022070BD70B5044690F884000128AB
:1085B0001DD0012284F884202420C4F8880020687B
:1085C0000568026822F0010202602068826822F0D9
:1085D00060420A438260204602F0FEFD22682021AC
:1085E00000201560C4F8881084F8840070BD022053
:1085F00070BD7047704700000449006809688842F0
:1086000003D102210162F8F7F1BE70477012002415
:108610002DE9F04107680025044640F60F030226C5
:10862000F8693968BA6818420AD183067ED501F024
:10863000200302F0805C53EA0C0377D0616F7EE187
:10864000D44BDFF854C3134001EA0C0C53EA0C0C72
:108650006CD05FEAC07C0CD05FEAC15C09D54FF0FA
:10866000010CC7F820C0D4F8907047F00107C4F897
:108670009070870709D5D70707D027683E62D4F8DE
:10868000906046F00406C4F8906046070AD5D60705
:1086900008D0276804263E62D4F8906046F00206AF
:1086A000C4F8906006070CD501F020061E4308D0E0
:1086B000266808233362D4F8903043F00803C4F8E6
:1086C000903003050BD54B0109D526684FF40063A4
:1086D0003362D4F8903043F02003C4F89030D4F8DB
:1086E0009030002B3DD0800609D501F0200002F02B
:1086F0008051084303D0616F09B120468847216843
:10870000D4F890008968490602D410F0280F2AD0C6
:10871000204602F0E1FE2068806840061ED52068F1
:10872000083050E8001F21F0400100E021E040E85F
:108730000012002AF3D1D4F8800078B1974901657E
:10874000D4F88000FAF724FB00280AD0D4F880007F
:10875000016D00E02046BDE8F04108472046FFF7E4
:108760004BFFBDE8F0812046FFF746FFC4F890506C
:10877000F7E7D4F86CC02023BCF1010F7ED15FEA8B
:10878000C06C7BD55FEAC16C78D510203862206858
:108790008068400673D5D4F88020814910688842EB
:1087A00034D07F491831884230D07D4930318842F9
:1087B0002CD07B494831884228D0794960318842A1
:1087C00024D077497831884220D075499031884249
:1087D0001CD07349A831884218D07249884215D0FC
:1087E00070491831884211D06E49303188420DD01D
:1087F0006C494831884209D06A496031884205D0C5
:1088000068497831884201D06649903140684FF418
:1088100080770004000C40D0B4F85C1081423CD951
:10882000A4F85E00D069B8422FD0216851E8000F4B
:1088300020F4807041E80002002AF6D12068083058
:1088400050E8001F21F0010140E80012002AF5D194
:108850002068083050E8001F21F0400140E8001275
:10886000002AF5D1C4F88C30E566206850E8001F76
:1088700021F0100140E80012002A01E04AE019E06E
:10888000F3D1D4F88000FAF7D3F82667B4F85C0087
:10889000B4F85E10401A81B208E0B4F85C1081426E
:1088A0007FF466AFD069B842FAD126672046FFF759
:1088B0002DFE56E7B4F85C00B4F85E10B4F85E2004
:1088C000401A81B2002AF4D00029F2D0226852E87E
:1088D000000F20F4907042E80007002FF6D1324FCD
:1088E000206800F1080050E8002F02EA070240E883
:1088F000002CBCF1000FF3D1C4F88C30E56665673D
:10890000226852E8000F20F0100042E80003002B1C
:10891000F6D1CAE7C60209D5560207D54FF4801032
:1089200038622046BDE8F041FFF764BE06060AD56E
:1089300001F0800602F40002164304D0A16F002962
:108940007FF408AF0DE7420611D54A060FD5204641
:10895000016851E8002F22F0400241E80024002C79
:10896000F6D1C0F88830856700F082F9F9E6020296
:1089700006D54A0004D52046BDE8F041FFF739BED0
:10898000C00196D5002994DA2046BDE8F041FFF7F2
:10899000E3BD000001000010200100048FB30208B5
:1089A0001000024010040240FEFFFFEF10B504006B
:1089B00003D0D4F8880010B107E0012010BD0020DA
:1089C00084F88400204600F027F82420C4F88800AA
:1089D0002068016821F001010160A06A10B1204601
:1089E00002F01CFC204603F021F80128E6D02068A4
:1089F000416821F4904141602068816821F02A019A
:108A000081602068016841F0010101602046BDE8F5
:108A1000104002F067BC00002DE9F041B6B00746F7
:108A2000142130A8F7F702FDC0216846F7F7FEFCD5
:108A30004A49022538680024474E4FF0070888420B
:108A40005ED100201F940121CDE900106846FDF79A
:108A5000F3F808B1F8F724FD3F481030016841F001
:108A600010010160006800F010003590306840F09F
:108A70000100306030684FF4C061309130A900F0DF
:108A80000100CDE931543394CDE934803448FCF70A
:108A900017F8344E292234494FF48068304686E86E
:108AA0001600C6E903487461B461F461346274620B
:108AB000FAF728FE08B1F8F7F3FC2A4D2A222A49D2
:108AC00040237835C7F880601831B763284685E8B9
:108AD0001E016C61AC61EC612C626C62FAF712FEF3
:108AE00008B1F8F7DDFCFD6700220521AF63252002
:108AF000FCF7E8FC2520FCF7D8FC36B0BDE8F08197
:108B00001A498842F9D100201E940221CDE90010B3
:108B10006846FDF791F808B1F8F7C2FC0E48083036
:108B2000016841F400310160006800F400303590C4
:108B3000306840F00800306030686021309130A922
:108B400000F00800CDE931543394CDE93480084871
:108B5000FBF7B6FFD1E70000E044025800100140E7
:108B60000000025898130024100402400044004002
:108B7000000C025830B4D0F88C30202B02D00220E8
:108B800030BC7047A9B1A2B10B4D00240368C46684
:108B9000AB420BD05B681B0208D5046854E8003F69
:108BA00043F0806344E80035002DF6D130BC03F07B
:108BB00067B90120E4E70000000C0058054900688F
:108BC0000968884204D1044901220248FFF7D2BF54
:108BD0007047000004130024DC00002470470000EC
:108BE00070B50446D0F88800202801D0022070BD5E
:108BF00039B332B3E06F002321652125A4F8542056
:108C0000A4F85620C4F89030C4F88850D8B115495B
:108C1000C163E16F14480864E16F1448C864E06FF1
:108C2000036513462068E56F00F12802216D284690
:108C3000FAF74AFF38B11021C4F890102020C4F888
:108C40008800012070BD216840200862206808303B
:108C500050E8001F41F0800140E80012002AF5D1E1
:108C6000002070BD8FB40208CFB402089FB3020881
:108C700070477047FEE700001E4810B51E491F4CA4
:108C8000006E884227D900EE100AFBEE0E0A201D66
:108C900030EEC00A80ED050A05F06AFFDFED180A24
:108CA000184980EE201A94ED000A31EE000A10EE09
:108CB000100A84ED000A884201DDC4ED000A94ED3B
:108CC000000ABDE8104010480021BCEEC00A10EEBA
:108CD000102A01F0CBBC00220B48114601F0C6FC63
:108CE0000648001D01F052F99FED080A84ED000AC4
:108CF00010BD0000960700240000F0C128000024E9
:108D00000000C8420000C842E40D0024000000003A
:108D100001688A69D243920701D400228A620068FE
:108D20008169C943C90703D0816941F001018161AB
:108D3000704700002DE9F047044600680026894688
:108D400017464FF0200835468169C90641D51021E4
:108D5000C1612FE0B9F1FF3F2CD0FBF7D7FFC11B5A
:108D6000494502D8B9F1000F24D12068426894F82F
:108D70004210836902F48042DB431B0415D4B2F530
:108D8000804F12D0202910D0416841F480414160C9
:108D9000FBF7BCFF074608E0FBF7B8FFC01B19282C
:108DA00003D9012645F0200504E020688069C0430E
:108DB0008006F1D420688069C043800602D5002E69
:108DC000C8D003E016B92168C1F81C80012645F01F
:108DD000040521688869C20505D54FF48072CA610F
:108DE00045F00105012641050AD5216880054FF4AB
:108DF000806245F00805CA614FF0010602D40AE01E
:108E0000800507D5206801264FF4007145F0020562
:108E1000C16100E08EB12046FFF77AFF2068002193
:108E2000074F43683B404360606C2843606484F8AC
:108E3000418084F8421084F840103046BDE8F08745
:108E400000E800FE2DE9F8430446164817461E4682
:108E5000DAB20090C3022046DDE9089800F024F859
:108E600042464946204600F0F5F8B8B9012EFDB259
:108E700008D02068390A816242464946204600F0FF
:108E8000E9F858B920688562002280214B462046C7
:108E9000CDF8008000F020F8002800D00120BDE8C7
:108EA000F88300000020008070B50068C1F309015C
:108EB00041EA0241074D049C19434FF48066426821
:108EC000214306EA54532B439A4321F000410A43BD
:108ED000426070BDFF63FF032DE9F0411D46174658
:108EE0000E460446DDF8188028E042462946204612
:108EF000FFF720FF10B10120BDE8F081681C1DD0F4
:108F0000FBF704FFA0EB0800A84200D8B5B9206821
:108F1000806936EA00000FD00020B8420ED1626CA2
:108F2000002084F84000202142F02002626484F88E
:108F3000411084F84200DEE70120EEE720688069F6
:108F400036EA000004D00020B842CED00020D3E79B
:108F50000120F9E72DE9F0470026914620278846B1
:108F6000044635463DE04A4641462046FFF7E2FECC
:108F700000B1012520688169C943890619D4C5B9A2
:108F800081698169C943C90612D41021C1610422D3
:108F90001949626401252068C761206842680A4057
:108FA000426084F8417084F8426084F8406000E0D8
:108FB0006664FBF7ABFEA0EB0901414502D8B8F1AE
:108FC000000F0ED16DB920688069C043400708D5F5
:108FD000606C012584F8406040F02000606484F8F3
:108FE000417020688069C043400701D5002DBAD088
:108FF0002846BDE8F087000000E800FE70B5164680
:109000000D4604461FE0324629462046FFF792FEF1
:1090100008B1012070BDFBF779FE801BA84200D883
:109020008DB920688069C04380060CD5626C002031
:1090300084F84000202142F02002626484F841104C
:1090400084F84200E5E720688069C0438006DAD4EE
:10905000002070BD70B516460D46044621E032462C
:1090600029462046FFF766FE08B1012070BD681C46
:1090700017D0FBF74BFE801BA84200D88DB92068A3
:109080008069C04380070CD5626C002084F84000E2
:10909000202142F02002626484F8411084F84200EA
:1090A000E3E720688069C0438007D8D4002070BD02
:1090B0000146C003C00B4FF0000005D14914A1F5D3
:1090C00080610F2900D801207047000070B5044668
:1090D00008785525AA28B1F805001AD18A78C2B9AE
:1090E0004A78022A15D1B1F8032092B190420ED0ED
:1090F00000EE102AB2EE041B2046A1F80520B8EEBF
:10910000400B80EE012BB7EEC20B00F045FFAA2505
:1091100011E080B10B482044407880070BD4002632
:1091200020469FED090AA1F8056000F035FF0749C8
:1091300004EB84000E5429462046BDE8704000F040
:10914000A5BF00007800002400000000A902002450
:1091500000EBC000074A552300EB400000211354E8
:109160001044827842F001028270A0F80510A0F845
:1091700003107047740600248068C0F3C000704775
:109180008068C0F3800070478068C0F3800070473B
:10919000C06810F4406F01D0002070470120704774
:1091A0000C4B60B101280DD00B4B02280DD00328C9
:1091B0000FD10A464FF400411846FBF79CBD0A4602
:1091C0000821F9E70A461021F6E70A464FF48041E4
:1091D000F2E77047001002580008025810B500244A
:1091E0000721E0B200F012F80021E0B200F00EF822
:1091F00040F002020021E0B200F03AF80721E0B2AC
:1092000000F004F8641C042CEAD310BD3EB50546FA
:109210000C460020012101902846FFF7C1FF0021E4
:109220002846FFF7BDFFC821009104F07F008DF8AC
:1092300004000648022302AA01A9FEF721F9012130
:109240002846FFF7ADFF9DF809003EBD5C0D0024E8
:1092500070B50024054600212A46E0B200F008F867
:109260000021E0B2FFF7D2FF641C042CF3D370BDE1
:10927000F8B515460C4601210646FFF791FF00217F
:109280003046FFF78DFF44F080008DF8000007485E
:109290002C43C823694602228DF80140FDF7CEFF1A
:1092A00001213046FFF77CFFF8BD00005C0D002473
:1092B00030B58BB0002468461C21079408940994AB
:1092C000F7F7B4F82F484FF4101201212C4B042566
:1092D0000561C0E90032C0E902410475032241750D
:1092E0000B03856104774462C0E90A42C0E90C348B
:1092F00080F83840C163F9F73BF808B1F8F7D0F8C7
:10930000204807A90794F8F7E7FB08B1F8F7C8F871
:1093100006201D4940F2FF72CDE90010CDE902029E
:1093200018486946CDE904548DF81940F8F768FCEF
:1093300008B1F8F7B5F80C211448CDE9000111483F
:109340006946F8F75DFC08B1F8F7AAF81221104851
:10935000CDE900010B486946F8F752FC08B1F8F76F
:109360009FF818210B48CDE9000106486946F8F737
:1093700047FC002801D0F8F793F80BB030BD00008F
:1093800000200240E408002400002143000052476E
:109390000040C03A0080F03E70B588B01C2168469D
:1093A000F7F744F844480024424A042501214FF4C9
:1093B000101302600822C0E90134C0E903150475E6
:1093C000032341750E03826104774462C0E90A43B6
:1093D000C0E90C6480F83840C163F8F7C9FF08B1F0
:1093E000F8F75EF80620354940F2FF72CDE900102B
:1093F000CDE9020230486946CDE904548DF81940A0
:10940000F8F7FEFB08B1F8F74BF80C212C48CDE932
:10941000000129486946F8F7F3FB08B1F8F740F86E
:1094200012212848CDE9000123486946F8F7E8FBF6
:1094300008B1F8F735F818212348CDE900011E4896
:109440006946F8F7DDFB08B1F8F72AF84FF48071A8
:109450001E48CDE9000118486946F8F7D1FB08B16C
:10946000F8F71EF84FF483711948CDE9000112484E
:109470006946F8F7C5FB08B1F8F712F84FF48671A2
:109480001448CDE900010C486946F8F7B9FB08B16A
:10949000F8F706F84FF489710F48CDE90001064846
:1094A0006946F8F7ADFB002801D0F7F7F9FF08B0DF
:1094B00070BD000000210240480900240000844BD8
:1094C0000000B84F0800900C8000501D1000C01024
:1094D000000180210002B0252000F01470B588B092
:1094E0001C216846F6F7A2FF2A480024284A0125D5
:1094F00004264FF4101104C02A0380E8720004749B
:1095000003214574466104760462C0E90941C0E95B
:109510000B2480F834408563001FF8F729FF08B159
:10952000F7F7BEFF06201C4940F2FF72CDE900109C
:10953000CDE9020217486946CDE904648DF8194067
:10954000F8F75EFB08B1F7F7ABFF0C211348CDE944
:10955000000110486946F8F753FB08B1F7F7A0FF80
:1095600012206946CDE900500A48F8F749FB08B1D6
:10957000F7F796FF18210A48CDE90001054869462A
:10958000F8F73EFB002801D0F7F78AFF08B070BD5E
:1095900000600258AC0900240004002A0008302EA4
:1095A000020030040B48002110B5094C6023012251
:1095B0000460017141710262C0E90531F9F7E8F90F
:1095C000002803D0BDE81040F7F76ABF10BD0000C7
:1095D000004C0258780B0024254808B5016841F07A
:1095E00001010160016801F001010091016841F091
:1095F0000201016000680022052100F002000090D5
:109600000B20FBF75FFF0B20FBF74FFF002205212C
:109610000C20FBF757FF0C20FBF747FF002205212A
:109620000D20FBF74FFF0D20FBF73FFF0022052128
:109630003820FBF747FF3820FBF737FF00220521D2
:109640003920FBF73FFF3920FBF72FFF00220521D0
:109650003A20FBF737FF3A20FBF727FF00220521CE
:109660003B20FBF72FFFBDE808403B20FBF71DBF69
:10967000D84402582B480421F0B5294F002489B062
:10968000846007601422C4601B23047402254474A0
:1096900001268474C361C0E90521C0E9081200F104
:1096A0003002C0E90A1382E85200C0E90F45C0E960
:1096B0001114C0E91314C0E91514C0E91745C0E935
:1096C0001941FAF77DFE08B1F7F7EAFE02A9019405
:1096D0004FF4926081E87000CDE90504114801A9BA
:1096E000FAF7B8FB08B1F7F7DBFE02220D480023BA
:1096F00011460094FAF7EDFB08B1F7F7D1FE0948DF
:1097000000220121FAF72EFB08B1F7F7C9FE054840
:10971000FAF7CDFF002801D0F7F7C2FE09B0F0BD7F
:1097200000A000409C0B0024094810B505F036F954
:10973000084CE0600648103005F030F9044A00217A
:10974000206105486C3A05F061F9206010BD000009
:10975000300D030880000024EDA602082DE9F04F2B
:1097600087B014216846F6F761FE5648016841F05B
:1097700010010160016801F010010591016841F0DC
:1097800004010160016801F004010591016841F0E4
:1097900080010160016801F080010591016841F0DC
:1097A00001010160016801F001010591016841F0CA
:1097B00002010160016801F002010591016841F0B8
:1097C00008010160006840F21B16DFF8FC900022DF
:1097D00000F00800314605904846FBF78CFADFF8A8
:1097E000ECA000224CF240115046FBF784FADFF85F
:1097F000E0B045F23837002239465846FBF77BFA8D
:1098000048F28008334800224146FBF774FA0024EE
:109810000096012569464846CDE901540394FBF7BB
:109820004FF94FF441400090CDE90154694650464C
:109830000394FBF745F94FF488166946E802029451
:10984000CDE900065846FBF73BF900976946CDE99C
:10985000015458460394FBF733F9CDF8008069466C
:10986000CDE901541B480394FBF72AF940206946CF
:10987000CDE90005CDE902545046FBF721F903205C
:109880006946CDE9000613480294FBF719F9002256
:1098900005210620FBF716FE0620FBF706FE002238
:1098A00005210720FBF70EFE0720FBF7FEFD002237
:1098B00005212820FBF706FE2820FBF7F6FD07B060
:1098C000BDE8F08FE044025800100258000802582A
:1098D00000040258000C02581348002110B5114C26
:1098E0000123124A0460C0E90121C0E9033141614A
:1098F0008161C1610162FBF765FA08B1F7F7D0FD3C
:1099000009480021FBF708FA08B1F7F7C9FD064836
:109910000021FBF72DFA002803D0BDE81040F7F72F
:10992000BFBD10BD00540040800C0024EE3A3070E2
:109930004FF0804215482DE9F0411311124C0021DF
:109940001512C0E90513C0E90721416207278162AA
:109950004FF4C026C1624FF0007CC0E90D21C16305
:10996000016441648164C16401654165816580E889
:10997000F010FDF737FB002803D0BDE8F041F7F702
:109980008FBDBDE8F081000000380040D40C0024F9
:109990002DE9F041164807264FF08042DFF84CC011
:1099A0000021551105611311C0E90216C0E9072114
:1099B0004162171281629411C162C0E90D21C16335
:1099C000016441648164C164016541658165C0E9E8
:1099D0000543C0E900C7FDF705FB002803D0BDE83B
:1099E000F041F7F75DBDBDE8F081000000340140B3
:1099F0005C0D002410B596B000241C210BA8129415
:109A000013941494F6F712FD2C216846F6F70EFD18
:109A10002248EF2220494FF6FF7380E81600C0E984
:109A2000033444618461FEF7ADFC08B1F7F738FDFB
:109A30001A4812A9129413941494FDF721FF08B147
:109A4000F7F72EFD6020CDE90B04144800220BA986
:109A50000D940E940F9410941194FEF701FC08B12C
:109A6000F7F71EFD4FF40050009401940103029497
:109A7000CDE9044003940694CDE9074107486946BF
:109A800009940A94FDF7ACFE08B1F7F709FD034805
:109A9000FEF7BEF816B010BD00000140E40D002432
:109AA00010B58AB0002468461C21079408940994D4
:109AB000F6F7BCFC1948611E17224FF08043C0E93D
:109AC000024104618461C0E90032FEF71BFA08B16B
:109AD000F7F7E6FC114807A907940994FDF7D0FEB3
:109AE00008B1F7F7DDFC3020049402210291CDE9A2
:109AF00000040A4800226946FEF7E0F808B1F7F7CB
:109B0000CFFC064808226946FEF7D8F808B1F7F7F7
:109B1000C7FC0248FEF77CF80AB010BD300E0024E6
:109B200010B58AB0002468461C2107940894099453
:109B3000F6F77CFC15484FF6FF71EF22124BC0E997
:109B4000024104618461C0E90032FEF7DBF908B12B
:109B5000F7F7A6FC0D4807A907940994FDF790FEB6
:109B600008B1F7F79DFC0220009400226946CDE978
:109B7000014006480494FEF7A1F8002801D0F7F749
:109B80008FFC0AB010BD0000000400407C0E0024D1
:109B900010B58AB0002468461C21079408940994E3
:109BA000F6F744FC18484FF6FF71EF22154BC0E959
:109BB000024104618461C0E90032FEF7A3F908B1F3
:109BC000F7F76EFC104807A907940994FDF758FEB3
:109BD00008B1F7F765FC0C4800226946009401942F
:109BE00002940494FEF76AF808B1F7F759FC0648A6
:109BF00004226946FEF762F8002801D0F7F750FC0E
:109C00000AB010BD00080040C80E00241948002109
:109C10002DE9F041164A0C24C0E90541C1614FF419
:109C2000612301629514416256141715816280E820
:109C3000EC00FEF7BBFE08B1F7F732FC0D4800213F
:109C4000FEF7B1FC08B1F7F72BFC0A480021FEF73C
:109C500084FC08B1F7F724FC0648FEF712FC002844
:109C600003D0BDE8F041F7F71BBCBDE8F081000070
:109C700000100140701200241848002110B5164C45
:109C80000C224FF4E1330460C0E90131C160C0E946
:109C900004128161C161016241628162FEF786FE48
:109CA00008B1F7F7FDFB0D480021FEF77CFC08B179
:109CB000F7F7F6FB09480021FEF74FFC08B1F7F76C
:109CC000EFFB0648FEF7DDFB002803D0BDE810409F
:109CD000F7F7E6BB10BD0000004400400413002469
:109CE00070B501210446FFF791FAC5012046022113
:109CF000FFF78CFA45EA50002146BDE8704003F0BA
:109D000013BCFEE7FEE7F0B5B1B0C0216846F6F738
:109D10008DFB002304240A254FF408228DE83C0023
:109D200002202993C026049002071C922027059048
:109D3000CDE90606CDE908736846FBF77DFF0028EC
:109D400001D072B6FEE731B0F0BD00002DE9F0475A
:109D5000454D044689464FF0000A2868C0438007F5
:109D60000AD0414E283E306820F080603060FAF71B
:109D7000CDFF0746B04608E00120BDE8F08700BFF0
:109D8000FAF7C4FFC01B022867D8D8F8000000010A
:109D9000F6D4206829684FF4FE0721F47C313E0296
:109DA00041EA00302860207AA389B4F804C0400258
:109DB0002D4D2D495B1E227CACF1010C1035091D87
:109DC000A0F5007080B2521ECCF3080C07EA0343E2
:109DD00040EA0C00184306EA026210432860086853
:109DE000626920F0C000104308600A68A06922F090
:109DF000200202430A60281D0A6822F010020A604D
:109E000002684FF6F873E4699A4342EAC4020260BA
:109E10000868B9F1000F40F010020A6011D008681C
:109E2000B9F1010F11D040F400100860D8F800001B
:109E3000444640F08060C8F80000FAF767FF054626
:109E40000DE0086840F40020EFE740F48010ECE7F4
:109E5000FAF75CFF401B022801D903208DE7206838
:109E60000001F5D5504688E7284402582DE9F0470F
:109E7000454D044689464FF0000A2868C0438007D4
:109E80000AD0414E283E306820F080503060FAF70A
:109E90003DFF0746B04608E00120BDE8F08700BF5F
:109EA000FAF734FFC01B022867D8D8F800008000FA
:109EB000F6D4208829684FF4FE0721F07C713E0219
:109EC00041EA00502860207AA389B4F804C0400217
:109ED0002D4D2D495B1E227CACF1010C1835091D5E
:109EE000A0F5007080B2521ECCF3080C07EA0343C1
:109EF00040EA0C00184306EA026210432860086832
:109F0000626920F44060104308600A68A06922F486
:109F1000007202430A60281D0A6822F480720A60F7
:109F200002684FF6F873E4699A4342EAC402026099
:109F30000868B9F1000F40F480720A6011D0086817
:109F4000B9F1010F11D040F080700860D8F800001E
:109F5000444640F08050C8F80000FAF7D7FE0546A6
:109F60000DE0086840F48000EFE740F40000ECE703
:109F7000FAF7CCFE401B022801D903208DE72068A8
:109F80008000F5D5504688E72844025800214161F9
:109F9000C16001617047000000EBC0021A4902EB8A
:109FA00042021144D1F80F20D1F80B1000EE902A94
:109FB00001EE101A40EE010AF5EEC00AF1EE10FAB9
:109FC00001D2DFED120A9FED120AB0EE041B9FEDE5
:109FD000112B20EE800A9FED113BB7EEC00A80EEF8
:109FE000014B24EE020B20EE030BBCEEC00B10EE77
:109FF000101A8AB228B1012805D103210120F6F7F1
:10A00000F5BE0221FAE77047740600240000000044
:10A0100000FF7F47FA7E6ABC7493683F000000002F
:10A0200000004940B5EEC00AF1EE10FA01D29FEDF2
:10A03000110ADFED110AB0EE042B9FED103B20EE6C
:10A04000200A9FED101BB7EEC00A80EE024B24EEF3
:10A05000030B20EE010BBCEEC00B10EE101A8AB2FF
:10A0600028B1012805D105210120F6F7BFBE042142
:10A07000FAE770470000000000FF7F47FA7E6ABCE5
:10A080007493683F00000000000049402DE9F05F34
:10A0900006465A4A5A48AA2906EB8607DFF864B1F1
:10A0A00002EB06044FF0010A00EB47054FF00008F1
:10A0B0001AD06979814600296AD006F05DFCD5F88E
:10A0C0000610401AC8280DD34FF001024EB34E4877
:10A0D000802100BFFAF70FFE85F80580607820F038
:10A0E00002006070BDE8F09F814610F81700D8B1FB
:10A0F00006F042FCD5F801104D46401AB0F5FA6F53
:10A10000F0D34FF000024EB13F488021FAF7F3FD43
:10A1100005F81780607840F00200E2E70821584611
:10A12000F4E708215846D5E74FF001028EB110211F
:10A130005846FAF7E0FD607840F00100607056B1D3
:10A1400031488021FAF7D2FD40B119F8170040B12B
:10A1500018E02021ECE708215846F3E709F81780BA
:10A1600010E04FF0010286B127488021FAF7C3FDC5
:10A17000627822F00202627009F817A006F0FCFB78
:10A18000C5F8010085F80580ACE708215846EDE7E1
:10A190004FF00002A6B110215846FAF7ACFD6078E6
:10A1A00020F0010060706EB117488021FAF79EFD23
:10A1B00058B185F80580607820F00200607017E0E3
:10A1C0002021E9E708215846F0E7687980B94FF087
:10A1D000000286B10C488021FAF78DFD617841F0CC
:10A1E0000201617085F805A006F0C6FBC5F80600FF
:10A1F00009F8178076E708215846EDE77800002433
:10A20000B302002400040258000C025870B5104D2F
:10A2100004004FF0010216D00E488021FAF76BFDC2
:10A220000D48002C4FF000020444607820F002003A
:10A2300060700BD010212846FAF75DFD607820F0A1
:10A240000100607070BD08212846E7E72021F2E791
:10A2500000040258000C025878000024B7EEC02A0F
:10A260009FED1B1B9FED1C3B9FED1D0B1E4A32EE0D
:10A27000412B82EE034B34EE412B02EE401BB7EE36
:10A28000C10BB5EEC00AF1EE10FA02D29FED170A2B
:10A2900005E010EE101A914201DDB0EE040ADFED88
:10A2A000140AB0EE041B20EE200AB7EEC00A80EEBE
:10A2B000012BBCEEC20B10EE101A8AB228B1012895
:10A2C00005D101210120F6F791BD0021FAE7704781
:10A2D0009A9999999999E93F00000000000042403D
:10A2E0003333333333331B40000020400000000081
:10A2F00000FF7F47B5EEC00A10B5F1EE10FA02DD9F
:10A30000F0EE400A01E0F1EE400A9FED2D1BB7EEA2
:10A31000E04AB2EE0C3BB7EE082B34EE414B84EE34
:10A32000035B35EE413B03EE421BF7EEC10BF5EE4E
:10A33000C00AF1EE10FA01D2DFED230A9FED232AC5
:10A34000B5EEC00AB0EE041BF1EE10FA20EE820A60
:10A350004FF6FF71B7EEC00A80EE012BBCEEC20BC8
:10A3600010EE102A94B202DD22460C4600E00A46A6
:10A3700080B1012815D002281AD003281FD1072147
:10A380000020F6F733FD05212246BDE810400020ED
:10A39000F6F72CBD02210020F6F728FD0021224609
:10A3A000F3E706210020F6F721FD04212246ECE721
:10A3B00003210020F6F71AFD01212246E5E710BD32
:10A3C0009A9999999999E93F0000000000FF7F4709
:10A3D000AA29034630B40AD000220E4C4BB1012BFF
:10A3E0000AD00D4C022B0AD003280FD10BE001221A
:10A3F000F3E70221204609E00121204606E04FF460
:10A400000071204602E04FF48071204630BCFAF71C
:10A4100072BC0000001002580004025810B5026817
:10A4200040F26F335169946944F008049461026802
:10A43000946944F0100494610268146824F00104E3
:10A440001460026814699C4314610268936823F4E1
:10A450004043936090F88120042A0CD08A060AD5E4
:10A46000D0F8842042F08002C0F88420026893690A
:10A4700043F02003936190F88120032A0CD04A0610
:10A480000AD5D0F8842042F00402C0F88420026883
:10A49000936943F0400393618A050AD5D0F884207C
:10A4A00042F00102C0F884200268936943F400730B
:10A4B0009361C9050AD5D0F8841041F00801C0F8AD
:10A4C000841001688A6942F480728A610021A0F8D0
:10A4D0006210A0F86A1010BD2DE9F0411C46164626
:10A4E0000D460746DDF818800AE000BFFAF70EFCBB
:10A4F000A0EB0800A04202D3601C01D00BE054B1D5
:10A500003868406935EA000007D00020B042EDD03D
:10A510000020BDE8F0810320FBE70120F6E7000002
:10A520001548002110B5FDF743FE13480821FDF73B
:10A530003FFE1148FDF7AEFA0F4900209FED0F1BBB
:10A540000A6850620F480A68B0F8F70000EE100A77
:10A55000B8EE400B81EE002BBCEEC20B10EE100AE1
:10A56000401ED062C860F6F745FB00F00DF8BDE86C
:10A5700010400148FDF748BA300E002400000000EA
:10A58000D012634174060024074A022307480021C1
:10A5900010B5FDF7CBFB044A0223BDE8104008329A
:10A5A00002480821FDF7C2BBCC000024300E002475
:10A5B0002DE9F041284D2878002846D1274C00216C
:10A5C000274AA2F5EA702388FDF7B0FBDFF89480F4
:10A5D000254E234F98F8F200AA2810D030680022A8
:10A5E000082100F0DDFB2088326807EB800050F87E
:10A5F000041C6331D16250F8040C633018E0184A2F
:10A600000821638818486032FDF790FB2188628832
:10A61000134807EB8101603000EB820051F8041C05
:10A6200050F8040C814200D9084631686330C86292
:10A63000F0600D48FDF7E8F998F8F50055282878FE
:10A6400005D020F0300010302870BDE8F08120F0F7
:10A650000300401CF8E7000078000024C800002434
:10A660000410002474060024300E002410B5C368C2
:10A670006424006803F1010303FB02F3B3FBF4F26B
:10A6800049B1042909D0082909D00C2909D0102979
:10A6900009D0C26510BD426310BD826310BDC263A4
:10A6A00010BD026410BD826510BD0000044A002187
:10A6B000044810B504F0AAF90349886010BD0000F1
:10A6C0000C0D0308A1A7020880000024044A002101
:10A6D000044810B504F09AF90349486010BD000021
:10A6E000E80C030815A702088000002404F070F8A5
:10A6F00000F05EF8C120FEF7ABFDFEF76FFD02F043
:10A70000E1FD05F0C7FAF6F771FEFFF7CFFF04F0A1
:10A7100079F90000204A8AB0204C022602F110008C
:10A72000099004F1360008905E300490793802F107
:10A730001C09009004F1650A02F1280802F13405B1
:10A7400002F1080704F1C30B03F006FD0020DDE968
:10A75000081200F05DF901204A46514600F058F910
:10A7600004990220424600F053F903202A46594634
:10A7700000F04EF966700020074A08492677FEF778
:10A78000A5FC009901203A46FEF7A0FCFEF774FAFA
:10A79000012004F0C7F8D7E79607002474060024C8
:10A7A00002F0FAFC04F07AF9012004F0BBF8F7E7B4
:10A7B0000B491C2210B501F1E000F7F7F3FF08493F
:10A7C0003822383101F58670F7F7ECFF04491C2276
:10A7D000BDE81040A83101F58070F7F7E3BF000035
:10A7E000040800244FF0E02010B5006906F0B6F828
:10A7F000012803D0BDE8104005F0A2BD10BD000047
:10A8000070B59CB04C216846F5F710FE202113A8C6
:10A81000F5F70CFE0220FAF787FE214800242149B3
:10A82000026842F44042026002680A6842F0010293
:10A830000A60096801F001011B9101688904FCD5D7
:10A8400002200090402504950121039104220B92DF
:10A850003C23CDE90904CDE90C300FAB05260E965B
:10A860000C2183E8130068461294FCF7F9F808B14C
:10A8700072B6FEE708221A95CDE91625D30113AA70
:10A880003F200321CDE9185382E81300042113A8C7
:10A89000FBF7A8FE002801D072B6FEE71CB070BD21
:10A8A000184802582C0400583348F0B5334A016860
:10A8B00041F470010160106800F00F00072804D215
:10A8C000106820F00F00C01D10602D4900202C4C96
:10A8D00010340B682B4D43F001030B6020600B68B4
:10A8E0002B400B60136803F00F03072B04D9136888
:10A8F00023F00F03DB1D1360214C234A1834234B34
:10A90000261D371D20601E4C214D28343060261D29
:10A910003860371D23603B1D35601C1D3A60251DC6
:10A920002E1D1860331D22602860326018600A688E
:10A93000134B184C22F4802260330A6018602068A0
:10A940006FF30F00B0F1005F03D213490120C1F88B
:10A9500008010B48D4300168C9040BD4026843F2E3
:10A96000D2010E4B42F4805202601960016821F45A
:10A9700080510160F0BD000088ED00E00020005231
:10A98000004402587FEDF6EA800201010002020253
:10A990000000FF010010005C0080005100400052E8
:10A9A000B0F90300B2EE041B00EE100A0968B0EE25
:10A9B000082BB8EEC04B00EE101A84EE013BB7EE48
:10A9C000C00A33EE021BB4EEC01BF1EE10FA01D246
:10A9D0000120704700207047B0F90300B2EE041B5D
:10A9E00000EE100A0968B0EE082BB8EEC04B00EE7E
:10A9F000101A84EE013BB7EEC00A33EE421BB4EEF0
:10AA0000C01BF1EE10FA01DD0120704700207047F5
:10AA10002DE9F04792460C46054600F093F83D4B71
:10AA20000022207805EB850503F12806552803F15F
:10AA3000140702D172555A557A55705D30B101280C
:10AA40004FF003080DD002285AD12FE02078AA2811
:10AA500056D10120705505F08FFFA919C1F80100EA
:10AA60004EE051462046FFF79BFF20B95146204655
:10AA7000FFF7B2FFB8B1274849F2E031283004F0BF
:10AA8000C6FF03283CD151462046FFF789FF002826
:10AA9000A07802D040F0020001E040F00400A07075
:10AAA00006F805802CE00220705529E0514620462A
:10AAB000FFF776FF4EF6602958B11648494604F074
:10AAC000A6FF03281CD106F80580A07840F00200FC
:10AAD00015E05A55A078514620F00200A07020469B
:10AAE000FFF77AFF80B10B484946143004F08FFF1E
:10AAF000032805D106F80580A07840F00400A07076
:10AB0000785D6070BDE8F0877A55A07820F0040089
:10AB1000F5E70000C80200244968094A00EE101A4F
:10AB200002EB8000D0ED000AB0EEC00AB4EEE00AFD
:10AB3000F1EE10FA01DB01207047002070470000A1
:10AB40000C0000242DE9F0410C46097804F10F08AF
:10AB50001646AA29054601D1A07880B1552128467C
:10AB6000FFF736FC00209FED4A0AC4F82B00284668
:10AB7000FFF7C0FB4046BDE8F041FFF707BAAA2146
:10AB80002846FFF725FC05F0F7FE424F57F8251041
:10AB9000401AC8287AD905F0EFFE47F82500B4F925
:10ABA0000300B2EE041B00EE100A3168B8EEC02BB1
:10ABB00000EE101A82EE013BB7EEC00A33EE400BF6
:10ABC000B7EEC00B10EE100AC4F82300404603F0A5
:10ABD000CFFFDFED310A80EE201A11EE100AB0F13E
:10ABE000804F02DDB0EE001A06E011EE100AB0F15F
:10ABF000404F01D9B8EE001A31462846FFF78CFFC6
:10AC000070B1D4F82B1000EE101A70EE010AB0EEFD
:10AC1000C00AF0EEE00AF4EEC00AF1EE10FA2CDC05
:10AC200054F82B0F00EE100A30EE010A10EE100A55
:10AC30002060284603F0BCF8B7EEC01A9FED170B52
:10AC400001F0CEFBB7EEC00B54F82B1901EE101A31
:10AC5000F1EE400AB4EEE01AF1EE10FA02D210EE74
:10AC6000900A08E000EE901AF4EEC00AF1EE10FA35
:10AC700003DD10EE100AC4F82B00D4F82B0000EE10
:10AC8000100A2846BDE8F041FFF734BBBDE8F0816B
:10AC900000000000040300240000C842000000007F
:10ACA000008033400148FCF70FBF0000300E002445
:10ACB0000148FCF709BF00007C0E00240148FCF7A6
:10ACC00003BF0000C80E00240148FCF7FDBE0000D1
:10ACD000881400242DE9F047294B4FF0804A294D74
:10ACE00002689842284E294F294C09D0504507D078
:10ACF000A84205D0B04203D0B84201D0A04205D14D
:10AD0000D1F804C022F070024CEA0202DFF884C0DD
:10AD1000DFF884809842DFF884900FD050450DD042
:10AD2000A8420BD0B04209D0B84207D0A04205D00B
:10AD3000604503D0404501D0484503D1CD6822F499
:10AD400040722A438E684D6922F08002C6620E6806
:10AD50002A439842866207D0A04205D0604503D0BE
:10AD6000404501D0484501D10969016303680121CB
:10AD700043F00403036041610260BDE8F087000016
:10AD8000000001400004004000080040000C0040AA
:10AD900000040140004001400044014000480140DF
:10ADA00010B5046A012301F01F018B409C4304622B
:10ADB0008A40016A1143016210BD10B5846B012104
:10ADC000626A824205D12177C069F8B984F83E10E1
:10ADD0001CE0A26A824206D102222277C069A8B989
:10ADE00084F83F1012E0E26A824206D10422227700
:10ADF000C06958B984F8401008E0226B824205D13E
:10AE000008222277C06908B984F841102046FDF76E
:10AE1000FFFA0020207710BD10B5846B616A814273
:10AE200001D101200DE0A16A814201D1022008E098
:10AE3000E16A814201D1042003E0216B814201D10A
:10AE4000082020772046FDF703FB0020207710BD67
:10AE500010B5846B0121626A824203D1217784F8A4
:10AE60003E1019E0A26A824204D10220207784F8C1
:10AE70003F1011E0E26A824204D10420207784F876
:10AE8000401009E0226B824204D10820207784F828
:10AE9000411001E084F83D102046FCF713FE00202D
:10AEA000207710BD2DE9F04FDFF88480214EDFF8C8
:10AEB0008890DFF888B0026A036AB042DFF880A0A9
:10AEC00022F0020C1F4F23F00102026242688569E2
:10AED0008B680C6805EA080525F0030543EA0C03B6
:10AEE00044EA050407D0484505D0584503D05045ED
:10AEF00001D0B84205D1CD6823F008031D4325F0E9
:10AF00000403B04207D0484505D0584503D050450A
:10AF100001D0B84205D122F44076D1E9055235433B
:10AF20002A4342608461496841630362BDE8F08F4F
:10AF30008FFFFEFF0000014000040140004001407F
:10AF40000044014000480140F0B5DFF87CE01F4CB0
:10AF50001F4D026A036AA04222F0200623F010036C
:10AF6000036242688369D1F808C00F6803EA0E03E0
:10AF700023F4407E46EA0C134EEA072601D0A8428D
:10AF800006D1CF6823F0800343EA071323F0400380
:10AF9000A0420AD0A84208D00E4CA04205D00E4CC8
:10AFA000A04202D00D4CA04207D1D1E9054522F4C0
:10AFB000406242EA840242EA850242608661496850
:10AFC00081630362F0BD0000FF8FFFFE00000140BF
:10AFD000000401400040014000440140004801409D
:10AFE000F0B5DFF87CE01F4D1F4E026A036AA842ED
:10AFF00022F4007723F4807303624368C269D1F8B6
:10B0000008C002EA0E020C6822F0030E47EA0C2286
:10B0100044EA0E0401D0B04206D1CF6822F40062A7
:10B0200042EA072222F48062A8420AD0B04208D045
:10B030000E4DA84205D00E4DA84202D00D4DA8429B
:10B0400007D1D1E9055623F4405343EA051343EAF7
:10B0500006134360C4614968C1630262F0BD000029
:10B060008FFFFEFF0000014000040140004001404E
:10B070000044014000480140F0B5046A026A22F42D
:10B08000805202624268C36924F40054DFF848C069
:10B090008E680D6803EA0C03104F23F4407344EAF2
:10B0A0000634B84243EA05230BD00D4DA84208D020
:10B0B0000C4DA84205D00C4DA84202D00B4DA84221
:10B0C00004D14D6922F4804242EA85124260C36194
:10B0D000496801640462F0BDFF8FFFFE000001407B
:10B0E000000401400040014000440140004801408C
:10B0F000F0B5164F164B026A046A984222F40035E6
:10B1000024F4803303624268436D0E890C6803EABD
:10B11000070344EA030445EA06430BD00D4DA84259
:10B1200008D00D4DA84205D00C4DA84202D00C4DC0
:10B13000A84204D14D6922F4803242EA05224260DD
:10B140004465496881650362F0BD00008FFFFEFF22
:10B150000000014000040140004001400044014063
:10B1600000480140F0B5164F164B026A046A984237
:10B1700024F48013036222F400144268436D0E89A4
:10B180000D6803EA070344EA065443EA05230BD09B
:10B190000D4DA84208D00D4DA84205D00C4DA84237
:10B1A00002D00C4DA84204D14D6922F4802242EA1B
:10B1B0008522426043654968C1650462F0BD0000B4
:10B1C000FF8FFFFE000001400004014000400140ED
:10B1D000004401400048014030B5416EB9B10168FA
:10B1E0000D4B03F108048A688968C2F34262490F73
:10B1F0005D5C615C2D01B5FBF1F1A0F86A10995C12
:10B20000A25C0901B1FBF2F1A0F8681030BD012188
:10B21000A0F86A10F8E70000CC0D030890F8281099
:10B22000090706D50168836B4A6822F400421A4375
:10B230004A6090F82810C90706D00168C36A4A68B6
:10B2400022F400321A434A6090F82810890706D584
:10B250000168036B4A6822F480321A434A6090F80E
:10B260002810490706D50168436B4A6822F48022FA
:10B270001A434A6090F82810C90606D50168C36BC6
:10B280008A6822F480521A438A6090F8281089064E
:10B2900006D50168036C8A6822F400521A438A605A
:10B2A00090F82810490611D50168436C4A6822F4C9
:10B2B00080121A434A60416CB1F5801F06D10168C3
:10B2C000836C4A6822F4C0021A434A6090F828103E
:10B2D000090606D50168C26C486820F400201043B6
:10B2E000486070472DE9F84300250446C0F89050A7
:10B2F000F9F70CFD8046206820266FF07E47006835
:10B30000000713D50022434631042046009700F081
:10B310003FFE58B1216851E8000F20F0800041E85D
:10B320000002002AF6D1C4F8886021E02068006895
:10B33000400722D5002243464FF480012046009763
:10B3400000F026FEC8B1206850E8001F21F490717B
:10B3500040E80012002AF6D12068083050E8001FAB
:10B3600021F0010140E80012002AF5D1C4F88C60F8
:10B37000032084F88450BDE8F883C4F88860C4F8DA
:10B380008C60E5662567002084F88450F3E710B5EB
:10B39000806B0021A0F85E10FDF72EF910BD70B58E
:10B3A000846B00252168D4F88800D4F88C60896803
:10B3B000090606D5212804D1A4F85650204600F0ED
:10B3C000B5F820688068400606D5222E04D1A4F87E
:10B3D0005E50204600F080F8D4F8900040F0100055
:10B3E000C4F890002046FDF707F970BD10B5C1699B
:10B3F0000022806BB1F5807F2DD0A0F85E2003681D
:10B4000053E8001F21F4807143E80014002CF6D1AA
:10B410000168083151E8003F23F0010341E800349E
:10B42000002CF5D10168083151E8003F23F04003BA
:10B4300041E80034002CF5D12021C0F88C10C16EF9
:10B44000012908D1016851E8003F23F0100341E8C9
:10B450000034002CF6D10267C16E012902D0FDF73D
:10B46000ADFB10BDB0F85C10FDF750F810BD10B585
:10B47000806B01210167C16E012902D0FDF7AEFB8F
:10B4800010BDB0F85C104908FDF740F810BD10B5CC
:10B49000C169806BB1F5807F16D00021A0F85610ED
:10B4A0000168083151E8002F22F0800241E80023B2
:10B4B000002BF5D1026852E8001F41F0400142E83C
:10B4C0000013002BF6D110BDFDF7D2FB10BD10B557
:10B4D000806BFDF7CEFB10BD10B5026852E8001F6F
:10B4E00021F4907142E80013002BF6D10E4B026854
:10B4F000083252E8001F194042E80014002CF6D12F
:10B50000C16E012908D1026852E8001F21F0100124
:10B5100042E80013002BF6D100212022C0F88C2035
:10B52000C166416710BD0000FEFFFFEF026852E8F0
:10B53000001F21F0C00142E80013002BF6D1016882
:10B54000083151E8002F22F4000241E80023002BCB
:10B55000F5D12021C0F888107047000010B5D0F850
:10B560008C10B0F860202229016804D0886940F06E
:10B570000800886110BD496A836D11401980816D92
:10B58000891C8165B0F85E10491EA0F85E10B0F805
:10B590005E100029EED1016851E8002F22F490726C
:10B5A00041E80023002BF6D10168083151E8002F53
:10B5B00022F0010241E80023002BF5D1184B0021B5
:10B5C00002682024C0F88C40416701679A420BD082
:10B5D0005268120208D5036853E8002F22F08062F7
:10B5E00043E80024002CF6D1C26E012A02D0FDF7F8
:10B5F000E5FA10BDC166026852E8001F21F0100193
:10B6000042E80013002BF6D10168CA69D243D20682
:10B6100001D410220A62B0F85C10FCF777FF10BD6D
:10B62000000C00582DE9F04704460068C569D0F8C1
:10B6300000A0D0F80890D4F88C10B4F860602229EB
:10B6400005D0816941F008018161BDE8F087B4F857
:10B6500068704FF0000844E02068A16D406A3040F7
:10B660000880A06D801CA065B4F85E00401EA4F8A0
:10B670005E002068C569690730D0E9070AD05FEA33
:10B68000CA5107D501210162D4F8900040F00100B1
:10B69000C4F89000A8070BD55FEAC97008D02168EC
:10B6A00002200862D4F8900040F00400C4F8900032
:10B6B00068070BD55FEAC97008D0216804200862CA
:10B6C000D4F8900040F00200C4F89000D4F8900044
:10B6D00020B12046FCF790FFC4F89080B4F85E00DB
:10B6E00000B30FB1A806B7D4B4F85E000028ACD000
:10B6F000B4F868108142A8D92068083050E8001FCB
:10B7000021F0805140E80012002AF5D12A486067F4
:10B71000216851E8000F40F0200041E80002002AB3
:10B72000F6D192E7216851E8000F20F4807041E8DB
:10B730000002002AF6D1214A2068083050E8001F94
:10B74000114040E80013002BF6D11D4A2023216848
:10B750004046C4F88C30C4F87480C4F870809142BC
:10B760000BD04968090208D5226852E8001F21F071
:10B77000806142E80013002BF6D1E16E012903D06D
:10B780002046FDF71BFAAFE7E066216851E8000F9D
:10B7900020F0100041E80002002AF6D12068C169BB
:10B7A000C943C90601D410210162B4F85C102046D7
:10B7B000FCF7ACFE98E700005DB50208FEFFFFEF66
:10B7C000000C005810B5D0F88C10B0F86020222979
:10B7D000016804D0886940F00800886110BD496A9A
:10B7E000836D11401970816D491C8165B0F85E1040
:10B7F000491EA0F85E10B0F85E100029EED1026874
:10B8000052E8001F21F4907142E80013002BF6D19A
:10B810000168083151E8002F22F0010241E80023BD
:10B82000002BF5D1184B002102682024C0F88C4071
:10B83000416701679A420BD05268120208D502682C
:10B8400052E8003F23F0806342E80034002CF6D138
:10B85000C26E012A02D0FDF7B1F910BDC1660268BF
:10B8600052E8001F21F0100142E80013002BF6D12E
:10B870000168CA69D243D20601D410220A62B0F824
:10B880005C10FCF743FE10BD000C00582DE9F0479A
:10B8900004460068C569D0F800A0D0F80890D4F834
:10B8A0008C10B4F86060222905D0816941F008014C
:10B8B0008161BDE8F087B4F868704FF0000844E09B
:10B8C0002068A16D406A30400870A06D401CA065E2
:10B8D000B4F85E00401EA4F85E002068C5696907E0
:10B8E00030D0E9070AD05FEACA5107D501210162C9
:10B8F000D4F8900040F00100C4F89000A8070BD5E0
:10B900005FEAC97008D0216802200862D4F890006C
:10B9100040F00400C4F8900068070BD55FEAC970D6
:10B9200008D0216804200862D4F8900040F002009A
:10B93000C4F89000D4F8900020B12046FCF75CFEDB
:10B94000C4F89080B4F85E0000B30FB1A806B7D475
:10B95000B4F85E000028ACD0B4F868108142A8D9D1
:10B960002068083050E8001F21F0805140E80012A4
:10B97000002AF5D12A486067206850E8001F41F08E
:10B98000200140E80012002AF6D192E7216851E830
:10B99000000F20F4807041E80002002AF6D1214A0D
:10B9A0002068083050E8001F114040E80013002BC9
:10B9B000F6D11D4A202321684046C4F88C30C4F8D3
:10B9C0007480C4F8708091420BD04968090208D590
:10B9D000226852E8001F21F0806142E80013002B2A
:10B9E000F6D1E16E012903D02046FDF7E7F8AFE775
:10B9F000E066206850E8001F21F0100140E80012C6
:10BA0000002AF6D12068C169C943C90601D41021B2
:10BA10000162B4F85C102046FCF778FD98E700005E
:10BA2000C5B70208FEFFFFEF000C00582DE9F043F8
:10BA300004468068D84E87B0D84B2168D4E90427E3
:10BA4000D4F81CC010430A68002547EA0C073843A5
:10BA5000324002430A602068E268416821F44051A4
:10BA6000114341602268A1699A4201D0206A0143D2
:10BA70009768DFF82CC3CB4ECB4807EA0C070F437F
:10BA800097602168676ACA6A22F00F023A43CA6265
:10BA90002268B2420ED1006800F03800182873D036
:10BAA00047DCB8B3082879D010286FD178E028286F
:10BAB0007ED17BE0BD498A4209D1006800F00700D1
:10BAC000062875D2DFE800F0546A6C6E7072B849CF
:10BAD0008A4209D1006800F00700062868D2DFE832
:10BAE00000F0475D5F616365B2498A4209D1006831
:10BAF00000F0070006285BD2DFE800F03A5052540D
:10BB00005658AD498A420BD1006800F0070006285C
:10BB10004ED200E010E0DFE800F02B4143454749FA
:10BB2000A6498A420AD1006800F03800182839D0A6
:10BB3000B7DD2028BBD13CE001203AE0A0498A4291
:10BB400009D1006800F00700062831D2DFE800F0D4
:10BB50001026282A2C2E9B498A420BD1006800F01F
:10BB60000700062824D2DFE800F003191B1D1F215F
:10BB700000201EE09A421BD18B48001D006800F097
:10BB80000700062814D202E00CE007E010E0DFE82E
:10BB900000F0030507090B0D02200AE0042008E06D
:10BBA000082006E0102004E0202002E0402000E011
:10BBB00080208549DFF814829A42854A4FF4004379
:10BBC0004FEA21174FF000064ED110281AD006DC9C
:10BBD000022809D004280BD008287CD10DE02028A9
:10BBE0003ED0402877D13DE0F9F7C8FC014610E08F
:10BBF0006846F9F779FD01990BE003A8F9F716FEFD
:10BC0000049906E01068800605D51068C0F3C100ED
:10BC1000C140002970D0606A676838F8102007EBCF
:10BC20004703B1FBF2F0834255D8B0EB073F52D83F
:10BC3000002308461946F4F7AFFB02467808130EB6
:10BC4000120243EA012110183A4671410023F4F729
:10BC5000A3FB604AA0F5407191423CD821688FE077
:10BC60003946D8E71946D6E7D4F81CC04FF6EF7925
:10BC70009C4546D1082819D005DC58B101280CD0C4
:10BC8000042875D10DE0102815D0202835D0402883
:10BC90006ED134E0FAF724FE01E0FAF733FE0146F4
:10BCA00010E06846F9F720FD01990BE003A8F9F7C9
:10BCB000BDFD049906E01068800604D51068C0F345
:10BCC000C100C140C1B1636A606838F81330B1FB8C
:10BCD000F3F1490000E04BE001EB5001B1FBF0F063
:10BCE000A0F11001494543D84FF6F0732168C0F325
:10BCF00042021840104343E043E03946E3E7194667
:10BD0000E1E7082819D005DC58B101280CD0042837
:10BD10002ED10DE0102815D020282BD0402827D177
:10BD20002AE0FAF7DDFD01E0FAF7ECFD014610E04C
:10BD30006846F9F7D9FC01990BE003A8F9F776FDFD
:10BD4000049906E01068800604D51068C0F3C100AD
:10BD5000C140B1B1636A606838F81330B1FBF3F1E8
:10BD600001EB5001B1FBF0F0A0F11001494505D9FC
:10BD7000012506E03946EDE71946EBE7216880B278
:10BD8000C8600120A4F86A00A4F868002846666725
:10BD9000A66707B0BDE8F083F369FFCF000C005839
:10BDA000FFF4FF11001001405444025800440040C9
:10BDB00000480040004C004000500040001401408A
:10BDC00000780040007C00400090D003B40D0308D0
:10BDD00000440258FFFC0F0070B50446D0F8800004
:10BDE00000232225A165A4F85C20C4F89030C4F893
:10BDF0008C50F0B11F49C163D4F880101E4808640C
:10BE0000D4F880101D48C864D4F880000365134638
:10BE1000A56D2168D4F880002A462431F7F754FE36
:10BE200038B11021C4F890102020C4F88C000120F3
:10BE300070BD206940B1216851E8000F40F4807066
:10BE400041E80002002AF6D12068083050E8001FBF
:10BE500041F0010140E80012002AF5D120680830C5
:10BE600050E8001F41F0400140E80012002AF5D1DF
:10BE7000002070BDEDB302086FB402089FB3020842
:10BE800070B58368002481654FF48056A0F85C206B
:10BE9000B342A0F85E204FF0FF01446704D103696C
:10BEA00003BB40F2FF111DE04FF07F05C3B1B3F1BA
:10BEB000805F1AD0A0F860402221C0F89040C0F8FE
:10BEC0008C100168083151E8003F43F0010341E85C
:10BED0000034002CF5D1416EB1F1005F0CD02FE0A1
:10BEE000036933B9A0F86010E6E7016909B13F21A1
:10BEF000F8E7A0F86050DFE7B0F8681091421FD86B
:10BF00008168B14201D10169B9B11D490269416736
:10BF100042B1026852E8001F41F4807142E8001308
:10BF2000002BF6D10168083151E8002F42F0805211
:10BF300041E80023002BF5D120E012494167F1E7E9
:10BF40008168B14201D1016969B10F490269416754
:10BF50005AB1016851E8002F42F4907241E8002381
:10BF6000002BF6D10AE009494167026852E8001F38
:10BF700041F0200142E80013002BF6D1002070BDF3
:10BF80008DB8020825B60208C5B702085DB50208DB
:10BF90002DE9F047994617460D460446089E4FF096
:10BFA000000833E0701C31D0F8F7B0FEA0EB0900B8
:10BFB000B04218D8BEB120680168490726D5802D47
:10BFC00024D0402D22D0C169C94309070DD40825CA
:10BFD00005622046FFF780FAC4F89050012084F8EB
:10BFE0008480BDE8F0870320FBE7C069C0430005FB
:10BFF0000CD421684FF4006008622046FFF76CFA09
:10C000002021C4F8901084F88480ECE72068C0698F
:10C0100035EA000004D00020B842C3D00020E0E799
:10C020000120F9E70148FCF7F3BA00007012002480
:10C03000FEE703B401984100009850EAC12018BF00
:10C0400004204A0D18BF40F0010040F2FF72B2EB2D
:10C05000515F08BF40F00200012808BF052002B070
:10C060007047090700284FEA116104DB00F1E02066
:10C0700080F80014704700F00F0000F1E02080F815
:10C08000141D7047000000002DED020B9FED340BD6
:10C09000DDE90010C0F30A529FED331BA2F2FF321C
:10C0A000142A2DDA9DED002B9FED2D0B002A32EE88
:10C0B000000B10DAB4EEC01BF1EE10FA49D20028E2
:10C0C000BCBF4FF00040002143DB50EA010218BF23
:10C0D000274813D13DE0274BD34000EA030C5CEA2C
:10C0E000010C17D0B4EEC10BF1EE10FA31DD0028CF
:10C0F00003DD4FF48011D14008449843002128E02B
:10C10000332A07DCA2F114034FF0FF3C2CFA03F3AF
:10C11000194203D19DED000B02B070479DED002B3D
:10C1200030EE420BB4EEC10BF1EE10FA11DD002837
:10C130000EDD142A08BF401C0AD0C2F134024FF0B1
:10C14000010C0CFA02F20A448A4238BF401C114624
:10C150009943CDE900109DED000B02B0704700003F
:10C160009C7500883CE4377E000000000000000061
:10C170000000F03FFFFF0F0010B5794A2DED020BD4
:10C180002DED088B82B00B99C80F21F00041914230
:10C1900042D3744A8A4219D80A9AC1F3130111434F
:10C1A00009D09DED0A0B02B0BDEC088B02B0BDE8D2
:10C1B000104000F07DBF002814BF9FED6B0B9DED7C
:10C1C0000A0B02B0BDEC088B02B010BD9DED0A0B4E
:10C1D0009FED671BB4EEC10BF1EE10FA0ADD0220F1
:10C1E00000F0A2FF02B0BDEC088B02B0BDE8104029
:10C1F00000F072BF9FED601BB4EEC10BF1EE10FAC0
:10C200000AD2022000F090FF02B0BDEC088B02B011
:10C21000BDE8104000F06CBF594A9FED5B9B8A421D
:10C2200039D25B4A914213D25A49794401EBC00199
:10C230009DED0A1B91ED000B574931EE408B79447F
:10C2400001EBC00191ED00ABC0F101010C1A1DE042
:10C250005249794401EBC0009DED0A1B90ED000BA3
:10C260009FED4F2B9DED0A8B01EE020BBDEEC00B37
:10C2700010EE104A00EE104AB8EEC00B9FED4A1BBC
:10C2800000EE418B9FED4A1B20EE01AB38EE4A0BCE
:10C290008DED0A0B15E0484888420FD99DED0A0B39
:10C2A0009FED471B30EE010BB4EEC90BF1EE10FA17
:10C2B000C4BF9DED0A0B30EE090B82DC9DED0A0B2D
:10C2C00000244148052120EE00BBB0EE4B0B784422
:10C2D00000F0A6FE9DED0A1B9DED0A2B0BEE401B08
:10C2E0009FED3B0B22EE012BBCB130EE411B6FF4F6
:10C2F0007F70844282EE010B3AEE400B30EE480B29
:10C3000039EE400B10EE900A8DED000B10DB00EBC8
:10C31000045001909DED000B53E731EE401B82EE7F
:10C32000010B9DED0A1B30EE410B39EE400B48E747
:10C330004FF07A5101EB0451084401909DED001B30
:10C340009FED250B21EE008B51EC180BFFF771FED2
:10C35000042808BF00F0CCFEB0EE480B31E7000027
:10C36000422E86400000F07F000000000000000028
:10C37000EF39FAFE422E864051302DD5104987C044
:10C38000422ED63F00000000000000000000F03FF9
:10C39000B2A2F03FD24B0000CE4B00009A4B0000FF
:10C3A000FE822B654715F73F0000E0FE422EE63F78
:10C3B000763C7935EF39EA3D0000303E0000000060
:10C3C0009C7500883CE4377E4E4B00000000000066
:10C3D00000000000000000400000000000007001AC
:10C3E00000B52DED048BB0EE418BB0EE409B83B0D9
:10C3F00053EC182B51EC190BF4F79EF800F0704039
:10C40000B0F1004F17D018EE101A18EE900A8DED0B
:10C41000008B002918BF0121084320F00040C0F123
:10C420007F6000F1E040C00F01BFB0EE480B03B0E9
:10C43000BDEC048B00BDB0EE490B03B0BDEC048B2A
:10C4400000BD00000000000070B5DFF8DCC1002274
:10C450002DED020B2DED108BDDE91010604505DA96
:10C4600020F00043634501D809D141B19DED100B87
:10C47000BDEC108B02B0BDE8704000F019BEB0F505
:10C48000801F24DA19430BD0002814DA012000F0B1
:10C490004BFEBDEC108B02B0BDE8704000F010BE4A
:10C4A000022000F041FE00F0F3FDB1EE400BBDECC8
:10C4B000108B02B070BD9DED100B6FF035029FED3B
:10C4C0005C1B20EE010B10EE900A8DED100B02EBC1
:10C4D0002051A1F2FF325849C0F31300014401F486
:10C4E000801181F07F6383F04053034311939DEDEE
:10C4F000100B02EB21549FED521B811CC1F3130161
:10C5000030EE418B9FED50BB9FED51CB032931D2D3
:10C510005148784490ED000BB4EE408BF1EE10FAE8
:10C520000ED1002C02BFBDEC108B02B070BD00EE2E
:10C53000104AB8EEC01B21EE0B0B01EE0C0BB6E758
:10C5400028EE081B9FED462B9FED470B002C08EEB5
:10C55000420B21EE000B08BF38EE400BA7D001EED6
:10C56000104AB8EEC11B01EE4C0B30EE480B11EE39
:10C570000B0B9CE79FED3E0B3F49C0F1510638EE97
:10C58000000B45183D4806F5D726032188EE009B91
:10C5900000EE104AB8EEC0AB29EE09DB2DEE0DEB34
:10C5A000B0EE4E0B784400F03BFD20EE0EFB34481D
:10C5B000B0EE4E0B0421784400F032FD20EE0D0B5E
:10C5C00045EA0600002830EE0F1B1ADD002C9FED17
:10C5D000260B28EE000B20EE080B30EE011B04BFEB
:10C5E00009EE410B38EE400B3FF461AF21EE091B21
:10C5F0000AEE0C1B30EE410B30EE480B1AEE0B0B23
:10C6000055E754B138EE410B20EE090B0AEE4C0B06
:10C6100030EE480B1AEE0B0B49E738EE411BB0EE3B
:10C62000480B09EE410B42E70000F07F00000000DC
:10C630000000000000005043645F0900000000009B
:10C64000000000000000F03F0000E0FE422EE63F48
:10C65000763C7935EF39EA3DF249000000000000F0
:10C66000555555555555D53F000000000000E03F99
:10C67000000000000000004086EBF9FFA048000029
:10C68000A6480000000000002DE9F04D2DED040B40
:10C690002DED0A8B9AB0DDE92550279CDDF890A09E
:10C6A00025F0004624F00048BAF1000F14BF012124
:10C6B000002101EB4502F84953184A1093422AD34E
:10C6C000002814BF0123002303EB44030B44F34968
:10C6D0008B4220D358EA00019FEDF19B72D0DFF826
:10C6E000C8B35D4503D1BAF1000F05D184E0BAF1BA
:10C6F000000F08BF002100D0012101EB450111F519
:10C70000001F08D8002814BF0121002101EB4401BB
:10C7100011F5001F0BD99DED261B9DED240B1AB0C2
:10C72000BDEC0A8B04B0BDE8F04D00F0C4BC00279E
:10C73000002DBCBFDD49884521DADD498845A8BF09
:10C7400002271CDAC3451ADCDA4901EB2851142907
:10C7500008DDC1F1340220FA02F101FA02F282424C
:10C760000DD108E058B9C1F1140228FA02F101FA1A
:10C7700002F2424503D101F00101C1F1020756EA7C
:10C780000A0120D1002C1EDA002D18BF022F01D083
:10C79000012F0AD0022000F0C7FC1AB0BDEC0A8BB2
:10C7A00004B0BDE8F04D00F073BC022000F0BCFC0A
:10C7B00000F06EFCB1EE400B1AB0BDEC0A8B04B079
:10C7C000BDE8F08D18E09FEDBCAB9FEDBD8B002860
:10C7D0007DD1B64880451CD105F1804010F5801010
:10C7E00008BFBAF1000F07D0B34508DC002CA8BF82
:10C7F0009DED260BE0DA07E0B0EE490BDCE7002CFC
:10C80000B8BF9DED260BD5DBAF48784490ED000B0B
:10C81000D2E7D84548D1002C43DA2EB186423AD12E
:10C82000BAF1000F3DD126E0BAF1000F13D002207B
:10C8300000F07AFC00F050FC8DED020B9DED240B16
:10C840008DED000B10EE900A039961F31E0003902A
:10C850009DED020BB0E78DED02AB9DED240B1AEEC2
:10C86000901A10EE900A8DED000B61F31E000390FC
:10C870009DED020BA0E78DED028B9DED240B18EED4
:10C88000901A10EE900A8DED000B61F31E000390DC
:10C890009DED020B90E704DA9DED241B89EE010B60
:10C8A0008AE79DED240B87E786421ADAB4F1804FC0
:10C8B00004BF9DED240B20EE000B3FF47DAFA4F1EF
:10C8C0000050B0F1FF500CD1002D0ADB00E008E071
:10C8D0009DED240B51EC100B03F064F841EC100BB0
:10C8E0006AE79DED240B51EC100B01F025FABAF12B
:10C8F000000FCDE90E0140D19FED750B46B3A6F1B7
:10C90000E040B0F17F600ED05E4536D1002D00DAF8
:10C9100097B3022F0CBF01204FF0FF3000EE100A3A
:10C92000B8EEC00B48E7002D01DD002C0DDA002D1C
:10C9300001DD002C1DDB002D14DA002C12DB012F91
:10C9400008BF9FED650B3FF437AFB0EE4A0B33E7FE
:10C95000022F18BF002D0CD0012F0AD1002DFFF699
:10C960002BAF06E0002DB8BF002C06DA012F3FF4F4
:10C9700023AFB0EE480B1FE719E0012000EBE57094
:10C9800050EA070113D0791EB0EE498B084308BF67
:10C990009FED538B5448002580457ADD5349544818
:10C9A000884514DDB0420DDB002C19DB2CE00120A2
:10C9B00000F0BAFB1AB0BDEC0A8B04B0BDE8F04D34
:10C9C00000F07EBBB34502DC002C09DC1CE0864293
:10C9D00002DA002C18DA03E05E4528DD002C13DDB6
:10C9E000022000F0A1FB00F077FB8DED020B28EE9A
:10C9F0000A0B8DED000B10EE900A039961F31E00F7
:10CA000003909DED020BD7E6022000F08DFB00F0B5
:10CA10006FFB10EE901A18EE900A8DED020B8DED63
:10CA2000008B61F31E0003909DED020BC4E69DEDAB
:10CA30000E0B9FED313B30EE490B8DED040B20EEDC
:10CA4000002B9DED041B9FED2E0B01EE430B9DED86
:10CA5000043B9FED2D1B03EE401B9DED040B9FED52
:10CA60002E3B22EE012B9FED2A1B20EE011B20EE18
:10CA7000030B9FED2B3B02EE430B31EE002B8DEDB4
:10CA8000022B02959DED022B32EE411B30EE411B35
:10CA900021E149E000000000FFFF1F00FFFF0F0041
:10CAA000000000000000F03F0000F03F0000F07FB9
:10CAB0000000404301FCFFFF000000000000F07F89
:10CAC0000000000000000000FA4600000000000026
:10CAD0000000000000000080000000000000F0FFE7
:10CAE000000000000000F0BF0000E0410000F04343
:10CAF000FFFFEF3F00000000000000000000D03FFB
:10CB0000555555555555D53F000000000000E03FF4
:10CB1000000000604715F73F44DF5DF80BAE543E60
:10CB2000FE822B654715F73F0020B6F5801F0BDA14
:10CB30009DED0E0B9FEDEC1B6FF0340020EE010B12
:10CB400010EE906A8DED0E0BE94A00EB2650C6F30D
:10CB50001301A0F2FF3741F07F6040F04050914256
:10CB6000D8BF002408DDE34A8A42C8BF012403DCA1
:10CB70000024A0F580107F1CDF49794401EBC4013B
:10CB80000F9091ED001B9DED0E2B9DED0E0BDB49E3
:10CB900031EE023B30EE410B89EE032B20EE02AB6F
:10CBA0008DED02AB7944029591ED003B4FF00051C1
:10CBB00041EA600000EB84408DED043B00F500206D
:10CBC00005909DED043B9DED044B2AEE0ACB33EE20
:10CBD000411B9DED0E3BCA48062133EE411B9DEDE6
:10CBE000023B03EE440B03EE410B20EE02BBB0EE22
:10CBF0004C0B784400F014FA2CEE0C1B20EE010BC9
:10CC00009DED021B31EE0A1B0BEE010B9DED021B8D
:10CC100021EE011B9FEDBC2B31EE023B33EE003BBE
:10CC20008DED043B04959DED043B33EE422B32EE3B
:10CC3000411B30EE412B9DED020B9DED041B20EEC0
:10CC4000011B9DED040B2BEE000B02EE0A0B31EEE7
:10CC5000002B8DED022B02959DED022B32EE411B38
:10CC600030EE410B9DED021B9FEDA92B21EE021B27
:10CC70009DED022B9FEDA83B22EE032B9FEDA83BE1
:10CC8000A94800EE032B784400EBC40090ED000BA4
:10CC9000A64832EE000B02EE107AB8EEC22B8DEDF4
:10CCA000042B31EE003B784400EBC4009DED044BB7
:10CCB00090ED002B33EE023B33EE043B8DED023B57
:10CCC00002959DED023B33EE443B33EE422B32EEB8
:10CCD000411B30EE411B9DED260B954A8DED000B5F
:10CCE00000959DED260B9DED002B30EE420B9DED4A
:10CCF000022B20EE020B9DED262B02EE010B9DED8B
:10CD0000001B9DED022B21EE021B8DED021B30EE70
:10CD1000011B11EE900A11EE101A8DED001B9042CE
:10CD200024DB821A11430ED19FED831B9DED002B56
:10CD30009DED023B30EE011B32EE432BB4EEC21BE5
:10CD4000F1EE10FA26DD022000F0EEF900F0C4F951
:10CD500010EE901A18EE900A8DED020B8DED008BFF
:10CD600061F31E0003909DED020B25E5744B20F04E
:10CD700000429A420ED3734A024411437FF444AEF8
:10CD80009DED022B31EE421BB4EEC01BF1EE10FA0A
:10CD9000BFF63AAE20F000416B4A6C4B002402EB28
:10CDA00021529942D8BF9DED021B27DD511C4FF443
:10CDB000801222FA01F10144654BC1F30A527B440F
:10CDC000A2F2FF3293ED001B624B8DED041BD340AA
:10CDD00021EA0303C1F3130141F48011C2F11402EB
:10CDE00021FA02F405930028B8BF64429DED021BAE
:10CDF0009DED042B31EE421B8DED021B30EE011B2D
:10CE00008DED041B04959DED041B9FED532B9DEDB3
:10CE1000023B21EE021B9DED042B32EE432B30EE44
:10CE2000420B9FED4F2B20EE020B9DED042B9FED4F
:10CE30004E3B4F48052102EE030B31EE002B8DEDEA
:10CE4000002B32EE411B30EE41AB9DED000B20EE8E
:10CE5000000B8DED040B784400F0E2F89DED001B13
:10CE60009DED042B02EE401B8DED021B9DED000B92
:10CE700020EE010B9FED402B31EE422B80EE021B8A
:10CE80009DED002BB0EE4A0B02EE0A0B31EE400B8B
:10CE90009DED001B30EE410B39EE400B10EE900A79
:10CEA0008DED000B00EB045001150029C8BF019067
:10CEB00013DC224651EC100BF3F7E2FAFFF7B9F856
:10CEC000042808BF00F014F922469DED000B51EC38
:10CED000100BF3F7D5FACDE900019DED000B28EE1C
:10CEE000000B69E400000000000000000000404367
:10CEF0008E9803007AB60B000243000060430000E6
:10CF0000BA420000000000000000000000000840DD
:10CF1000000000E009C7EE3FF5015B14E02F3EBEC4
:10CF2000FD033ADC09C7EE3F16420000E64100006F
:10CF30000000904000000000FE822B654715973CE2
:10CF400000CC904000346F3F01FCFFFF0000E03F49
:10CF500046410000FFFF0F0000000000432EE63FA7
:10CF6000EF39FAFE422EE63F396CA80C615C20BE18
:10CF700086400000000000000000000000000040AB
:10CF800010B52DED020B84B09DED040B51EC100B90
:10CF9000F3F78EFA41EC100B9DED041B05989FED05
:10CFA0001A2B31EE401B9FED1A3B9FED1B4B10F0EF
:10CFB000004F0AD0B4EEC41BF1EE10FA0AD9B4EE59
:10CFC000C31BF1EE10FA0FDD0CE0B4EEC41BF1EE62
:10CFD00010FA02D230EE420B06E0B4EEC31BF1EEC3
:10CFE00010FA01DB30EE020B8DED020B9DED040B10
:10CFF0008DED000B10EE900A039961F31E00039073
:10D000009DED020B06B010BD000000000000F03FD7
:10D01000000000000000E03F000000000000E0BF52
:10D02000491E00EBC102B0EE401B92ED000B31F047
:10D0300006020DD0491E00EBC102B0EE403B92ED5E
:10D04000002B31F00602B0EE420B03EE010BF1D1E2
:10D05000022914D004290AD0062918BF704790ED80
:10D060000A2B00EE012B90ED080B02EE010B90ED68
:10D07000062B00EE012B90ED040B02EE010B90ED60
:10D08000022B00EE012B90ED000B02EE010B70471E
:10D090009FED031B9FED042B81EE020B70470000F8
:10D0A000000000000000F03F000000000000000051
:10D0B00030EE000B704730EE010B704700000000AF
:10D0C0009FED031B81EE010B704700000000000084
:10D0D00000000000000000009FED030B20EE000B9D
:10D0E0007047000000000000000000000000007019
:10D0F0009FED030B20EE000B7047000000000000C6
:10D10000000000000000001002E008C8121F08C163
:10D11000002AFAD170477047002001E001C1121FB8
:10D12000002AFBD1704700000149086070470000E9
:10D130008C01002408B5684601F002FB0322694611
:10D14000D02001F005FD08BD10B5D0F81330847B68
:10D15000002B01D0C27D01E04FF0070202D023F87E
:10D16000141002E000EB44031980837B017C03F17F
:10D170000103B3FBF2F4914202FB1433837302D236
:10D18000491C017410BDC17B491CB1FBF2F302FBC9
:10D190001311C17310BD0000484A4948F0B592F818
:10D1A00036308178AA2B6DD021F00801817092F879
:10D1B0006530AA2B69D021F01001817092F894306B
:10D1C000AA2B65D021F02001817092F8C330AA2BE0
:10D1D00061D021F040013A4B81701478DB78AA2CA1
:10D1E0005CD023F00103C370D47EAA2C59D023F065
:10D1F0000203C37092F8F240AA2C55D021F08001AE
:10D20000817092F8F510AA2951D023F00401C17061
:10D2100092F8F630AA2B4DD021F00801C170937816
:10D220000178547F5D0865F30001650863F34101EF
:10D2300065F3820164F3C301017092F838404178CC
:10D2400092F867304FEA940C92F89650640892F87E
:10D25000C5206CF300019E0864F341015B0866F38E
:10D2600082014FEA950C63F3C3016D086CF304115E
:10D27000970865F34511520867F3861162F3C711E9
:10D280004170F0BD41F0080190E741F0100194E7D2
:10D2900041F0200198E741F040019CE743F0010391
:10D2A000A1E743F00203A4E741F08001A8E743F0BF
:10D2B0000401ACE741F00801B0E700007406002467
:10D2C0007B00002470B501252DED028B02F09EF944
:10D2D00006460720F8F7D8F80620F8F7D5F82820F2
:10D2E000F8F7D2F8494801224021F7F704FD4848F1
:10D2F00000222902F7F7FFFCF4F74EF80020FCF7B4
:10D3000085FF0120FCF782FF00245521E0B2FDF7E4
:10D310005FF8641C042CF8D316B1022E09D00CE07F
:10D32000F3F7D6FF3B480025817841F00101817079
:10D3300003E0F3F7CDFF02F0B1F9374C552200209E
:10D3400000EBC001401C01EB410102286254F7D3FD
:10D350005FF00001C1EB011000EB4110204490F898
:10D360003630AA2B01D080F83620491C0429F1D38D
:10D37000B4F80900B2EE048B00EE100A0020B8EEFB
:10D38000400B80EE081BB7EEC10BFCF74BFEA08CE8
:10D3900000EE100A0120B8EE400B80EE081BB7EE3D
:10D3A000C10BFCF73FFEB4F8070000EE100A0020A6
:10D3B000B8EE400AFCF752FF608C00EE100A012024
:10D3C000B8EE400AFCF74AFFF3F762FCF3F712FCF1
:10D3D00001F0F4FFFDF7A4F8002684F82161FDF7C1
:10D3E00075F90720F8F761F80620F8F75EF82820AD
:10D3F000F8F75BF80948FAF7C7FA094846708670EB
:10D4000006702846BDEC028B70BD00000008025873
:10D41000001002587B000024740600247C0E0024B7
:10D4200078000024F0B54C1E002314E0CE1A002230
:10D43000761E0CE000EB420730F81250B7F802C03D
:10D44000654502D920F812C07D80521CD2B29642A6
:10D45000F0DC5B1CDBB2A342E8DBF0BD2DE9F04160
:10D4600006462DED028B047C44B1D6F81310707C77
:10D47000B57C9FED2C8A31B1F17D05E00020BDEC3B
:10D48000028BBDE8F08107218442884600D3044620
:10D49000600001F011FA00210746B07B13E040B1B3
:10D4A000B0F10100D6F81320C0B22AB132F8102032
:10D4B00005E0A8F10100F5E706EB400212884B1CDD
:10D4C00027F81120D9B2A142E9D321463846FFF707
:10D4D000A9FFB4EB450F03D8384600F041FCCDE777
:10D4E0006842611B04EB4000C0B209E037F8152028
:10D4F0006D1CEDB200EE102AB8EE400A30EE088A3C
:10D50000A942F3DC00EE100AB8EE400AC8EE000AA9
:10D51000BCEEE00A10EE100A84B2384600F020FC9F
:10D520002046ACE70000000000EE100A0D48DFEDD9
:10D530000A1AB8EE400A00EB8100DFED080A9FED01
:10D54000081A20EE210AD0ED001A20EE210A70EE12
:10D55000600A80EE810A70470000003800007A44BB
:10D56000696F7640F40000242DE9FC5FD44D0B4632
:10D57000D4499628B2EE040A044673D073DCD0482E
:10D58000542C00F1360600F165006DD041DC382CDA
:10D590006BD01FDC322C69D014DC132C67D00ADC72
:10D5A000102C7CD0112C7BD0122C09D11846BDE850
:10D5B000FC5F02F053B9302C02D11888A5F80300A3
:10D5C000BDE8FC9F333C052CFAD2DFE804F0DDE136
:10D5D000EAF4F8003E2CF3D007DCA4F13904042C63
:10D5E000EED2DFE804F0F1F0EFEE512C71D008DC60
:10D5F0003F2C6FD0502CE3D1B1490222F931A32046
:10D6000079E3522C67D0532CDAD10222E91CA020F6
:10D6100071E3712C7DD044DC5B2C7BD008DCA4F161
:10D620005504062CCCD2DFE804F0F1F0EFEEEDEC7F
:10D630005E2C70D01CDC5C2C6ED05D2CC0D1086CD4
:10D6400000EE900A20EE800AB7EEC00AFFF798FCC1
:10D65000BDEEC00B0222694610EE100AADF80000C4
:10D66000C0205DE3B6E03EE015E1C2E088E050E3B3
:10D670005F2C58D0702CA3D1886900EE900A20EE60
:10D68000800AB7EEC00AFFF77BFCBDEEC00B02229A
:10D69000694610EE100AADF80000C32040E32FE306
:10D6A00033E3772C40D008DCA4F17204052C87D238
:10D6B000DFE804F0F0EFEEEDEC007A2C7ED00BDC2E
:10D6C000782C73D0792C96D17D490122F631D12066
:10D6D00011E3CCE0C6E0CFE07B2C71D0902C8AD156
:10D6E0001888E8836CE7A0F19804754800F194026B
:10D6F0000092663A0192173200F1C30900F10B0C57
:10D7000000F1260700F1130600F2131E00F1740B5E
:10D7100003E09CE13CE174E160E100F1A30AD23056
:10D720004F2CDFD201E07FE165E2DFE804F0788092
:10D730008D9028282828282828282828282828289C
:10D74000282828282828282828AA28C1C5FCFF28F6
:10D75000F3F2282828F1F0EFEEEDECEBEAE9E8E748
:10D76000E6E5E4E32828E2E1E0DFDEDDDCDBDAD930
:10D77000D8D7D6D5D428D3D2D1D0CFCECD001FE79D
:10D780001888A5F8F70008E01888A5F8F90002E065
:10D790001888A5F8F300F3F77BFABDE8FC5FF3F710
:10D7A00029BA1878BDE8FC5F02F048B81878BDE8DF
:10D7B000FC5F02F0DBB81878552806E01FE210E0A5
:10D7C00021E24AE03EE03AE021E001D0AA2889D1F6
:10D7D0002870F5E61878552801D0AA28CFD1E87628
:10D7E000EEE61878552801D0AA28C8D185F8F200AD
:10D7F000E6E61878552801D0AA28C0D185F8360069
:10D80000DEE69FE098E08BE087E04DE048E01878A6
:10D81000552801D0AA28B2D185F86500D0E618783D
:10D82000552801D0AA28AAD185F89400C8E618780E
:10D83000552801D0AA28A2D185F8C300C0E6194610
:10D84000304606E0194604E00098194601E0194602
:10D850004846BDE8FC5F02F099B81846BDE8FC5F99
:10D8600002F054B816490222F731A22043E21449CB
:10D870000222F331A4203EE211490122F531A52014
:10D8800039E20F4902221E31F02034E2ADE1A6E177
:10D890009FE19AE1EEE00A490122F231A7202AE253
:10D8A00001223146A82026E201220146A92022E2D7
:10D8B00001220099F8201EE201224946F9201AE2CD
:10D8C00074060024960700246CE158E144E130E13D
:10D8D0001CE108E1F4E00AE205E2FEE1FAE1F6E12A
:10D8E000F2E1EBE1E7E1E3E1DFE1DBE1D5E1CFE12B
:10D8F000C9E1C4E1BEE1B8E1B4E1B0E1ACE1A5E168
:10D90000A1E19DE199E195E18EE18AE183E17FE189
:10D91000C3E050E029E009E005E0AA20314607E035
:10D920000146AB2004E00099FA2001E0FB204946C3
:10D93000BDE8FC5F00F0F0BEBDE8FC5FFA49AC203A
:10D9400000F0A0BD086800EE900A20EE800AB7EE55
:10D95000C00AFFF715FBBCEEC00B0222694610EEB1
:10D96000100AADF80000AD20DAE1886800EE900AF8
:10D9700020EE800AB7EEC00AFFF702FBBCEEC00B38
:10D980000222694610EE100AADF80000FD20C7E142
:10D99000486800EE900A20EE800AB7EEC00AFFF752
:10D9A000EFFABCEEC00B0222694610EE100AADF889
:10D9B0000000AE20B4E1C86800EE900A20EE800AB4
:10D9C000B7EEC00AFFF7DCFABCEEC00B02226946D4
:10D9D00010EE100AADF80000EE20A1E1086E00EE96
:10D9E000900A20EE800AB7EEC00AFFF7C9FABDEE32
:10D9F000C00B0222694610EE100AADF80000AF20FD
:10DA00008EE1486C00EE900A20EE800AB7EEC00A64
:10DA1000FFF7B6FABDEEC00B0222694610EE100AFF
:10DA2000ADF80000C1207BE1086900EE900A20EE0D
:10DA3000800AB7EEC00AFFF7A3FABDEEC00B0222C0
:10DA4000694610EE100AADF80000C22068E1C8690E
:10DA500000EE900A20EE800AB7EEC00AFFF790FAB7
:10DA6000BDEEC00B0222694610EE100AADF80000B0
:10DA7000C42055E1486A00EE900A20EE800AB7EE15
:10DA8000C00AFFF77DFABDEEC00B0222694610EE18
:10DA9000100AADF80000C52042E1886A00EE900A45
:10DAA00020EE800AB7EEC00AFFF76AFABDEEC00B9F
:10DAB0000222694610EE100AADF8000012202FE194
:10DAC000086B00EE900A20EE800AB7EEC00AFFF75E
:10DAD00057FABDEEC00B0222694610EE100AADF8EF
:10DAE000000013201CE1486B00EE900A20EE800A33
:10DAF000B7EEC00AFFF744FABDEEC00B022269463A
:10DB000010EE100AADF80000142009E1C86B00EE19
:10DB1000900A20EE800AB7EEC00AFFF731FABDEE98
:10DB2000C00B0222694610EE100AADF80000152065
:10DB3000F6E0486900EE900A20EE800AB7EEC00ACF
:10DB4000FFF71EFABDEEC00B0222694610EE100A66
:10DB5000ADF800001620E3E0086A00EE900A20EE1F
:10DB6000800AB7EEC00AFFF70BFABDEEC00B022227
:10DB7000694610EE100AADF800001720D0E0C86A20
:10DB800000EE900A20EE800AB7EEC00AFFF7F8F91F
:10DB9000BDEEC00B0222694610EE100AADF800007F
:10DBA0001820BDE0886B00EE900A20EE800AB7EEE8
:10DBB000C00AFFF7E5F9BDEEC00B0222694610EE80
:10DBC000100AADF800001920AAE004225749C62027
:10DBD00091E0BDE8FC5F5449C72000F0DFB9BDE823
:10DBE000FC5F5349CF2000F0F9B891B21846BDE868
:10DBF000FC5F01F063BFBDE8FC5FFFF79BBA012249
:10DC00004949A62077E0484901221B31F62072E0FD
:10DC10000020194601E001201946BDE8FC5F01F033
:10DC2000E5BD0020194601E001201946BDE8FC5F72
:10DC300001F0B0BD194660460AE01946384607E0D3
:10DC40001946304604E00198194601E0194670462D
:10DC5000BDE8FC5F01F00ABE1946104606E0194611
:10DC6000584603E01946504600E01946BDE8FC5FFF
:10DC700001F01EBE1846BDE8FC5F01F02FBD022278
:10DC8000E91D202037E0284902222231212032E0FC
:10DC900025490222093122202DE023490222243184
:10DCA000232028E0242061460AE02520394607E0A9
:10DCB0002620314604E00199272001E02820714602
:10DCC000BDE8FC5F00F0ACB92920114607E02A202E
:10DCD000594604E02B20514601E001462C20BDE8C6
:10DCE000FC5F00F08FBB062212492D2003E0104993
:10DCF000092264312E2002B0BDE8F05F00F028BF99
:10DD0000BDE8FC5FE02001F0D9BCBDE8FC5FF3F7A3
:10DD100045B800F00FFD012269468DF80000E320B0
:10DD200000F016FF4CE40000740600247B00002481
:10DD3000960700248F07002482B0CDE9000121F06E
:10DD4000004001909DED000B02B051EC100B7047AC
:10DD50000368011D00F128021846F6F747B80000D5
:10DD600010B5002821D0114B0022001F196803E0D4
:10DD7000814203D80A4649680029F9D152B1136893
:10DD8000841A9C4204D1006818441060104602E0D6
:10DD9000506000E0186039B102680B1A934203D159
:10DDA0000B681A4402604968416010BD8401002478
:10DDB000C0EB001101EB40100749B2EE041B084410
:10DDC000B0F83B0000EE100AB8EE400B80EE012BDD
:10DDD000B7EEC20B70470000740600242DE9F0472F
:10DDE00082460C462DED028BB2EE048A08688EB096
:10DDF00000EE100A20EE080AB7EEC00AFFF7C0F8DE
:10DE0000BCEEC00B10EE100AADF80000A06800EEEA
:10DE1000100A20EE080AB7EEC00AFFF7B1F8BCEE10
:10DE2000C00B10EE100AADF80200606800EE100A98
:10DE300020EE080AB7EEC00AFFF7A2F8BCEEC00B4E
:10DE400010EE100AADF80400E06800EE100A20EEB3
:10DE5000080AB7EEC00AFFF793F8BCEEC00B10EE4D
:10DE6000100AADF80600206E00EE100A20EE080A37
:10DE7000B7EEC00AFFF784F8BDEEC00B10EE100A33
:10DE8000ADF80800206C00EE100A20EE080AB7EE8C
:10DE9000C00AFFF775F8BCEEC00B10EE100AADF823
:10DEA0000A00606C00EE100A20EE080AB7EEC00A05
:10DEB000FFF766F8BDEEC00BDFF8D8900025E84606
:10DEC00010EE100AADF80C0005EB450704EB8706D1
:10DED000306900EE100A20EE080AB7EEC00AFFF71C
:10DEE0004FF8BDEEC00B08EB470710EE100AF881A3
:10DEF000B06900EE100A20EE080AB7EEC00AFFF77C
:10DF00003FF8BDEEC00B10EE100A3882706900EECB
:10DF1000100A20EE080AB7EEC00AFFF731F8BDEE8E
:10DF2000C00B10EE100A788208EB050019F80510F6
:10DF30006D1C042D80F82E10C6D3E06C00EE100A84
:10DF400020EE080AB7EEC00AFFF71AF8BCEEC00BC5
:10DF500010EE100AADF82600A06C00EE100A20EEBC
:10DF6000080AB7EEC00AFFF70BF8BCEEC00B32226E
:10DF7000694610EE100AADF8280007480068CDF891
:10DF80002A00504600F0E4FD0EB0BDEC028BBDE867
:10DF9000F0870000080000247B00002470B590B0DA
:10DFA000B1F803206B46ADF80020CA8BADF8022013
:10DFB000B1F8F720ADF80620B1F8F920ADF8082047
:10DFC000B1F8F320ADF80A205FF00002C2EB0215B1
:10DFD00005EB421502EB42040D4403EB4404521CD2
:10DFE00035F8396FA681042A6D88E581EED3B1F842
:10DFF000FB20ADF82420002208E000BF01EB420521
:10E0000003EB4204521CB5F8FD50E584BDF82440F2
:10E010009442F3D83C22194600F09AFD10B070BD2E
:10E0200030B505460C462DED028B81B008689FED9A
:10E03000148A00EE100A20EE080AB7EEC00AFEF7B6
:10E040009FFFBDEEC00B10EE101AADF80010606817
:10E0500000EE100A20EE080AB7EEC00AFEF790FFA5
:10E06000BDEEC00B0422694610EE100AADF80200A6
:10E07000284600F06DFD01B0BDEC028B30BD000004
:10E080000000C84210B50446164900EB440001EBFD
:10E090000010FFF7E3F900EE100AB0EE044B9FED1D
:10E0A000121BB8EE400B9FED122B9FED133B04EBC0
:10E0B000C401134820EE044B01EB41010844D0F8A1
:10E0C0001710D0F8130084EE010B80EE021B00EE57
:10E0D000101A81EE032B01EE100AF7EEC20B00EED0
:10E0E000810A10BD1403002400000000E0FFEF408F
:10E0F000FA7E6ABC7493683F00000000000049404B
:10E10000740600240F4900EB400010B501EB00102D
:10E110001830FFF7A3F900EE100AB0EE042B9FEDC4
:10E120000A3BB8EE400B9FED0A4BB6EE001B20EE0B
:10E13000020B80EE032B22EE040B20EE010BB7EE58
:10E14000C00B10BD1403002400000000E0FFEF40EE
:10E1500000000000008041402DE9F0412DED048BCE
:10E160009FED418B424F0024424DE0B2FBF7B8FDDA
:10E1700004EB440110EE100A05EB81063061E0B2B9
:10E1800000F09AFAB7EEC00AC4EB041000EB441199
:10E19000394430EE480BB7EEC00B10EE100A706138
:10E1A000D1F8611000EE100A00EE901A20EE200A5D
:10E1B000B0EEC00A10EE100AB061E0B200F0A8F9AB
:10E1C00005EB840110EE100A641C042C0865CCD306
:10E1D00000249FED298BB5EE009AE0B2FFF752FFC5
:10E1E00030EE490A05EBC40610EE100A3060E0B2CA
:10E1F000FFF788FFB7EEC00A641C022C30EE480B14
:10E20000B7EEC00B10EE100A7060E6D300F038F8DD
:10E2100010EE100A286400F04BF810EE100A686443
:10E2200000F04CF910EE100AA86400F01FFA10EE8E
:10E23000100AE864286D00EE100A012005EB800149
:10E24000096D00EE901AF4EEC00AF1EE10FA01DD4D
:10E2500000EE101A401C0428F0D310EE100A2866B5
:10E26000BDEC048BBDE8F081CDCCCCCCCCCCE43F74
:10E270007406002496070024666666666666E63FB6
:10E28000094810B5FFF7EAF8084900EE100AD1F87E
:10E290001701D1F81311B8EE401A00EE100A00EE83
:10E2A000901A01EE200A10BDD40300247406002445
:10E2B00010B53B482DED068BFFF7D0F800EE100AA5
:10E2C000DFED380AB0EE043AB8EE400A9FED361B97
:10E2D000B0EE042BC0EE203A23EE830AB7EEC00A5C
:10E2E00020EE011B32EE400B81EE002BB7EEC20B8D
:10E2F000B7EEC00AB0EE40ABFEF7A6F89FED2C9B40
:10E300009FED2D2B9FED2E3B9FED2F1B00EE092B3C
:10E3100083EE020B30EE410BB7EEC00BB7EEC08AB6
:10E3200038EE010BB0EE001BFEF7AEF99FED283B77
:10E330009FED291B9FED2A2B20EE030B08EE010B0E
:10E3400030EE020BB7EEC08BB0EE4A0BFEF77CF856
:10E3500020EE099BB7EE000BFDF70EFFFEF774F8F9
:10E3600089EE002BB7EEC83A9FED1F1A9FED1F4BA9
:10E370009FED205B28EE010A9FED206BB7EEC00AEF
:10E38000BDEC068B32EE031B31EE441B80EE012BFD
:10E3900032EE450B80EE061BB7EEC10B10BD000040
:10E3A000EC03002400FF7F47000000000088C3400A
:10E3B0006666666666A2724067B8019FBFCF9240EC
:10E3C000000000805CF83141666666666612714046
:10E3D0007BA35698BED780BF492EFF21FDB61C40B7
:10E3E000166A4DF38E64B14000EEE846D6C56D3432
:10E3F0002074A54000000000C0ACDA40000000001E
:10E400000000594030B505460C462DED028B83B017
:10E4100008689FED1B8A00EE100A20EE080AB7EE8E
:10E42000C00AFEF7ADFDBDEEC00B10EE101AADF840
:10E430000010606800EE100A20EE080AB7EEC00A6D
:10E44000FEF79EFDBDEEC00B10EE100AADF8020007
:10E45000A06800EE100A20EE080AB7EEC00AFEF728
:10E460008FFDBDEEC00B0622694610EE100AADF816
:10E470000400284600F06CFB03B0BDEC028B30BDFD
:10E480000000C84230B587B0B1F8FB206B46ADF84C
:10E490000020002208E000BF01EB420503EB42042C
:10E4A000521CB5F8FD506580BDF800409442F3D889
:10E4B0001822194600F04CFB07B030BD0D4810B5CE
:10E4C000FEF7CCFF00EE100AB0EE042B9FED0A3BE6
:10E4D000B8EE400B9FED0A4B9FED0B1B20EE020B9D
:10E4E00080EE032B22EE040B80EE012BB7EEC20B65
:10E4F00010BD00000404002400000000E0FFEF4015
:10E500000000000000407F40000000000000494083
:10E5100010B53D4900EB400001EBC0002DED068B2E
:10E520006030FEF79BFF00EE100ADFED380AB0EE18
:10E53000043AB8EE400A9FED361BB0EE042BC0EE55
:10E54000203A23EE830AB7EEC00A20EE011B32EE1A
:10E55000400B81EE002BB7EEC20BB7EEC00AB0EE57
:10E5600040ABFDF771FF9FED2C9B9FED2D2B9FED99
:10E570002E3B9FED2F1B00EE092B83EE020B30EE9E
:10E58000410BB7EEC00BB7EEC08A38EE010BB0EE10
:10E59000001BFEF779F89FED283B9FED291B9FEDAF
:10E5A0002A2B20EE030B08EE010B30EE020BB7EE28
:10E5B000C08BB0EE4A0BFDF747FF20EE099BB7EE8C
:10E5C000000BFDF7D9FDFDF73FFF89EE002BB7EEFD
:10E5D000C83A9FED1F1A9FED1F4B9FED206B28EE51
:10E5E000010A9FED205BB7EEC00ABDEC068B32EE50
:10E5F000031B31EE441B80EE012B32EE460B80EE06
:10E60000051BB7EEC10B10BD1403002400FF7F47AC
:10E610000000000000E7E8406666666666A2724099
:10E6200067B8019FBFCF9240000000805CF8314185
:10E6300066666666661271407BA35698BED780BF39
:10E64000492EFF21FDB61C40166A4DF38E64B14081
:10E6500000EEE846D6C56D342074A54000000000E9
:10E66000C0ACDA4000000000000059400D4810B571
:10E67000FEF7F4FE00EE100AB0EE042B9FED0A3B0D
:10E68000B8EE400B9FED0A4BB6EE001B20EE020BDE
:10E6900080EE032B22EE040B20EE010BB7EEC00B35
:10E6A00010BD00001C04002400000000E0FFEF404B
:10E6B0009A99999999193C40124900EB400010B57C
:10E6C00001EBC00000F59070FEF7C8FE00EE100AE6
:10E6D000B0EE043B9FED0C4BB8EE400BB7EE045B85
:10E6E0009FED0B1BB3EE042B20EE030B80EE043BDF
:10E6F00033EE453B83EE010B80EE021BB7EEC10B00
:10E7000010BD00001403002400000000E0FFEF40F3
:10E71000FA7E6ABC7493683F1CB5B1F80320ADF86B
:10E7200000200622B1F80510ADF80210694600F08D
:10E730000FFA1CBD0148007D70470000480000240E
:10E7400002498A7B8270498901807047F80400245D
:10E750000222072100F025B830B40C00029D07D03A
:10E7600032B10BB1934209D9072A06D3072305E03A
:10E770002A46194630BC00F014B813464374857419
:10E7800000218173C1730174C0F81340C27508463B
:10E7900003E000BF24F81010401C9042FADB30BCAC
:10E7A000704710B509B1072900D907214174827457
:10E7B000002383730724C37319460374C0F813300E
:10E7C000C47500EB4102491C07291380F9DB10BD19
:10E7D00038B50B4D5FF0000404EB440005EBC000BE
:10E7E000FFF7B6FF641C102CF6D30649052028233A
:10E7F00000903222A1F19000FFF7AEFF38BD00007B
:10E8000014030024940400241FB5002080F3108812
:10E8100001F01AFA00240094019402940394F6F78C
:10E8200001FE01208DF80C001F218DF808108722B1
:10E830008DF809208DF80D008DF8000068468DF8E0
:10E840000A408DF80E408DF8014001948DF80B4080
:10E850008DF80F40F6F7B8FD0420F6F7F1FDF6F756
:10E860003FFDFBF7CDFFFBF74EFAFAF777FFFAF71C
:10E87000B3FEFBF7CBF9FAF7FDFEFAF719FDFBF74C
:10E8800057F8FBF785F8FBF7B5F8FBF749F9FBF705
:10E89000F3F9FAF781FDFBF71FF8FAF71FFEFBF714
:10E8A000FFF8FBF775F9FAF77DFE00F049F8FAF783
:10E8B0003BFF00F057F8FEE7F0B50B30154D20F0A8
:10E8C00007010024144A0FE003688B420BD38B42EC
:10E8D00005D95E1A43184768C3E9006700E043683A
:10E8E000136002C004E0021D10680028ECD120462D
:10E8F000002802D1286808B10020F0BD064A074868
:10E900001060074A121A22F00702C0E90024012011
:10E910002860D7E78801002484010024CC5D00240E
:10E92000C85F002410B5EFF3058111B16FF0050445
:10E9300004E04FF0000408B101F002FB204610BDD6
:10E94000EFF3058010B16FF00500704704490868C7
:10E9500010B14FF0FF30704701220A60002070476D
:10E960005401002410B5EFF3058010B16FF00500DD
:10E9700010BD08480168012902D04FF0FF3010BDDA
:10E98000054A002182F8141D0221016001F088FB74
:10E99000002010BD540100240BE000E070B50546D6
:10E9A0004FF00004EFF3058050BB0DB1686800E044
:10E9B0000020C10701D0012600E0002600071FD477
:10E9C0006DB1D5E9021021B1502819D31EB1042030
:10E9D00002E020B114E0012001F0D3FC05E00EB10B
:10E9E000042000E0012001F0C1FC040008D00DB1BA
:10E9F000296800E0002101F06DFA0EB144F0010435
:10EA0000204670BD002001F0C1FAFEE72DE9FF416C
:10EA10004FEA01034FF00005EFF30581039561BB59
:10EA200058B34FF080064FF018014FF000044AB37E
:10EA3000176807B13C4697691FB139467F1E382FCA
:10EA400002D21779FF0703D0002004B0BDE8F0819F
:10EA5000576907B1BE08D2F808C0BCF1000F0DD04D
:10EA6000D5685C2D18D312693AB137B18DE806101C
:10EA70003246214601F047FF03900DE0D7685FB9A9
:10EA800012694AB903AACDE90012B2B2214601F0D7
:10EA90000DFF012800D003950398D6E72DE9F0413A
:10EAA0002A4FB87800284ED0388809284BD3002642
:10EAB00035462EE07819041D8288A2F5A8415A39FE
:10EAC00026D1A178142923D1E1781C2920D161799C
:10EAD0003B8801F109029B1B934219D30A3000F0D5
:10EAE000B3FF627905F10A03D119CB5C98420FD1CB
:10EAF00005F10B00085AA0F57E435A3B08D1207956
:10EB0000A11DFEF731FD607908350544681C86B209
:10EB10006D1C3888A842CDD8388800253C46B042C4
:10EB20000AD92088A119091D821B201DF1F765FC57
:10EB30002088801B208000E025802088B0F5967F0B
:10EB400000D12580A570BDE8F081000044050024B7
:10EB500070B514460D460646F2F708F9002806D0AF
:10EB6000224629463046BDE8704000F079BF70BDAE
:10EB7000F0B50169426900EE101A00EE902A9FED8F
:10EB80001F1A30EE200A10EE101A0161446800EEE0
:10EB9000101A01EE904A0568C36821EE803A02EE31
:10EBA000105A02EE903A866883EE010A30EEE21ABD
:10EBB00001EE906A876902EE907A02EE200A01EE79
:10EBC000810AF0EEC00AF4EEE20AF1EE10FA0BD27E
:10EBD00000EE101A00EE902A30EE600A10EE101AC5
:10EBE0009FED070A0161F0BD064B994202DC064B1E
:10EBF000994200D90361C260F0BD00000000C84224
:10EC0000000000000000C8420000C8C22DE9F04129
:10EC1000134C0F460546E6682068001D01F05AF8BF
:10EC2000681C07D137B12168BDE8F0410D48091DC6
:10EC300001F0A2B820683544B5424560216805D28C
:10EC4000A06B091DBDE8F04101F07EB8606B091DA5
:10EC500001F07AF8A06A854200D2A562BDE8F08191
:10EC600004010024E01900242DE9F041054601F0DB
:10EC70008FF82D4C2D4FA068401CA060206810B16B
:10EC8000606930B32BE02560A068012827D10026F9
:10EC900006EB860007EB800001F048F8761C382E62
:10ECA000F6D3234801F042F82148143001F03EF831
:10ECB0001F48283001F03AF81D483C3001F036F882
:10ECC0001B48503001F032F8194860631430A063DB
:10ECD00005E0E86A2168C96A814200D82560606A57
:10ECE000401C60626864E86A2169884200D920613A
:10ECF00000EB8000291D07EB800001F03DF801F0DA
:10ED000067F8606900280CD02068E96AC06A884208
:10ED100007D208494FF080500860BFF34F8FBFF310
:10ED20006F8FBDE8F081000004010024301500243D
:10ED30009019002404ED00E038B501F029F8104CDA
:10ED40002068C8B90F4800F0F1FF0E48143000F0F9
:10ED5000EDFF0C490020E16014312161A1F58273BF
:10ED60000090A1F1B40210210A2001F038FB2060CC
:10ED700010B105A101F0AEF8BDE8384001F028B8A7
:10ED800040010024E41A0024546D72510000000078
:10ED900030B4026C0B46002A0BD0D0E9024111447A
:10EDA000C160A14201D30168C160184630BCF1F7CF
:10EDB00024BB30BC70472DE9F041856B1746026CCF
:10EDC0000446002682B1C7B1E068F1F716FBE1689E
:10EDD000206C2268091AE160914202D2A168081AE7
:10EDE000E060022F16D017E02068A8B9A06801F0F3
:10EDF0002DFE06460020A0600EE06068F1F7FDFAE7
:10EE0000D4E90101226C10446060884204D3206878
:10EE1000606001E005B16D1E6D1CA5633046BDE864
:10EE2000F08110B5044690F8590058B101280CD073
:10EE300002280FD0502080F31188BFF34F8FBFF30B
:10EE40006F8FFEE7206B00F0D7FF2046BDE8104033
:10EE500000F0D2BF10BD000011484FF4705110B542
:10EE6000420706D00E49C01D20F00700411AC1F527
:10EE700070510C4C002301440839A4F1180221F010
:10EE80000701C4E900030C1A11604B600B60C0E974
:10EE9000001494604FF000415460516110BD0000B7
:10EEA000C421002470010024144E4FF08058144CEB
:10EEB000DFF85090A6F29C4712E000BF00F068FF18
:10EEC000F068C568281D00F005FFA068401EA0601E
:10EED0006068401E606000F07BFF2846FFF7A1FFDE
:10EEE00060680028EAD138680128F9D9C9F800809B
:10EEF000BFF34F8FBFF36F8FF2E70000CC190024F0
:10EF00000401002404ED00E0002807D00021816006
:10EF100001600B460A46C16001F0DEBA704700008E
:10EF200070B51D46049C51B1C4F80020C4E90F011E
:10EF30000121204601F086FA84F84C5070BD24600F
:10EF4000F4E72DE9F05F88469A4691001546DDE921
:10EF50000B940A9EA5228346206BF1F760FA206B82
:10EF60006FF0030101EB8501084420F007077807E3
:10EF700007D0502080F31188BFF34F8FBFF36F8FFE
:10EF8000FEE7B8F1000F4FF000050ED00020221868
:10EF900018F8001082F8341018F8001011B1401C55
:10EFA0001028F4D384F8435001E084F83450382E0C
:10EFB00000D33726E662201DC4E9136500F0C1FEC8
:10EFC00004F1180000F0BDFE6565C6F13800A061CF
:10EFD00084F858505246246159463846646200F01D
:10EFE000FDFAB9F1000F206001D0C9F80040BDE87A
:10EFF000F09F000030B5114900E011460A688242D6
:10F00000FBD34B685C18844203D144680846234410
:10F010004B6043681D18954209D1084C183C246880
:10F02000A24209D052681A4442600A68126802601B
:10F03000814200D0086030BD0460F9E7700100240F
:10F0400070B50D4D914241604FF00004006106D84B
:10F050008169D21A8A4206D2011D286907E09A42C4
:10F0600003D2994201D3012403E0011DE86800F0B6
:10F070006BFE204670BD00004001002410B5044620
:10F0800000F086FEA06B28B15FF0000400F0A0FE47
:10F09000204610BD0124F9E730B53C4D89B06BE046
:10F0A0000498002806DA059ADDE9060190470498DD
:10F0B000002861DB069C606910B1201D00F00AFE8B
:10F0C00003A800F0D5F8024604980A2854D2DFE8D5
:10F0D00000F00505052D304705052D3094F8280072
:10F0E00040F0010084F82800A06905990B4601440E
:10F0F0002046FFF7A5FF50B3216A2046884794F8C1
:10F100002800400738D50020009005980023A16909
:10F1100042181946204601F0A1FDC0B9502080F3E5
:10F120001188BFF34F8FBFF36F8FFEE794F828006D
:10F130001EE094F8280040F0010084F828000598AB
:10F14000A06128B1811813462046FFF779FF13E02C
:10F15000502080F31188BFF34F8FBFF36F8FFEE70E
:10F1600094F82800810703D4204600F045FE03E010
:10F1700020F0010084F828002868002204A901F08A
:10F18000BBFA00288CD109B030BD0000400100243A
:10F190002DE9FC410F46054600F0C6FF01A800F02E
:10F1A00067F80446019818B101F0C6FCBDE8FC817F
:10F1B000254EAFB130690068D0B300273068291BF5
:10F1C0003A4600F09BFE01F0B7FC0028EED11F4943
:10F1D0004FF080500860BFF34F8FBFF36F8FE5E7AC
:10F1E000A542EBD801F0A8FCF0682746C068C468C7
:10F1F000201D00F06FFD94F82800410719D5A06983
:10F200002B463A4641192046FFF71AFFA8B10020C5
:10F210002A46034601460090204601F01FFD60B9D2
:10F22000502080F31188BFF34F8FBFF36F8FFEE73D
:10F2300007E020F0010084F82800216A2046884772
:10F24000B4E70127BAE700004001002404ED00E024
:10F250000648416B096829B1416BC968C9684968AA
:10F26000816270474FF0FF31FAE70000040100248B
:10F2700070B5054601F080FB064E0446B068844236
:10F2800003D200F009F8012000E0002028602046A9
:10F29000B46070BD40010024F8B5194D20E0C0688D
:10F2A000C4680668201D00F015FD216A20468847C5
:10F2B00094F82800400713D5A0693044B04206D91D
:10F2C0002461211D6060E86800F03EFD08E0002038
:10F2D0003246034601460090204601F0BFFC38B19B
:10F2E000E86801680029DAD12969C5E90310F8BD89
:10F2F000502080F31188BFF34F8FBFF36F8FFEE76D
:10F300004001002408484068401C4FF0500080F342
:10F31000118804D0BFF34F8FBFF36F8FFEE7BFF3A9
:10F320004F8FBFF36F8FFEE778010024074CE06832
:10F33000016841B1C0680021D0F80000FFF728FF44
:10F34000FFF7AAFEF3E701210020F7E740010024C0
:10F350002DE9F041044600F01BFD94F9455004F1FD
:10F36000240609E0606A48B1304601F0ADFB08B1FF
:10F3700000F05CFE6D1E6DB2002DF3DC4FF0FF3629
:10F3800084F8456000F024FD00F002FD94F944503B
:10F3900004F1100709E0206948B1384601F094FBF8
:10F3A00008B100F043FE6D1E6DB2002DF3DC84F851
:10F3B0004460BDE8F04100F00BBD00000B4B0021A4
:10F3C0000948642210B5197044F61F6103685A6336
:10F3D0000268D162C1600021F8F74AFEBDE8104022
:10F3E0000148F8F7D1BA0000C80E002478000024C4
:10F3F0002DE9F0411D4E00251D4C1E4F96F8F510CD
:10F400002078552920F00C000ED196F8F610AA2984
:10F410000AD16178890702D4A178890704D5001D33
:10F420002070FBF7B1F80DE0207000211148F8F7CB
:10F43000BFFE10480821F8F7BBFE0E48F8F72AFB7C
:10F440003868456296F8F60055280DD10948002124
:10F45000F8F7AEFE07480821F8F7AAFE0548F8F7C6
:10F4600019FB257038684562BDE8F08174060024F8
:10F4700078000024300E0024F0B5082923D3134966
:10F48000028853BA0B8082788A70012AB0F8032070
:10F4900052BAA1F8032044794C7190F906608E713C
:10F4A000C579CD7110D05527094806EB860180F843
:10F4B0006470A0F8653080F86940A0F86720A0F873
:10F4C0006A1080F86C50F0BDAA27EDE71C000024FC
:10F4D00096070024094900228A62CA620288120A39
:10F4E00081F82820027881F82920827881F82A2062
:10F4F000C07881F82F000846FEF72ABC9800002447
:10F500002DE9F0410027044600F00EFE324E30682F
:10F5100008B9FFF7A1FC706904424ED1C4B30834A6
:10F5200060070ED004F00700C0F108000444600733
:10F5300007D0502080F31188BFF34F8FBFF36F8F38
:10F54000FEE72CB37068844237D823481830014650
:10F550000D6801E028460D466968A14202D229687B
:10F560000029F7D131688D4227D0076829680160EA
:10F5700008376868011B10290FD92819420708D0DD
:10F58000502080F31188BFF34F8FBFF36F8FFEE7DA
:10F5900013E041606C60FFF72DFD69687068401AE8
:10F5A0007060B268904200D2B0600020726911436E
:10F5B000C5E90001F068401CF06001F0BDFA780771
:10F5C00007D0502080F31188BFF34F8FBFF36F8FA8
:10F5D000FEE73846BDE8F0815801002470B5041FED
:10F5E000094E231F4FF0807521F0010125601C1F7B
:10F5F0001960A0F120010B1F266044380A606FF0EB
:10F6000002051D6070BD000005F3020810B5F1F79A
:10F610008FF90128044605D1034900204FF4917267
:10F62000F1F7AFF9204610BD740600244FF00160D9
:10F6300010B5F2F7A5F9074830220549406800F0F7
:10F640000DF8BDE81040024930220348F0F7D5BE5E
:10F6500048000024000000241405002410B50368AD
:10F660009BB2A3F52A44AA3C02D04FF0FF3010BD54
:10F67000001DF2F7BBF8002010BD000010B5F1F737
:10F6800057F9002806D0044904224FF49170F1F78D
:10F6900011FA012010BD00000800002410B5F1F798
:10F6A00047F9002806D0044900204FF49172F1F781
:10F6B00001FA012010BD00007406002438B504468C
:10F6C00000208DF80000FFF7E9FF012269468DF860
:10F6D00000002046FFF73CFA38BD00001CB5026868
:10F6E0005524284B4FF4004100928088ADF8040067
:10F6F0009DF80000AA2803D000228DF8004000E009
:10F7000001221846F5F7F7FA9DF804101E48AA29B9
:10F7100003D001228DF8044000E000224021F5F7DB
:10F72000EAFA9DF80100AA2801D08DF8014047F2BD
:10F730003050BDF80210814201D9ADF802009DF8A9
:10F740000500FA2802D9FA208DF805000F48009923
:10F75000C0F81B11BDF80410A0F81F119DF801009E
:10F76000AA280CD000210A4881709DF80510C170AC
:10F77000BDF802100180BDE81C40FFF7ABBE0121BF
:10F78000F1E70000000C025800080258740600243B
:10F79000240000240A8800EBC0039FED121B00EE3A
:10F7A000102A0F4903EB4303B8EE400B1944B4EEA3
:10F7B000C10BA1F80920F1EE10FA02DDA622A1F892
:10F7C0000920B1F80910B2EE041B00EE101AB8EED1
:10F7D000400B80EE012BB7EEC20BFAF723BC000002
:10F7E000740600243333333333D3644030B400EB36
:10F7F000C005114B0A884FF4A97405EB4501194463
:10F80000A242A1F8072002D9A1F8074004E0CE2ABD
:10F8100002D2CE22A1F80720B1F80710B2EE041BE5
:10F8200000EE101A30BCB8EE400B80EE012BB7EEA4
:10F83000C20BFAF713BD00007406002406490A78CB
:10F84000AA2A08D0CA7EAA2A05D0552801D0AA28FB
:10F8500001D181F8F5007047740600240168024860
:10F860000160FFF70BBF000008000024B1F9002081
:10F870009FED0D0B01EE102AB8EEC11B81EE002B9F
:10F88000B7EEC21B11EE102A0260B1F9021001EEB0
:10F89000101AB8EEC11B81EE002BB7EEC20B10EEB2
:10F8A000101A41607047000000000000000059403D
:10F8B000B1F900209FED130B01EE102AB8EEC11B29
:10F8C00081EE002BB7EEC21B11EE102A0260B1F9D7
:10F8D000022001EE102AB8EEC11B81EE002BB7EE1C
:10F8E000C21B11EE102A4260B1F9041001EE101A89
:10F8F000B8EEC11B81EE002BB7EEC20B10EE101A52
:10F9000081607047000000000000594030B4038857
:10F9100000220B2B26D800214FF4D27509E000BF3E
:10F9200000EB410464882244F03C92B2AC4219D806
:10F93000491C8B42F4D841F288318A4212D80A4AD3
:10F940000021A2F8FB3007E000EB410402EB410389
:10F95000491C6488A3F8FD4003888B42F4D830BC6E
:10F96000F1F796B930BC70477406002406490A784E
:10F97000AA2A08D0CA7EAA2A05D0552801D0AA28CA
:10F9800001D181F8F6007047740600240A88963A7F
:10F99000B2F5FA7F02D80A88A0F803204988A0F8B7
:10F9A0000510704700B541EC100B2DED028B83B0B4
:10F9B000B1EEC08B18EE100A18EE901A8DED008B88
:10F9C000002818BF0120084320F00040C0F17F60EC
:10F9D00000F1E040C00F14D010EE101A10EE900AA3
:10F9E0008DED000B002918BF0121084320F00040D5
:10F9F000C0F17F6000F1E040C00F04BF0120FDF7BF
:10FA000093FB51EC180B03B0BDEC028B00BD70B53D
:10FA10000446007801250E4620B1012809D00325AF
:10FA2000284670BD0120207000F0A6FFC4F8010038
:10FA3000F6E700F0A1FFD4F80110401AB042EFD968
:10FA4000032020700546EBE703460020024610B570
:10FA500003E09C5C521C2044C0B28A42F9D310BD22
:10FA600070B50D46134945F25A464FF01C03140079
:10FA70004FF014020E800E4608718B70CA704C71E4
:10FA800004D0B01D22462946F0F7B7FC214628468F
:10FA9000FFF7DAFF31195A2304F109028871FE24B5
:10FAA000CB71D2B20C72BDE8704002490248F9F73E
:10FAB00097B8000090010024701200242DE9F84F3F
:10FAC0000D1F0646002D7BDD5B4C2089A389401C61
:10FAD000834201D1012700E00027A27B4FF0030AF7
:10FAE0004FF0000B4FF001088AB1022A0FD0328884
:10FAF000012A0CD0B6F802C0634503D1904201D16F
:10FB0000E80611D03FB300BF84F80EA05BE0708818
:10FB1000A081A4F808B00128A4F80A8020686060D9
:10FB200017D0002784F80E8084F80E80C1463088F4
:10FB300060813088012810D0AAB26068311DF1F7C9
:10FB4000C9FE8046D4F81700A84229D2C01C8208FA
:10FB50002AE00127E6E7062034E0A1F10C05606801
:10FB6000AAB2E41D06F10C010091F1F7B3FEA16801
:10FB700080467068486070682061A168B0688860DD
:10FB80002069E41FA84202D2C01C820803E0E817E3
:10FB900005EB9070821029480099F2F7D3FE07E038
:10FBA000E81705EB907082102448311DF2F7A8FE8B
:10FBB000B8F1000FC4F8130014D017B1042001E00D
:10FBC00029E00720A0731E481E4900680968884282
:10FBD00021D01C4930221A48F0F70FFCBDE8F84F3D
:10FBE00000F0DCBACFB1D4F80F00D4F8131080685D
:10FBF000814289D112484D462168016080F81490F5
:10FC000000F0CCFA0221A17321686160A4F808B069
:10FC10006581A4F80CB0BDE8F88F0520A07360687A
:10FC200028446060D4F81700401BC4F817002089EE
:10FC3000401C2081EFE70000F8040024780B00242A
:10FC4000480000241405002410B5FFF7EFFC0D490F
:10FC500030220D48F0F7D1FB0A48017D042910D16C
:10FC60000221017500F09AFABFF34F8F0748084A46
:10FC7000016801F4E06111430160BFF34F8F00BFE1
:10FC8000FDE710BD48000024140500240CED00E041
:10FC90000400FA050C4800220C4910B582730C6868
:10FCA0008B689C4203D1CB680949036002E0084994
:10FCB00003600C39C0F80F10036801214360028112
:10FCC0004181828110BD0000F80400241405002445
:10FCD0006C000024D0E9013201699A60D0E9012367
:10FCE0005A604A68824201D182684A6000220261F9
:10FCF0000868401E086008687047000010B5044C92
:10FD00008023046004F15C000860136010BD0000F3
:10FD10000C1B002410B5044C4FF48073046004F1F4
:10FD20005C000860136010BD681D00244FF0FF33B5
:10FD300000F108010022C0E901130260C160016105
:10FD4000704700210161704730B50B685A1C02D022
:10FD500000F1080202E0026904E0224654682568C6
:10FD60009D42FAD953684B6099608A60516008617E
:10FD70000168491C016030BD42684A6093688B602D
:10FD800093685960916008610168491C016070477F
:10FD9000502080F31188BFF34F8FBFF36F8F0A4954
:10FDA0004868401C486001280CD10848006810F0E1
:10FDB000FF0F07D0502080F31188BFF34F8FBFF3A0
:10FDC0006F8FFEE7704700007801002404ED00E02B
:10FDD0000849486828B1401E486001D180F3118865
:10FDE0007047502080F31188BFF34F8FBFF36F8FA0
:10FDF000FEE700007801002470B500282AD0164DD7
:10FE0000A0F1080461686869014207D1502080F3BD
:10FE10001188BFF34F8FBFF36F8FFEE722683AB1AF
:10FE2000502080F31188BFF34F8FBFF36F8FFEE731
:10FE30008143616000F078F960686968084468602F
:10FE40002046FFF7D7F82869401C2861BDE87040BC
:10FE500000F072BE70BD0000580100244FF0E02099
:10FE6000002101614FF47A72816107230349096817
:10FE7000B1FBF2F1491E416103617047EC000024BF
:10FE800010B5F0F76FFA114910280ED300F1E020F9
:10FE90000A7890F8F003904207D2502080F311883E
:10FEA000BFF34F8FBFF36F8FFEE709488968006883
:10FEB00000F4E060884207D9502080F31188BFF336
:10FEC0004F8FBFF36F8FFEE710BD00007801002455
:10FED0000CED00E0084B5FF0000210B553F8324023
:10FEE0001CB1521C082AF9D310BD03EBC20443F81D
:10FEF0003210606010BD0000F014002470B515468B
:10FF00000E460446FFF744FF94F944100020491CB4
:10FF100001D184F8440094F94510491C01D184F8BA
:10FF20004500FFF755FFA06B28B904F124002A46CD
:10FF3000314600F099F82046BDE87040FFF708BA56
:10FF4000020010B514D00F48006B38B1502080F378
:10FF50001188BFF34F8FBFF36F8FFEE700F0E4F817
:10FF600000211046FEF752FE00F0E6FD002807D102
:10FF700005494FF080500860BFF34F8FBFF36F8F7C
:10FF800010BD00000401002404ED00E070B505463A
:10FF9000FFF7FEFE1E4C05B92568281DFFF79AFEE7
:10FFA000A86A18B105F11800FFF794FE606A401CBA
:10FFB00060622068854207D11648291DFFF7DCFEE4
:10FFC0006068401C606007E0A068401EA060284692
:10FFD000FEF727FFFFF73CF9FFF7FAFE60690028FC
:10FFE00014D02068854211D1206B38B1502080F3A5
:10FFF0001188BFF34F8FBFF36F8FFEE706494FF0B5
:020000040803EF
:1000000080500860BFF34F8FBFF36F8F70BD00004B
:1000100004010024CC19002404ED00E002490A6A1E
:100020000260C96841607047040100240149012051
:10003000C86170470401002410B50C4650B109494D
:1000400009681831FFF780FE2046BDE81040012105
:10005000FEF7DCBD502080F31188BFF34F8FBFF354
:100060006F8FFEE70401002470B514460D4668B199
:100070000A4909681831FFF77FFE0CB14FF0FF35D0
:1000800021462846BDE87040FEF7C0BD502080F3F1
:100090001188BFF34F8FBFF36F8FFEE70401002479
:1000A00030B587B0002405AA04A9039403A80494DA
:1000B000FFF724FEDDE9030100940023CDE90110E0
:1000C000174815A1059A00F01EFC164D0028E8629D
:1000D0001FD000F093FD012809D0401C19D15020F9
:1000E00080F31188BFF34F8FBFF36F8FFEE750206F
:1000F00080F31188BFF34F8FBFF36F8F01214FF053
:10010000FF30A8626961EC6007B0BDE8304000F0E4
:100110009DB807B030BD000049444C4500000000C8
:10012000A9EE0208040100240248016B491C016386
:100130007047000004010024164810B5016B11B18E
:100140000121C16110BD0021C161134A016901E0B3
:10015000B9B1491E01EB810352F82330002BF7D0CF
:1001600001EB810302EB830202F1080453685B6830
:100170005360A34201D15B685360DA680260016199
:1001800010BD502080F31188BFF34F8FBFF36F8FE6
:10019000FEE70000040100243015002410B58EB0E5
:1001A0004AF6AA2030210A46ADF8000001A8ADF8B1
:1001B00002100D49F0F721F90C4C342269462068F1
:1001C000F1F788FBB7EE0A0BFBF75EFF94ED001A20
:1001D0009FED072BB8EE411B00EE021BBCEEC10BDE
:1001E00084ED000A0EB010BD480000240000002479
:1001F00000000000000040407CB514460D46A022DF
:10020000C0F302218DF805004FF480639C4242EA5E
:1002100041018DF8041000D91C4602199A4201D9F7
:100220004042C4B20848FF26009601230DF10502A2
:10023000F4F7BAFE9DF80410234603482A460096B8
:10024000F4F720FE7CBD0000800C002437481CB56C
:10025000374902688A4207D1502080F31188BFF3E2
:100260004F8FBFF36F8FFEE731490068491E884208
:1002700007D1502080F31188BFF34F8FBFF36F8FEA
:10028000FEE72C49FF200A780192087008788DF863
:1002900000009DF800209DF8000002F0F00282426C
:1002A00007D0502080F31188BFF34F8FBFF36F8FBB
:1002B000FEE79DF8002007201F4C02F0500222703C
:1002C000A06005E09DF8002052008DF80020401E3F
:1002D0009DF800201206F5D40328A06007D0502016
:1002E00080F31188BFF34F8FBFF36F8FFEE74FF49A
:1002F0004070A060019808700C482030016841F4FB
:1003000070010160016841F070410160FFF7A6FDD6
:1003100000206060EFF7EEFF0848016841F04041BF
:100320000160EFF7D3FF00201CBD000000ED00E0EE
:1003300071C20F4100E400E07801002434EF00E0D6
:10034000502010B580F31188BFF34F8FBFF36F8F2C
:1003500000F018FB18B104494FF0805008600020ED
:1003600080F3118810BD000004ED00E0002102467A
:10037000012010B500F012F80446FEF7C5FD204636
:1003800010BD38B500220B4611460090012000F048
:1003900026F80446FEF7B8FD204638BDF8B505003E
:1003A00017460E4613D005FB06F05030FFF7A8F8AD
:1003B00004000AD0002084F8460004F150023B46B5
:1003C000314628460094FEF7ABFD2046F8BD50208C
:1003D00080F31188BFF34F8FBFF36F8FFEE7F8B53F
:1003E000069D18B153B1CAB181B120E0502080F30D
:1003F0001188BFF34F8FBFF36F8FFEE7502080F35C
:100400001188BFF34F8FBFF36F8FFEE7502080F34B
:100410001188BFF34F8FBFF36F8FFEE739B15020C4
:1004200080F31188BFF34F8FBFF36F8FFEE7502427
:100430001C46012683F8466000932B46FEF770FDAC
:100440002046F8BD2DE9F04704008A4629D0FFF781
:100450009FFC21680025D4E90F23D4F840C004F1A3
:10046000100810460E46401E4FF0FF3902FB0312E3
:1004700000FB0C10BAF1000FA563666084F844908D
:1004800084F84590C4E9022013D04046FFF74EFCA3
:1004900004F12400FFF74AFCFFF79AFC0120BDE8B5
:1004A000F087502080F31188BFF34F8FBFF36F8F19
:1004B000FEE720690028EFD0404600F005FB002849
:1004C000EAD004494FF080500860BFF34F8FBFF36C
:1004D0006F8FE1E704ED00E02DE9FF4704001D46C2
:1004E00082B08A464FF0000803D0BAF1000F08D05E
:1004F00011E0502080F31188BFF34F8FBFF36F8F4F
:10050000FEE7206C38B1502080F31188BFF34F8F85
:10051000BFF36F8FFEE7022D0AD1E06B012807D0F1
:10052000502080F31188BFF34F8FBFF36F8FFEE72A
:1005300000F014FA3F4F4FF080564FF0000948B9D1
:10054000049838B1502080F31188BFF34F8FBFF368
:100550006F8FFEE7FFF71CFCA06BE16B884207D3AF
:10056000022D05D00498D0B1B8F1000F1AD01EE0CA
:100570002A4651462046FEF71EFC616A19B104F175
:10058000240000F0A1FA20B13E60BFF34F8FBFF30B
:100590006F8FFFF71DFC012006B0BDE8F087FFF765
:1005A00017FC22E06846FFF739FD4FF00108FFF71E
:1005B0000FFCFFF7B9FDFFF7EBFB94F94400401C7B
:1005C00001D184F8449094F94500401C01D184F88D
:1005D0004590FFF7FDFB04A9684600F02BF930B108
:1005E0002046FEF7B5FE00F0A7FA0020D4E7FFF79B
:1005F000CFFBA06BE16B884213D1FFF7E9FB0499B5
:1006000004F11000FFF718FD2046FEF7A1FE00F0F0
:1006100093FA00289ED13E60BFF34F8FBFF36F8FD8
:1006200098E7FFF7D5FB2046FEF792FE00F084FA2C
:1006300090E7000004ED00E02DE9F04704001F46BC
:100640009046894603D0B9F1000F08D011E0502040
:1006500080F31188BFF34F8FBFF36F8FFEE7206CDD
:1006600038B1502080F31188BFF34F8FBFF36F8FE5
:10067000FEE7022F0AD1E06B012807D0502080F35B
:100680001188BFF34F8FBFF36F8FFEE7FFF7F8FBC3
:100690005020EFF3118680F31188BFF34F8FBFF323
:1006A0006F8FA06BE16B884206D3022F04D000202D
:1006B00086F31188BDE8F08794F94550A06B3A465F
:1006C00049462046FEF777FB681C04D06D1C84F871
:1006D00045500120ECE7606A0028FAD004F12400BC
:1006E00000F0F2F90028F4D0B8F1000FF1D00121A8
:1006F000C8F80010EDE700002DE9F74704008A462E
:1007000083B04FF0000603D0BAF1000F08D011E01B
:10071000502080F31188BFF34F8FBFF36F8FFEE738
:10072000206C38B1502080F31188BFF34F8FBFF396
:100730006F8FFEE700F012F9DFF8F4804FF080577A
:100740004FF0000948B9059838B1502080F311885E
:10075000BFF34F8FBFF36F8FFEE7FFF719FBA56B5A
:10076000C5B151462046FEF713FB6D1EA5632069F7
:1007700050B104F1100000F0A7F928B1C8F80070DA
:10078000BFF34F8FBFF36F8FFFF722FB012006B03F
:10079000BDE8F087059808B11EB106E0FFF718FB29
:1007A00027E06846FFF73AFC0126FFF711FBFFF749
:1007B000BBFCFFF7EDFA94F94400401C01D184F82A
:1007C000449094F94500401C01D184F84590FFF70E
:1007D000FFFA05A9684600F02DF8002820460AD047
:1007E000FEF7B6FD00F0A8F92046FEF747FC00280A
:1007F000B3D00020CBE7FEF741FC90B1059904F19E
:100800002400FFF719FC2046FEF7A2FD00F094F942
:100810000028A2D1C8F80070BFF34F8FBFF36F8FCD
:100820009BE72046FEF794FD00F086F995E700006F
:1008300004ED00E02DE9F04105000C4612D0CCB1EA
:10084000FFF7A6FA184E2068F268471C6B68A2EB07
:10085000030117D02F68366AB74215D0934213D8D8
:1008600001251CE0502080F31188BFF34F8FBFF3A8
:100870006F8FFEE7502080F31188BFF34F8FBFF3D7
:100880006F8FFEE700250AE0884205D9401A2060F4
:100890002846FFF7C3FBF5E7002020600125FFF79E
:1008A00097FA2846BDE8F081040100242DE9FF5F96
:1008B000994616468A4683469000DDE90E87FEF784
:1008C0001FFE05001CD05C20FEF71AFE040014D0A9
:1008D0000020256384F859004B46CDE90087CDE917
:1008E0000240324651465846FEF72BFB2046FEF7A3
:1008F000BBF9012004B0BDE8F09F2846FFF77CFA61
:100900004FF0FF30F6E7F0B585B0DDE90B740A9DD6
:10091000A7B1DCB15C262763022684F85960002762
:1009200003970DF1100C0095CDE901C4FEF709FB0A
:100930002046FEF799F9049805B0F0BD502080F3E9
:100940001188BFF34F8FBFF36F8FFEE7502080F306
:100950001188BFF34F8FBFF36F8FFEE705484169E2
:1009600019B1006B18B100207047012070470220B8
:1009700070470000040100240148C068704700006F
:10098000040100242DE9F0412E4C206B002728B1F2
:10099000A069401CA0613846BDE8F081E668761C7D
:1009A000E66013D1606B006838B1502080F3118885
:1009B000BFF34F8FBFF36F8FFEE7606BA16B616377
:1009C000A063206A401C2062FEF742FCDFF87880BA
:1009D000A06A864209D3606B0068A0B1606BC068F2
:1009E000C5686868864211D2A0622068C06A00EBC0
:1009F000800158F82100012800D90127E06900286A
:100A0000C9D00127C7E74FF0FF30EDE7281DFFF7FA
:100A100061F9A86A18B105F11800FFF75BF9E86AF7
:100A20002169884200D9206100EB800108EB810038
:100A3000291DFFF7A1F92068E96AC06A8142CAD37B
:100A40000127C8E7040100243015002470B50446CE
:100A50004FF0000190B31A4D2868844207D050200F
:100A600080F31188BFF34F8FBFF36F8FFEE7206DC8
:100A700038B1E36C401EE26A20659A421ED040B154
:100A80001CE0502080F31188BFF34F8FBFF36F8FAE
:100A9000FEE7201DFFF71EF9E06CC0F13801A161EF
:100AA000E0622969884200D9286100EB800005498D
:100AB00001EB8000211DFFF75FF90121084670BDA1
:100AC000040100243015002470B5C068C46854B116
:100AD00004F118000646FFF7FDF8144D286B50B1DD
:100AE0001348314615E0502080F31188BFF34F8F33
:100AF000BFF36F8FFEE7201DFFF7ECF8E06A29696E
:100B0000884200D9286100EB80000A4901EB80008F
:100B1000211DFFF731F9E06A2968C96A884203D9C3
:100B20000121E961084670BD002070BD0401002468
:100B3000B8190024301500242DE9F0472C4D286BFE
:100B40000024274638B1FFF723F9286B401E28639D
:100B5000286B40B147E0502080F31188BFF34F8FDE
:100B6000BFF36F8FFEE7234E0120A968D9B3A6F526
:100B7000916980463068E0B1F068C46804F11800FB
:100B8000FFF7A8F8201DFFF7A5F8E06A2969884259
:100B900000D9286100EB800109EB8100211DFFF7DE
:100BA000EBF8E06A2968C96A8842E3D3C5F81C807B
:100BB000E0E70CB1FEF74CFBAC694CB14FEA08061C
:100BC000FFF7E0FE00B1EE61641EF9D10020A861DC
:100BD000E86940B1084901274FF080500860BFF331
:100BE0004F8FBFF36F8FFFF7F3F83846BDE8F087FC
:100BF00004010024B819002404ED00E010B586B00B
:100C0000FEF79AF8114C2068B8B10020039005AAAD
:100C1000049004A903A8FFF77DF8DDE90321022071
:100C200000238DE807000C4809A1059AFFF76BFE29
:100C3000606010B106B0012010BD502080F3118813
:100C4000BFF34F8FBFF36F8FFEE70000400100241A
:100C5000546D7220537663002DF302082DE9FF4195
:100C60001E46134602004FF000000A9D16D0144C99
:100C70002768002F0FD006290292CDE9001317DA5A
:100C8000FFF76CFE02284FF000030FD0002220680F
:100C90006946FFF721FC04B0BDE8F081502080F3E5
:100CA0001188BFF34F8FBFF36F8FFEE72A46EEE741
:100CB0000023324669463846FFF7BEFCEBE70000EA
:100CC00040010024400F0308000000000000000065
:100CD00000000000000000000002000018000000FA
:100CE00000000000000000001C0F030800000000CE
:100CF00000000000000000000000000000020000F2
:100D0000180000000000000000000000340F03087D
:100D100000000000000000000000000000000000D3
:100D200000020000180000000000000000000000A9
:100D3000100F030800000000000000000000000089
:100D4000280F030800000000000000000000000061
:100D5000000610160006101600010203040506071F
:100D6000080C1014182030400000000000000000A3
:100D70000000000000000000000000000100000072
:100D8000020000000300000004000000000000005A
:100D9000050000000000000000000000000000004E
:100DA000060000000000000000000000000000003D
:100DB00007000000010002000400060008000A000D
:100DC0000C00100020004000800000010101010320
:100DD00007010000080402040801010100000000EE
:100DE00001020304010203040607080900000000D1
:100DF000000000000000E03F000000000000E0BF35
:100E00000000E0FE422EE63F0000E0FE422EE6BF7C
:100E1000763C7935EF39EA3D763C7935EF39EABDF4
:100E20003E5555555555C53F93BDBE166CC166BF61
:100E30002CDE25AF6A56113FF16BD2C541BDBBBE5A
:100E4000D0A4BE726937663E04FA97999999D93F42
:100E5000AF788E1DC571CC3F9FC678D0099AC33F2D
:100E6000935555555555E53F599322942449D23F02
:100E7000DE03CB966446C73F44523EDF12F1C23FC9
:100E8000000000000000F03F000000000000F83FFC
:100E900000000000000000000000004003B8E23F36
:100EA000000000000000000006D0CF43EBFD4C3EE8
:100EB000033333333333E33FFFAB6FDBB66DDB3FDD
:100EC0004D268F515555D53F01411DA96074D13F25
:100ED00065DBC9934A86CD3FEF4E454A287ECA3F1F
:100EE0003E5555555555C53F93BDBE166CC166BFA1
:100EF0002CDE25AF6A56113FF16BD2C541BDBBBE9A
:100F0000D0A4BE726937663E0000000000000000F9
:100F10006D794D7574657830310000006D795461DC
:100F2000736B3032000000006D794D757465783058
:100F3000320000006D795461736B303300000000A3
:100F400064656661756C745461736B006C0F0308A3
:100F5000000000249001000076060208B00F03088C
:100F6000900100243862000018D10208214B1008BB
:100F7000041122034B6041044BE040040111061BA5
:100F80003F0AD7233C19481A02046A125401391344
:100F90009C0BBC249504590135320182103C90D041
:100FA0000304BCC073450401771AAA0101100000B4
:040000050802029952
:00000001FF
