时间,LD1电流(A),LD1电压(V),LD2电流(A),LD2电压(V),PD温度(℃),PD功率(W),TEC1温度(℃),TEC1电流(A),TEC1功率(W),TEC2温度(℃),TEC2电流(A),TEC2功率(W),TEC3温度(℃),TEC3电流(A),TEC3功率(W),TEC4温度(℃),TEC4电流(A),TEC4功率(W),
2025年12月13日 18:07:44.355,0.4,0.9,0.4,1.0,2305.0,2010.0, -259.7,-20.1,0.0,-259.7,-20.0,0.0,-259.7,-20.2,0.0,-259.7,-20.1,0.0,
2025年12月13日 18:07:45.355,0.4,0.9,0.4,1.0,2291.0,2016.0, -259.7,-20.1,0.0,-259.7,-20.1,0.0,-259.7,-20.3,0.0,-259.7,-20.1,0.0,
2025年12月13日 18:07:46.354,0.4,0.9,0.4,1.0,2274.0,2030.0, -259.7,-20.1,0.0,-259.7,-20.0,0.0,-259.7,-20.3,0.0,-259.7,-20.1,0.0,
2025年12月13日 18:07:47.354,0.4,0.9,0.4,1.0,2360.0,2035.0, -259.7,-20.0,0.0,-259.7,-20.0,0.0,-259.7,-20.2,0.0,-259.7,-20.1,0.0,
2025年12月13日 18:07:48.355,0.4,0.9,0.4,1.0,2312.0,2072.0, -259.7,-20.0,0.0,-259.7,-20.0,0.0,-259.7,-20.2,0.0,-259.7,-20.1,0.0,
2025年12月13日 18:07:49.354,0.4,0.9,0.4,1.0,2407.0,2009.0, -259.7,-20.0,0.0,-259.7,-20.0,0.0,-259.7,-20.2,0.0,-259.7,-20.1,0.0,
2025年12月13日 18:07:50.354,0.4,0.8,0.4,1.0,2333.0,2037.0, -259.7,-20.0,0.0,-259.7,-20.1,0.0,-259.7,-20.3,0.0,-259.7,-20.1,0.0,
2025年12月13日 18:07:51.355,0.4,0.9,0.4,1.0,2288.0,2010.0, -259.7,-20.0,0.0,-259.7,-20.0,0.0,-259.7,-20.3,0.0,-259.7,-20.1,0.0,
2025年12月13日 18:07:52.355,0.4,0.9,0.4,1.0,2229.0,2057.0, -259.7,-20.0,0.0,-259.7,-20.0,0.0,-259.7,-20.2,0.0,-259.7,-20.1,0.0,
2025年12月13日 18:07:53.354,0.4,0.9,0.4,1.0,2362.0,2052.0, -259.7,-20.0,0.0,-259.7,-20.0,0.0,-259.7,-20.3,0.0,-259.7,-20.1,0.0,
2025年12月13日 18:07:54.354,0.4,0.9,0.4,1.0,2199.0,2075.0, -259.7,-20.0,0.0,-259.7,-20.0,0.0,-259.7,-20.3,0.0,-259.7,-20.1,0.0,
2025年12月13日 18:07:55.354,0.4,0.9,0.4,1.0,2261.0,2045.0, -259.7,-20.1,0.0,-259.7,-20.0,0.0,-259.7,-20.3,0.0,-259.7,-20.1,0.0,
2025年12月13日 18:07:56.354,0.4,0.9,0.4,1.0,2366.0,2006.0, -259.7,-20.0,0.0,-259.7,-20.0,0.0,-259.7,-20.3,0.0,-259.7,-20.1,0.0,
2025年12月13日 18:07:57.354,0.4,1.0,0.4,1.0,2424.0,2028.0, -259.7,-20.0,0.0,-259.7,-20.0,0.0,-259.7,-20.2,0.0,-259.7,-20.1,0.0,
2025年12月13日 18:07:58.355,0.4,0.9,0.4,0.9,2256.0,2039.0, -259.7,-20.0,0.0,-259.7,-20.0,0.0,-259.7,-20.3,0.0,-259.7,-20.1,0.0,
2025年12月13日 18:07:59.354,0.4,1.0,0.4,1.0,2314.0,2027.0, -259.7,-20.0,0.0,-259.7,-20.0,0.0,-259.7,-20.3,0.0,-259.7,-20.2,0.0,
2025年12月13日 18:08:00.354,0.4,0.9,0.4,1.0,2251.0,2049.0, -259.7,-20.0,0.0,-259.7,-20.0,0.0,-259.7,-20.3,0.0,-259.7,-20.1,0.0,
2025年12月13日 18:08:01.355,0.4,0.9,0.4,0.9,2239.0,2035.0, -259.7,-20.0,0.0,-259.7,-20.1,0.0,-259.7,-20.3,0.0,-259.7,-20.1,0.0,
2025年12月13日 18:08:02.355,0.4,0.9,0.4,1.0,2261.0,2022.0, -259.7,-20.0,0.0,-259.7,-20.0,0.0,-259.7,-20.2,0.0,-259.7,-20.1,0.0,
2025年12月13日 18:08:03.354,0.4,0.9,0.4,1.0,2364.0,2015.0, -259.7,-20.0,0.0,-259.7,-20.0,0.0,-259.7,-20.3,0.0,-259.7,-20.1,0.0,
2025年12月13日 18:08:04.355,0.4,0.9,0.4,1.0,2370.0,1999.0, -259.7,-20.1,0.0,-259.7,-20.0,0.0,-259.7,-20.3,0.0,-259.7,-20.1,0.0,
2025年12月13日 18:08:05.354,0.4,0.9,0.4,1.0,2373.0,2018.0, -259.7,-20.0,0.0,-259.7,-20.1,0.0,-259.7,-20.3,0.0,-259.7,-20.1,0.0,
2025年12月13日 18:08:06.355,0.4,0.9,0.4,1.0,2323.0,2045.0, -259.7,-20.0,0.0,-259.7,-20.0,0.0,-259.7,-20.3,0.0,-259.7,-20.1,0.0,
2025年12月13日 18:09:30.354,0.4,0.9,0.4,1.0,2224.0,2073.0, -259.7,-20.0,0.0,-259.7,-20.0,0.0,-259.7,-20.2,0.0,-259.7,-20.1,0.0,
2025年12月13日 18:09:32.354,0.4,1.0,0.4,1.0,2386.0,2011.0, -259.7,-20.0,0.0,-259.7,-20.0,0.0,-259.7,-20.2,0.0,-259.7,-20.1,0.0,
2025年12月13日 18:09:33.355,0.4,0.9,0.4,0.9,2339.0,2044.0, -259.7,-20.1,0.0,-259.7,-20.0,0.0,-259.7,-20.2,0.0,-259.7,-20.2,0.0,
2025年12月13日 18:09:34.354,0.4,1.0,0.4,1.0,2202.0,2059.0, -259.7,-20.0,0.0,-259.7,-20.0,0.0,-259.7,-20.2,0.0,-259.7,-20.2,0.0,
2025年12月13日 18:09:35.368,0.4,0.9,0.4,0.9,2313.0,2030.0, -259.7,-20.0,0.0,-259.7,-20.0,0.0,-259.7,-20.3,0.0,-259.7,-20.1,0.0,
2025年12月13日 18:09:36.364,0.4,0.8,0.4,0.9,2295.0,2012.0, -259.7,-20.1,0.0,-259.7,-20.0,0.0,-259.7,-20.3,0.0,-259.7,-20.1,0.0,
2025年12月13日 18:09:37.364,0.4,1.0,0.4,1.0,2286.0,2002.0, -259.7,-20.0,0.0,-259.7,-20.0,0.0,-259.7,-20.3,0.0,-259.7,-20.1,0.0,
2025年12月13日 18:09:38.358,0.4,1.0,0.4,1.0,2377.0,1989.0, -259.7,-20.0,0.0,-259.7,-20.0,0.0,-259.7,-20.3,0.0,-259.7,-20.1,0.0,
2025年12月13日 18:09:39.369,0.4,0.9,0.4,0.9,2348.0,2006.0, -259.7,-20.1,0.0,-259.7,-20.1,0.0,-259.7,-20.3,0.0,-259.7,-20.1,0.0,
2025年12月13日 18:09:40.358,0.4,0.9,0.4,1.0,2261.0,2015.0, -259.7,-20.0,0.0,-259.7,-20.0,0.0,-259.7,-20.2,0.0,-259.7,-20.1,0.0,
2025年12月13日 18:09:41.355,0.4,0.9,0.4,1.0,2122.0,2060.0, -259.7,-20.1,0.0,-259.7,-20.1,0.0,-259.7,-20.3,0.0,-259.7,-20.1,0.0,
2025年12月13日 18:09:42.354,0.4,1.0,0.4,1.0,2387.0,2000.0, -259.7,-20.0,0.0,-259.7,-20.0,0.0,-259.7,-20.2,0.0,-259.7,-20.1,0.0,
2025年12月13日 18:09:43.356,0.4,1.0,0.4,1.0,2341.0,2026.0, -259.7,-20.1,0.0,-259.7,-20.1,0.0,-259.7,-20.2,0.0,-259.7,-20.1,0.0,
2025年12月13日 18:09:44.367,0.4,0.9,0.4,1.0,2243.0,2072.0, -259.7,-20.0,0.0,-259.7,-20.0,0.0,-259.7,-20.2,0.0,-259.7,-20.1,0.0,
2025年12月13日 18:09:45.363,0.4,0.9,0.4,0.9,2317.0,1973.0, -259.7,-20.0,0.0,-259.7,-20.0,0.0,-259.7,-20.3,0.0,-259.7,-20.1,0.0,
2025年12月13日 18:09:46.363,0.4,0.9,0.4,1.0,2327.0,2011.0, -259.7,-20.0,0.0,-259.7,-20.0,0.0,-259.7,-20.2,0.0,-259.7,-20.1,0.0,
2025年12月13日 18:09:47.361,0.4,1.0,0.4,1.0,2298.0,2037.0, -259.7,-20.0,0.0,-259.7,-20.0,0.0,-259.7,-20.2,0.0,-259.7,-20.1,0.0,
2025年12月13日 18:09:48.354,0.4,0.9,0.4,1.0,2388.0,2005.0, -259.7,-20.1,0.0,-259.7,-20.0,0.0,-259.7,-20.3,0.0,-259.7,-20.1,0.0,
2025年12月13日 18:09:49.355,0.4,0.9,0.4,1.0,2372.0,2004.0, -259.7,-20.0,0.0,-259.7,-20.1,0.0,-259.7,-20.3,0.0,-259.7,-20.1,0.0,
2025年12月13日 18:09:50.355,0.4,0.9,0.4,1.0,2438.0,1989.0, -259.7,-20.0,0.0,-259.7,-20.0,0.0,-259.7,-20.3,0.0,-259.7,-20.1,0.0,
2025年12月13日 18:09:51.354,0.4,0.9,0.4,1.0,2223.0,2111.0, -259.7,-20.1,0.0,-259.7,-20.0,0.0,-259.7,-20.3,0.0,-259.7,-20.1,0.0,
2025年12月13日 18:09:52.355,0.4,0.9,0.4,1.0,2325.0,2036.0, -259.7,-20.0,0.0,-259.7,-20.0,0.0,-259.7,-20.3,0.0,-259.7,-20.1,0.0,
2025年12月13日 18:10:00.355,0.4,0.9,0.4,0.9,2401.0,1983.0, -259.7,-20.1,0.0,-259.7,-20.1,0.0,-259.7,-20.3,0.0,-259.7,-20.1,0.0,
2025年12月13日 18:10:01.355,0.4,0.9,0.4,1.0,2402.0,1973.0, -259.7,-20.1,0.0,-259.7,-20.0,0.0,-259.7,-20.2,0.0,-259.7,-20.1,0.0,
2025年12月13日 18:10:02.355,0.4,0.9,0.4,0.9,2379.0,1964.0, -259.7,-20.1,0.0,-259.7,-20.0,0.0,-259.7,-20.3,0.0,-259.7,-20.1,0.0,
2025年12月13日 18:10:03.355,0.4,1.0,0.4,1.0,2460.0,2030.0, -259.7,-20.0,0.0,-259.7,-20.0,0.0,-259.7,-20.3,0.0,-259.7,-20.1,0.0,
2025年12月13日 18:10:04.354,0.4,0.9,0.4,0.9,2339.0,2013.0, -259.7,-20.0,0.0,-259.7,-20.1,0.0,-259.7,-20.3,0.0,-259.7,-20.1,0.0,
2025年12月13日 18:10:05.355,0.4,0.9,0.4,1.0,2351.0,1998.0, -259.7,-20.0,0.0,-259.7,-20.0,0.0,-259.7,-20.2,0.0,-259.7,-20.1,0.0,
2025年12月13日 18:10:06.354,0.4,0.9,0.4,1.0,2334.0,2013.0, -259.7,-20.1,0.0,-259.7,-20.0,0.0,-259.7,-20.2,0.0,-259.7,-20.1,0.0,
2025年12月13日 18:10:07.354,0.4,0.9,0.4,0.9,2276.0,2048.0, -259.7,-20.1,0.0,-259.7,-20.0,0.0,-259.7,-20.3,0.0,-259.7,-20.1,0.0,
2025年12月13日 18:10:08.354,0.4,1.0,0.4,1.0,2434.0,1992.0, -259.7,-20.0,0.0,-259.7,-20.0,0.0,-259.7,-20.3,0.0,-259.7,-20.1,0.0,
2025年12月13日 18:10:09.354,0.4,0.9,0.4,1.0,2413.0,1980.0, -259.7,-20.1,0.0,-259.7,-20.0,0.0,-259.7,-20.2,0.0,-259.7,-20.1,0.0,
2025年12月13日 18:10:10.354,0.4,0.9,0.4,1.0,2189.0,2085.0, -259.7,-20.0,0.0,-259.7,-20.0,0.0,-259.7,-20.2,0.0,-259.7,-20.1,0.0,
2025年12月13日 18:10:11.353,0.4,0.9,0.4,1.0,2447.0,2015.0, -259.7,-20.1,0.0,-259.7,-20.0,0.0,-259.7,-20.3,0.0,-259.7,-20.1,0.0,
2025年12月13日 18:10:12.355,0.4,0.9,0.4,1.0,2218.0,2054.0, -259.7,-20.0,0.0,-259.7,-20.0,0.0,-259.7,-20.3,0.0,-259.7,-20.1,0.0,
2025年12月13日 18:10:13.354,0.4,0.9,0.4,1.0,2214.0,2065.0, -259.7,-20.1,0.0,-259.7,-20.0,0.0,-259.7,-20.3,0.0,-259.7,-20.1,0.0,
2025年12月13日 18:10:14.354,0.4,0.9,0.4,1.0,2331.0,1989.0, -259.7,-20.0,0.0,-259.7,-20.1,0.0,-259.7,-20.3,0.0,-259.7,-20.1,0.0,
2025年12月13日 18:10:15.354,0.4,0.9,0.4,1.0,2271.0,2025.0, -259.7,-20.1,0.0,-259.7,-20.0,0.0,-259.7,-20.3,0.0,-259.7,-20.1,0.0,
2025年12月13日 18:10:16.356,0.4,0.9,0.4,1.0,2210.0,2038.0, -259.7,-20.0,0.0,-259.7,-20.0,0.0,-259.7,-20.3,0.0,-259.7,-20.1,0.0,
2025年12月13日 18:10:17.355,0.4,0.9,0.4,1.0,2291.0,2019.0, -259.7,-20.0,0.0,-259.7,-20.0,0.0,-259.7,-20.2,0.0,-259.7,-20.1,0.0,
2025年12月13日 18:10:18.354,0.4,0.9,0.4,1.0,2289.0,2013.0, -259.7,-20.1,0.0,-259.7,-20.0,0.0,-259.7,-20.3,0.0,-259.7,-20.1,0.0,
2025年12月13日 18:10:19.355,0.4,0.9,0.4,1.0,2368.0,2008.0, -259.7,-20.1,0.0,-259.7,-20.0,0.0,-259.7,-20.3,0.0,-259.7,-20.1,0.0,
2025年12月13日 18:10:20.354,0.4,0.9,0.4,0.9,2361.0,2006.0, -259.7,-20.0,0.0,-259.7,-20.0,0.0,-259.7,-20.3,0.0,-259.7,-20.1,0.0,
2025年12月13日 18:10:21.354,0.4,0.9,0.4,1.0,2364.0,2020.0, -259.7,-20.0,0.0,-259.7,-20.0,0.0,-259.7,-20.3,0.0,-259.7,-20.1,0.0,
2025年12月13日 18:10:22.355,0.4,0.9,0.4,1.0,2363.0,1993.0, -259.7,-20.0,0.0,-259.7,-20.0,0.0,-259.7,-20.2,0.0,-259.7,-20.1,0.0,
2025年12月13日 18:10:23.355,0.4,0.9,0.4,1.0,2281.0,2030.0, -259.7,-20.0,0.0,-259.7,-20.0,0.0,-259.7,-20.3,0.0,-259.7,-20.1,0.0,
2025年12月13日 18:10:24.355,0.4,0.9,0.4,0.9,2388.0,2021.0, -259.7,-20.1,0.0,-259.7,-20.1,0.0,-259.7,-20.3,0.0,-259.7,-20.1,0.0,
2025年12月13日 18:10:25.355,0.4,0.9,0.4,1.0,2280.0,1976.0, -259.7,-20.0,0.0,-259.7,-20.0,0.0,-259.7,-20.3,0.0,-259.7,-20.1,0.0,
2025年12月13日 18:10:26.354,0.4,0.9,0.4,1.0,2294.0,2019.0, -259.7,-20.0,0.0,-259.7,-20.0,0.0,-259.7,-20.2,0.0,-259.7,-20.1,0.0,
2025年12月13日 18:10:27.356,0.4,0.9,0.4,1.0,2298.0,2046.0, -259.7,-20.0,0.0,-259.7,-20.0,0.0,-259.7,-20.2,0.0,-259.7,-20.1,0.0,
2025年12月13日 18:10:28.354,0.4,0.9,0.4,0.9,2358.0,2039.0, -259.7,-20.1,0.0,-259.7,-20.1,0.0,-259.7,-20.3,0.0,-259.7,-20.1,0.0,
2025年12月13日 18:10:29.355,0.4,0.9,0.4,1.0,2327.0,2002.0, -259.7,-20.0,0.0,-259.7,-19.9,0.0,-259.7,-20.2,0.0,-259.7,-20.1,0.0,
2025年12月13日 18:10:30.353,0.4,0.9,0.4,1.0,2427.0,2028.0, -259.7,-20.1,0.0,-259.7,-20.1,0.0,-259.7,-20.3,0.0,-259.7,-20.1,0.0,
2025年12月13日 18:10:31.356,0.4,1.0,0.4,1.0,2263.0,2053.0, -259.7,-20.1,0.0,-259.7,-20.0,0.0,-259.7,-20.3,0.0,-259.7,-20.1,0.0,
2025年12月13日 18:10:32.355,0.4,0.9,0.4,1.0,2376.0,2019.0, -259.7,-20.0,0.0,-259.7,-20.0,0.0,-259.7,-20.3,0.0,-259.7,-20.1,0.0,
2025年12月13日 18:10:33.354,0.4,0.9,0.4,1.0,2140.0,2055.0, -259.7,-20.1,0.0,-259.7,-20.0,0.0,-259.7,-20.3,0.0,-259.7,-20.1,0.0,
2025年12月13日 18:10:34.355,0.4,0.9,0.4,0.9,2399.0,2023.0, -259.7,-20.1,0.0,-259.7,-20.0,0.0,-259.7,-20.3,0.0,-259.7,-20.1,0.0,
2025年12月13日 18:10:35.354,0.4,0.9,0.4,1.0,2316.0,2006.0, -259.7,-20.1,0.0,-259.7,-20.1,0.0,-259.7,-20.3,0.0,-259.7,-20.1,0.0,
2025年12月13日 18:10:36.354,0.4,0.9,0.4,1.0,2203.0,2045.0, -259.7,-20.0,0.0,-259.7,-20.0,0.0,-259.7,-20.3,0.0,-259.7,-20.1,0.0,
2025年12月13日 18:10:37.355,0.4,0.9,0.4,0.9,2292.0,2019.0, -259.7,-20.1,0.0,-259.7,-20.0,0.0,-259.7,-20.3,0.0,-259.7,-20.1,0.0,
2025年12月13日 18:10:38.355,0.4,0.9,0.4,1.0,2397.0,2016.0, -259.7,-20.0,0.0,-259.7,-20.0,0.0,-259.7,-20.2,0.0,-259.7,-20.1,0.0,
2025年12月13日 18:10:39.355,0.4,0.9,0.4,0.9,2239.0,1999.0, -259.7,-20.0,0.0,-259.7,-20.0,0.0,-259.7,-20.3,0.0,-259.7,-20.1,0.0,
2025年12月13日 18:10:40.354,0.4,1.0,0.4,1.0,2396.0,2014.0, -259.7,-20.0,0.0,-259.7,-20.0,0.0,-259.7,-20.3,0.0,-259.7,-20.1,0.0,
2025年12月13日 18:10:41.354,0.4,0.9,0.4,1.0,2408.0,1986.0, -259.7,-20.0,0.0,-259.7,-20.0,0.0,-259.7,-20.3,0.0,-259.7,-20.1,0.0,
2025年12月13日 18:10:42.354,0.4,0.9,0.4,0.9,2341.0,2027.0, -259.7,-20.1,0.0,-259.7,-20.1,0.0,-259.7,-20.3,0.0,-259.7,-20.1,0.0,
2025年12月13日 18:10:43.354,0.4,0.9,0.4,1.0,2430.0,2019.0, -259.7,-20.0,0.0,-259.7,-20.0,0.0,-259.7,-20.3,0.0,-259.7,-20.1,0.0,
2025年12月13日 18:10:44.355,0.4,0.9,0.4,1.0,2250.0,2001.0, -259.7,-20.0,0.0,-259.7,-20.0,0.0,-259.7,-20.3,0.0,-259.7,-20.1,0.0,
2025年12月13日 18:10:45.354,0.4,0.9,0.4,1.0,2349.0,2040.0, -259.7,-20.0,0.0,-259.7,-20.0,0.0,-259.7,-20.3,0.0,-259.7,-20.1,0.0,
2025年12月13日 18:10:46.354,0.4,0.9,0.4,1.0,2395.0,2007.0, -259.7,-20.1,0.0,-259.7,-20.1,0.0,-259.7,-20.3,0.0,-259.7,-20.1,0.0,
2025年12月13日 18:10:47.355,0.4,0.9,0.4,0.9,2380.0,1997.0, -259.7,-20.1,0.0,-259.7,-20.0,0.0,-259.7,-20.2,0.0,-259.7,-20.1,0.0,
2025年12月13日 18:10:48.354,0.4,0.9,0.4,1.0,2307.0,2048.0, -259.7,-20.0,0.0,-259.7,-20.0,0.0,-259.7,-20.3,0.0,-259.7,-20.1,0.0,
2025年12月13日 18:10:49.355,0.4,1.0,0.4,1.0,2397.0,2003.0, -259.7,-20.1,0.0,-259.7,-20.0,0.0,-259.7,-20.3,0.0,-259.7,-20.1,0.0,
2025年12月13日 18:10:50.355,0.4,0.9,0.4,0.9,2383.0,1997.0, -259.7,-20.0,0.0,-259.7,-20.0,0.0,-259.7,-20.2,0.0,-259.7,-20.2,0.0,
2025年12月13日 18:10:51.354,0.4,0.9,0.4,1.0,2380.0,2003.0, -259.7,-20.0,0.0,-259.7,-20.0,0.0,-259.7,-20.3,0.0,-259.7,-20.1,0.0,
2025年12月13日 18:10:52.354,0.4,0.9,0.4,0.9,2280.0,2057.0, -259.7,-20.0,0.0,-259.7,-20.0,0.0,-259.7,-20.3,0.0,-259.7,-20.1,0.0,
2025年12月13日 18:10:53.354,0.4,0.9,0.4,1.0,2263.0,2022.0, -259.7,-20.0,0.0,-259.7,-20.1,0.0,-259.7,-20.3,0.0,-259.7,-20.2,0.0,
2025年12月13日 18:10:54.354,0.4,0.9,0.4,1.0,2345.0,1993.0, -259.7,-20.1,0.0,-259.7,-20.1,0.0,-259.7,-20.3,0.0,-259.7,-20.1,0.0,
2025年12月13日 18:10:55.355,0.4,0.9,0.4,0.9,2284.0,2030.0, -259.7,-20.0,0.0,-259.7,-20.0,0.0,-259.7,-20.2,0.0,-259.7,-20.1,0.0,
2025年12月13日 18:10:56.354,0.4,0.8,0.4,1.0,2377.0,2004.0, -259.7,-20.0,0.0,-259.7,-20.1,0.0,-259.7,-20.3,0.0,-259.7,-20.1,0.0,
2025年12月13日 18:10:57.354,0.4,0.9,0.4,1.0,2209.0,2070.0, -259.7,-20.0,0.0,-259.7,-20.0,0.0,-259.7,-20.3,0.0,-259.7,-20.1,0.0,
2025年12月13日 18:10:58.354,0.4,0.8,0.4,0.9,2329.0,1973.0, -259.7,-20.1,0.0,-259.7,-20.1,0.0,-259.7,-20.2,0.0,-259.7,-20.1,0.0,
2025年12月13日 18:10:59.355,0.4,0.9,0.4,1.1,2267.0,2019.0, -259.7,-20.0,0.0,-259.7,-20.0,0.0,-259.7,-20.2,0.0,-259.7,-20.1,0.0,
2025年12月13日 18:11:00.354,0.4,0.8,0.3,0.9,2179.0,2045.0, -259.7,-20.1,0.0,-259.7,-20.0,0.0,-259.7,-20.3,0.0,-259.7,-20.1,0.0,
2025年12月13日 18:11:01.355,0.4,0.9,0.4,0.9,2288.0,2039.0, -259.7,-20.0,0.0,-259.7,-20.0,0.0,-259.7,-20.3,0.0,-259.7,-20.1,0.0,
2025年12月13日 18:11:02.354,0.4,0.9,0.4,1.0,2299.0,2029.0, -259.7,-20.0,0.0,-259.7,-20.0,0.0,-259.7,-20.3,0.0,-259.7,-20.1,0.0,
2025年12月13日 18:11:03.367,0.4,0.9,0.4,1.0,2317.0,2032.0, -259.7,-20.0,0.0,-259.7,-20.0,0.0,-259.7,-20.2,0.0,-259.7,-20.1,0.0,
2025年12月13日 18:11:04.354,0.4,0.9,0.4,1.0,2360.0,2006.0, -259.7,-20.1,0.0,-259.7,-20.0,0.0,-259.7,-20.3,0.0,-259.7,-20.1,0.0,
2025年12月13日 18:11:05.357,0.4,0.9,0.4,1.0,2352.0,1989.0, -259.7,-20.0,0.0,-259.7,-20.0,0.0,-259.7,-20.3,0.0,-259.7,-20.1,0.0,
2025年12月13日 18:11:06.354,0.4,0.9,0.4,1.0,2414.0,2016.0, -259.7,-20.0,0.0,-259.7,-20.0,0.0,-259.7,-20.3,0.0,-259.7,-20.1,0.0,
2025年12月13日 18:11:07.354,0.4,0.9,0.4,1.0,2299.0,2021.0, -259.7,-20.0,0.0,-259.7,-20.0,0.0,-259.7,-20.2,0.0,-259.7,-20.1,0.0,
2025年12月13日 18:11:08.354,0.4,0.9,0.4,1.0,2383.0,2027.0, -259.7,-20.0,0.0,-259.7,-20.0,0.0,-259.7,-20.3,0.0,-259.7,-20.1,0.0,
2025年12月13日 18:11:09.354,0.4,0.9,0.4,1.0,2350.0,1989.0, -259.7,-20.0,0.0,-259.7,-20.0,0.0,-259.7,-20.2,0.0,-259.7,-20.2,0.0,
2025年12月13日 18:11:10.355,0.4,0.9,0.4,0.9,2319.0,2016.0, -259.7,-20.1,0.0,-259.7,-20.1,0.0,-259.7,-20.3,0.0,-259.7,-20.1,0.0,
2025年12月13日 18:11:11.354,0.4,0.9,0.4,1.0,2278.0,2022.0, -259.7,-20.0,0.0,-259.7,-20.0,0.0,-259.7,-20.2,0.0,-259.7,-20.1,0.0,
2025年12月13日 18:11:12.354,0.4,0.9,0.4,0.9,2395.0,2012.0, -259.7,-20.0,0.0,-259.7,-20.0,0.0,-259.7,-20.3,0.0,-259.7,-20.1,0.0,
2025年12月13日 18:11:13.355,0.4,0.9,0.4,1.0,2292.0,2002.0, -259.7,-20.1,0.0,-259.7,-20.0,0.0,-259.7,-20.2,0.0,-259.7,-20.1,0.0,
2025年12月13日 18:11:14.354,0.4,0.9,0.4,1.0,2429.0,2037.0, -259.7,-20.0,0.0,-259.7,-20.0,0.0,-259.7,-20.3,0.0,-259.7,-20.1,0.0,
2025年12月13日 18:11:15.354,0.4,0.9,0.4,1.0,2392.0,1994.0, -259.7,-20.1,0.0,-259.7,-20.1,0.0,-259.7,-20.3,0.0,-259.7,-20.1,0.0,
2025年12月13日 18:11:16.356,0.4,0.9,0.4,1.1,2234.0,2048.0, -259.7,-20.1,0.0,-259.7,-20.1,0.0,-259.7,-20.3,0.0,-259.7,-20.1,0.0,
2025年12月13日 18:11:17.355,0.4,0.8,0.4,0.9,2372.0,1987.0, -259.7,-20.0,0.0,-259.7,-20.0,0.0,-259.7,-20.2,0.0,-259.7,-20.1,0.0,
2025年12月13日 18:11:18.357,0.4,0.9,0.4,0.9,2323.0,1986.0, -259.7,-20.0,0.0,-259.7,-20.0,0.0,-259.7,-20.3,0.0,-259.7,-20.1,0.0,
2025年12月13日 18:11:19.355,0.4,0.9,0.4,0.9,2289.0,2020.0, -259.7,-20.0,0.0,-259.7,-20.0,0.0,-259.7,-20.2,0.0,-259.7,-20.1,0.0,
2025年12月13日 18:11:20.355,0.4,0.9,0.4,1.0,2270.0,2022.0, -259.7,-20.0,0.0,-259.7,-20.0,0.0,-259.7,-20.3,0.0,-259.7,-20.1,0.0,
2025年12月13日 18:11:21.355,0.4,0.9,0.4,1.0,2240.0,2035.0, -259.7,-20.1,0.0,-259.7,-20.0,0.0,-259.7,-20.3,0.0,-259.7,-20.1,0.0,
2025年12月13日 18:11:22.355,0.4,0.9,0.4,0.9,2365.0,1953.0, -259.7,-20.0,0.0,-259.7,-20.0,0.0,-259.7,-20.3,0.0,-259.7,-20.1,0.0,
2025年12月13日 18:11:23.355,0.4,0.9,0.4,1.0,2302.0,2008.0, -259.7,-20.0,0.0,-259.7,-20.0,0.0,-259.7,-20.2,0.0,-259.7,-20.1,0.0,
2025年12月13日 18:11:24.355,0.4,0.9,0.4,1.0,2325.0,2043.0, -259.7,-20.0,0.0,-259.7,-20.0,0.0,-259.7,-20.2,0.0,-259.7,-20.1,0.0,
2025年12月13日 18:11:25.354,0.4,0.8,0.4,1.0,2360.0,1995.0, -259.7,-20.1,0.0,-259.7,-20.1,0.0,-259.7,-20.3,0.0,-259.7,-20.1,0.0,
2025年12月13日 18:11:26.354,0.4,0.9,0.4,1.0,2197.0,2042.0, -259.7,-20.1,0.0,-259.7,-20.0,0.0,-259.7,-20.3,0.0,-259.7,-20.1,0.0,
2025年12月13日 18:11:27.354,0.4,0.9,0.4,0.9,2348.0,1960.0, -259.7,-20.1,0.0,-259.7,-20.0,0.0,-259.7,-20.3,0.0,-259.7,-20.1,0.0,
2025年12月13日 18:11:28.355,0.4,0.9,0.4,1.0,2356.0,2013.0, -259.7,-20.0,0.0,-259.7,-20.0,0.0,-259.7,-20.3,0.0,-259.7,-20.1,0.0,
2025年12月13日 18:11:29.354,0.4,0.9,0.4,1.0,2333.0,2025.0, -259.7,-20.0,0.0,-259.7,-20.0,0.0,-259.7,-20.3,0.0,-259.7,-20.1,0.0,
2025年12月13日 18:11:30.354,0.4,0.9,0.4,1.0,2317.0,1996.0, -259.7,-20.0,0.0,-259.7,-20.0,0.0,-259.7,-20.3,0.0,-259.7,-20.1,0.0,
2025年12月13日 18:11:31.354,0.4,0.9,0.4,1.0,2376.0,2018.0, -259.7,-20.0,0.0,-259.7,-20.0,0.0,-259.7,-20.3,0.0,-259.7,-20.1,0.0,
2025年12月13日 18:11:32.354,0.4,0.8,0.4,1.0,2346.0,2006.0, -259.7,-20.1,0.0,-259.7,-20.0,0.0,-259.7,-20.3,0.0,-259.7,-20.1,0.0,
2025年12月13日 18:11:33.354,0.4,0.9,0.4,0.9,2342.0,1970.0, -259.7,-20.1,0.0,-259.7,-20.0,0.0,-259.7,-20.3,0.0,-259.7,-20.1,0.0,
2025年12月13日 18:11:34.355,0.4,0.9,0.4,0.9,2327.0,2015.0, -259.7,-20.1,0.0,-259.7,-20.0,0.0,-259.7,-20.3,0.0,-259.7,-20.1,0.0,
2025年12月13日 18:11:35.359,0.4,0.9,0.4,1.0,2342.0,2023.0, -259.7,-20.0,0.0,-259.7,-20.0,0.0,-259.7,-20.3,0.0,-259.7,-20.1,0.0,
2025年12月13日 18:11:36.356,0.4,0.9,0.4,0.9,2281.0,1992.0, -259.7,-20.1,0.0,-259.7,-20.0,0.0,-259.7,-20.3,0.0,-259.7,-20.1,0.0,
2025年12月13日 18:11:37.353,0.4,0.8,0.4,1.0,2364.0,1983.0, -259.7,-20.0,0.0,-259.7,-20.0,0.0,-259.7,-20.3,0.0,-259.7,-20.1,0.0,
2025年12月13日 18:11:38.355,0.4,0.9,0.4,1.0,2430.0,1985.0, -259.7,-20.0,0.0,-259.7,-20.0,0.0,-259.7,-20.2,0.0,-259.7,-20.1,0.0,
2025年12月13日 18:11:39.355,0.4,0.8,0.4,0.9,2240.0,2037.0, -259.7,-20.0,0.0,-259.7,-20.0,0.0,-259.7,-20.3,0.0,-259.7,-20.1,0.0,
2025年12月13日 18:11:40.355,0.4,0.9,0.4,1.0,2210.0,2015.0, -259.7,-20.1,0.0,-259.7,-20.1,0.0,-259.7,-20.3,0.0,-259.7,-20.1,0.0,
2025年12月13日 18:11:41.354,0.4,0.9,0.4,0.9,2405.0,1983.0, -259.7,-20.0,0.0,-259.7,-20.0,0.0,-259.7,-20.2,0.0,-259.7,-20.1,0.0,
2025年12月13日 18:11:42.354,0.4,0.9,0.4,0.9,2323.0,2017.0, -259.7,-20.0,0.0,-259.7,-20.0,0.0,-259.7,-20.3,0.0,-259.7,-20.1,0.0,
2025年12月13日 18:11:43.356,0.4,0.9,0.4,0.9,2360.0,1956.0, -259.7,-20.1,0.0,-259.7,-20.0,0.0,-259.7,-20.3,0.0,-259.7,-20.1,0.0,
2025年12月13日 18:11:44.354,0.4,0.8,0.4,1.0,2376.0,1993.0, -259.7,-20.1,0.0,-259.7,-20.0,0.0,-259.7,-20.3,0.0,-259.7,-20.1,0.0,
2025年12月13日 18:11:45.355,0.4,0.9,0.4,1.0,2410.0,1990.0, -259.7,-20.0,0.0,-259.7,-20.1,0.0,-259.7,-20.3,0.0,-259.7,-20.1,0.0,
2025年12月13日 18:11:46.355,0.4,0.9,0.4,1.0,2347.0,2000.0, -259.7,-20.1,0.0,-259.7,-20.0,0.0,-259.7,-20.3,0.0,-259.7,-20.1,0.0,
2025年12月13日 18:11:47.354,0.4,0.9,0.4,0.9,2335.0,1993.0, -259.7,-20.0,0.0,-259.7,-20.1,0.0,-259.7,-20.3,0.0,-259.7,-20.2,0.0,
2025年12月13日 18:11:48.354,0.4,0.9,0.4,1.0,2353.0,1976.0, -259.7,-20.0,0.0,-259.7,-20.1,0.0,-259.7,-20.3,0.0,-259.7,-20.1,0.0,
2025年12月13日 18:11:49.354,0.4,0.9,0.4,1.0,2317.0,2003.0, -259.7,-20.1,0.0,-259.7,-20.1,0.0,-259.7,-20.3,0.0,-259.7,-20.1,0.0,
2025年12月13日 18:11:50.355,0.4,0.9,0.4,1.0,2368.0,2013.0, -259.7,-20.1,0.0,-259.7,-20.0,0.0,-259.7,-20.3,0.0,-259.7,-20.1,0.0,
2025年12月13日 18:11:51.355,0.4,0.9,0.4,1.0,2200.0,2029.0, -259.7,-20.0,0.0,-259.7,-20.0,0.0,-259.7,-20.2,0.0,-259.7,-20.1,0.0,
2025年12月13日 18:11:52.354,0.4,0.9,0.4,0.9,2233.0,2063.0, -259.7,-20.1,0.0,-259.7,-20.0,0.0,-259.7,-20.3,0.0,-259.7,-20.1,0.0,
2025年12月13日 18:11:53.355,0.4,0.9,0.4,0.9,2350.0,1989.0, -259.7,-20.0,0.0,-259.7,-20.0,0.0,-259.7,-20.3,0.0,-259.7,-20.1,0.0,
2025年12月13日 18:11:54.355,0.4,0.9,0.4,0.9,2321.0,1985.0, -259.7,-20.0,0.0,-259.7,-20.0,0.0,-259.7,-20.3,0.0,-259.7,-20.1,0.0,
2025年12月13日 18:11:55.355,0.4,0.9,0.4,0.9,2163.0,2025.0, -259.7,-20.0,0.0,-259.7,-20.0,0.0,-259.7,-20.3,0.0,-259.7,-20.1,0.0,
2025年12月13日 18:11:56.355,0.4,0.9,0.4,1.0,2248.0,2036.0, -259.7,-20.1,0.0,-259.7,-20.1,0.0,-259.7,-20.3,0.0,-259.7,-20.1,0.0,
2025年12月13日 18:11:57.355,0.4,0.9,0.4,0.9,2164.0,2038.0, -259.7,-20.0,0.0,-259.7,-20.0,0.0,-259.7,-20.2,0.0,-259.7,-20.1,0.0,
2025年12月13日 18:11:58.355,0.4,0.8,0.4,0.9,2186.0,2052.0, -259.7,-20.0,0.0,-259.7,-20.1,0.0,-259.7,-20.3,0.0,-259.7,-20.1,0.0,
2025年12月13日 18:11:59.360,0.4,0.9,0.4,0.9,2209.0,2034.0, -259.7,-20.0,0.0,-259.7,-20.0,0.0,-259.7,-20.3,0.0,-259.7,-20.1,0.0,
2025年12月13日 18:12:00.355,0.4,0.9,0.4,1.0,2377.0,1958.0, -259.7,-20.1,0.0,-259.7,-20.0,0.0,-259.7,-20.3,0.0,-259.7,-20.1,0.0,
2025年12月13日 18:12:01.355,0.4,0.9,0.4,0.9,2351.0,2018.0, -259.7,-20.0,0.0,-259.7,-20.1,0.0,-259.7,-20.3,0.0,-259.7,-20.1,0.0,
2025年12月13日 18:12:02.355,0.4,0.9,0.4,1.0,2384.0,1985.0, -259.7,-20.0,0.0,-259.7,-19.9,0.0,-259.7,-20.2,0.0,-259.7,-20.1,0.0,
2025年12月13日 18:12:03.355,0.4,0.9,0.4,0.9,2403.0,1996.0, -259.7,-20.0,0.0,-259.7,-20.0,0.0,-259.7,-20.3,0.0,-259.7,-20.1,0.0,
2025年12月13日 18:12:04.355,0.4,0.9,0.4,1.0,2418.0,2031.0, -259.7,-20.0,0.0,-259.7,-20.0,0.0,-259.7,-20.3,0.0,-259.7,-20.1,0.0,
2025年12月13日 18:12:05.355,0.4,0.9,0.4,0.9,2358.0,1993.0, -259.7,-20.1,0.0,-259.7,-20.1,0.0,-259.7,-20.3,0.0,-259.7,-20.1,0.0,
2025年12月13日 18:12:08.367,0.4,0.9,0.4,1.0,2375.0,2009.0, -259.7,-20.0,0.0,-259.7,-20.0,0.0,-259.7,-20.2,0.0,-259.7,-20.1,0.0,
2025年12月13日 18:12:09.368,0.4,0.9,0.4,0.9,2330.0,1996.0, -259.7,-20.0,0.0,-259.7,-20.1,0.0,-259.7,-20.3,0.0,-259.7,-20.1,0.0,
2025年12月13日 18:12:10.363,0.4,0.9,0.4,0.9,2326.0,2034.0, -259.7,-20.1,0.0,-259.7,-20.0,0.0,-259.7,-20.3,0.0,-259.7,-20.1,0.0,
2025年12月13日 18:12:12.366,0.4,0.8,0.4,1.0,2271.0,2030.0, -259.7,-20.0,0.0,-259.7,-20.1,0.0,-259.7,-20.3,0.0,-259.7,-20.1,0.0,
2025年12月13日 18:12:14.907,0.4,0.9,0.4,1.0,2371.0,1959.0, -259.7,-20.0,0.0,-259.7,-20.0,0.0,-259.7,-20.2,0.0,-259.7,-20.1,0.0,
2025年12月13日 18:12:18.001,0.4,0.9,0.4,0.9,2372.0,1979.0, -259.7,-20.1,0.0,-259.7,-20.0,0.0,-259.7,-20.3,0.0,-259.7,-20.1,0.0,
2025年12月13日 18:12:23.052,0.4,0.9,0.4,1.0,2355.0,2001.0, -259.7,-20.0,0.0,-259.7,-20.0,0.0,-259.7,-20.3,0.0,-259.7,-20.1,0.0,
2025年12月13日 18:12:24.060,0.4,0.9,0.4,1.0,2418.0,1973.0, -259.7,-20.0,0.0,-259.7,-20.0,0.0,-259.7,-20.3,0.0,-259.7,-20.1,0.0,
2025年12月13日 18:12:25.109,0.4,0.9,0.4,1.0,2413.0,1986.0, -259.7,-20.0,0.0,-259.7,-20.0,0.0,-259.7,-20.3,0.0,-259.7,-20.1,0.0,
2025年12月13日 18:12:25.111,0.4,0.9,0.4,1.0,2413.0,1986.0, -259.7,-20.0,0.0,-259.7,-20.0,0.0,-259.7,-20.3,0.0,-259.7,-20.1,0.0,
2025年12月13日 18:12:25.125,0.4,0.9,0.4,1.0,2413.0,1986.0, -259.7,-20.0,0.0,-259.7,-20.0,0.0,-259.7,-20.3,0.0,-259.7,-20.1,0.0,
2025年12月13日 18:12:25.130,0.4,0.9,0.4,1.0,2413.0,1986.0, -259.7,-20.0,0.0,-259.7,-20.0,0.0,-259.7,-20.3,0.0,-259.7,-20.1,0.0,
2025年12月13日 18:12:25.156,0.4,0.9,0.4,0.9,2310.0,2046.0, -259.7,-20.1,0.0,-259.7,-20.0,0.0,-259.7,-20.3,0.0,-259.7,-20.1,0.0,
2025年12月13日 18:12:25.196,0.4,1.0,0.4,1.0,2354.0,1986.0, -259.7,-20.1,0.0,-259.7,-20.0,0.0,-259.7,-20.3,0.0,-259.7,-20.1,0.0,
2025年12月13日 18:12:25.209,0.4,0.8,0.4,1.0,2330.0,2002.0, -259.7,-20.1,0.0,-259.7,-20.0,0.0,-259.7,-20.3,0.0,-259.7,-20.1,0.0,
2025年12月13日 18:12:25.256,0.4,0.9,0.4,1.0,2236.0,2030.0, -259.7,-20.1,0.0,-259.7,-20.1,0.0,-259.7,-20.3,0.0,-259.7,-20.1,0.0,
2025年12月13日 18:12:26.121,0.4,0.9,0.4,0.9,2234.0,2063.0, -259.7,-20.0,0.0,-259.7,-20.0,0.0,-259.7,-20.3,0.0,-259.7,-20.1,0.0,
2025年12月13日 18:12:27.119,0.4,0.9,0.4,1.0,2330.0,2080.0, -259.7,-20.1,0.0,-259.7,-20.1,0.0,-259.7,-20.3,0.0,-259.7,-20.1,0.0,
2025年12月13日 18:12:28.119,0.4,0.9,0.4,0.9,2339.0,2047.0, -259.7,-20.0,0.0,-259.7,-20.0,0.0,-259.7,-20.2,0.0,-259.7,-20.1,0.0,
2025年12月13日 18:12:29.112,0.4,0.9,0.4,1.0,2357.0,2025.0, -259.7,-20.1,0.0,-259.7,-20.0,0.0,-259.7,-20.3,0.0,-259.7,-20.1,0.0,
2025年12月13日 18:12:30.125,0.4,1.0,0.4,0.9,2219.0,2038.0, -259.7,-20.1,0.0,-259.7,-20.0,0.0,-259.7,-20.2,0.0,-259.7,-20.1,0.0,
2025年12月13日 18:12:31.125,0.4,0.8,0.4,1.0,2324.0,2027.0, -259.7,-20.1,0.0,-259.7,-20.0,0.0,-259.7,-20.3,0.0,-259.7,-20.1,0.0,
2025年12月13日 18:12:32.114,0.4,0.9,0.4,1.0,2266.0,2021.0, -259.7,-20.0,0.0,-259.7,-20.0,0.0,-259.7,-20.2,0.0,-259.7,-20.1,0.0,
2025年12月13日 18:12:33.113,0.4,1.0,0.4,1.0,2345.0,1968.0, -259.7,-20.0,0.0,-259.7,-20.0,0.0,-259.7,-20.3,0.0,-259.7,-20.1,0.0,
2025年12月13日 18:12:34.113,0.4,0.9,0.4,1.0,2412.0,2012.0, -259.7,-20.1,0.0,-259.7,-20.0,0.0,-259.7,-20.2,0.0,-259.7,-20.1,0.0,
2025年12月13日 18:12:35.110,0.4,0.9,0.4,1.0,2399.0,1976.0, -259.7,-20.1,0.0,-259.7,-20.0,0.0,-259.7,-20.3,0.0,-259.7,-20.1,0.0,
2025年12月13日 18:12:36.118,0.4,0.9,0.4,1.0,2206.0,2037.0, -259.7,-20.0,0.0,-259.7,-20.0,0.0,-259.7,-20.3,0.0,-259.7,-20.1,0.0,
2025年12月13日 18:12:37.116,0.4,0.9,0.4,1.0,2398.0,2025.0, -259.7,-20.0,0.0,-259.7,-20.1,0.0,-259.7,-20.3,0.0,-259.7,-20.1,0.0,
2025年12月13日 18:12:38.119,0.4,0.9,0.4,0.9,2192.0,2052.0, -259.7,-20.0,0.0,-259.7,-20.0,0.0,-259.7,-20.3,0.0,-259.7,-20.1,0.0,
2025年12月13日 18:12:39.118,0.4,0.9,0.4,1.0,2349.0,2008.0, -259.7,-20.0,0.0,-259.7,-20.1,0.0,-259.7,-20.3,0.0,-259.7,-20.1,0.0,
2025年12月13日 18:12:40.116,0.4,0.9,0.4,1.0,2349.0,2003.0, -259.7,-20.1,0.0,-259.7,-20.1,0.0,-259.7,-20.3,0.0,-259.7,-20.1,0.0,
2025年12月13日 18:12:41.116,0.4,0.9,0.4,0.9,2268.0,2044.0, -259.7,-20.0,0.0,-259.7,-20.0,0.0,-259.7,-20.2,0.0,-259.7,-20.1,0.0,
2025年12月13日 18:12:42.119,0.4,0.9,0.4,0.9,2344.0,1973.0, -259.7,-20.1,0.0,-259.7,-20.0,0.0,-259.7,-20.3,0.0,-259.7,-20.1,0.0,
2025年12月13日 18:12:43.118,0.4,0.8,0.4,0.9,2370.0,1970.0, -259.7,-20.1,0.0,-259.7,-20.0,0.0,-259.7,-20.3,0.0,-259.7,-20.1,0.0,
2025年12月13日 18:12:44.117,0.4,0.9,0.4,1.0,2172.0,2065.0, -259.7,-20.1,0.0,-259.7,-20.1,0.0,-259.7,-20.3,0.0,-259.7,-20.1,0.0,
2025年12月13日 18:12:45.121,0.4,0.9,0.4,1.0,2363.0,2037.0, -259.7,-20.1,0.0,-259.7,-20.0,0.0,-259.7,-20.3,0.0,-259.7,-20.1,0.0,
2025年12月13日 18:12:46.115,0.4,0.9,0.3,0.9,2239.0,2052.0, -259.7,-20.1,0.0,-259.7,-20.0,0.0,-259.7,-20.3,0.0,-259.7,-20.1,0.0,
2025年12月13日 18:12:47.115,0.4,0.9,0.4,0.9,2393.0,2002.0, -259.7,-20.0,0.0,-259.7,-20.0,0.0,-259.7,-20.3,0.0,-259.7,-20.1,0.0,
2025年12月13日 18:12:48.121,0.4,0.9,0.4,1.0,2308.0,2037.0, -259.7,-20.1,0.0,-259.7,-20.1,0.0,-259.7,-20.3,0.0,-259.7,-20.1,0.0,
2025年12月13日 18:12:49.118,0.4,0.9,0.4,0.9,2337.0,2018.0, -259.7,-20.1,0.0,-259.7,-20.1,0.0,-259.7,-20.3,0.0,-259.7,-20.1,0.0,
2025年12月13日 18:12:50.124,0.4,0.9,0.4,1.0,2232.0,2003.0, -259.7,-20.0,0.0,-259.7,-20.0,0.0,-259.7,-20.3,0.0,-259.7,-20.1,0.0,
2025年12月13日 18:12:51.120,0.4,0.9,0.4,1.0,2340.0,2002.0, -259.7,-20.0,0.0,-259.7,-20.0,0.0,-259.7,-20.2,0.0,-259.7,-20.1,0.0,
2025年12月13日 18:12:52.115,0.4,0.9,0.4,0.9,2358.0,1994.0, -259.7,-20.0,0.0,-259.7,-20.0,0.0,-259.7,-20.3,0.0,-259.7,-20.1,0.0,
2025年12月13日 18:12:53.110,0.4,0.9,0.4,1.0,2325.0,1978.0, -259.7,-20.1,0.0,-259.7,-20.1,0.0,-259.7,-20.3,0.0,-259.7,-20.1,0.0,
2025年12月13日 18:12:54.120,0.4,0.9,0.4,0.9,2287.0,1978.0, -259.7,-20.0,0.0,-259.7,-20.0,0.0,-259.7,-20.3,0.0,-259.7,-20.1,0.0,
2025年12月13日 18:12:55.119,0.4,0.9,0.4,1.0,2329.0,2036.0, -259.7,-20.0,0.0,-259.7,-20.0,0.0,-259.7,-20.3,0.0,-259.7,-20.1,0.0,
2025年12月13日 18:12:56.119,0.4,0.9,0.4,0.9,2367.0,1999.0, -259.7,-20.0,0.0,-259.7,-20.0,0.0,-259.7,-20.3,0.0,-259.7,-20.1,0.0,
2025年12月13日 18:12:57.118,0.4,0.9,0.4,1.0,2232.0,2074.0, -259.7,-20.0,0.0,-259.7,-20.0,0.0,-259.7,-20.3,0.0,-259.7,-20.1,0.0,
2025年12月13日 18:12:58.114,0.4,0.9,0.4,1.0,2353.0,1984.0, -259.7,-20.0,0.0,-259.7,-20.0,0.0,-259.7,-20.3,0.0,-259.7,-20.1,0.0,
2025年12月13日 18:12:59.112,0.4,0.8,0.4,1.0,2290.0,2021.0, -259.7,-20.1,0.0,-259.7,-20.0,0.0,-259.7,-20.3,0.0,-259.7,-20.1,0.0,
2025年12月13日 18:13:00.124,0.4,0.9,0.4,0.9,2333.0,1991.0, -259.7,-20.0,0.0,-259.7,-20.0,0.0,-259.7,-20.3,0.0,-259.7,-20.1,0.0,
2025年12月13日 18:13:01.124,0.4,0.9,0.4,1.0,2271.0,2081.0, -259.7,-20.1,0.0,-259.7,-20.0,0.0,-259.7,-20.3,0.0,-259.7,-20.1,0.0,
2025年12月13日 18:13:02.120,0.4,0.8,0.4,1.0,2262.0,2061.0, -259.7,-20.0,0.0,-259.7,-20.0,0.0,-259.7,-20.3,0.0,-259.7,-20.1,0.0,
2025年12月13日 18:13:03.118,0.4,0.9,0.4,0.9,2284.0,2022.0, -259.7,-20.1,0.0,-259.7,-20.0,0.0,-259.7,-20.3,0.0,-259.7,-20.1,0.0,
2025年12月13日 18:13:04.116,0.4,0.9,0.4,1.0,2390.0,1984.0, -259.7,-20.1,0.0,-259.7,-20.0,0.0,-259.7,-20.2,0.0,-259.7,-20.1,0.0,
2025年12月13日 18:13:05.130,0.4,0.9,0.4,0.9,2327.0,2075.0, -259.7,-20.0,0.0,-259.7,-20.1,0.0,-259.7,-20.3,0.0,-259.7,-20.1,0.0,
2025年12月13日 18:13:06.122,0.4,0.9,0.4,1.0,2235.0,2014.0, -259.7,-20.1,0.0,-259.7,-20.0,0.0,-259.7,-20.3,0.0,-259.7,-20.1,0.0,
2025年12月13日 18:13:07.116,0.4,0.9,0.4,1.0,2350.0,1945.0, -259.7,-20.0,0.0,-259.7,-20.0,0.0,-259.7,-20.3,0.0,-259.7,-20.1,0.0,
2025年12月13日 18:13:08.113,0.4,0.9,0.4,1.0,2403.0,2022.0, -259.7,-20.0,0.0,-259.7,-20.0,0.0,-259.7,-20.2,0.0,-259.7,-20.1,0.0,
2025年12月13日 18:13:09.112,0.4,0.9,0.4,1.0,2303.0,2010.0, -259.7,-20.1,0.0,-259.7,-20.0,0.0,-259.7,-20.3,0.0,-259.7,-20.1,0.0,
2025年12月13日 18:13:10.119,0.4,0.9,0.4,1.0,2349.0,1975.0, -259.7,-20.1,0.0,-259.7,-20.0,0.0,-259.7,-20.2,0.0,-259.7,-20.1,0.0,
2025年12月13日 18:13:11.142,0.4,0.8,0.4,0.9,2335.0,2031.0, -259.7,-20.0,0.0,-259.7,-20.0,0.0,-259.7,-20.3,0.0,-259.7,-20.1,0.0,
2025年12月13日 18:13:12.115,0.4,0.8,0.4,1.0,2363.0,1959.0, -259.7,-20.1,0.0,-259.7,-20.0,0.0,-259.7,-20.3,0.0,-259.7,-20.1,0.0,
2025年12月13日 18:13:13.111,0.4,0.9,0.4,0.9,2324.0,2016.0, -259.7,-20.0,0.0,-259.7,-20.0,0.0,-259.7,-20.3,0.0,-259.7,-20.1,0.0,
2025年12月13日 18:13:14.112,0.4,0.9,0.4,0.9,2351.0,2020.0, -259.7,-20.0,0.0,-259.7,-20.0,0.0,-259.7,-20.3,0.0,-259.7,-20.1,0.0,
2025年12月13日 18:13:22.110,0.4,0.9,0.4,0.9,2339.0,2003.0, -259.7,-20.0,0.0,-259.7,-20.0,0.0,-259.7,-20.3,0.0,-259.7,-20.1,0.0,
2025年12月13日 18:13:23.110,0.4,0.9,0.4,1.0,2284.0,1997.0, -259.7,-20.1,0.0,-259.7,-20.0,0.0,-259.7,-20.3,0.0,-259.7,-20.1,0.0,
2025年12月13日 18:13:24.111,0.4,0.9,0.4,0.9,2392.0,1990.0, -259.7,-20.0,0.0,-259.7,-20.1,0.0,-259.7,-20.3,0.0,-259.7,-20.1,0.0,
2025年12月13日 18:13:25.111,0.4,0.9,0.4,0.9,2374.0,2026.0, -259.7,-20.0,0.0,-259.7,-20.0,0.0,-259.7,-20.2,0.0,-259.7,-20.1,0.0,
2025年12月13日 18:13:26.110,0.4,0.9,0.4,0.9,2315.0,2034.0, -259.7,-19.9,0.0,-259.7,-20.0,0.0,-259.7,-20.3,0.0,-259.7,-20.2,0.0,
2025年12月13日 18:13:27.110,0.4,0.9,0.4,0.9,2267.0,1978.0, -259.7,-20.0,0.0,-259.7,-20.0,0.0,-259.7,-20.2,0.0,-259.7,-20.1,0.0,
2025年12月13日 18:13:28.110,0.4,0.9,0.4,0.9,2287.0,2038.0, -259.7,-20.1,0.0,-259.7,-20.0,0.0,-259.7,-20.3,0.0,-259.7,-20.1,0.0,
2025年12月13日 18:13:29.111,0.4,0.9,0.4,0.9,2345.0,2024.0, -259.7,-20.0,0.0,-259.7,-20.1,0.0,-259.7,-20.3,0.0,-259.7,-20.1,0.0,
2025年12月13日 18:13:30.110,0.4,0.9,0.4,1.0,2275.0,2010.0, -259.7,-20.1,0.0,-259.7,-20.0,0.0,-259.7,-20.3,0.0,-259.7,-20.1,0.0,
2025年12月13日 18:13:31.111,0.4,1.0,0.4,1.0,2233.0,2056.0, -259.7,-20.0,0.0,-259.7,-20.1,0.0,-259.7,-20.3,0.0,-259.7,-20.1,0.0,
2025年12月13日 18:13:32.112,0.4,0.9,0.4,0.9,2360.0,2013.0, -259.7,-20.1,0.0,-259.7,-20.1,0.0,-259.7,-20.3,0.0,-259.7,-20.1,0.0,
2025年12月13日 18:13:33.112,0.4,0.9,0.4,1.0,2346.0,2029.0, -259.7,-20.0,0.0,-259.7,-20.0,0.0,-259.7,-20.2,0.0,-259.7,-20.1,0.0,
2025年12月13日 18:13:34.112,0.4,0.9,0.4,1.0,2244.0,2043.0, -259.7,-20.1,0.0,-259.7,-20.0,0.0,-259.7,-20.3,0.0,-259.7,-20.1,0.0,
2025年12月13日 18:13:35.112,0.4,0.9,0.4,0.9,2336.0,2007.0, -259.7,-20.0,0.0,-259.7,-20.0,0.0,-259.7,-20.3,0.0,-259.7,-20.1,0.0,
2025年12月13日 18:13:36.111,0.4,1.0,0.4,1.0,2303.0,1982.0, -259.7,-20.0,0.0,-259.7,-20.0,0.0,-259.7,-20.2,0.0,-259.7,-20.1,0.0,
2025年12月13日 18:13:37.110,0.4,0.9,0.4,1.0,2274.0,2027.0, -259.7,-20.0,0.0,-259.7,-20.0,0.0,-259.7,-20.3,0.0,-259.7,-20.1,0.0,
2025年12月13日 18:13:38.110,0.4,0.9,0.3,0.9,2228.0,2036.0, -259.7,-20.0,0.0,-259.7,-20.0,0.0,-259.7,-20.3,0.0,-259.7,-20.1,0.0,
2025年12月13日 18:13:39.110,0.4,0.9,0.4,0.9,2160.0,2085.0, -259.7,-20.0,0.0,-259.7,-20.1,0.0,-259.7,-20.3,0.0,-259.7,-20.1,0.0,
2025年12月13日 18:13:40.110,0.4,0.9,0.4,1.0,2341.0,2030.0, -259.7,-20.0,0.0,-259.7,-20.0,0.0,-259.7,-20.3,0.0,-259.7,-20.1,0.0,
2025年12月13日 18:13:41.111,0.4,0.9,0.4,1.0,2366.0,1992.0, -259.7,-20.1,0.0,-259.7,-20.1,0.0,-259.7,-20.3,0.0,-259.7,-20.1,0.0,
2025年12月13日 18:13:42.111,0.4,1.0,0.4,1.0,2355.0,2015.0, -259.7,-20.1,0.0,-259.7,-20.0,0.0,-259.7,-20.2,0.0,-259.7,-20.1,0.0,
2025年12月13日 18:13:43.110,0.4,0.9,0.4,1.0,2289.0,1991.0, -259.7,-20.0,0.0,-259.7,-20.1,0.0,-259.7,-20.3,0.0,-259.7,-20.1,0.0,
2025年12月13日 18:13:44.114,0.4,0.9,0.4,1.0,2247.0,2029.0, -259.7,-20.0,0.0,-259.7,-20.0,0.0,-259.7,-20.3,0.0,-259.7,-20.1,0.0,
2025年12月13日 18:13:45.112,0.4,0.9,0.4,1.0,2297.0,2022.0, -259.7,-20.0,0.0,-259.7,-20.0,0.0,-259.7,-20.2,0.0,-259.7,-20.1,0.0,
2025年12月13日 18:13:46.111,0.4,0.9,0.4,1.0,2368.0,1972.0, -259.7,-20.1,0.0,-259.7,-20.0,0.0,-259.7,-20.3,0.0,-259.7,-20.1,0.0,
2025年12月13日 18:13:47.110,0.4,0.9,0.4,0.9,2313.0,2020.0, -259.7,-20.0,0.0,-259.7,-20.0,0.0,-259.7,-20.3,0.0,-259.7,-20.1,0.0,
2025年12月13日 18:13:48.122,0.4,0.9,0.4,0.9,2450.0,2022.0, -259.7,-20.0,0.0,-259.7,-20.0,0.0,-259.7,-20.3,0.0,-259.7,-20.1,0.0,
2025年12月13日 18:13:49.122,0.4,0.9,0.4,1.0,2262.0,2015.0, -259.7,-20.1,0.0,-259.7,-20.0,0.0,-259.7,-20.2,0.0,-259.7,-20.1,0.0,
2025年12月13日 18:13:50.120,0.3,0.8,0.4,0.9,2252.0,2107.0, -259.7,-20.0,0.0,-259.7,-20.0,0.0,-259.7,-20.3,0.0,-259.7,-20.1,0.0,
2025年12月13日 18:13:51.123,0.4,0.9,0.4,0.9,2349.0,2016.0, -259.7,-20.0,0.0,-259.7,-20.1,0.0,-259.7,-20.2,0.0,-259.7,-20.1,0.0,
2025年12月13日 18:13:52.119,0.4,0.9,0.4,1.0,2282.0,2050.0, -259.7,-20.0,0.0,-259.7,-20.1,0.0,-259.7,-20.2,0.0,-259.7,-20.1,0.0,
2025年12月13日 18:13:53.117,0.4,0.9,0.4,0.9,2378.0,2001.0, -259.7,-20.0,0.0,-259.7,-20.0,0.0,-259.7,-20.2,0.0,-259.7,-20.1,0.0,
2025年12月13日 18:13:54.112,0.4,0.9,0.4,0.9,2267.0,2006.0, -259.7,-20.1,0.0,-259.7,-20.0,0.0,-259.7,-20.2,0.0,-259.7,-20.1,0.0,
2025年12月13日 18:13:55.123,0.4,0.9,0.4,0.9,2295.0,2012.0, -259.7,-20.1,0.0,-259.7,-20.1,0.0,-259.7,-20.3,0.0,-259.7,-20.1,0.0,
2025年12月13日 18:13:56.119,0.4,1.0,0.4,0.9,2206.0,2029.0, -259.7,-20.0,0.0,-259.7,-20.1,0.0,-259.7,-20.3,0.0,-259.7,-20.1,0.0,
2025年12月13日 18:13:57.118,0.4,0.9,0.4,0.9,2286.0,2025.0, -259.7,-20.1,0.0,-259.7,-20.1,0.0,-259.7,-20.3,0.0,-259.7,-20.1,0.0,
2025年12月13日 18:13:58.116,0.4,0.9,0.4,1.0,2407.0,2009.0, -259.7,-20.0,0.0,-259.7,-20.0,0.0,-259.7,-20.2,0.0,-259.7,-20.1,0.0,
2025年12月13日 18:13:59.113,0.4,0.9,0.4,0.9,2374.0,1975.0, -259.7,-20.0,0.0,-259.7,-20.0,0.0,-259.7,-20.3,0.0,-259.7,-20.1,0.0,
2025年12月13日 18:14:00.110,0.4,0.9,0.4,1.0,2409.0,1982.0, -259.7,-20.1,0.0,-259.7,-20.0,0.0,-259.7,-20.3,0.0,-259.7,-20.1,0.0,
2025年12月13日 18:14:01.112,0.4,0.9,0.4,0.9,2334.0,2044.0, -259.7,-20.0,0.0,-259.7,-20.1,0.0,-259.7,-20.3,0.0,-259.7,-20.1,0.0,
2025年12月13日 18:14:02.125,0.4,0.9,0.4,1.0,2323.0,2020.0, -259.7,-20.1,0.0,-259.7,-20.0,0.0,-259.7,-20.3,0.0,-259.7,-20.1,0.0,
2025年12月13日 18:14:03.115,0.3,0.9,0.4,0.9,2370.0,2001.0, -259.7,-20.1,0.0,-259.7,-20.1,0.0,-259.7,-20.3,0.0,-259.7,-20.1,0.0,
2025年12月13日 18:14:04.111,0.4,0.9,0.4,1.0,2339.0,2011.0, -259.7,-20.0,0.0,-259.7,-19.9,0.0,-259.7,-20.2,0.0,-259.7,-20.2,0.0,
2025年12月13日 18:14:05.124,0.4,0.9,0.4,1.0,2432.0,1964.0, -259.7,-20.0,0.0,-259.7,-20.0,0.0,-259.7,-20.3,0.0,-259.7,-20.1,0.0,
2025年12月13日 18:14:06.119,0.4,0.9,0.4,1.0,2304.0,2028.0, -259.7,-20.0,0.0,-259.7,-20.0,0.0,-259.7,-20.3,0.0,-259.7,-20.1,0.0,
2025年12月13日 18:14:07.118,0.4,0.9,0.4,0.9,2382.0,2017.0, -259.7,-20.1,0.0,-259.7,-20.0,0.0,-259.7,-20.2,0.0,-259.7,-20.1,0.0,
2025年12月13日 18:14:08.112,0.4,0.9,0.4,0.9,2319.0,2044.0, -259.7,-20.0,0.0,-259.7,-20.0,0.0,-259.7,-20.3,0.0,-259.7,-20.1,0.0,
2025年12月13日 18:14:09.123,0.4,0.9,0.4,1.0,2311.0,2016.0, -259.7,-20.1,0.0,-259.7,-20.0,0.0,-259.7,-20.2,0.0,-259.7,-20.1,0.0,
2025年12月13日 18:14:11.434,0.4,0.8,0.4,1.0,2294.0,2013.0, -259.7,-20.1,0.0,-259.7,-20.0,0.0,-259.7,-20.3,0.0,-259.7,-20.1,0.0,
2025年12月13日 18:14:11.436,0.4,0.9,0.4,0.9,2333.0,1994.0, -259.7,-20.0,0.0,-259.7,-20.0,0.0,-259.7,-20.2,0.0,-259.7,-20.1,0.0,
2025年12月13日 18:14:12.115,0.4,0.9,0.4,1.0,2234.0,2058.0, -259.7,-20.0,0.0,-259.7,-20.0,0.0,-259.7,-20.3,0.0,-259.7,-20.1,0.0,
2025年12月13日 18:14:13.113,0.4,1.0,0.4,1.0,2230.0,1983.0, -259.7,-20.0,0.0,-259.7,-20.0,0.0,-259.7,-20.3,0.0,-259.7,-20.1,0.0,
2025年12月13日 18:14:14.123,0.4,0.9,0.4,0.9,2362.0,2004.0, -259.7,-20.0,0.0,-259.7,-20.0,0.0,-259.7,-20.3,0.0,-259.7,-20.1,0.0,
2025年12月13日 18:14:15.119,0.4,0.9,0.4,0.9,2438.0,2002.0, -259.7,-20.0,0.0,-259.7,-20.0,0.0,-259.7,-20.2,0.0,-259.7,-20.2,0.0,
2025年12月13日 18:14:16.116,0.4,1.0,0.4,1.0,2335.0,1989.0, -259.7,-20.0,0.0,-259.7,-20.0,0.0,-259.7,-20.3,0.0,-259.7,-20.1,0.0,
2025年12月13日 18:14:17.114,0.4,0.9,0.4,1.0,2279.0,2024.0, -259.7,-20.1,0.0,-259.7,-20.0,0.0,-259.7,-20.3,0.0,-259.7,-20.1,0.0,
2025年12月13日 18:14:18.122,0.4,1.0,0.4,1.0,2384.0,2005.0, -259.7,-20.1,0.0,-259.7,-20.1,0.0,-259.7,-20.3,0.0,-259.7,-20.1,0.0,
2025年12月13日 18:14:19.118,0.4,0.9,0.4,1.0,2325.0,2028.0, -259.7,-20.0,0.0,-259.7,-20.0,0.0,-259.7,-20.2,0.0,-259.7,-20.1,0.0,
2025年12月13日 18:14:20.115,0.4,0.9,0.4,0.9,2355.0,2012.0, -259.7,-20.1,0.0,-259.7,-20.1,0.0,-259.7,-20.3,0.0,-259.7,-20.1,0.0,
2025年12月13日 18:14:21.112,0.4,0.9,0.4,1.0,2396.0,2017.0, -259.7,-20.0,0.0,-259.7,-20.0,0.0,-259.7,-20.3,0.0,-259.7,-20.1,0.0,
2025年12月13日 18:14:22.124,0.4,0.9,0.4,1.0,2305.0,2034.0, -259.7,-20.0,0.0,-259.7,-20.1,0.0,-259.7,-20.2,0.0,-259.7,-20.1,0.0,
2025年12月13日 18:14:23.121,0.4,0.9,0.4,0.9,2283.0,2005.0, -259.7,-20.1,0.0,-259.7,-20.0,0.0,-259.7,-20.3,0.0,-259.7,-20.1,0.0,
2025年12月13日 18:14:24.117,0.4,0.9,0.4,1.0,2317.0,2024.0, -259.7,-20.0,0.0,-259.7,-20.0,0.0,-259.7,-20.3,0.0,-259.7,-20.1,0.0,
2025年12月13日 18:14:25.118,0.4,0.9,0.4,1.0,2174.0,2075.0, -259.7,-20.0,0.0,-259.7,-20.0,0.0,-259.7,-20.3,0.0,-259.7,-20.1,0.0,
2025年12月13日 18:14:26.113,0.4,0.9,0.4,1.0,2338.0,1970.0, -259.7,-20.1,0.0,-259.7,-20.1,0.0,-259.7,-20.3,0.0,-259.7,-20.1,0.0,
2025年12月13日 18:14:27.113,0.4,0.9,0.4,1.0,2175.0,2062.0, -259.7,-20.0,0.0,-259.7,-20.0,0.0,-259.7,-20.2,0.0,-259.7,-20.1,0.0,
2025年12月13日 18:14:28.120,0.4,0.9,0.4,0.9,2399.0,1979.0, -259.7,-20.0,0.0,-259.7,-20.0,0.0,-259.7,-20.3,0.0,-259.7,-20.1,0.0,
2025年12月13日 18:14:29.114,0.4,0.9,0.4,0.9,2376.0,2007.0, -259.7,-20.0,0.0,-259.7,-20.1,0.0,-259.7,-20.2,0.0,-259.7,-20.1,0.0,
2025年12月13日 18:14:30.112,0.4,0.9,0.4,1.0,2330.0,2024.0, -259.7,-20.0,0.0,-259.7,-20.0,0.0,-259.7,-20.3,0.0,-259.7,-20.1,0.0,
2025年12月13日 18:14:31.125,0.4,0.9,0.4,1.0,2384.0,1979.0, -259.7,-20.0,0.0,-259.7,-20.0,0.0,-259.7,-20.2,0.0,-259.7,-20.1,0.0,
2025年12月13日 18:14:32.123,0.4,0.9,0.4,1.0,2340.0,1995.0, -259.7,-20.1,0.0,-259.7,-20.0,0.0,-259.7,-20.3,0.0,-259.7,-20.1,0.0,
2025年12月13日 18:14:33.128,0.4,0.9,0.4,0.9,2306.0,1982.0, -259.7,-20.1,0.0,-259.7,-20.0,0.0,-259.7,-20.3,0.0,-259.7,-20.1,0.0,
2025年12月13日 18:14:34.120,0.4,0.9,0.4,1.0,2392.0,1988.0, -259.7,-20.0,0.0,-259.7,-20.0,0.0,-259.7,-20.2,0.0,-259.7,-20.1,0.0,
2025年12月13日 18:14:35.118,0.4,0.9,0.4,1.0,2256.0,2064.0, -259.7,-20.0,0.0,-259.7,-20.1,0.0,-259.7,-20.2,0.0,-259.7,-20.1,0.0,
2025年12月13日 18:14:36.113,0.4,0.8,0.4,0.9,2244.0,2031.0, -259.7,-20.0,0.0,-259.7,-20.0,0.0,-259.7,-20.2,0.0,-259.7,-20.1,0.0,
2025年12月13日 18:14:37.112,0.4,0.9,0.4,1.0,2355.0,1999.0, -259.7,-20.1,0.0,-259.7,-20.1,0.0,-259.7,-20.3,0.0,-259.7,-20.1,0.0,
2025年12月13日 18:14:38.125,0.4,0.9,0.4,1.0,2181.0,2028.0, -259.7,-20.1,0.0,-259.7,-20.0,0.0,-259.7,-20.2,0.0,-259.7,-20.1,0.0,
2025年12月13日 18:14:39.123,0.4,0.9,0.4,0.9,2375.0,1989.0, -259.7,-20.0,0.0,-259.7,-20.0,0.0,-259.7,-20.3,0.0,-259.7,-20.1,0.0,
2025年12月13日 18:14:40.121,0.4,0.9,0.4,1.0,2354.0,2027.0, -259.7,-20.0,0.0,-259.7,-20.0,0.0,-259.7,-20.2,0.0,-259.7,-20.1,0.0,
2025年12月13日 18:14:41.118,0.4,0.9,0.4,1.0,2312.0,1960.0, -259.7,-20.1,0.0,-259.7,-20.0,0.0,-259.7,-20.3,0.0,-259.7,-20.1,0.0,
2025年12月13日 18:14:42.117,0.4,0.9,0.4,1.0,2224.0,2049.0, -259.7,-20.1,0.0,-259.7,-20.0,0.0,-259.7,-20.2,0.0,-259.7,-20.1,0.0,
2025年12月13日 18:14:43.113,0.4,0.9,0.4,1.0,2409.0,2007.0, -259.7,-20.0,0.0,-259.7,-20.0,0.0,-259.7,-20.3,0.0,-259.7,-20.2,0.0,
2025年12月13日 18:14:44.125,0.4,0.9,0.4,1.0,2288.0,2002.0, -259.7,-20.0,0.0,-259.7,-20.0,0.0,-259.7,-20.3,0.0,-259.7,-20.1,0.0,
2025年12月13日 18:14:45.117,0.4,1.0,0.4,1.0,2229.0,2045.0, -259.7,-20.0,0.0,-259.7,-20.0,0.0,-259.7,-20.3,0.0,-259.7,-20.1,0.0,
2025年12月13日 18:14:46.115,0.4,0.9,0.4,0.9,2366.0,1973.0, -259.7,-20.1,0.0,-259.7,-20.0,0.0,-259.7,-20.2,0.0,-259.7,-20.1,0.0,
2025年12月13日 18:14:47.111,0.4,0.9,0.4,1.0,2345.0,1989.0, -259.7,-20.1,0.0,-259.7,-20.0,0.0,-259.7,-20.2,0.0,-259.7,-20.1,0.0,
2025年12月13日 18:14:48.121,0.4,0.8,0.4,0.9,2285.0,2045.0, -259.7,-20.1,0.0,-259.7,-20.0,0.0,-259.7,-20.3,0.0,-259.7,-20.1,0.0,
2025年12月13日 18:14:49.130,0.4,1.0,0.4,1.0,2383.0,1973.0, -259.7,-20.0,0.0,-259.7,-20.0,0.0,-259.7,-20.2,0.0,-259.7,-20.1,0.0,
2025年12月13日 18:14:50.120,0.4,0.9,0.4,1.0,2255.0,2043.0, -259.7,-20.1,0.0,-259.7,-20.0,0.0,-259.7,-20.3,0.0,-259.7,-20.1,0.0,
2025年12月13日 18:14:51.118,0.4,0.9,0.4,1.0,2381.0,2021.0, -259.7,-20.0,0.0,-259.7,-20.0,0.0,-259.7,-20.2,0.0,-259.7,-20.1,0.0,
2025年12月13日 18:14:52.117,0.4,1.0,0.4,1.0,2371.0,1965.0, -259.7,-20.0,0.0,-259.7,-20.0,0.0,-259.7,-20.3,0.0,-259.7,-20.1,0.0,
2025年12月13日 18:14:53.117,0.4,0.9,0.4,0.9,2350.0,1977.0, -259.7,-20.0,0.0,-259.7,-20.0,0.0,-259.7,-20.3,0.0,-259.7,-20.1,0.0,
2025年12月13日 18:14:54.114,0.4,1.0,0.4,1.0,2332.0,2021.0, -259.7,-20.0,0.0,-259.7,-20.0,0.0,-259.7,-20.3,0.0,-259.7,-20.1,0.0,
2025年12月13日 18:14:55.115,0.4,0.9,0.4,0.9,2358.0,2028.0, -259.7,-20.0,0.0,-259.7,-20.0,0.0,-259.7,-20.3,0.0,-259.7,-20.1,0.0,
2025年12月13日 18:14:56.115,0.4,0.9,0.4,1.0,2207.0,2110.0, -259.7,-20.1,0.0,-259.7,-20.0,0.0,-259.7,-20.2,0.0,-259.7,-20.1,0.0,
2025年12月13日 18:14:57.116,0.4,0.9,0.4,1.0,2368.0,1983.0, -259.7,-20.0,0.0,-259.7,-20.1,0.0,-259.7,-20.3,0.0,-259.7,-20.1,0.0,
2025年12月13日 18:14:58.113,0.4,1.0,0.4,1.0,2224.0,2046.0, -259.7,-20.1,0.0,-259.7,-20.0,0.0,-259.7,-20.3,0.0,-259.7,-20.1,0.0,
2025年12月13日 18:14:59.114,0.4,0.8,0.4,1.0,2351.0,1979.0, -259.7,-20.1,0.0,-259.7,-20.0,0.0,-259.7,-20.3,0.0,-259.7,-20.1,0.0,
2025年12月13日 18:15:00.112,0.4,0.9,0.4,1.0,2238.0,2050.0, -259.7,-20.0,0.0,-259.7,-20.0,0.0,-259.7,-20.2,0.0,-259.7,-20.1,0.0,
2025年12月13日 18:15:01.126,0.4,1.0,0.4,1.0,2191.0,2121.0, -259.7,-20.0,0.0,-259.7,-20.0,0.0,-259.7,-20.3,0.0,-259.7,-20.1,0.0,
2025年12月13日 18:15:02.123,0.4,0.9,0.4,0.9,2402.0,2011.0, -259.7,-20.0,0.0,-259.7,-20.0,0.0,-259.7,-20.2,0.0,-259.7,-20.1,0.0,
2025年12月13日 18:15:03.123,0.4,0.9,0.4,1.0,2350.0,2001.0, -259.7,-20.1,0.0,-259.7,-20.0,0.0,-259.7,-20.3,0.0,-259.7,-20.1,0.0,
2025年12月13日 18:15:04.118,0.4,0.8,0.4,1.0,2402.0,1985.0, -259.7,-20.1,0.0,-259.7,-20.0,0.0,-259.7,-20.3,0.0,-259.7,-20.1,0.0,
2025年12月13日 18:15:05.117,0.4,0.9,0.4,1.0,2412.0,2025.0, -259.7,-20.1,0.0,-259.7,-20.0,0.0,-259.7,-20.3,0.0,-259.7,-20.1,0.0,
2025年12月13日 18:15:06.124,0.4,0.9,0.4,1.0,2392.0,2005.0, -259.7,-20.0,0.0,-259.7,-20.1,0.0,-259.7,-20.3,0.0,-259.7,-20.1,0.0,
2025年12月13日 18:15:07.124,0.4,0.9,0.4,0.9,2451.0,2027.0, -259.7,-20.1,0.0,-259.7,-20.0,0.0,-259.7,-20.3,0.0,-259.7,-20.1,0.0,
2025年12月13日 18:15:08.123,0.4,0.9,0.4,1.0,2255.0,2007.0, -259.7,-20.0,0.0,-259.7,-20.0,0.0,-259.7,-20.3,0.0,-259.7,-20.1,0.0,
2025年12月13日 18:15:09.117,0.4,0.9,0.4,1.0,2228.0,2062.0, -259.7,-20.1,0.0,-259.7,-20.0,0.0,-259.7,-20.2,0.0,-259.7,-20.1,0.0,
2025年12月13日 18:15:10.114,0.4,0.9,0.4,1.0,2310.0,2024.0, -259.7,-20.0,0.0,-259.7,-20.0,0.0,-259.7,-20.3,0.0,-259.7,-20.1,0.0,
2025年12月13日 18:15:11.118,0.4,0.9,0.4,1.0,2290.0,1962.0, -259.7,-20.0,0.0,-259.7,-20.0,0.0,-259.7,-20.2,0.0,-259.7,-20.1,0.0,
2025年12月13日 18:15:12.115,0.4,0.9,0.4,1.0,2183.0,2071.0, -259.7,-20.1,0.0,-259.7,-20.1,0.0,-259.7,-20.3,0.0,-259.7,-20.1,0.0,
2025年12月13日 18:15:13.114,0.4,1.0,0.4,1.0,2389.0,1980.0, -259.7,-20.0,0.0,-259.7,-20.0,0.0,-259.7,-20.3,0.0,-259.7,-20.1,0.0,
2025年12月13日 18:15:14.125,0.4,0.9,0.4,0.9,2241.0,2042.0, -259.7,-20.0,0.0,-259.7,-20.0,0.0,-259.7,-20.3,0.0,-259.7,-20.1,0.0,
2025年12月13日 18:15:15.109,0.4,0.9,0.4,0.9,2287.0,2012.0, -259.7,-20.0,0.0,-259.7,-20.0,0.0,-259.7,-20.2,0.0,-259.7,-20.1,0.0,
2025年12月13日 18:15:16.121,0.4,0.9,0.4,1.0,2358.0,1987.0, -259.7,-20.0,0.0,-259.7,-20.0,0.0,-259.7,-20.3,0.0,-259.7,-20.2,0.0,
2025年12月13日 18:15:17.116,0.3,0.8,0.3,0.9,2338.0,2010.0, -259.7,-20.0,0.0,-259.7,-20.0,0.0,-259.7,-20.2,0.0,-259.7,-20.1,0.0,
2025年12月13日 18:15:18.117,0.4,0.9,0.4,1.0,2413.0,2001.0, -259.7,-20.0,0.0,-259.7,-20.0,0.0,-259.7,-20.3,0.0,-259.7,-20.1,0.0,
2025年12月13日 18:15:19.116,0.4,0.9,0.4,0.9,2299.0,2047.0, -259.7,-20.0,0.0,-259.7,-20.0,0.0,-259.7,-20.3,0.0,-259.7,-20.1,0.0,
2025年12月13日 18:15:20.114,0.4,0.9,0.4,1.0,2287.0,2009.0, -259.7,-20.0,0.0,-259.7,-20.1,0.0,-259.7,-20.2,0.0,-259.7,-20.1,0.0,
2025年12月13日 18:15:21.116,0.4,0.9,0.4,1.0,2380.0,2010.0, -259.7,-20.0,0.0,-259.7,-20.0,0.0,-259.7,-20.2,0.0,-259.7,-20.1,0.0,
2025年12月13日 18:15:22.114,0.4,0.9,0.4,0.9,2283.0,1991.0, -259.7,-20.1,0.0,-259.7,-20.0,0.0,-259.7,-20.3,0.0,-259.7,-20.2,0.0,
2025年12月13日 18:15:23.113,0.4,0.9,0.4,0.9,2325.0,2027.0, -259.7,-20.0,0.0,-259.7,-20.0,0.0,-259.7,-20.3,0.0,-259.7,-20.1,0.0,
2025年12月13日 18:15:24.125,0.4,0.9,0.4,0.9,2380.0,1985.0, -259.7,-20.1,0.0,-259.7,-20.0,0.0,-259.7,-20.3,0.0,-259.7,-20.1,0.0,
2025年12月13日 18:15:25.122,0.4,0.9,0.4,0.9,2413.0,1955.0, -259.7,-20.0,0.0,-259.7,-20.0,0.0,-259.7,-20.3,0.0,-259.7,-20.1,0.0,
2025年12月13日 18:15:26.125,0.4,0.9,0.4,1.0,2399.0,2010.0, -259.7,-20.1,0.0,-259.7,-20.1,0.0,-259.7,-20.3,0.0,-259.7,-20.1,0.0,
2025年12月13日 18:15:27.113,0.4,0.9,0.4,1.0,2359.0,2006.0, -259.7,-20.1,0.0,-259.7,-20.0,0.0,-259.7,-20.3,0.0,-259.7,-20.1,0.0,
2025年12月13日 18:15:28.111,0.4,1.0,0.4,1.0,2143.0,2036.0, -259.7,-20.0,0.0,-259.7,-20.0,0.0,-259.7,-20.3,0.0,-259.7,-20.1,0.0,
2025年12月13日 18:15:29.127,0.4,0.9,0.4,1.0,2247.0,2008.0, -259.7,-20.0,0.0,-259.7,-20.0,0.0,-259.7,-20.2,0.0,-259.7,-20.1,0.0,
2025年12月13日 18:15:30.120,0.4,0.9,0.4,0.9,2242.0,2032.0, -259.7,-20.1,0.0,-259.7,-20.0,0.0,-259.7,-20.3,0.0,-259.7,-20.2,0.0,
2025年12月13日 18:15:31.120,0.4,0.9,0.4,0.9,2374.0,1970.0, -259.7,-20.0,0.0,-259.7,-20.0,0.0,-259.7,-20.3,0.0,-259.7,-20.1,0.0,
2025年12月13日 18:15:32.117,0.4,0.9,0.4,0.9,2201.0,2066.0, -259.7,-20.0,0.0,-259.7,-20.0,0.0,-259.7,-20.2,0.0,-259.7,-20.1,0.0,
2025年12月13日 18:15:33.120,0.4,1.0,0.4,1.0,2382.0,1997.0, -259.7,-20.0,0.0,-259.7,-20.0,0.0,-259.7,-20.2,0.0,-259.7,-20.1,0.0,
2025年12月13日 18:15:34.116,0.4,0.9,0.4,1.0,2385.0,1985.0, -259.7,-20.1,0.0,-259.7,-20.0,0.0,-259.7,-20.3,0.0,-259.7,-20.1,0.0,
2025年12月13日 18:15:35.112,0.4,0.9,0.4,1.0,2337.0,1983.0, -259.7,-20.0,0.0,-259.7,-20.0,0.0,-259.7,-20.2,0.0,-259.7,-20.1,0.0,
2025年12月13日 18:15:36.133,0.4,0.9,0.4,0.9,2383.0,2005.0, -259.7,-20.0,0.0,-259.7,-20.1,0.0,-259.7,-20.2,0.0,-259.7,-20.1,0.0,
2025年12月13日 18:15:37.120,0.4,0.9,0.4,1.1,2248.0,2020.0, -259.7,-20.1,0.0,-259.7,-20.1,0.0,-259.7,-20.3,0.0,-259.7,-20.1,0.0,
2025年12月13日 18:15:38.116,0.4,0.9,0.4,1.0,2260.0,2004.0, -259.7,-20.0,0.0,-259.7,-20.0,0.0,-259.7,-20.3,0.0,-259.7,-20.1,0.0,
2025年12月13日 18:15:39.110,0.4,0.9,0.4,0.9,2482.0,1967.0, -259.7,-20.0,0.0,-259.7,-20.0,0.0,-259.7,-20.3,0.0,-259.7,-20.1,0.0,
2025年12月13日 18:15:40.125,0.4,0.9,0.4,1.0,2375.0,1993.0, -259.7,-20.0,0.0,-259.7,-20.1,0.0,-259.7,-20.3,0.0,-259.7,-20.1,0.0,
2025年12月13日 18:15:41.119,0.4,0.9,0.4,1.0,2377.0,1984.0, -259.7,-20.1,0.0,-259.7,-20.0,0.0,-259.7,-20.2,0.0,-259.7,-20.1,0.0,
2025年12月13日 18:15:42.115,0.4,0.9,0.4,0.9,2401.0,1977.0, -259.7,-20.1,0.0,-259.7,-20.0,0.0,-259.7,-20.3,0.0,-259.7,-20.1,0.0,
2025年12月13日 18:15:43.114,0.4,0.9,0.4,0.9,2332.0,1996.0, -259.7,-20.0,0.0,-259.7,-20.0,0.0,-259.7,-20.3,0.0,-259.7,-20.1,0.0,
2025年12月13日 18:15:44.122,0.4,0.9,0.4,0.9,2253.0,2037.0, -259.7,-20.0,0.0,-259.7,-20.0,0.0,-259.7,-20.3,0.0,-259.7,-20.2,0.0,
2025年12月13日 18:15:45.121,0.4,0.9,0.4,1.0,2381.0,2003.0, -259.7,-20.0,0.0,-259.7,-20.0,0.0,-259.7,-20.2,0.0,-259.7,-20.1,0.0,
2025年12月13日 18:15:46.116,0.4,0.9,0.4,1.0,2380.0,2001.0, -259.7,-20.0,0.0,-259.7,-20.0,0.0,-259.7,-20.3,0.0,-259.7,-20.1,0.0,
2025年12月13日 18:15:47.114,0.4,0.9,0.4,0.9,2342.0,2007.0, -259.7,-20.1,0.0,-259.7,-20.1,0.0,-259.7,-20.3,0.0,-259.7,-20.1,0.0,
2025年12月13日 18:15:48.123,0.4,0.9,0.4,1.0,2360.0,2016.0, -259.7,-20.0,0.0,-259.7,-20.0,0.0,-259.7,-20.2,0.0,-259.7,-20.1,0.0,
2025年12月13日 18:15:49.122,0.4,0.8,0.4,0.9,2338.0,2041.0, -259.7,-20.0,0.0,-259.7,-20.0,0.0,-259.7,-20.2,0.0,-259.7,-20.1,0.0,
2025年12月13日 18:15:50.117,0.4,0.9,0.4,1.0,2349.0,1981.0, -259.7,-20.0,0.0,-259.7,-20.0,0.0,-259.7,-20.2,0.0,-259.7,-20.1,0.0,
2025年12月13日 18:15:51.113,0.4,0.9,0.4,0.9,2313.0,1983.0, -259.7,-20.1,0.0,-259.7,-20.1,0.0,-259.7,-20.3,0.0,-259.7,-20.1,0.0,
2025年12月13日 18:15:52.124,0.4,0.9,0.4,1.0,2405.0,1998.0, -259.7,-20.1,0.0,-259.7,-20.1,0.0,-259.7,-20.3,0.0,-259.7,-20.1,0.0,
2025年12月13日 18:15:53.119,0.4,0.9,0.4,1.0,2389.0,1993.0, -259.7,-20.0,0.0,-259.7,-20.0,0.0,-259.7,-20.2,0.0,-259.7,-20.1,0.0,
2025年12月13日 18:15:54.115,0.4,0.9,0.4,0.9,2218.0,2037.0, -259.7,-20.0,0.0,-259.7,-20.0,0.0,-259.7,-20.2,0.0,-259.7,-20.1,0.0,
2025年12月13日 18:15:55.111,0.4,0.9,0.4,0.9,2326.0,1983.0, -259.7,-20.0,0.0,-259.7,-20.0,0.0,-259.7,-20.3,0.0,-259.7,-20.1,0.0,
2025年12月13日 18:15:56.122,0.4,0.9,0.4,0.9,2313.0,2015.0, -259.7,-20.0,0.0,-259.7,-20.0,0.0,-259.7,-20.3,0.0,-259.7,-20.1,0.0,
2025年12月13日 18:15:57.119,0.4,0.9,0.4,1.0,2293.0,1997.0, -259.7,-20.0,0.0,-259.7,-20.0,0.0,-259.7,-20.3,0.0,-259.7,-20.1,0.0,
2025年12月13日 18:15:58.110,0.4,0.9,0.4,0.9,2369.0,2029.0, -259.7,-20.1,0.0,-259.7,-20.0,0.0,-259.7,-20.3,0.0,-259.7,-20.1,0.0,
2025年12月13日 18:15:59.112,0.4,0.9,0.4,1.0,2259.0,2048.0, -259.7,-20.0,0.0,-259.7,-20.0,0.0,-259.7,-20.2,0.0,-259.7,-20.1,0.0,
2025年12月13日 18:16:00.110,0.4,0.9,0.4,1.0,2447.0,1988.0, -259.7,-20.0,0.0,-259.7,-20.0,0.0,-259.7,-20.2,0.0,-259.7,-20.1,0.0,
2025年12月13日 18:16:01.110,0.4,0.9,0.4,1.0,2271.0,2025.0, -259.7,-20.0,0.0,-259.7,-20.0,0.0,-259.7,-20.2,0.0,-259.7,-20.1,0.0,
2025年12月13日 18:16:02.118,0.4,0.9,0.4,1.0,2348.0,2037.0, -259.7,-20.0,0.0,-259.7,-20.0,0.0,-259.7,-20.2,0.0,-259.7,-20.1,0.0,
2025年12月13日 18:16:03.110,0.4,0.9,0.4,0.9,2387.0,1995.0, -259.7,-20.1,0.0,-259.7,-20.0,0.0,-259.7,-20.3,0.0,-259.7,-20.1,0.0,
2025年12月13日 18:16:04.111,0.4,0.9,0.4,1.0,2264.0,2038.0, -259.7,-20.0,0.0,-259.7,-20.0,0.0,-259.7,-20.3,0.0,-259.7,-20.1,0.0,
2025年12月13日 18:16:05.125,0.4,0.9,0.4,1.0,2288.0,2015.0, -259.7,-20.1,0.0,-259.7,-20.0,0.0,-259.7,-20.2,0.0,-259.7,-20.1,0.0,
2025年12月13日 18:16:06.121,0.4,0.9,0.4,0.9,2454.0,1985.0, -259.7,-20.0,0.0,-259.7,-20.0,0.0,-259.7,-20.3,0.0,-259.7,-20.1,0.0,
2025年12月13日 18:16:07.119,0.4,0.9,0.4,1.0,2200.0,2037.0, -259.7,-20.0,0.0,-259.7,-20.0,0.0,-259.7,-20.3,0.0,-259.7,-20.1,0.0,
2025年12月13日 18:16:08.115,0.4,0.9,0.4,0.9,2206.0,2052.0, -259.7,-20.0,0.0,-259.7,-20.0,0.0,-259.7,-20.2,0.0,-259.7,-20.1,0.0,
2025年12月13日 18:16:09.114,0.4,0.9,0.4,1.0,2329.0,2035.0, -259.7,-20.0,0.0,-259.7,-20.0,0.0,-259.7,-20.3,0.0,-259.7,-20.1,0.0,
2025年12月13日 18:16:10.125,0.4,0.9,0.4,1.0,2298.0,2037.0, -259.7,-20.0,0.0,-259.7,-20.0,0.0,-259.7,-20.3,0.0,-259.7,-20.1,0.0,
2025年12月13日 18:16:11.121,0.4,0.9,0.4,1.0,2360.0,1980.0, -259.7,-20.0,0.0,-259.7,-20.0,0.0,-259.7,-20.2,0.0,-259.7,-20.1,0.0,
2025年12月13日 18:16:12.120,0.4,0.9,0.4,0.9,2338.0,1980.0, -259.7,-20.0,0.0,-259.7,-20.0,0.0,-259.7,-20.2,0.0,-259.7,-20.1,0.0,
2025年12月13日 18:16:13.116,0.4,0.9,0.4,1.0,2278.0,2014.0, -259.7,-20.0,0.0,-259.7,-20.0,0.0,-259.7,-20.2,0.0,-259.7,-20.1,0.0,
2025年12月13日 18:16:14.113,0.4,1.0,0.4,1.0,2359.0,2014.0, -259.7,-20.0,0.0,-259.7,-20.0,0.0,-259.7,-20.2,0.0,-259.7,-20.1,0.0,
2025年12月13日 18:16:15.110,0.4,0.9,0.4,1.0,2233.0,2097.0, -259.7,-20.1,0.0,-259.7,-20.0,0.0,-259.7,-20.3,0.0,-259.7,-20.1,0.0,
2025年12月13日 18:16:16.125,0.4,0.8,0.4,1.0,2296.0,2008.0, -259.7,-20.1,0.0,-259.7,-20.0,0.0,-259.7,-20.2,0.0,-259.7,-20.1,0.0,
2025年12月13日 18:16:17.120,0.4,0.9,0.4,1.0,2284.0,2036.0, -259.7,-20.0,0.0,-259.7,-20.1,0.0,-259.7,-20.3,0.0,-259.7,-20.1,0.0,
2025年12月13日 18:16:18.117,0.4,0.9,0.4,1.0,2401.0,1996.0, -259.7,-20.0,0.0,-259.7,-20.1,0.0,-259.7,-20.2,0.0,-259.7,-20.1,0.0,
2025年12月13日 18:16:19.113,0.4,0.9,0.4,0.9,2205.0,2046.0, -259.7,-20.1,0.0,-259.7,-20.0,0.0,-259.7,-20.2,0.0,-259.7,-20.1,0.0,
2025年12月13日 18:16:20.114,0.4,1.0,0.4,1.0,2377.0,2033.0, -259.7,-20.0,0.0,-259.7,-20.0,0.0,-259.7,-20.2,0.0,-259.7,-20.1,0.0,
2025年12月13日 18:16:21.124,0.4,0.9,0.4,0.9,2277.0,2026.0, -259.7,-20.0,0.0,-259.7,-20.0,0.0,-259.7,-20.3,0.0,-259.7,-20.1,0.0,
2025年12月13日 18:16:22.119,0.4,0.9,0.4,1.0,2416.0,2001.0, -259.7,-20.1,0.0,-259.7,-20.1,0.0,-259.7,-20.3,0.0,-259.7,-20.1,0.0,
2025年12月13日 18:16:23.111,0.4,0.9,0.4,1.0,2349.0,1975.0, -259.7,-20.1,0.0,-259.7,-20.0,0.0,-259.7,-20.3,0.0,-259.7,-20.1,0.0,
2025年12月13日 18:16:24.112,0.4,0.9,0.4,0.9,2270.0,2007.0, -259.7,-20.0,0.0,-259.7,-20.0,0.0,-259.7,-20.3,0.0,-259.7,-20.1,0.0,
2025年12月13日 18:16:25.111,0.4,0.9,0.4,1.0,2299.0,2054.0, -259.7,-20.0,0.0,-259.7,-20.0,0.0,-259.7,-20.3,0.0,-259.7,-20.1,0.0,
2025年12月13日 18:16:26.124,0.4,1.0,0.4,0.9,2256.0,2028.0, -259.7,-20.1,0.0,-259.7,-20.0,0.0,-259.7,-20.3,0.0,-259.7,-20.2,0.0,
2025年12月13日 18:16:27.122,0.4,1.0,0.4,1.0,2360.0,1950.0, -259.7,-20.0,0.0,-259.7,-20.0,0.0,-259.7,-20.2,0.0,-259.7,-20.1,0.0,
2025年12月13日 18:16:28.120,0.4,0.9,0.4,1.0,2353.0,2007.0, -259.7,-20.0,0.0,-259.7,-20.0,0.0,-259.7,-20.2,0.0,-259.7,-20.1,0.0,
2025年12月13日 18:16:29.116,0.4,0.9,0.4,1.0,2293.0,2014.0, -259.7,-20.0,0.0,-259.7,-20.0,0.0,-259.7,-20.3,0.0,-259.7,-20.2,0.0,
2025年12月13日 18:16:30.112,0.4,0.9,0.4,1.0,2443.0,1997.0, -259.7,-20.0,0.0,-259.7,-20.1,0.0,-259.7,-20.3,0.0,-259.7,-20.1,0.0,
2025年12月13日 18:16:31.125,0.4,0.9,0.4,0.9,2339.0,2010.0, -259.7,-20.1,0.0,-259.7,-20.0,0.0,-259.7,-20.3,0.0,-259.7,-20.1,0.0,
2025年12月13日 18:16:32.120,0.4,0.9,0.4,1.0,2315.0,2000.0, -259.7,-20.0,0.0,-259.7,-20.0,0.0,-259.7,-20.3,0.0,-259.7,-20.1,0.0,
2025年12月13日 18:16:33.114,0.4,0.9,0.4,0.9,2383.0,1969.0, -259.7,-20.1,0.0,-259.7,-20.0,0.0,-259.7,-20.3,0.0,-259.7,-20.1,0.0,
2025年12月13日 18:16:34.122,0.4,0.8,0.4,0.9,2234.0,2053.0, -259.7,-20.0,0.0,-259.7,-20.1,0.0,-259.7,-20.3,0.0,-259.7,-20.1,0.0,
2025年12月13日 18:16:35.121,0.4,0.9,0.4,0.9,2356.0,2016.0, -259.7,-20.1,0.0,-259.7,-20.0,0.0,-259.7,-20.2,0.0,-259.7,-20.1,0.0,
2025年12月13日 18:16:36.117,0.4,0.9,0.4,0.9,2314.0,2036.0, -259.7,-20.0,0.0,-259.7,-20.1,0.0,-259.7,-20.3,0.0,-259.7,-20.2,0.0,
2025年12月13日 18:16:37.117,0.4,0.9,0.4,1.0,2307.0,2061.0, -259.7,-20.0,0.0,-259.7,-20.1,0.0,-259.7,-20.3,0.0,-259.7,-20.1,0.0,
2025年12月13日 18:16:38.116,0.4,0.9,0.4,0.9,2357.0,2014.0, -259.7,-20.0,0.0,-259.7,-20.0,0.0,-259.7,-20.3,0.0,-259.7,-20.1,0.0,
2025年12月13日 18:16:39.119,0.4,0.9,0.4,0.9,2344.0,2013.0, -259.7,-20.1,0.0,-259.7,-20.1,0.0,-259.7,-20.3,0.0,-259.7,-20.1,0.0,
2025年12月13日 18:16:40.114,0.4,0.9,0.4,1.0,2400.0,2004.0, -259.7,-20.0,0.0,-259.7,-20.0,0.0,-259.7,-20.2,0.0,-259.7,-20.1,0.0,
2025年12月13日 18:16:41.114,0.4,0.9,0.4,0.9,2300.0,2066.0, -259.7,-20.0,0.0,-259.7,-20.1,0.0,-259.7,-20.3,0.0,-259.7,-20.1,0.0,
2025年12月13日 18:16:42.118,0.4,0.9,0.4,0.9,2406.0,2001.0, -259.7,-20.0,0.0,-259.7,-20.0,0.0,-259.7,-20.2,0.0,-259.7,-20.2,0.0,
2025年12月13日 18:16:43.126,0.4,0.9,0.4,0.9,2329.0,2007.0, -259.7,-20.1,0.0,-259.7,-20.0,0.0,-259.7,-20.3,0.0,-259.7,-20.1,0.0,
2025年12月13日 18:16:44.121,0.4,1.0,0.4,0.9,2270.0,2029.0, -259.7,-20.1,0.0,-259.7,-20.0,0.0,-259.7,-20.2,0.0,-259.7,-20.1,0.0,
2025年12月13日 18:16:45.115,0.4,0.9,0.4,1.0,2305.0,2003.0, -259.7,-20.0,0.0,-259.7,-20.0,0.0,-259.7,-20.3,0.0,-259.7,-20.1,0.0,
2025年12月13日 18:16:46.123,0.4,0.9,0.4,0.9,2225.0,2078.0, -259.7,-20.1,0.0,-259.7,-20.0,0.0,-259.7,-20.3,0.0,-259.7,-20.1,0.0,
2025年12月13日 18:16:47.124,0.4,0.9,0.4,1.0,2394.0,2023.0, -259.7,-20.1,0.0,-259.7,-20.0,0.0,-259.7,-20.2,0.0,-259.7,-20.1,0.0,
2025年12月13日 18:16:48.110,0.4,0.9,0.4,1.0,2329.0,1989.0, -259.7,-20.0,0.0,-259.7,-20.0,0.0,-259.7,-20.2,0.0,-259.7,-20.1,0.0,
2025年12月13日 18:16:49.111,0.4,1.0,0.4,1.0,2271.0,2062.0, -259.7,-20.0,0.0,-259.7,-20.0,0.0,-259.7,-20.3,0.0,-259.7,-20.2,0.0,
2025年12月13日 18:16:50.111,0.4,0.9,0.4,1.0,2301.0,2039.0, -259.7,-20.1,0.0,-259.7,-20.1,0.0,-259.7,-20.3,0.0,-259.7,-20.1,0.0,
2025年12月13日 18:16:51.110,0.4,0.9,0.4,1.0,2454.0,1999.0, -259.7,-20.0,0.0,-259.7,-20.1,0.0,-259.7,-20.2,0.0,-259.7,-20.1,0.0,
2025年12月13日 18:16:52.110,0.4,0.9,0.4,1.0,2302.0,2034.0, -259.7,-20.1,0.0,-259.7,-20.1,0.0,-259.7,-20.3,0.0,-259.7,-20.1,0.0,
2025年12月13日 18:16:53.110,0.4,1.0,0.4,1.1,2374.0,1986.0, -259.7,-20.0,0.0,-259.7,-20.0,0.0,-259.7,-20.2,0.0,-259.7,-20.0,0.0,
2025年12月13日 18:16:54.115,0.4,0.9,0.4,1.0,2314.0,2035.0, -259.7,-20.0,0.0,-259.7,-20.0,0.0,-259.7,-20.3,0.0,-259.7,-20.1,0.0,
2025年12月13日 18:16:55.110,0.4,0.9,0.4,1.0,2310.0,2032.0, -259.7,-20.1,0.0,-259.7,-20.0,0.0,-259.7,-20.2,0.0,-259.7,-20.1,0.0,
2025年12月13日 18:16:56.118,0.4,0.9,0.4,0.9,2371.0,2030.0, -259.7,-20.1,0.0,-259.7,-20.0,0.0,-259.7,-20.3,0.0,-259.7,-20.1,0.0,
2025年12月13日 18:16:57.111,0.4,0.9,0.4,0.9,2328.0,1992.0, -259.7,-20.0,0.0,-259.7,-20.0,0.0,-259.7,-20.2,0.0,-259.7,-20.1,0.0,
2025年12月13日 18:16:58.111,0.4,0.9,0.4,0.9,2187.0,2039.0, -259.7,-20.0,0.0,-259.7,-20.0,0.0,-259.7,-20.3,0.0,-259.7,-20.1,0.0,
2025年12月13日 18:16:59.112,0.4,0.9,0.4,1.0,2377.0,2005.0, -259.7,-20.1,0.0,-259.7,-20.0,0.0,-259.7,-20.2,0.0,-259.7,-20.1,0.0,
2025年12月13日 18:17:00.110,0.4,0.9,0.4,1.0,2389.0,2017.0, -259.7,-20.0,0.0,-259.7,-20.0,0.0,-259.7,-20.2,0.0,-259.7,-20.1,0.0,
2025年12月13日 18:17:01.112,0.4,0.9,0.4,1.0,2363.0,1991.0, -259.7,-20.0,0.0,-259.7,-20.0,0.0,-259.7,-20.2,0.0,-259.7,-20.1,0.0,
2025年12月13日 18:17:02.110,0.4,1.0,0.4,1.0,2348.0,1975.0, -259.7,-20.0,0.0,-259.7,-20.1,0.0,-259.7,-20.3,0.0,-259.7,-20.1,0.0,
2025年12月13日 18:17:03.110,0.4,0.9,0.4,0.9,2317.0,1974.0, -259.7,-20.1,0.0,-259.7,-20.1,0.0,-259.7,-20.2,0.0,-259.7,-20.1,0.0,
2025年12月13日 18:17:04.111,0.4,0.9,0.4,1.0,2426.0,2008.0, -259.7,-20.0,0.0,-259.7,-20.1,0.0,-259.7,-20.3,0.0,-259.7,-20.1,0.0,
2025年12月13日 18:17:05.110,0.4,0.9,0.4,0.9,2269.0,2082.0, -259.7,-20.0,0.0,-259.7,-20.0,0.0,-259.7,-20.2,0.0,-259.7,-20.1,0.0,
2025年12月13日 18:17:06.112,0.4,0.9,0.4,1.0,2367.0,2017.0, -259.7,-20.0,0.0,-259.7,-20.1,0.0,-259.7,-20.3,0.0,-259.7,-20.1,0.0,
2025年12月13日 18:17:07.110,0.4,0.9,0.4,1.0,2299.0,1996.0, -259.7,-20.0,0.0,-259.7,-20.0,0.0,-259.7,-20.3,0.0,-259.7,-20.1,0.0,
2025年12月13日 18:17:08.110,0.4,0.8,0.4,0.9,2371.0,2018.0, -259.7,-20.0,0.0,-259.7,-20.0,0.0,-259.7,-20.3,0.0,-259.7,-20.1,0.0,
2025年12月13日 18:17:09.111,0.4,0.9,0.4,0.9,2344.0,2020.0, -259.7,-20.0,0.0,-259.7,-20.0,0.0,-259.7,-20.2,0.0,-259.7,-20.1,0.0,
2025年12月13日 18:17:10.109,0.4,0.8,0.4,1.0,2366.0,2020.0, -259.7,-20.0,0.0,-259.7,-20.0,0.0,-259.7,-20.3,0.0,-259.7,-20.1,0.0,
2025年12月13日 18:17:11.110,0.4,0.9,0.4,1.0,2402.0,2002.0, -259.7,-20.0,0.0,-259.7,-20.0,0.0,-259.7,-20.2,0.0,-259.7,-20.2,0.0,
2025年12月13日 18:17:12.109,0.4,0.9,0.4,0.9,2277.0,2035.0, -259.7,-20.1,0.0,-259.7,-20.1,0.0,-259.7,-20.3,0.0,-259.7,-20.1,0.0,
2025年12月13日 18:17:13.110,0.4,0.9,0.4,1.0,2274.0,2079.0, -259.7,-20.1,0.0,-259.7,-20.0,0.0,-259.7,-20.3,0.0,-259.7,-20.1,0.0,
2025年12月13日 18:17:14.111,0.4,0.9,0.4,1.0,2300.0,2033.0, -259.7,-20.0,0.0,-259.7,-20.1,0.0,-259.7,-20.3,0.0,-259.7,-20.1,0.0,
2025年12月13日 18:17:15.110,0.4,0.9,0.4,0.9,2176.0,2042.0, -259.7,-20.0,0.0,-259.7,-20.0,0.0,-259.7,-20.3,0.0,-259.7,-20.1,0.0,
2025年12月13日 18:17:16.110,0.4,0.9,0.4,0.9,2395.0,2030.0, -259.7,-20.1,0.0,-259.7,-20.0,0.0,-259.7,-20.2,0.0,-259.7,-20.1,0.0,
2025年12月13日 18:17:17.110,0.4,0.9,0.4,1.0,2270.0,2028.0, -259.7,-20.1,0.0,-259.7,-20.0,0.0,-259.7,-20.2,0.0,-259.7,-20.1,0.0,
2025年12月13日 18:17:18.111,0.4,1.0,0.4,1.0,2363.0,1996.0, -259.7,-20.0,0.0,-259.7,-20.0,0.0,-259.7,-20.3,0.0,-259.7,-20.1,0.0,
2025年12月13日 18:17:19.111,0.4,0.9,0.4,1.0,2344.0,2028.0, -259.7,-20.1,0.0,-259.7,-20.0,0.0,-259.7,-20.3,0.0,-259.7,-20.1,0.0,
2025年12月13日 18:17:20.111,0.4,0.9,0.4,1.0,2364.0,2011.0, -259.7,-20.0,0.0,-259.7,-20.0,0.0,-259.7,-20.3,0.0,-259.7,-20.1,0.0,
2025年12月13日 18:17:21.110,0.4,0.9,0.4,0.9,2209.0,2045.0, -259.7,-20.0,0.0,-259.7,-20.0,0.0,-259.7,-20.2,0.0,-259.7,-20.1,0.0,
2025年12月13日 18:17:22.111,0.4,0.9,0.4,0.9,2307.0,2026.0, -259.7,-20.0,0.0,-259.7,-20.0,0.0,-259.7,-20.2,0.0,-259.7,-20.1,0.0,
2025年12月13日 18:17:23.109,0.4,0.9,0.4,1.0,2381.0,1988.0, -259.7,-20.0,0.0,-259.7,-20.0,0.0,-259.7,-20.2,0.0,-259.7,-20.1,0.0,
2025年12月13日 18:17:24.110,0.4,0.9,0.4,1.0,2415.0,2014.0, -259.7,-20.0,0.0,-259.7,-20.0,0.0,-259.7,-20.2,0.0,-259.7,-20.1,0.0,
2025年12月13日 18:17:25.110,0.4,0.9,0.4,1.0,2419.0,1986.0, -259.7,-20.0,0.0,-259.7,-20.0,0.0,-259.7,-20.2,0.0,-259.7,-20.1,0.0,
2025年12月13日 18:17:26.111,0.4,1.0,0.4,1.0,2388.0,1993.0, -259.7,-20.0,0.0,-259.7,-20.0,0.0,-259.7,-20.3,0.0,-259.7,-20.1,0.0,
2025年12月13日 18:17:27.110,0.4,0.9,0.4,1.0,2409.0,2016.0, -259.7,-20.0,0.0,-259.7,-20.1,0.0,-259.7,-20.3,0.0,-259.7,-20.1,0.0,
2025年12月13日 18:17:28.110,0.4,0.9,0.4,1.0,2345.0,2014.0, -259.7,-20.0,0.0,-259.7,-20.0,0.0,-259.7,-20.2,0.0,-259.7,-20.1,0.0,
2025年12月13日 18:17:29.112,0.4,0.9,0.4,0.9,2178.0,2035.0, -259.7,-20.0,0.0,-259.7,-20.0,0.0,-259.7,-20.2,0.0,-259.7,-20.1,0.0,
2025年12月13日 18:17:30.111,0.4,0.9,0.4,0.9,2395.0,2009.0, -259.7,-20.0,0.0,-259.7,-20.0,0.0,-259.7,-20.3,0.0,-259.7,-20.2,0.0,
2025年12月13日 18:17:31.111,0.4,1.0,0.4,0.9,2348.0,1992.0, -259.7,-20.0,0.0,-259.7,-20.0,0.0,-259.7,-20.3,0.0,-259.7,-20.2,0.0,
2025年12月13日 18:17:32.111,0.4,0.9,0.4,0.9,2345.0,2023.0, -259.7,-20.0,0.0,-259.7,-20.1,0.0,-259.7,-20.3,0.0,-259.7,-20.1,0.0,
2025年12月13日 18:17:33.110,0.4,0.9,0.4,1.0,2146.0,2069.0, -259.7,-20.0,0.0,-259.7,-20.1,0.0,-259.7,-20.2,0.0,-259.7,-20.1,0.0,
2025年12月13日 18:17:34.110,0.4,0.8,0.4,0.9,2201.0,2101.0, -259.7,-20.0,0.0,-259.7,-20.0,0.0,-259.7,-20.3,0.0,-259.7,-20.2,0.0,
2025年12月13日 18:17:35.111,0.4,0.9,0.4,1.0,2459.0,2021.0, -259.7,-20.0,0.0,-259.7,-20.0,0.0,-259.7,-20.2,0.0,-259.7,-20.1,0.0,
2025年12月13日 18:17:36.111,0.4,0.8,0.4,0.9,2403.0,1994.0, -259.7,-20.0,0.0,-259.7,-20.0,0.0,-259.7,-20.3,0.0,-259.7,-20.1,0.0,
2025年12月13日 18:17:37.111,0.4,0.9,0.4,1.0,2329.0,2028.0, -259.7,-20.0,0.0,-259.7,-20.0,0.0,-259.7,-20.3,0.0,-259.7,-20.1,0.0,
2025年12月13日 18:17:38.111,0.4,0.9,0.4,0.9,2380.0,2000.0, -259.7,-20.1,0.0,-259.7,-20.0,0.0,-259.7,-20.3,0.0,-259.7,-20.1,0.0,
2025年12月13日 18:17:39.110,0.4,0.9,0.4,0.9,2263.0,2035.0, -259.7,-20.0,0.0,-259.7,-20.0,0.0,-259.7,-20.2,0.0,-259.7,-20.1,0.0,
2025年12月13日 18:17:40.110,0.4,0.9,0.4,0.9,2440.0,1985.0, -259.7,-20.0,0.0,-259.7,-20.0,0.0,-259.7,-20.3,0.0,-259.7,-20.1,0.0,
2025年12月13日 18:17:41.110,0.4,1.0,0.4,1.0,2361.0,2004.0, -259.7,-20.1,0.0,-259.7,-20.1,0.0,-259.7,-20.3,0.0,-259.7,-20.1,0.0,
2025年12月13日 18:17:42.111,0.4,0.9,0.4,1.0,2293.0,2044.0, -259.7,-20.0,0.0,-259.7,-20.0,0.0,-259.7,-20.2,0.0,-259.7,-20.1,0.0,
2025年12月13日 18:17:43.111,0.4,0.9,0.4,1.0,2368.0,2006.0, -259.7,-20.0,0.0,-259.7,-20.0,0.0,-259.7,-20.2,0.0,-259.7,-20.1,0.0,
2025年12月13日 18:17:44.111,0.4,0.9,0.4,1.0,2291.0,2043.0, -259.7,-20.0,0.0,-259.7,-20.0,0.0,-259.7,-20.2,0.0,-259.7,-20.1,0.0,
2025年12月13日 18:17:45.111,0.4,0.9,0.4,1.0,2258.0,2035.0, -259.7,-20.1,0.0,-259.7,-20.1,0.0,-259.7,-20.3,0.0,-259.7,-20.1,0.0,
2025年12月13日 18:17:46.111,0.4,1.0,0.4,1.1,2449.0,2007.0, -259.7,-20.0,0.0,-259.7,-20.0,0.0,-259.7,-20.2,0.0,-259.7,-20.1,0.0,
2025年12月13日 18:17:47.111,0.4,0.9,0.4,1.0,2228.0,2074.0, -259.7,-20.1,0.0,-259.7,-20.1,0.0,-259.7,-20.3,0.0,-259.7,-20.2,0.0,
2025年12月13日 18:17:48.110,0.4,0.9,0.4,1.0,2239.0,2055.0, -259.7,-20.0,0.0,-259.7,-20.0,0.0,-259.7,-20.3,0.0,-259.7,-20.1,0.0,
2025年12月13日 18:17:49.109,0.4,0.9,0.4,0.9,2365.0,1978.0, -259.7,-20.1,0.0,-259.7,-20.0,0.0,-259.7,-20.3,0.0,-259.7,-20.1,0.0,
2025年12月13日 18:17:50.110,0.4,0.9,0.4,1.0,2250.0,2008.0, -259.7,-20.0,0.0,-259.7,-20.0,0.0,-259.7,-20.2,0.0,-259.7,-20.1,0.0,
2025年12月13日 18:17:51.110,0.4,0.9,0.4,0.9,2314.0,1984.0, -259.7,-20.1,0.0,-259.7,-20.0,0.0,-259.7,-20.3,0.0,-259.7,-20.1,0.0,
2025年12月13日 18:17:52.111,0.4,0.9,0.4,1.0,2321.0,2021.0, -259.7,-20.0,0.0,-259.7,-20.0,0.0,-259.7,-20.2,0.0,-259.7,-20.1,0.0,
2025年12月13日 18:17:53.111,0.4,0.9,0.4,1.0,2411.0,2028.0, -259.7,-20.0,0.0,-259.7,-20.0,0.0,-259.7,-20.3,0.0,-259.7,-20.1,0.0,
2025年12月13日 18:17:54.113,0.4,0.9,0.4,1.0,2348.0,2015.0, -259.7,-20.0,0.0,-259.7,-20.0,0.0,-259.7,-20.2,0.0,-259.7,-20.1,0.0,
2025年12月13日 18:17:55.111,0.4,0.9,0.4,1.0,2307.0,2024.0, -259.7,-20.0,0.0,-259.7,-20.0,0.0,-259.7,-20.3,0.0,-259.7,-20.1,0.0,
2025年12月13日 18:17:56.112,0.4,0.9,0.4,0.9,2270.0,2019.0, -259.7,-20.1,0.0,-259.7,-20.1,0.0,-259.7,-20.2,0.0,-259.7,-20.1,0.0,
2025年12月13日 18:17:57.111,0.4,0.9,0.4,1.0,2191.0,2045.0, -259.7,-20.0,0.0,-259.7,-20.0,0.0,-259.7,-20.3,0.0,-259.7,-20.1,0.0,
2025年12月13日 18:17:58.112,0.4,0.9,0.4,0.9,2231.0,2044.0, -259.7,-20.1,0.0,-259.7,-20.0,0.0,-259.7,-20.3,0.0,-259.7,-20.1,0.0,
2025年12月13日 18:17:59.111,0.4,0.9,0.4,1.0,2424.0,2004.0, -259.7,-20.0,0.0,-259.7,-20.0,0.0,-259.7,-20.3,0.0,-259.7,-20.1,0.0,
2025年12月13日 18:18:00.110,0.4,0.9,0.4,1.0,2397.0,2020.0, -259.7,-20.0,0.0,-259.7,-20.0,0.0,-259.7,-20.3,0.0,-259.7,-20.1,0.0,
2025年12月13日 18:18:01.110,0.4,0.9,0.4,0.9,2437.0,2025.0, -259.7,-20.0,0.0,-259.7,-20.0,0.0,-259.7,-20.3,0.0,-259.7,-20.1,0.0,
2025年12月13日 18:18:02.110,0.4,0.9,0.4,1.0,2395.0,2024.0, -259.7,-20.0,0.0,-259.7,-20.0,0.0,-259.7,-20.3,0.0,-259.7,-20.2,0.0,
2025年12月13日 18:18:03.111,0.4,0.9,0.4,1.1,2369.0,2007.0, -259.7,-20.1,0.0,-259.7,-20.0,0.0,-259.7,-20.3,0.0,-259.7,-20.1,0.0,
2025年12月13日 18:18:04.112,0.4,1.0,0.4,1.0,2408.0,2016.0, -259.7,-20.0,0.0,-259.7,-20.0,0.0,-259.7,-20.3,0.0,-259.7,-20.1,0.0,
2025年12月13日 18:18:05.111,0.4,0.9,0.4,0.9,2401.0,2017.0, -259.7,-20.1,0.0,-259.7,-20.1,0.0,-259.7,-20.3,0.0,-259.7,-20.1,0.0,
2025年12月13日 18:18:06.110,0.4,0.9,0.4,1.0,2446.0,2028.0, -259.7,-20.0,0.0,-259.7,-20.0,0.0,-259.7,-20.2,0.0,-259.7,-20.1,0.0,
2025年12月13日 18:18:07.112,0.3,0.9,0.4,1.0,2320.0,2004.0, -259.7,-20.1,0.0,-259.7,-20.1,0.0,-259.7,-20.2,0.0,-259.7,-20.1,0.0,
2025年12月13日 18:18:08.111,0.4,0.9,0.4,1.0,2253.0,2018.0, -259.7,-20.0,0.0,-259.7,-20.0,0.0,-259.7,-20.2,0.0,-259.7,-20.2,0.0,
2025年12月13日 18:18:09.111,0.4,0.9,0.4,1.0,2164.0,2039.0, -259.7,-20.0,0.0,-259.7,-20.0,0.0,-259.7,-20.2,0.0,-259.7,-20.1,0.0,
2025年12月13日 18:18:10.111,0.4,0.9,0.4,1.0,2422.0,1998.0, -259.7,-20.1,0.0,-259.7,-20.0,0.0,-259.7,-20.3,0.0,-259.7,-20.1,0.0,
2025年12月13日 18:18:11.111,0.4,0.9,0.4,1.0,2352.0,1987.0, -259.7,-20.0,0.0,-259.7,-20.0,0.0,-259.7,-20.3,0.0,-259.7,-20.1,0.0,
2025年12月13日 18:18:12.112,0.4,0.9,0.4,1.0,2346.0,2047.0, -259.7,-20.1,0.0,-259.7,-20.0,0.0,-259.7,-20.2,0.0,-259.7,-20.1,0.0,
2025年12月13日 18:18:13.110,0.4,0.9,0.4,0.9,2315.0,2029.0, -259.7,-20.1,0.0,-259.7,-20.0,0.0,-259.7,-20.3,0.0,-259.7,-20.1,0.0,
2025年12月13日 18:18:14.111,0.4,1.0,0.4,1.0,2253.0,2052.0, -259.7,-20.0,0.0,-259.7,-20.0,0.0,-259.7,-20.3,0.0,-259.7,-20.1,0.0,
2025年12月13日 18:18:15.111,0.4,0.9,0.4,0.9,2349.0,1980.0, -259.7,-20.0,0.0,-259.7,-20.0,0.0,-259.7,-20.3,0.0,-259.7,-20.1,0.0,
2025年12月13日 18:18:16.111,0.4,0.9,0.4,1.0,2302.0,2018.0, -259.7,-20.0,0.0,-259.7,-20.0,0.0,-259.7,-20.3,0.0,-259.7,-20.1,0.0,
2025年12月13日 18:18:17.111,0.4,0.9,0.4,1.0,2368.0,1997.0, -259.7,-20.0,0.0,-259.7,-20.1,0.0,-259.7,-20.3,0.0,-259.7,-20.1,0.0,
2025年12月13日 18:18:18.110,0.4,0.9,0.4,1.0,2328.0,1999.0, -259.7,-20.1,0.0,-259.7,-20.0,0.0,-259.7,-20.3,0.0,-259.7,-20.1,0.0,
2025年12月13日 18:18:19.111,0.4,0.9,0.4,1.0,2353.0,1952.0, -259.7,-20.0,0.0,-259.7,-20.0,0.0,-259.7,-20.2,0.0,-259.7,-20.1,0.0,
2025年12月13日 18:18:20.110,0.4,0.9,0.4,0.9,2369.0,1999.0, -259.7,-20.1,0.0,-259.7,-20.0,0.0,-259.7,-20.3,0.0,-259.7,-20.1,0.0,
2025年12月13日 18:18:21.110,0.4,0.9,0.4,1.0,2376.0,2030.0, -259.7,-20.1,0.0,-259.7,-20.0,0.0,-259.7,-20.2,0.0,-259.7,-20.1,0.0,
2025年12月13日 18:18:22.112,0.4,1.0,0.4,1.1,2345.0,1953.0, -259.7,-20.0,0.0,-259.7,-20.0,0.0,-259.7,-20.2,0.0,-259.7,-20.1,0.0,
2025年12月13日 18:18:23.110,0.4,0.9,0.4,0.9,2237.0,2064.0, -259.7,-20.0,0.0,-259.7,-20.0,0.0,-259.7,-20.3,0.0,-259.7,-20.1,0.0,
2025年12月13日 18:18:24.111,0.4,1.0,0.4,1.0,2341.0,2000.0, -259.7,-20.0,0.0,-259.7,-20.0,0.0,-259.7,-20.3,0.0,-259.7,-20.1,0.0,
2025年12月13日 18:18:25.111,0.4,1.0,0.4,1.0,2346.0,2006.0, -259.7,-20.0,0.0,-259.7,-20.1,0.0,-259.7,-20.3,0.0,-259.7,-20.1,0.0,
2025年12月13日 18:18:26.111,0.4,0.9,0.4,1.0,2288.0,2037.0, -259.7,-20.0,0.0,-259.7,-20.0,0.0,-259.7,-20.2,0.0,-259.7,-20.0,0.0,
2025年12月13日 18:18:27.111,0.4,0.9,0.4,1.0,2216.0,2066.0, -259.7,-20.0,0.0,-259.7,-20.0,0.0,-259.7,-20.2,0.0,-259.7,-20.1,0.0,
2025年12月13日 18:18:28.111,0.4,0.9,0.4,1.0,2371.0,2010.0, -259.7,-20.1,0.0,-259.7,-20.1,0.0,-259.7,-20.2,0.0,-259.7,-20.2,0.0,
2025年12月13日 18:18:29.110,0.4,0.9,0.4,1.0,2220.0,2049.0, -259.7,-20.0,0.0,-259.7,-20.0,0.0,-259.7,-20.3,0.0,-259.7,-20.1,0.0,
2025年12月13日 18:18:30.111,0.4,0.9,0.4,1.0,2275.0,2035.0, -259.7,-20.0,0.0,-259.7,-20.0,0.0,-259.7,-20.2,0.0,-259.7,-20.1,0.0,
2025年12月13日 18:18:31.111,0.4,0.9,0.4,1.0,2386.0,2009.0, -259.7,-20.1,0.0,-259.7,-20.0,0.0,-259.7,-20.2,0.0,-259.7,-20.1,0.0,
2025年12月13日 18:18:32.111,0.4,0.9,0.4,1.0,2316.0,2020.0, -259.7,-20.1,0.0,-259.7,-20.0,0.0,-259.7,-20.3,0.0,-259.7,-20.1,0.0,
2025年12月13日 18:18:33.110,0.4,0.9,0.4,1.0,2293.0,2000.0, -259.7,-20.0,0.0,-259.7,-20.0,0.0,-259.7,-20.2,0.0,-259.7,-20.1,0.0,
2025年12月13日 18:18:34.109,0.4,0.9,0.4,1.0,2205.0,2057.0, -259.7,-20.0,0.0,-259.7,-20.1,0.0,-259.7,-20.3,0.0,-259.7,-20.1,0.0,
2025年12月13日 18:18:35.111,0.4,0.9,0.4,0.9,2242.0,2057.0, -259.7,-20.1,0.0,-259.7,-20.1,0.0,-259.7,-20.3,0.0,-259.7,-20.1,0.0,
2025年12月13日 18:18:36.109,0.4,0.9,0.4,1.0,2276.0,2054.0, -259.7,-20.0,0.0,-259.7,-20.0,0.0,-259.7,-20.2,0.0,-259.7,-20.1,0.0,
2025年12月13日 18:18:37.110,0.4,1.0,0.4,1.0,2211.0,2022.0, -259.7,-20.0,0.0,-259.7,-20.0,0.0,-259.7,-20.3,0.0,-259.7,-20.1,0.0,
2025年12月13日 18:18:38.110,0.4,0.9,0.4,0.9,2359.0,2007.0, -259.7,-20.0,0.0,-259.7,-20.0,0.0,-259.7,-20.3,0.0,-259.7,-20.1,0.0,
2025年12月13日 18:18:39.110,0.4,0.9,0.4,1.0,2411.0,2012.0, -259.7,-20.1,0.0,-259.7,-20.0,0.0,-259.7,-20.2,0.0,-259.7,-20.1,0.0,
2025年12月13日 18:18:42.111,0.4,0.9,0.3,1.0,2403.0,2019.0, -259.7,-20.1,0.0,-259.7,-20.1,0.0,-259.7,-20.3,0.0,-259.7,-20.1,0.0,
2025年12月13日 18:18:43.123,0.4,1.0,0.4,1.0,2332.0,2016.0, -259.7,-20.0,0.0,-259.7,-20.0,0.0,-259.7,-20.3,0.0,-259.7,-20.1,0.0,
2025年12月13日 18:18:45.126,0.4,0.9,0.4,0.9,2365.0,2002.0, -259.7,-20.1,0.0,-259.7,-20.0,0.0,-259.7,-20.3,0.0,-259.7,-20.1,0.0,
2025年12月13日 18:18:46.120,0.4,0.9,0.4,1.0,2291.0,2038.0, -259.7,-20.0,0.0,-259.7,-20.0,0.0,-259.7,-20.3,0.0,-259.7,-20.2,0.0,
2025年12月13日 18:18:49.131,0.4,0.9,0.4,0.9,2324.0,2020.0, -259.7,-20.0,0.0,-259.7,-20.0,0.0,-259.7,-20.3,0.0,-259.7,-20.2,0.0,
2025年12月13日 18:18:50.132,0.4,0.9,0.4,1.0,2223.0,2092.0, -259.7,-20.0,0.0,-259.7,-20.0,0.0,-259.7,-20.3,0.0,-259.7,-20.1,0.0,
2025年12月13日 18:18:53.138,0.4,0.9,0.3,0.9,2372.0,2017.0, -259.7,-20.0,0.0,-259.7,-20.0,0.0,-259.7,-20.3,0.0,-259.7,-20.2,0.0,
2025年12月13日 18:18:54.139,0.4,0.9,0.4,1.0,2259.0,2035.0, -259.7,-20.0,0.0,-259.7,-20.0,0.0,-259.7,-20.3,0.0,-259.7,-20.1,0.0,
2025年12月13日 18:18:57.142,0.4,0.9,0.4,1.0,2290.0,2031.0, -259.7,-20.0,0.0,-259.7,-20.0,0.0,-259.7,-20.2,0.0,-259.7,-20.1,0.0,
2025年12月13日 18:18:58.139,0.4,0.9,0.4,1.0,2297.0,2016.0, -259.7,-20.1,0.0,-259.7,-20.0,0.0,-259.7,-20.3,0.0,-259.7,-20.1,0.0,
2025年12月13日 18:19:02.133,0.4,0.9,0.4,0.9,2378.0,1968.0, -259.7,-20.1,0.0,-259.7,-20.0,0.0,-259.7,-20.2,0.0,-259.7,-20.1,0.0,
2025年12月13日 18:19:03.144,0.4,0.9,0.4,0.9,2171.0,2059.0, -259.7,-20.0,0.0,-259.7,-20.0,0.0,-259.7,-20.3,0.0,-259.7,-20.1,0.0,
2025年12月13日 18:19:04.149,0.4,0.9,0.4,0.9,2239.0,2060.0, -259.7,-20.0,0.0,-259.7,-20.0,0.0,-259.7,-20.3,0.0,-259.7,-20.1,0.0,
2025年12月13日 18:19:05.152,0.4,1.0,0.4,0.9,2286.0,1983.0, -259.7,-20.0,0.0,-259.7,-20.0,0.0,-259.7,-20.2,0.0,-259.7,-20.1,0.0,
2025年12月13日 18:19:06.161,0.4,0.9,0.4,1.0,2394.0,1983.0, -259.7,-20.0,0.0,-259.7,-20.0,0.0,-259.7,-20.2,0.0,-259.7,-20.1,0.0,
2025年12月13日 18:19:06.188,0.4,0.9,0.4,1.0,2240.0,2102.0, -259.7,-20.1,0.0,-259.7,-20.0,0.0,-259.7,-20.3,0.0,-259.7,-20.1,0.0,
2025年12月13日 18:19:06.215,0.4,0.9,0.4,1.0,2346.0,1999.0, -259.7,-20.0,0.0,-259.7,-20.0,0.0,-259.7,-20.2,0.0,-259.7,-20.1,0.0,
2025年12月13日 18:19:06.243,0.4,0.9,0.4,1.0,2357.0,2012.0, -259.7,-20.0,0.0,-259.7,-20.0,0.0,-259.7,-20.2,0.0,-259.7,-20.1,0.0,
2025年12月13日 18:19:06.269,0.4,0.9,0.4,0.9,2357.0,2012.0, -259.7,-20.0,0.0,-259.7,-20.0,0.0,-259.7,-20.3,0.0,-259.7,-20.1,0.0,
2025年12月13日 18:19:06.295,0.4,0.9,0.4,0.9,2356.0,2009.0, -259.7,-20.0,0.0,-259.7,-20.1,0.0,-259.7,-20.3,0.0,-259.7,-20.1,0.0,
2025年12月13日 18:19:06.309,0.4,0.9,0.4,0.9,2356.0,2009.0, -259.7,-20.0,0.0,-259.7,-20.1,0.0,-259.7,-20.3,0.0,-259.7,-20.1,0.0,
2025年12月13日 18:19:06.336,0.4,0.9,0.4,1.0,2357.0,2002.0, -259.7,-20.0,0.0,-259.7,-20.0,0.0,-259.7,-20.3,0.0,-259.7,-20.1,0.0,
2025年12月13日 18:19:06.363,0.4,0.9,0.4,1.0,2315.0,2027.0, -259.7,-20.0,0.0,-259.7,-20.0,0.0,-259.7,-20.2,0.0,-259.7,-20.1,0.0,
2025年12月13日 18:19:06.388,0.4,0.8,0.4,1.0,2294.0,2047.0, -259.7,-20.1,0.0,-259.7,-20.0,0.0,-259.7,-20.2,0.0,-259.7,-20.2,0.0,
2025年12月13日 18:19:06.415,0.4,1.0,0.4,0.9,2294.0,2047.0, -259.7,-20.1,0.0,-259.7,-20.0,0.0,-259.7,-20.3,0.0,-259.7,-20.1,0.0,
2025年12月13日 18:19:06.442,0.4,1.0,0.4,1.0,2260.0,2020.0, -259.7,-20.0,0.0,-259.7,-20.0,0.0,-259.7,-20.2,0.0,-259.7,-20.1,0.0,
2025年12月13日 18:19:06.469,0.4,0.9,0.4,1.0,2217.0,2083.0, -259.7,-20.0,0.0,-259.7,-20.0,0.0,-259.7,-20.3,0.0,-259.7,-20.1,0.0,
2025年12月13日 18:19:07.156,0.4,0.9,0.4,0.9,2225.0,2064.0, -259.7,-20.1,0.0,-259.7,-20.0,0.0,-259.7,-20.3,0.0,-259.7,-20.1,0.0,
2025年12月13日 18:19:08.156,0.4,0.9,0.4,0.9,2335.0,2018.0, -259.7,-19.9,0.0,-259.7,-20.0,0.0,-259.7,-20.3,0.0,-259.7,-20.1,0.0,
2025年12月13日 18:19:09.157,0.4,0.9,0.4,1.0,2173.0,2067.0, -259.7,-20.1,0.0,-259.7,-20.0,0.0,-259.7,-20.2,0.0,-259.7,-20.1,0.0,
2025年12月13日 18:19:10.159,0.4,0.9,0.4,0.9,2346.0,2034.0, -259.7,-20.0,0.0,-259.7,-20.0,0.0,-259.7,-20.2,0.0,-259.7,-20.1,0.0,
2025年12月13日 18:19:11.157,0.4,0.9,0.4,0.9,2228.0,2081.0, -259.7,-20.0,0.0,-259.7,-20.1,0.0,-259.7,-20.3,0.0,-259.7,-20.1,0.0,
2025年12月13日 18:19:12.156,0.4,0.9,0.4,0.9,2332.0,2005.0, -259.7,-20.1,0.0,-259.7,-20.0,0.0,-259.7,-20.2,0.0,-259.7,-20.1,0.0,
2025年12月13日 18:19:13.157,0.4,0.9,0.4,0.9,2229.0,2032.0, -259.7,-20.1,0.0,-259.7,-20.1,0.0,-259.7,-20.3,0.0,-259.7,-20.1,0.0,
2025年12月13日 18:19:14.157,0.4,0.9,0.4,0.9,2351.0,2016.0, -259.7,-20.0,0.0,-259.7,-20.0,0.0,-259.7,-20.2,0.0,-259.7,-20.1,0.0,
2025年12月13日 18:19:15.157,0.4,0.9,0.4,0.9,2290.0,2023.0, -259.7,-20.1,0.0,-259.7,-20.1,0.0,-259.7,-20.3,0.0,-259.7,-20.1,0.0,
2025年12月13日 18:19:16.157,0.4,0.9,0.4,1.0,2219.0,2061.0, -259.7,-20.0,0.0,-259.7,-20.0,0.0,-259.7,-20.2,0.0,-259.7,-20.1,0.0,
2025年12月13日 18:19:17.157,0.4,0.9,0.4,0.9,2428.0,2000.0, -259.7,-20.0,0.0,-259.7,-20.0,0.0,-259.7,-20.3,0.0,-259.7,-20.1,0.0,
2025年12月13日 18:19:18.156,0.4,0.9,0.4,1.0,2205.0,2092.0, -259.7,-20.0,0.0,-259.7,-20.0,0.0,-259.7,-20.3,0.0,-259.7,-20.1,0.0,
2025年12月13日 18:19:19.157,0.4,0.9,0.4,0.9,2392.0,2009.0, -259.7,-20.1,0.0,-259.7,-20.1,0.0,-259.7,-20.3,0.0,-259.7,-20.1,0.0,
2025年12月13日 18:19:20.156,0.4,0.9,0.4,1.0,2423.0,1999.0, -259.7,-20.0,0.0,-259.7,-20.0,0.0,-259.7,-20.3,0.0,-259.7,-20.1,0.0,
2025年12月13日 18:19:21.157,0.4,0.8,0.4,1.0,2215.0,2026.0, -259.7,-20.0,0.0,-259.7,-20.0,0.0,-259.7,-20.2,0.0,-259.7,-20.1,0.0,
2025年12月13日 18:19:22.157,0.4,0.9,0.3,0.9,2403.0,2026.0, -259.7,-20.0,0.0,-259.7,-20.1,0.0,-259.7,-20.3,0.0,-259.7,-20.1,0.0,
2025年12月13日 18:19:23.156,0.4,0.9,0.4,1.0,2336.0,2029.0, -259.7,-20.0,0.0,-259.7,-20.0,0.0,-259.7,-20.2,0.0,-259.7,-20.1,0.0,
2025年12月13日 18:19:24.157,0.4,0.9,0.4,1.0,2349.0,2018.0, -259.7,-20.0,0.0,-259.7,-20.1,0.0,-259.7,-20.3,0.0,-259.7,-20.1,0.0,
2025年12月13日 18:19:25.156,0.4,0.9,0.4,1.0,2355.0,2001.0, -259.7,-20.1,0.0,-259.7,-20.0,0.0,-259.7,-20.2,0.0,-259.7,-20.1,0.0,
2025年12月13日 18:19:26.164,0.4,0.9,0.4,0.9,2347.0,2029.0, -259.7,-20.0,0.0,-259.7,-20.0,0.0,-259.7,-20.3,0.0,-259.7,-20.1,0.0,
2025年12月13日 18:19:27.155,0.4,0.9,0.4,1.0,2352.0,2005.0, -259.7,-20.0,0.0,-259.7,-20.0,0.0,-259.7,-20.2,0.0,-259.7,-20.1,0.0,
2025年12月13日 18:19:28.157,0.4,0.8,0.3,0.9,2358.0,1953.0, -259.7,-20.1,0.0,-259.7,-20.1,0.0,-259.7,-20.2,0.0,-259.7,-20.1,0.0,
2025年12月13日 18:19:29.158,0.4,0.9,0.4,1.0,2275.0,2048.0, -259.7,-20.0,0.0,-259.7,-20.0,0.0,-259.7,-20.2,0.0,-259.7,-20.1,0.0,
2025年12月13日 18:19:30.163,0.4,0.9,0.4,0.9,2355.0,1964.0, -259.7,-20.1,0.0,-259.7,-20.1,0.0,-259.7,-20.3,0.0,-259.7,-20.1,0.0,
2025年12月13日 18:19:31.157,0.4,0.9,0.4,0.9,2225.0,2025.0, -259.7,-20.0,0.0,-259.7,-20.0,0.0,-259.7,-20.3,0.0,-259.7,-20.1,0.0,
2025年12月13日 18:19:32.157,0.4,0.8,0.4,1.0,2248.0,2034.0, -259.7,-20.1,0.0,-259.7,-20.1,0.0,-259.7,-20.3,0.0,-259.7,-20.1,0.0,
2025年12月13日 18:19:33.156,0.4,0.9,0.4,1.0,2368.0,2014.0, -259.7,-20.1,0.0,-259.7,-20.1,0.0,-259.7,-20.3,0.0,-259.7,-20.1,0.0,
2025年12月13日 18:19:34.157,0.4,0.9,0.4,0.9,2403.0,2010.0, -259.7,-20.1,0.0,-259.7,-20.1,0.0,-259.7,-20.3,0.0,-259.7,-20.1,0.0,
2025年12月13日 18:19:35.157,0.4,0.9,0.4,1.0,2375.0,1966.0, -259.7,-20.1,0.0,-259.7,-20.1,0.0,-259.7,-20.3,0.0,-259.7,-20.1,0.0,
2025年12月13日 18:19:36.156,0.4,0.9,0.4,0.9,2247.0,2017.0, -259.7,-20.0,0.0,-259.7,-20.0,0.0,-259.7,-20.3,0.0,-259.7,-20.1,0.0,
2025年12月13日 18:19:37.157,0.4,0.9,0.4,1.0,2261.0,2008.0, -259.7,-20.0,0.0,-259.7,-20.0,0.0,-259.7,-20.2,0.0,-259.7,-20.2,0.0,
2025年12月13日 18:19:38.157,0.4,0.9,0.4,0.9,2257.0,2026.0, -259.7,-20.0,0.0,-259.7,-20.0,0.0,-259.7,-20.3,0.0,-259.7,-20.1,0.0,
2025年12月13日 18:19:39.157,0.4,0.9,0.4,0.9,2268.0,2026.0, -259.7,-20.0,0.0,-259.7,-20.0,0.0,-259.7,-20.2,0.0,-259.7,-20.1,0.0,
2025年12月13日 18:19:40.157,0.4,0.9,0.4,1.0,2369.0,2018.0, -259.7,-20.0,0.0,-259.7,-20.1,0.0,-259.7,-20.3,0.0,-259.7,-20.1,0.0,
2025年12月13日 18:19:41.157,0.4,0.9,0.4,1.0,2381.0,1975.0, -259.7,-20.1,0.0,-259.7,-20.0,0.0,-259.7,-20.2,0.0,-259.7,-20.1,0.0,
2025年12月13日 18:19:42.156,0.4,0.9,0.4,1.0,2318.0,1974.0, -259.7,-20.1,0.0,-259.7,-20.0,0.0,-259.7,-20.3,0.0,-259.7,-20.1,0.0,
2025年12月13日 18:19:43.157,0.4,0.9,0.4,0.9,2169.0,2042.0, -259.7,-20.1,0.0,-259.7,-20.1,0.0,-259.7,-20.3,0.0,-259.7,-20.1,0.0,
2025年12月13日 18:19:44.157,0.4,0.9,0.4,1.0,2307.0,1984.0, -259.7,-20.0,0.0,-259.7,-20.0,0.0,-259.7,-20.3,0.0,-259.7,-20.2,0.0,
2025年12月13日 18:19:45.157,0.4,0.9,0.4,0.9,2365.0,2013.0, -259.7,-20.1,0.0,-259.7,-20.1,0.0,-259.7,-20.3,0.0,-259.7,-20.1,0.0,
2025年12月13日 18:19:46.156,0.4,0.9,0.4,1.0,2364.0,2007.0, -259.7,-20.0,0.0,-259.7,-20.0,0.0,-259.7,-20.2,0.0,-259.7,-20.1,0.0,
2025年12月13日 18:19:47.157,0.4,0.9,0.4,0.9,2373.0,2027.0, -259.7,-20.0,0.0,-259.7,-20.0,0.0,-259.7,-20.2,0.0,-259.7,-20.1,0.0,
2025年12月13日 18:19:48.157,0.4,0.9,0.4,1.0,2385.0,1989.0, -259.7,-20.0,0.0,-259.7,-20.0,0.0,-259.7,-20.3,0.0,-259.7,-20.1,0.0,
2025年12月13日 18:19:49.158,0.4,0.9,0.4,1.0,2369.0,1967.0, -259.7,-20.0,0.0,-259.7,-20.0,0.0,-259.7,-20.3,0.0,-259.7,-20.1,0.0,
2025年12月13日 18:19:50.157,0.4,1.0,0.4,1.0,2170.0,2058.0, -259.7,-20.0,0.0,-259.7,-20.0,0.0,-259.7,-20.3,0.0,-259.7,-20.1,0.0,
2025年12月13日 18:19:51.156,0.4,0.9,0.4,1.0,2365.0,1973.0, -259.7,-20.1,0.0,-259.7,-20.0,0.0,-259.7,-20.3,0.0,-259.7,-20.1,0.0,
2025年12月13日 18:19:52.157,0.4,0.9,0.4,1.0,2301.0,1971.0, -259.7,-20.0,0.0,-259.7,-20.0,0.0,-259.7,-20.2,0.0,-259.7,-20.1,0.0,
2025年12月13日 18:19:53.157,0.4,0.8,0.4,0.9,2364.0,2001.0, -259.7,-20.1,0.0,-259.7,-20.0,0.0,-259.7,-20.2,0.0,-259.7,-20.2,0.0,
2025年12月13日 18:19:54.157,0.4,0.9,0.4,0.9,2290.0,2042.0, -259.7,-20.1,0.0,-259.7,-20.0,0.0,-259.7,-20.3,0.0,-259.7,-20.1,0.0,
2025年12月13日 18:19:55.156,0.4,0.9,0.4,0.9,2226.0,1996.0, -259.7,-20.1,0.0,-259.7,-20.1,0.0,-259.7,-20.2,0.0,-259.7,-20.1,0.0,
2025年12月13日 18:19:56.157,0.4,0.9,0.4,0.9,2214.0,2018.0, -259.7,-20.1,0.0,-259.7,-20.1,0.0,-259.7,-20.3,0.0,-259.7,-20.1,0.0,
2025年12月13日 18:19:57.156,0.4,0.8,0.4,1.0,2351.0,2015.0, -259.7,-20.0,0.0,-259.7,-20.0,0.0,-259.7,-20.3,0.0,-259.7,-20.1,0.0,
2025年12月13日 18:19:58.157,0.4,0.9,0.4,1.0,2346.0,1993.0, -259.7,-20.1,0.0,-259.7,-20.1,0.0,-259.7,-20.3,0.0,-259.7,-20.1,0.0,
2025年12月13日 18:19:59.156,0.4,0.8,0.4,1.0,2399.0,1980.0, -259.7,-20.0,0.0,-259.7,-20.0,0.0,-259.7,-20.2,0.0,-259.7,-20.1,0.0,
2025年12月13日 18:20:00.156,0.4,0.9,0.4,1.0,2265.0,1997.0, -259.7,-20.0,0.0,-259.7,-20.0,0.0,-259.7,-20.2,0.0,-259.7,-20.1,0.0,
2025年12月13日 18:20:01.156,0.4,0.9,0.4,0.9,2285.0,2044.0, -259.7,-20.0,0.0,-259.7,-20.1,0.0,-259.7,-20.3,0.0,-259.7,-20.1,0.0,
2025年12月13日 18:20:02.156,0.3,0.8,0.4,0.9,2252.0,2003.0, -259.7,-20.1,0.0,-259.7,-20.0,0.0,-259.7,-20.3,0.0,-259.7,-20.2,0.0,
2025年12月13日 18:20:03.156,0.4,0.9,0.4,0.9,2356.0,1994.0, -259.7,-20.0,0.0,-259.7,-20.0,0.0,-259.7,-20.3,0.0,-259.7,-20.1,0.0,
2025年12月13日 18:20:04.157,0.4,0.9,0.4,1.0,2367.0,1946.0, -259.7,-20.0,0.0,-259.7,-20.1,0.0,-259.7,-20.3,0.0,-259.7,-20.1,0.0,
2025年12月13日 18:20:05.158,0.4,0.9,0.4,1.0,2338.0,1945.0, -259.7,-20.1,0.0,-259.7,-20.0,0.0,-259.7,-20.2,0.0,-259.7,-20.1,0.0,
2025年12月13日 18:20:06.156,0.4,1.0,0.4,1.0,2276.0,2017.0, -259.7,-20.0,0.0,-259.7,-20.1,0.0,-259.7,-20.3,0.0,-259.7,-20.1,0.0,
2025年12月13日 18:20:07.156,0.4,0.9,0.4,1.0,2419.0,1986.0, -259.7,-20.1,0.0,-259.7,-20.0,0.0,-259.7,-20.3,0.0,-259.7,-20.1,0.0,
2025年12月13日 18:20:08.155,0.4,0.8,0.3,0.9,2358.0,2011.0, -259.7,-20.1,0.0,-259.7,-20.1,0.0,-259.7,-20.3,0.0,-259.7,-20.1,0.0,
2025年12月13日 18:20:09.156,0.4,0.9,0.4,0.9,2208.0,2029.0, -259.7,-20.0,0.0,-259.7,-20.0,0.0,-259.7,-20.3,0.0,-259.7,-20.1,0.0,
2025年12月13日 18:20:10.157,0.4,0.8,0.4,0.9,2386.0,1955.0, -259.7,-20.1,0.0,-259.7,-20.0,0.0,-259.7,-20.3,0.0,-259.7,-20.1,0.0,
2025年12月13日 18:20:11.157,0.4,0.9,0.4,0.9,2337.0,2045.0, -259.7,-20.0,0.0,-259.7,-20.0,0.0,-259.7,-20.3,0.0,-259.7,-20.1,0.0,
2025年12月13日 18:20:12.156,0.4,0.8,0.4,0.9,2270.0,2010.0, -259.7,-20.1,0.0,-259.7,-20.0,0.0,-259.7,-20.3,0.0,-259.7,-20.1,0.0,
2025年12月13日 18:20:13.157,0.4,0.9,0.4,1.0,2413.0,1994.0, -259.7,-20.0,0.0,-259.7,-20.0,0.0,-259.7,-20.2,0.0,-259.7,-20.1,0.0,
2025年12月13日 18:20:14.156,0.4,0.9,0.4,0.9,2293.0,2030.0, -259.7,-20.0,0.0,-259.7,-20.0,0.0,-259.7,-20.3,0.0,-259.7,-20.1,0.0,
2025年12月13日 18:20:15.157,0.4,0.9,0.4,1.0,2130.0,2070.0, -259.7,-20.0,0.0,-259.7,-20.1,0.0,-259.7,-20.3,0.0,-259.7,-20.1,0.0,
2025年12月13日 18:20:16.157,0.4,0.9,0.4,0.9,2307.0,1948.0, -259.7,-20.1,0.0,-259.7,-20.0,0.0,-259.7,-20.3,0.0,-259.7,-20.1,0.0,
2025年12月13日 18:20:17.156,0.4,0.9,0.4,1.0,2320.0,2018.0, -259.7,-20.0,0.0,-259.7,-20.0,0.0,-259.7,-20.2,0.0,-259.7,-20.1,0.0,
2025年12月13日 18:20:18.157,0.4,0.9,0.4,0.9,2269.0,1993.0, -259.7,-20.0,0.0,-259.7,-20.1,0.0,-259.7,-20.3,0.0,-259.7,-20.2,0.0,
2025年12月13日 18:20:19.156,0.4,0.9,0.4,0.9,2286.0,2028.0, -259.7,-20.0,0.0,-259.7,-20.1,0.0,-259.7,-20.2,0.0,-259.7,-20.1,0.0,
2025年12月13日 18:20:20.157,0.4,0.9,0.4,1.0,2307.0,2022.0, -259.7,-20.0,0.0,-259.7,-20.0,0.0,-259.7,-20.3,0.0,-259.7,-20.1,0.0,
2025年12月13日 18:20:21.157,0.4,0.9,0.4,1.0,2281.0,2007.0, -259.7,-20.1,0.0,-259.7,-20.0,0.0,-259.7,-20.2,0.0,-259.7,-20.1,0.0,
2025年12月13日 18:20:22.157,0.4,0.8,0.4,1.0,2207.0,2036.0, -259.7,-20.0,0.0,-259.7,-20.0,0.0,-259.7,-20.2,0.0,-259.7,-20.2,0.0,
2025年12月13日 18:20:23.156,0.4,0.9,0.4,0.9,2349.0,1963.0, -259.7,-20.1,0.0,-259.7,-20.0,0.0,-259.7,-20.2,0.0,-259.7,-20.1,0.0,
2025年12月13日 18:20:24.156,0.4,0.9,0.3,0.9,2290.0,2035.0, -259.7,-20.0,0.0,-259.7,-20.1,0.0,-259.7,-20.3,0.0,-259.7,-20.1,0.0,
2025年12月13日 18:20:25.156,0.4,0.9,0.4,0.9,2346.0,1985.0, -259.7,-20.0,0.0,-259.7,-20.0,0.0,-259.7,-20.2,0.0,-259.7,-20.1,0.0,
2025年12月13日 18:20:26.156,0.4,0.9,0.4,1.0,2373.0,1963.0, -259.7,-20.0,0.0,-259.7,-20.0,0.0,-259.7,-20.3,0.0,-259.7,-20.1,0.0,
2025年12月13日 18:20:27.156,0.4,0.9,0.4,0.9,2195.0,2096.0, -259.7,-20.0,0.0,-259.7,-20.1,0.0,-259.7,-20.3,0.0,-259.7,-20.1,0.0,
2025年12月13日 18:20:28.157,0.4,0.9,0.4,0.9,2331.0,1932.0, -259.7,-20.0,0.0,-259.7,-20.0,0.0,-259.7,-20.3,0.0,-259.7,-20.1,0.0,
2025年12月13日 18:20:29.157,0.4,0.9,0.4,0.9,2370.0,1983.0, -259.7,-20.1,0.0,-259.7,-20.0,0.0,-259.7,-20.2,0.0,-259.7,-20.1,0.0,
2025年12月13日 18:20:30.156,0.4,0.9,0.4,1.0,2212.0,2038.0, -259.7,-20.0,0.0,-259.7,-20.0,0.0,-259.7,-20.3,0.0,-259.7,-20.1,0.0,
2025年12月13日 18:20:31.156,0.4,0.9,0.4,0.9,2371.0,1965.0, -259.7,-20.0,0.0,-259.7,-20.1,0.0,-259.7,-20.3,0.0,-259.7,-20.2,0.0,
2025年12月13日 18:20:32.157,0.4,0.8,0.4,0.9,2368.0,1983.0, -259.7,-20.1,0.0,-259.7,-20.0,0.0,-259.7,-20.3,0.0,-259.7,-20.1,0.0,
2025年12月13日 18:20:33.157,0.4,0.9,0.4,1.0,2226.0,2044.0, -259.7,-20.1,0.0,-259.7,-20.0,0.0,-259.7,-20.2,0.0,-259.7,-20.1,0.0,
2025年12月13日 18:20:34.157,0.4,0.9,0.4,0.9,2394.0,2014.0, -259.7,-20.0,0.0,-259.7,-20.1,0.0,-259.7,-20.3,0.0,-259.7,-20.1,0.0,
2025年12月13日 18:20:35.156,0.4,0.9,0.4,1.0,2172.0,2064.0, -259.7,-20.0,0.0,-259.7,-20.0,0.0,-259.7,-20.3,0.0,-259.7,-20.1,0.0,
2025年12月13日 18:20:36.156,0.4,0.9,0.4,0.9,2287.0,2008.0, -259.7,-20.0,0.0,-259.7,-20.0,0.0,-259.7,-20.2,0.0,-259.7,-20.1,0.0,
2025年12月13日 18:20:37.158,0.4,0.9,0.4,1.0,2279.0,2046.0, -259.7,-20.0,0.0,-259.7,-20.0,0.0,-259.7,-20.3,0.0,-259.7,-20.1,0.0,
2025年12月13日 18:20:38.156,0.4,0.9,0.4,1.0,2291.0,2027.0, -259.7,-20.1,0.0,-259.7,-20.0,0.0,-259.7,-20.3,0.0,-259.7,-20.1,0.0,
2025年12月13日 18:20:39.157,0.4,0.9,0.4,1.0,2393.0,1942.0, -259.7,-20.1,0.0,-259.7,-20.1,0.0,-259.7,-20.3,0.0,-259.7,-20.1,0.0,
2025年12月13日 18:20:40.157,0.4,0.9,0.4,0.9,2357.0,1945.0, -259.7,-20.1,0.0,-259.7,-20.1,0.0,-259.7,-20.3,0.0,-259.7,-20.1,0.0,
2025年12月13日 18:20:41.157,0.4,0.9,0.4,0.9,2290.0,2027.0, -259.7,-20.1,0.0,-259.7,-20.1,0.0,-259.7,-20.3,0.0,-259.7,-20.1,0.0,
2025年12月13日 18:20:42.156,0.4,0.9,0.4,1.0,2354.0,1987.0, -259.7,-20.0,0.0,-259.7,-20.0,0.0,-259.7,-20.3,0.0,-259.7,-20.2,0.0,
2025年12月13日 18:20:43.156,0.4,0.9,0.4,1.0,2349.0,1972.0, -259.7,-20.0,0.0,-259.7,-20.1,0.0,-259.7,-20.3,0.0,-259.7,-20.1,0.0,
2025年12月13日 18:20:44.157,0.4,0.9,0.4,0.9,2239.0,2002.0, -259.7,-20.0,0.0,-259.7,-20.0,0.0,-259.7,-20.3,0.0,-259.7,-20.1,0.0,
2025年12月13日 18:20:45.156,0.4,0.9,0.4,1.0,2266.0,2051.0, -259.7,-20.1,0.0,-259.7,-20.0,0.0,-259.7,-20.3,0.0,-259.7,-20.1,0.0,
2025年12月13日 18:20:46.156,0.4,0.8,0.3,0.9,2370.0,2004.0, -259.7,-20.1,0.0,-259.7,-20.1,0.0,-259.7,-20.3,0.0,-259.7,-20.1,0.0,
2025年12月13日 18:20:47.155,0.4,0.9,0.4,0.9,2386.0,1966.0, -259.7,-20.1,0.0,-259.7,-20.0,0.0,-259.7,-20.3,0.0,-259.7,-20.1,0.0,
2025年12月13日 18:20:48.156,0.4,0.9,0.4,0.9,2378.0,1994.0, -259.7,-20.1,0.0,-259.7,-20.1,0.0,-259.7,-20.3,0.0,-259.7,-20.1,0.0,
2025年12月13日 18:20:49.155,0.4,0.9,0.4,0.9,2402.0,1974.0, -259.7,-20.1,0.0,-259.7,-20.0,0.0,-259.7,-20.3,0.0,-259.7,-20.1,0.0,
2025年12月13日 18:20:50.156,0.4,0.9,0.4,0.9,2335.0,2025.0, -259.7,-20.1,0.0,-259.7,-20.0,0.0,-259.7,-20.2,0.0,-259.7,-20.1,0.0,
2025年12月13日 18:20:51.157,0.4,0.9,0.4,1.0,2282.0,2039.0, -259.7,-20.0,0.0,-259.7,-20.0,0.0,-259.7,-20.2,0.0,-259.7,-20.1,0.0,
2025年12月13日 18:20:52.157,0.4,0.9,0.4,1.0,2263.0,2028.0, -259.7,-20.0,0.0,-259.7,-20.0,0.0,-259.7,-20.3,0.0,-259.7,-20.1,0.0,
2025年12月13日 18:20:53.157,0.4,0.9,0.4,1.0,2320.0,1993.0, -259.7,-20.0,0.0,-259.7,-20.0,0.0,-259.7,-20.3,0.0,-259.7,-20.1,0.0,
2025年12月13日 18:20:54.157,0.4,0.9,0.3,0.9,2314.0,1990.0, -259.7,-20.0,0.0,-259.7,-20.1,0.0,-259.7,-20.3,0.0,-259.7,-20.1,0.0,
2025年12月13日 18:20:55.157,0.4,0.9,0.4,1.0,2294.0,2048.0, -259.7,-20.1,0.0,-259.7,-20.0,0.0,-259.7,-20.3,0.0,-259.7,-20.1,0.0,
2025年12月13日 18:20:56.156,0.4,0.9,0.4,1.0,2336.0,2004.0, -259.7,-20.0,0.0,-259.7,-20.0,0.0,-259.7,-20.3,0.0,-259.7,-20.1,0.0,
2025年12月13日 18:20:57.157,0.4,0.9,0.4,0.9,2234.0,2052.0, -259.7,-20.1,0.0,-259.7,-20.0,0.0,-259.7,-20.3,0.0,-259.7,-20.1,0.0,
2025年12月13日 18:20:58.157,0.4,0.9,0.4,1.0,2347.0,1978.0, -259.7,-20.1,0.0,-259.7,-20.0,0.0,-259.7,-20.3,0.0,-259.7,-20.2,0.0,
2025年12月13日 18:20:59.157,0.4,0.9,0.4,0.9,2272.0,2061.0, -259.7,-20.1,0.0,-259.7,-20.1,0.0,-259.7,-20.3,0.0,-259.7,-20.1,0.0,
2025年12月13日 18:21:00.157,0.4,0.9,0.4,0.9,2419.0,2002.0, -259.7,-20.0,0.0,-259.7,-20.0,0.0,-259.7,-20.2,0.0,-259.7,-20.1,0.0,
2025年12月13日 18:21:01.157,0.4,0.9,0.4,1.0,2320.0,2020.0, -259.7,-20.0,0.0,-259.7,-20.1,0.0,-259.7,-20.2,0.0,-259.7,-20.1,0.0,
2025年12月13日 18:21:02.156,0.4,0.9,0.4,1.0,2364.0,2007.0, -259.7,-20.0,0.0,-259.7,-20.0,0.0,-259.7,-20.3,0.0,-259.7,-20.1,0.0,
2025年12月13日 18:21:03.157,0.4,0.9,0.4,1.0,2293.0,1954.0, -259.7,-20.0,0.0,-259.7,-20.1,0.0,-259.7,-20.2,0.0,-259.7,-20.1,0.0,
2025年12月13日 18:21:04.156,0.4,0.9,0.4,0.9,2278.0,1976.0, -259.7,-20.0,0.0,-259.7,-20.0,0.0,-259.7,-20.2,0.0,-259.7,-20.1,0.0,
2025年12月13日 18:21:05.156,0.4,0.9,0.4,0.9,2367.0,1954.0, -259.7,-20.0,0.0,-259.7,-20.0,0.0,-259.7,-20.3,0.0,-259.7,-20.1,0.0,
2025年12月13日 18:21:06.156,0.4,0.9,0.4,1.0,2314.0,2027.0, -259.7,-20.0,0.0,-259.7,-20.0,0.0,-259.7,-20.2,0.0,-259.7,-20.1,0.0,
2025年12月13日 18:21:07.156,0.4,0.9,0.4,1.0,2318.0,1996.0, -259.7,-20.0,0.0,-259.7,-20.1,0.0,-259.7,-20.2,0.0,-259.7,-20.2,0.0,
2025年12月13日 18:21:08.156,0.4,0.9,0.4,1.0,2392.0,2044.0, -259.7,-20.0,0.0,-259.7,-20.0,0.0,-259.7,-20.3,0.0,-259.7,-20.1,0.0,
2025年12月13日 18:21:09.157,0.4,0.9,0.4,0.9,2297.0,1976.0, -259.7,-20.0,0.0,-259.7,-20.1,0.0,-259.7,-20.3,0.0,-259.7,-20.1,0.0,
2025年12月13日 18:21:10.157,0.4,0.9,0.4,0.9,2297.0,1961.0, -259.7,-20.0,0.0,-259.7,-20.0,0.0,-259.7,-20.3,0.0,-259.7,-20.1,0.0,
2025年12月13日 18:21:11.157,0.4,0.9,0.4,0.9,2248.0,2063.0, -259.7,-20.1,0.0,-259.7,-20.1,0.0,-259.7,-20.3,0.0,-259.7,-20.1,0.0,
2025年12月13日 18:21:12.156,0.4,0.9,0.4,1.0,2402.0,1974.0, -259.7,-20.0,0.0,-259.7,-20.0,0.0,-259.7,-20.3,0.0,-259.7,-20.1,0.0,
2025年12月13日 18:21:13.156,0.4,0.9,0.4,0.9,2419.0,1985.0, -259.7,-20.0,0.0,-259.7,-20.0,0.0,-259.7,-20.3,0.0,-259.7,-20.1,0.0,
2025年12月13日 18:21:14.156,0.4,0.9,0.4,1.0,2202.0,2009.0, -259.7,-20.1,0.0,-259.7,-20.1,0.0,-259.7,-20.3,0.0,-259.7,-20.1,0.0,
2025年12月13日 18:21:15.157,0.4,0.9,0.4,0.9,2309.0,2015.0, -259.7,-20.0,0.0,-259.7,-20.0,0.0,-259.7,-20.2,0.0,-259.7,-20.1,0.0,
2025年12月13日 18:21:16.155,0.4,0.9,0.4,1.0,2324.0,1958.0, -259.7,-20.1,0.0,-259.7,-20.1,0.0,-259.7,-20.3,0.0,-259.7,-20.1,0.0,
2025年12月13日 18:21:17.157,0.4,0.9,0.4,1.0,2323.0,2034.0, -259.7,-20.1,0.0,-259.7,-20.1,0.0,-259.7,-20.3,0.0,-259.7,-20.1,0.0,
2025年12月13日 18:21:18.159,0.4,0.9,0.4,0.9,2422.0,1967.0, -259.7,-20.0,0.0,-259.7,-20.0,0.0,-259.7,-20.3,0.0,-259.7,-20.1,0.0,
2025年12月13日 18:21:19.159,0.4,0.9,0.4,1.0,2342.0,1956.0, -259.7,-20.0,0.0,-259.7,-20.0,0.0,-259.7,-20.3,0.0,-259.7,-20.1,0.0,
2025年12月13日 18:21:20.170,0.4,0.9,0.4,0.9,2353.0,2014.0, -259.7,-20.1,0.0,-259.7,-20.0,0.0,-259.7,-20.3,0.0,-259.7,-20.1,0.0,
2025年12月13日 18:21:21.162,0.4,1.0,0.4,0.9,2286.0,1963.0, -259.7,-20.0,0.0,-259.7,-20.0,0.0,-259.7,-20.2,0.0,-259.7,-20.1,0.0,
2025年12月13日 18:21:22.159,0.4,0.9,0.4,0.9,2219.0,2047.0, -259.7,-20.0,0.0,-259.7,-20.0,0.0,-259.7,-20.3,0.0,-259.7,-20.1,0.0,
2025年12月13日 18:21:23.168,0.4,0.9,0.4,1.0,2338.0,2031.0, -259.7,-20.0,0.0,-259.7,-20.0,0.0,-259.7,-20.3,0.0,-259.7,-20.1,0.0,
2025年12月13日 18:21:24.185,0.4,0.9,0.4,0.9,2227.0,2033.0, -259.7,-20.1,0.0,-259.7,-20.0,0.0,-259.7,-20.3,0.0,-259.7,-20.1,0.0,
2025年12月13日 18:21:25.163,0.4,0.9,0.4,0.9,2377.0,2037.0, -259.7,-20.0,0.0,-259.7,-20.0,0.0,-259.7,-20.3,0.0,-259.7,-20.1,0.0,
2025年12月13日 18:21:26.161,0.4,0.9,0.4,0.9,2192.0,2048.0, -259.7,-20.0,0.0,-259.7,-20.0,0.0,-259.7,-20.2,0.0,-259.7,-20.2,0.0,
2025年12月13日 18:21:27.161,0.4,0.9,0.4,1.0,2347.0,1980.0, -259.7,-20.0,0.0,-259.7,-20.0,0.0,-259.7,-20.2,0.0,-259.7,-20.1,0.0,
2025年12月13日 18:21:28.169,0.4,0.9,0.4,1.0,2258.0,2030.0, -259.7,-20.1,0.0,-259.7,-20.0,0.0,-259.7,-20.3,0.0,-259.7,-20.1,0.0,
2025年12月13日 18:21:29.157,0.4,0.8,0.4,1.0,2290.0,2046.0, -259.7,-20.1,0.0,-259.7,-20.1,0.0,-259.7,-20.3,0.0,-259.7,-20.1,0.0,
2025年12月13日 18:21:30.163,0.4,1.0,0.4,1.0,2345.0,2011.0, -259.7,-20.0,0.0,-259.7,-20.0,0.0,-259.7,-20.3,0.0,-259.7,-20.1,0.0,
2025年12月13日 18:21:31.161,0.4,0.9,0.4,0.9,2359.0,2003.0, -259.7,-20.1,0.0,-259.7,-20.0,0.0,-259.7,-20.3,0.0,-259.7,-20.1,0.0,
2025年12月13日 18:21:32.170,0.4,0.9,0.4,0.9,2347.0,2009.0, -259.7,-20.0,0.0,-259.7,-20.0,0.0,-259.7,-20.2,0.0,-259.7,-20.1,0.0,
2025年12月13日 18:21:33.168,0.4,0.9,0.4,0.9,2312.0,2038.0, -259.7,-20.0,0.0,-259.7,-20.0,0.0,-259.7,-20.2,0.0,-259.7,-20.1,0.0,
2025年12月13日 18:21:34.168,0.4,0.9,0.4,1.0,2326.0,1988.0, -259.7,-20.1,0.0,-259.7,-20.1,0.0,-259.7,-20.3,0.0,-259.7,-20.1,0.0,
2025年12月13日 18:21:35.165,0.4,0.9,0.4,1.0,2262.0,2042.0, -259.7,-20.1,0.0,-259.7,-20.1,0.0,-259.7,-20.3,0.0,-259.7,-20.1,0.0,
2025年12月13日 18:21:36.164,0.4,0.9,0.4,1.0,2297.0,1980.0, -259.7,-20.1,0.0,-259.7,-20.1,0.0,-259.7,-20.2,0.0,-259.7,-20.1,0.0,
2025年12月13日 18:21:37.163,0.3,0.9,0.3,0.8,2334.0,1989.0, -259.7,-20.0,0.0,-259.7,-20.0,0.0,-259.7,-20.3,0.0,-259.7,-20.1,0.0,
2025年12月13日 18:21:38.167,0.4,0.9,0.4,1.0,2278.0,2035.0, -259.7,-20.0,0.0,-259.7,-20.0,0.0,-259.7,-20.3,0.0,-259.7,-20.1,0.0,
2025年12月13日 18:21:39.162,0.4,0.9,0.3,0.9,2315.0,2043.0, -259.7,-20.1,0.0,-259.7,-20.1,0.0,-259.7,-20.2,0.0,-259.7,-20.1,0.0,
2025年12月13日 18:21:40.158,0.4,0.9,0.4,1.0,2154.0,2059.0, -259.7,-20.0,0.0,-259.7,-20.0,0.0,-259.7,-20.2,0.0,-259.7,-20.1,0.0,
2025年12月13日 18:21:41.169,0.4,0.9,0.4,1.0,2310.0,2003.0, -259.7,-20.0,0.0,-259.7,-20.1,0.0,-259.7,-20.2,0.0,-259.7,-20.1,0.0,
2025年12月13日 18:21:42.163,0.4,0.9,0.4,0.9,2362.0,1947.0, -259.7,-20.1,0.0,-259.7,-20.0,0.0,-259.7,-20.3,0.0,-259.7,-20.1,0.0,
2025年12月13日 18:21:43.160,0.4,0.8,0.3,0.9,2241.0,1995.0, -259.7,-20.1,0.0,-259.7,-20.0,0.0,-259.7,-20.3,0.0,-259.7,-20.1,0.0,
2025年12月13日 18:21:44.158,0.4,0.8,0.4,1.0,2357.0,1992.0, -259.7,-20.1,0.0,-259.7,-20.1,0.0,-259.7,-20.3,0.0,-259.7,-20.1,0.0,
2025年12月13日 18:21:45.156,0.4,0.8,0.4,0.9,2174.0,2022.0, -259.7,-20.0,0.0,-259.7,-20.0,0.0,-259.7,-20.3,0.0,-259.7,-20.1,0.0,
2025年12月13日 18:21:46.156,0.4,0.8,0.4,0.9,2341.0,1937.0, -259.7,-20.1,0.0,-259.7,-20.1,0.0,-259.7,-20.3,0.0,-259.7,-20.1,0.0,
2025年12月13日 18:21:47.168,0.4,0.9,0.4,1.0,2319.0,1995.0, -259.7,-20.0,0.0,-259.7,-20.0,0.0,-259.7,-20.2,0.0,-259.7,-20.1,0.0,
2025年12月13日 18:21:48.156,0.4,0.8,0.4,0.9,2420.0,1971.0, -259.7,-20.0,0.0,-259.7,-20.1,0.0,-259.7,-20.3,0.0,-259.7,-20.2,0.0,
2025年12月13日 18:21:49.155,0.4,0.9,0.4,1.0,2267.0,2023.0, -259.7,-20.1,0.0,-259.7,-20.0,0.0,-259.7,-20.3,0.0,-259.7,-20.1,0.0,
2025年12月13日 18:21:50.156,0.4,0.9,0.4,1.0,2228.0,2027.0, -259.7,-20.1,0.0,-259.7,-20.0,0.0,-259.7,-20.2,0.0,-259.7,-20.1,0.0,
2025年12月13日 18:21:51.155,0.4,0.8,0.4,1.0,2238.0,2033.0, -259.7,-20.0,0.0,-259.7,-20.0,0.0,-259.7,-20.3,0.0,-259.7,-20.2,0.0,
2025年12月13日 18:21:52.156,0.4,0.9,0.4,1.0,2377.0,2008.0, -259.7,-20.1,0.0,-259.7,-20.1,0.0,-259.7,-20.3,0.0,-259.7,-20.1,0.0,
2025年12月13日 18:21:53.157,0.4,0.9,0.4,0.9,2295.0,2047.0, -259.7,-20.1,0.0,-259.7,-20.0,0.0,-259.7,-20.2,0.0,-259.7,-20.1,0.0,
2025年12月13日 18:21:54.156,0.4,0.9,0.4,0.9,2239.0,1994.0, -259.7,-20.0,0.0,-259.7,-20.1,0.0,-259.7,-20.3,0.0,-259.7,-20.1,0.0,
2025年12月13日 18:21:55.156,0.4,0.9,0.4,0.9,2224.0,2006.0, -259.7,-20.1,0.0,-259.7,-20.1,0.0,-259.7,-20.3,0.0,-259.7,-20.1,0.0,
2025年12月13日 18:21:56.157,0.4,0.9,0.3,0.9,2339.0,1969.0, -259.7,-20.0,0.0,-259.7,-20.0,0.0,-259.7,-20.3,0.0,-259.7,-20.1,0.0,
2025年12月13日 18:21:57.156,0.3,0.8,0.3,0.9,2189.0,2070.0, -259.7,-20.1,0.0,-259.7,-20.0,0.0,-259.7,-20.3,0.0,-259.7,-20.1,0.0,
2025年12月13日 18:21:58.157,0.4,0.9,0.3,0.9,2290.0,2036.0, -259.7,-20.0,0.0,-259.7,-20.0,0.0,-259.7,-20.3,0.0,-259.7,-20.1,0.0,
2025年12月13日 18:21:59.157,0.3,0.8,0.4,1.0,2221.0,2021.0, -259.7,-20.0,0.0,-259.7,-20.0,0.0,-259.7,-20.3,0.0,-259.7,-20.1,0.0,
2025年12月13日 18:22:00.156,0.4,0.8,0.4,0.9,2336.0,1979.0, -259.7,-20.0,0.0,-259.7,-20.0,0.0,-259.7,-20.3,0.0,-259.7,-20.1,0.0,
2025年12月13日 18:22:01.157,0.4,0.8,0.4,0.9,2265.0,2010.0, -259.7,-20.1,0.0,-259.7,-20.1,0.0,-259.7,-20.3,0.0,-259.7,-20.1,0.0,
2025年12月13日 18:22:02.156,0.4,0.8,0.4,0.9,2289.0,2032.0, -259.7,-20.1,0.0,-259.7,-20.0,0.0,-259.7,-20.3,0.0,-259.7,-20.1,0.0,
2025年12月13日 18:22:03.158,0.4,0.9,0.4,0.9,2357.0,1964.0, -259.7,-20.1,0.0,-259.7,-20.1,0.0,-259.7,-20.3,0.0,-259.7,-20.1,0.0,
2025年12月13日 18:22:04.156,0.4,0.9,0.4,0.9,2326.0,1982.0, -259.7,-20.0,0.0,-259.7,-20.1,0.0,-259.7,-20.2,0.0,-259.7,-20.1,0.0,
2025年12月13日 18:22:05.156,0.4,0.9,0.4,1.0,2405.0,1969.0, -259.7,-20.1,0.0,-259.7,-20.0,0.0,-259.7,-20.2,0.0,-259.7,-20.1,0.0,
2025年12月13日 18:22:06.157,0.3,0.8,0.3,0.9,2270.0,1937.0, -259.7,-20.1,0.0,-259.7,-20.1,0.0,-259.7,-20.3,0.0,-259.7,-20.1,0.0,
2025年12月13日 18:22:07.157,0.4,0.8,0.3,1.0,2284.0,1982.0, -259.7,-20.0,0.0,-259.7,-20.1,0.0,-259.7,-20.3,0.0,-259.7,-20.2,0.0,
2025年12月13日 18:22:08.157,0.4,0.9,0.4,0.9,2300.0,1974.0, -259.7,-20.0,0.0,-259.7,-20.0,0.0,-259.7,-20.3,0.0,-259.7,-20.1,0.0,
2025年12月13日 18:22:09.158,0.4,0.9,0.4,0.9,2326.0,1977.0, -259.7,-20.1,0.0,-259.7,-20.1,0.0,-259.7,-20.3,0.0,-259.7,-20.2,0.0,
2025年12月13日 18:22:10.157,0.3,0.8,0.4,0.9,2226.0,2024.0, -259.7,-20.0,0.0,-259.7,-20.1,0.0,-259.7,-20.3,0.0,-259.7,-20.1,0.0,
2025年12月13日 18:22:11.158,0.4,0.9,0.4,0.9,2238.0,2014.0, -259.7,-20.1,0.0,-259.7,-20.0,0.0,-259.7,-20.3,0.0,-259.7,-20.2,0.0,
2025年12月13日 18:22:12.156,0.4,0.8,0.4,0.9,2248.0,2051.0, -259.7,-20.0,0.0,-259.7,-20.1,0.0,-259.7,-20.3,0.0,-259.7,-20.1,0.0,
2025年12月13日 18:22:13.156,0.4,0.9,0.4,0.9,2191.0,2042.0, -259.7,-20.0,0.0,-259.7,-20.0,0.0,-259.7,-20.2,0.0,-259.7,-20.2,0.0,
2025年12月13日 18:22:14.157,0.4,1.0,0.4,1.0,2390.0,2018.0, -259.7,-20.0,0.0,-259.7,-20.0,0.0,-259.7,-20.2,0.0,-259.7,-20.1,0.0,
2025年12月13日 18:22:15.156,0.4,0.9,0.4,0.9,2318.0,2022.0, -259.7,-20.0,0.0,-259.7,-20.1,0.0,-259.7,-20.3,0.0,-259.7,-20.1,0.0,
2025年12月13日 18:22:16.156,0.4,0.9,0.3,0.9,2099.0,2060.0, -259.7,-20.1,0.0,-259.7,-20.0,0.0,-259.7,-20.3,0.0,-259.7,-20.2,0.0,
2025年12月13日 18:22:17.156,0.4,0.9,0.4,0.9,2407.0,1996.0, -259.7,-20.1,0.0,-259.7,-20.1,0.0,-259.7,-20.3,0.0,-259.7,-20.1,0.0,
2025年12月13日 18:22:18.157,0.4,0.9,0.4,1.0,2225.0,2040.0, -259.7,-20.0,0.0,-259.7,-20.0,0.0,-259.7,-20.3,0.0,-259.7,-20.2,0.0,
2025年12月13日 18:22:19.156,0.3,0.7,0.3,0.8,2241.0,2016.0, -259.7,-20.1,0.0,-259.7,-20.1,0.0,-259.7,-20.3,0.0,-259.7,-20.1,0.0,
2025年12月13日 18:22:20.157,0.4,0.9,0.3,0.9,2186.0,2015.0, -259.7,-20.1,0.0,-259.7,-20.1,0.0,-259.7,-20.3,0.0,-259.7,-20.1,0.0,
2025年12月13日 18:22:21.157,0.4,0.9,0.4,1.0,2394.0,1995.0, -259.7,-20.1,0.0,-259.7,-20.0,0.0,-259.7,-20.3,0.0,-259.7,-20.1,0.0,
2025年12月13日 18:22:22.156,0.4,0.9,0.4,1.0,2278.0,2055.0, -259.7,-20.0,0.0,-259.7,-20.0,0.0,-259.7,-20.2,0.0,-259.7,-20.1,0.0,
2025年12月13日 18:22:23.157,0.4,0.8,0.4,1.0,2326.0,1982.0, -259.7,-20.1,0.0,-259.7,-20.1,0.0,-259.7,-20.3,0.0,-259.7,-20.2,0.0,
2025年12月13日 18:22:24.157,0.4,0.9,0.4,1.0,2371.0,2010.0, -259.7,-20.1,0.0,-259.7,-20.0,0.0,-259.7,-20.3,0.0,-259.7,-20.1,0.0,
2025年12月13日 18:22:25.157,0.4,0.9,0.4,1.0,2330.0,2042.0, -259.7,-20.0,0.0,-259.7,-20.0,0.0,-259.7,-20.3,0.0,-259.7,-20.1,0.0,
2025年12月13日 18:22:26.157,0.4,1.0,0.4,1.0,2350.0,1984.0, -259.7,-20.1,0.0,-259.7,-20.1,0.0,-259.7,-20.3,0.0,-259.7,-20.1,0.0,
2025年12月13日 18:22:27.156,0.4,0.9,0.4,0.9,2342.0,2024.0, -259.7,-20.0,0.0,-259.7,-20.0,0.0,-259.7,-20.3,0.0,-259.7,-20.1,0.0,
2025年12月13日 18:22:28.156,0.4,0.9,0.4,1.0,2320.0,2042.0, -259.7,-20.1,0.0,-259.7,-20.0,0.0,-259.7,-20.2,0.0,-259.7,-20.1,0.0,
2025年12月13日 18:22:29.157,0.4,1.0,0.4,1.0,2334.0,1979.0, -259.7,-20.0,0.0,-259.7,-20.0,0.0,-259.7,-20.2,0.0,-259.7,-20.1,0.0,
2025年12月13日 18:22:30.156,0.4,0.9,0.4,1.0,2444.0,2008.0, -259.7,-20.0,0.0,-259.7,-20.0,0.0,-259.7,-20.2,0.0,-259.7,-20.1,0.0,
2025年12月13日 18:22:31.157,0.4,1.0,0.4,1.0,2185.0,2075.0, -259.7,-20.0,0.0,-259.7,-20.0,0.0,-259.7,-20.2,0.0,-259.7,-20.1,0.0,
2025年12月13日 18:22:32.156,0.4,0.9,0.4,1.0,2356.0,2034.0, -259.7,-20.0,0.0,-259.7,-20.0,0.0,-259.7,-20.2,0.0,-259.7,-20.1,0.0,
2025年12月13日 18:22:33.156,0.4,0.9,0.4,1.0,2222.0,2072.0, -259.7,-20.0,0.0,-259.7,-20.0,0.0,-259.7,-20.2,0.0,-259.7,-20.1,0.0,
2025年12月13日 18:22:34.157,0.4,0.9,0.4,1.0,2263.0,2056.0, -259.7,-20.1,0.0,-259.7,-20.1,0.0,-259.7,-20.3,0.0,-259.7,-20.1,0.0,
2025年12月13日 18:22:35.156,0.4,0.9,0.4,0.9,2306.0,1979.0, -259.7,-20.0,0.0,-259.7,-20.1,0.0,-259.7,-20.3,0.0,-259.7,-20.1,0.0,
2025年12月13日 18:22:36.157,0.4,0.9,0.4,1.0,2305.0,2028.0, -259.7,-20.1,0.0,-259.7,-20.1,0.0,-259.7,-20.3,0.0,-259.7,-20.1,0.0,
2025年12月13日 18:22:37.157,0.4,0.9,0.3,0.9,2321.0,1974.0, -259.7,-20.1,0.0,-259.7,-20.1,0.0,-259.7,-20.3,0.0,-259.7,-20.1,0.0,
2025年12月13日 18:22:38.157,0.4,1.0,0.4,1.0,2294.0,1999.0, -259.7,-20.0,0.0,-259.7,-20.0,0.0,-259.7,-20.3,0.0,-259.7,-20.1,0.0,
2025年12月13日 18:22:39.156,0.4,0.9,0.4,0.9,2389.0,2013.0, -259.7,-20.1,0.0,-259.7,-20.1,0.0,-259.7,-20.3,0.0,-259.7,-20.2,0.0,
2025年12月13日 18:22:40.157,0.4,0.9,0.4,0.9,2355.0,1963.0, -259.7,-20.1,0.0,-259.7,-20.1,0.0,-259.7,-20.3,0.0,-259.7,-20.1,0.0,
2025年12月13日 18:22:41.156,0.4,0.9,0.4,1.0,2393.0,1976.0, -259.7,-20.0,0.0,-259.7,-20.0,0.0,-259.7,-20.3,0.0,-259.7,-20.1,0.0,
2025年12月13日 18:22:42.157,0.4,0.8,0.4,0.9,2390.0,2007.0, -259.7,-20.1,0.0,-259.7,-20.1,0.0,-259.7,-20.3,0.0,-259.7,-20.1,0.0,
2025年12月13日 18:22:43.162,0.4,0.9,0.4,1.0,2391.0,2013.0, -259.7,-20.0,0.0,-259.7,-20.0,0.0,-259.7,-20.3,0.0,-259.7,-20.1,0.0,
2025年12月13日 18:22:44.160,0.4,0.9,0.4,1.0,2334.0,2000.0, -259.7,-20.1,0.0,-259.7,-20.0,0.0,-259.7,-20.3,0.0,-259.7,-20.1,0.0,
2025年12月13日 18:22:45.159,0.4,0.9,0.4,0.9,2342.0,2022.0, -259.7,-20.0,0.0,-259.7,-20.1,0.0,-259.7,-20.3,0.0,-259.7,-20.1,0.0,
2025年12月13日 18:22:46.156,0.4,0.9,0.4,1.0,2301.0,2027.0, -259.7,-20.0,0.0,-259.7,-20.1,0.0,-259.7,-20.3,0.0,-259.7,-20.1,0.0,
2025年12月13日 18:22:47.157,0.4,0.9,0.4,0.9,2315.0,2009.0, -259.7,-20.1,0.0,-259.7,-20.1,0.0,-259.7,-20.3,0.0,-259.7,-20.1,0.0,
2025年12月13日 18:22:48.157,0.4,0.9,0.4,0.9,2318.0,2020.0, -259.7,-20.0,0.0,-259.7,-20.0,0.0,-259.7,-20.3,0.0,-259.7,-20.1,0.0,
2025年12月13日 18:22:49.157,0.4,0.9,0.4,0.9,2385.0,2021.0, -259.7,-20.1,0.0,-259.7,-20.0,0.0,-259.7,-20.3,0.0,-259.7,-20.1,0.0,
2025年12月13日 18:22:50.156,0.4,0.9,0.4,1.0,2303.0,2031.0, -259.7,-20.0,0.0,-259.7,-20.0,0.0,-259.7,-20.3,0.0,-259.7,-20.1,0.0,
2025年12月13日 18:22:51.156,0.4,0.9,0.3,0.9,2309.0,2022.0, -259.7,-20.1,0.0,-259.7,-20.0,0.0,-259.7,-20.3,0.0,-259.7,-20.1,0.0,
2025年12月13日 18:22:52.155,0.4,0.9,0.4,1.0,2442.0,2024.0, -259.7,-20.1,0.0,-259.7,-20.0,0.0,-259.7,-20.3,0.0,-259.7,-20.1,0.0,
2025年12月13日 18:22:53.156,0.4,0.9,0.4,0.9,2371.0,2000.0, -259.7,-20.0,0.0,-259.7,-20.0,0.0,-259.7,-20.3,0.0,-259.7,-20.1,0.0,
2025年12月13日 18:22:54.165,0.4,0.9,0.4,0.9,2455.0,1975.0, -259.7,-20.1,0.0,-259.7,-20.0,0.0,-259.7,-20.3,0.0,-259.7,-20.1,0.0,
2025年12月13日 18:22:55.163,0.4,0.9,0.4,1.0,2180.0,2060.0, -259.7,-20.1,0.0,-259.7,-20.0,0.0,-259.7,-20.2,0.0,-259.7,-20.1,0.0,
2025年12月13日 18:22:56.160,0.4,0.9,0.4,1.0,2412.0,1992.0, -259.7,-20.1,0.0,-259.7,-20.0,0.0,-259.7,-20.3,0.0,-259.7,-20.1,0.0,
2025年12月13日 18:22:57.158,0.4,0.9,0.4,1.0,2291.0,2051.0, -259.7,-20.1,0.0,-259.7,-20.0,0.0,-259.7,-20.3,0.0,-259.7,-20.1,0.0,
2025年12月13日 18:22:58.159,0.4,1.0,0.4,1.0,2442.0,1976.0, -259.7,-20.0,0.0,-259.7,-20.0,0.0,-259.7,-20.2,0.0,-259.7,-20.1,0.0,
2025年12月13日 18:22:59.162,0.4,0.9,0.4,1.0,2421.0,2003.0, -259.7,-20.0,0.0,-259.7,-20.0,0.0,-259.7,-20.3,0.0,-259.7,-20.1,0.0,
2025年12月13日 18:23:00.177,0.4,0.9,0.4,1.0,2362.0,2038.0, -259.7,-20.0,0.0,-259.7,-20.0,0.0,-259.7,-20.2,0.0,-259.7,-20.0,0.0,
2025年12月13日 18:23:01.166,0.4,0.9,0.3,0.9,2315.0,2039.0, -259.7,-20.1,0.0,-259.7,-20.0,0.0,-259.7,-20.3,0.0,-259.7,-20.1,0.0,
2025年12月13日 18:23:02.160,0.4,0.9,0.4,1.0,2310.0,1966.0, -259.7,-20.0,0.0,-259.7,-20.0,0.0,-259.7,-20.3,0.0,-259.7,-20.1,0.0,
2025年12月13日 18:23:03.158,0.4,0.9,0.4,0.9,2285.0,2049.0, -259.7,-20.0,0.0,-259.7,-20.0,0.0,-259.7,-20.3,0.0,-259.7,-20.1,0.0,
2025年12月13日 18:23:04.163,0.4,0.8,0.4,0.9,2431.0,2031.0, -259.7,-20.1,0.0,-259.7,-20.1,0.0,-259.7,-20.3,0.0,-259.7,-20.1,0.0,
2025年12月13日 18:23:05.162,0.4,0.9,0.4,0.9,2348.0,2017.0, -259.7,-20.1,0.0,-259.7,-20.0,0.0,-259.7,-20.3,0.0,-259.7,-20.1,0.0,
2025年12月13日 18:23:06.157,0.4,0.9,0.4,0.9,2338.0,2009.0, -259.7,-20.0,0.0,-259.7,-20.0,0.0,-259.7,-20.2,0.0,-259.7,-20.1,0.0,
2025年12月13日 18:23:07.157,0.4,0.9,0.4,0.9,2353.0,2036.0, -259.7,-20.0,0.0,-259.7,-20.0,0.0,-259.7,-20.2,0.0,-259.7,-20.1,0.0,
2025年12月13日 18:23:08.156,0.4,0.9,0.4,1.0,2323.0,2034.0, -259.7,-20.1,0.0,-259.7,-20.0,0.0,-259.7,-20.2,0.0,-259.7,-20.1,0.0,
2025年12月13日 18:23:09.157,0.4,0.9,0.4,1.0,2357.0,2032.0, -259.7,-20.1,0.0,-259.7,-20.1,0.0,-259.7,-20.2,0.0,-259.7,-20.1,0.0,
2025年12月13日 18:23:10.157,0.4,0.9,0.4,1.0,2452.0,2041.0, -259.7,-20.1,0.0,-259.7,-20.0,0.0,-259.7,-20.2,0.0,-259.7,-20.1,0.0,
2025年12月13日 18:23:11.156,0.4,0.9,0.4,0.9,2399.0,2019.0, -259.7,-20.0,0.0,-259.7,-20.0,0.0,-259.7,-20.2,0.0,-259.7,-20.1,0.0,
2025年12月13日 18:23:12.157,0.4,0.9,0.4,0.9,2274.0,2048.0, -259.7,-20.0,0.0,-259.7,-20.0,0.0,-259.7,-20.2,0.0,-259.7,-20.1,0.0,
2025年12月13日 18:23:13.155,0.4,1.0,0.4,0.9,2245.0,2047.0, -259.7,-20.0,0.0,-259.7,-20.0,0.0,-259.7,-20.3,0.0,-259.7,-20.1,0.0,
2025年12月13日 18:23:14.156,0.4,0.9,0.4,0.9,2310.0,2028.0, -259.7,-20.0,0.0,-259.7,-20.0,0.0,-259.7,-20.2,0.0,-259.7,-20.1,0.0,
2025年12月13日 18:23:15.157,0.4,0.9,0.4,1.0,2190.0,2022.0, -259.7,-20.0,0.0,-259.7,-20.0,0.0,-259.7,-20.3,0.0,-259.7,-20.1,0.0,
2025年12月13日 18:23:16.157,0.4,0.9,0.4,1.0,2318.0,2016.0, -259.7,-20.0,0.0,-259.7,-20.0,0.0,-259.7,-20.2,0.0,-259.7,-20.1,0.0,
2025年12月13日 18:23:17.157,0.4,1.0,0.4,1.0,2472.0,2017.0, -259.7,-20.1,0.0,-259.7,-20.0,0.0,-259.7,-20.2,0.0,-259.7,-20.2,0.0,
2025年12月13日 18:23:18.156,0.4,1.0,0.4,1.0,2391.0,2007.0, -259.7,-20.1,0.0,-259.7,-20.0,0.0,-259.7,-20.3,0.0,-259.7,-20.1,0.0,
2025年12月13日 18:23:19.156,0.4,0.9,0.4,1.0,2214.0,2041.0, -259.7,-20.1,0.0,-259.7,-20.0,0.0,-259.7,-20.3,0.0,-259.7,-20.1,0.0,
2025年12月13日 18:23:20.157,0.4,0.9,0.4,1.0,2360.0,2029.0, -259.7,-20.0,0.0,-259.7,-20.0,0.0,-259.7,-20.2,0.0,-259.7,-20.1,0.0,
2025年12月13日 18:23:21.160,0.4,0.9,0.4,0.9,2163.0,2067.0, -259.7,-20.1,0.0,-259.7,-20.1,0.0,-259.7,-20.2,0.0,-259.7,-20.1,0.0,
2025年12月13日 18:23:22.156,0.4,1.0,0.4,1.0,2440.0,1998.0, -259.7,-20.0,0.0,-259.7,-20.0,0.0,-259.7,-20.3,0.0,-259.7,-20.1,0.0,
2025年12月13日 18:23:23.155,0.4,0.9,0.4,1.0,2366.0,2025.0, -259.7,-20.0,0.0,-259.7,-20.0,0.0,-259.7,-20.3,0.0,-259.7,-20.1,0.0,
2025年12月13日 18:23:24.157,0.4,0.9,0.4,1.0,2415.0,1994.0, -259.7,-20.0,0.0,-259.7,-20.0,0.0,-259.7,-20.3,0.0,-259.7,-20.1,0.0,
2025年12月13日 18:23:25.156,0.4,0.9,0.4,1.0,2322.0,2029.0, -259.7,-20.0,0.0,-259.7,-20.0,0.0,-259.7,-20.2,0.0,-259.7,-20.1,0.0,
2025年12月13日 18:23:26.157,0.4,0.9,0.4,1.0,2437.0,2001.0, -259.7,-20.0,0.0,-259.7,-20.0,0.0,-259.7,-20.3,0.0,-259.7,-20.1,0.0,
2025年12月13日 18:23:27.156,0.4,0.9,0.4,1.0,2435.0,1990.0, -259.7,-20.0,0.0,-259.7,-20.0,0.0,-259.7,-20.3,0.0,-259.7,-20.1,0.0,
2025年12月13日 18:23:28.156,0.4,0.9,0.4,0.9,2397.0,2007.0, -259.7,-20.1,0.0,-259.7,-20.1,0.0,-259.7,-20.3,0.0,-259.7,-20.1,0.0,
2025年12月13日 18:23:29.157,0.4,0.9,0.4,0.9,2367.0,1973.0, -259.7,-20.1,0.0,-259.7,-20.0,0.0,-259.7,-20.3,0.0,-259.7,-20.1,0.0,
2025年12月13日 18:23:30.156,0.4,0.9,0.3,0.9,2252.0,1952.0, -259.7,-20.0,0.0,-259.7,-20.0,0.0,-259.7,-20.2,0.0,-259.7,-20.1,0.0,
2025年12月13日 18:23:31.157,0.4,0.9,0.4,0.9,2254.0,1994.0, -259.7,-20.1,0.0,-259.7,-20.1,0.0,-259.7,-20.3,0.0,-259.7,-20.1,0.0,
2025年12月13日 18:23:32.160,0.4,0.9,0.4,0.9,2379.0,1965.0, -259.7,-20.0,0.0,-259.7,-20.0,0.0,-259.7,-20.3,0.0,-259.7,-20.1,0.0,
2025年12月13日 18:23:33.157,0.4,0.9,0.4,1.0,2216.0,1995.0, -259.7,-20.0,0.0,-259.7,-20.0,0.0,-259.7,-20.2,0.0,-259.7,-20.1,0.0,
2025年12月13日 18:23:34.156,0.4,0.9,0.4,1.0,2269.0,2029.0, -259.7,-20.0,0.0,-259.7,-20.0,0.0,-259.7,-20.3,0.0,-259.7,-20.1,0.0,
2025年12月13日 18:23:35.157,0.4,1.0,0.4,1.0,2386.0,2004.0, -259.7,-20.0,0.0,-259.7,-20.0,0.0,-259.7,-20.3,0.0,-259.7,-20.1,0.0,
2025年12月13日 18:23:36.157,0.4,0.9,0.4,1.0,2355.0,2018.0, -259.7,-20.0,0.0,-259.7,-20.0,0.0,-259.7,-20.3,0.0,-259.7,-20.1,0.0,
2025年12月13日 18:23:37.157,0.4,0.9,0.4,1.0,2353.0,2011.0, -259.7,-20.0,0.0,-259.7,-20.0,0.0,-259.7,-20.3,0.0,-259.7,-20.1,0.0,
2025年12月13日 18:23:38.156,0.4,0.9,0.4,0.9,2290.0,2047.0, -259.7,-20.0,0.0,-259.7,-20.0,0.0,-259.7,-20.3,0.0,-259.7,-20.1,0.0,
2025年12月13日 18:23:39.156,0.4,0.9,0.4,1.0,2296.0,2005.0, -259.7,-20.0,0.0,-259.7,-20.1,0.0,-259.7,-20.2,0.0,-259.7,-20.1,0.0,
2025年12月13日 18:23:40.157,0.4,0.9,0.4,0.9,2370.0,2021.0, -259.7,-20.0,0.0,-259.7,-20.1,0.0,-259.7,-20.3,0.0,-259.7,-20.1,0.0,
2025年12月13日 18:23:41.156,0.4,0.9,0.4,0.9,2272.0,2010.0, -259.7,-20.0,0.0,-259.7,-20.0,0.0,-259.7,-20.2,0.0,-259.7,-20.1,0.0,
2025年12月13日 18:23:42.157,0.4,0.9,0.4,1.0,2248.0,2060.0, -259.7,-20.1,0.0,-259.7,-20.0,0.0,-259.7,-20.3,0.0,-259.7,-20.1,0.0,
2025年12月13日 18:23:43.157,0.4,0.9,0.4,1.0,2338.0,1968.0, -259.7,-20.1,0.0,-259.7,-20.1,0.0,-259.7,-20.3,0.0,-259.7,-20.1,0.0,
2025年12月13日 18:23:44.157,0.4,0.9,0.4,1.0,2298.0,2039.0, -259.7,-20.0,0.0,-259.7,-20.0,0.0,-259.7,-20.2,0.0,-259.7,-20.1,0.0,
2025年12月13日 18:23:45.158,0.4,0.9,0.4,1.0,2346.0,2024.0, -259.7,-20.0,0.0,-259.7,-20.0,0.0,-259.7,-20.3,0.0,-259.7,-20.1,0.0,
2025年12月13日 18:23:46.157,0.4,0.9,0.4,1.0,2466.0,1985.0, -259.7,-20.1,0.0,-259.7,-20.0,0.0,-259.7,-20.3,0.0,-259.7,-20.1,0.0,
2025年12月13日 18:23:47.167,0.4,0.9,0.4,0.9,2175.0,2071.0, -259.7,-20.0,0.0,-259.7,-20.1,0.0,-259.7,-20.3,0.0,-259.7,-20.1,0.0,
2025年12月13日 18:23:48.171,0.4,0.8,0.4,1.0,2359.0,2014.0, -259.7,-20.0,0.0,-259.7,-20.0,0.0,-259.7,-20.3,0.0,-259.7,-20.1,0.0,
2025年12月13日 18:23:49.157,0.4,0.9,0.4,1.0,2383.0,2011.0, -259.7,-20.0,0.0,-259.7,-20.0,0.0,-259.7,-20.3,0.0,-259.7,-20.1,0.0,
2025年12月13日 18:23:50.157,0.4,0.9,0.4,1.0,2356.0,2002.0, -259.7,-20.1,0.0,-259.7,-20.0,0.0,-259.7,-20.2,0.0,-259.7,-20.1,0.0,
2025年12月13日 18:23:51.155,0.4,0.9,0.4,1.0,2367.0,1957.0, -259.7,-20.0,0.0,-259.7,-20.0,0.0,-259.7,-20.2,0.0,-259.7,-20.1,0.0,
2025年12月13日 18:23:52.156,0.4,0.9,0.4,1.0,2223.0,2062.0, -259.7,-20.0,0.0,-259.7,-20.0,0.0,-259.7,-20.3,0.0,-259.7,-20.1,0.0,
2025年12月13日 18:23:53.158,0.4,0.9,0.4,1.0,2348.0,2017.0, -259.7,-20.1,0.0,-259.7,-20.0,0.0,-259.7,-20.3,0.0,-259.7,-20.1,0.0,
2025年12月13日 18:23:54.165,0.4,0.9,0.4,1.0,2402.0,2005.0, -259.7,-20.1,0.0,-259.7,-20.0,0.0,-259.7,-20.3,0.0,-259.7,-20.1,0.0,
2025年12月13日 18:23:55.159,0.4,0.9,0.4,0.9,2380.0,2027.0, -259.7,-20.0,0.0,-259.7,-20.0,0.0,-259.7,-20.3,0.0,-259.7,-20.1,0.0,
2025年12月13日 18:23:56.156,0.4,0.9,0.4,1.0,2372.0,2020.0, -259.7,-20.0,0.0,-259.7,-20.0,0.0,-259.7,-20.2,0.0,-259.7,-20.1,0.0,
2025年12月13日 18:23:57.168,0.4,0.9,0.4,1.0,2400.0,1975.0, -259.7,-20.0,0.0,-259.7,-20.0,0.0,-259.7,-20.2,0.0,-259.7,-20.1,0.0,
2025年12月13日 18:23:58.165,0.4,0.9,0.4,1.0,2237.0,2052.0, -259.7,-20.0,0.0,-259.7,-20.0,0.0,-259.7,-20.2,0.0,-259.7,-20.1,0.0,
2025年12月13日 18:23:59.165,0.4,0.9,0.4,0.9,2431.0,2000.0, -259.7,-20.0,0.0,-259.7,-20.0,0.0,-259.7,-20.2,0.0,-259.7,-20.1,0.0,
2025年12月13日 18:24:00.162,0.4,0.9,0.4,1.0,2306.0,2046.0, -259.7,-20.0,0.0,-259.7,-20.0,0.0,-259.7,-20.2,0.0,-259.7,-20.1,0.0,
2025年12月13日 18:24:01.160,0.4,0.9,0.4,1.0,2358.0,1997.0, -259.7,-20.0,0.0,-259.7,-20.0,0.0,-259.7,-20.2,0.0,-259.7,-20.1,0.0,
2025年12月13日 18:24:02.158,0.4,0.9,0.4,1.0,2301.0,2027.0, -259.7,-20.0,0.0,-259.7,-20.0,0.0,-259.7,-20.3,0.0,-259.7,-20.1,0.0,
2025年12月13日 18:24:03.167,0.4,0.9,0.4,0.9,2305.0,2031.0, -259.7,-20.0,0.0,-259.7,-20.0,0.0,-259.7,-20.2,0.0,-259.7,-20.1,0.0,
2025年12月13日 18:24:04.163,0.4,1.0,0.4,1.0,2412.0,2001.0, -259.7,-20.0,0.0,-259.7,-20.0,0.0,-259.7,-20.2,0.0,-259.7,-20.1,0.0,
2025年12月13日 18:24:05.161,0.4,0.9,0.4,1.0,2232.0,2046.0, -259.7,-20.0,0.0,-259.7,-20.0,0.0,-259.7,-20.2,0.0,-259.7,-20.1,0.0,
2025年12月13日 18:24:06.158,0.4,1.0,0.4,1.0,2213.0,2037.0, -259.7,-20.0,0.0,-259.7,-20.0,0.0,-259.7,-20.3,0.0,-259.7,-20.1,0.0,
2025年12月13日 18:24:07.172,0.4,1.0,0.4,1.0,2421.0,1983.0, -259.7,-20.0,0.0,-259.7,-20.0,0.0,-259.7,-20.2,0.0,-259.7,-20.1,0.0,
2025年12月13日 18:24:08.166,0.4,0.9,0.4,1.0,2304.0,2044.0, -259.7,-20.0,0.0,-259.7,-20.0,0.0,-259.7,-20.3,0.0,-259.7,-20.1,0.0,
2025年12月13日 18:24:09.164,0.4,1.0,0.4,1.1,2445.0,2009.0, -259.7,-20.1,0.0,-259.7,-20.1,0.0,-259.7,-20.3,0.0,-259.7,-20.1,0.0,
2025年12月13日 18:24:10.158,0.4,0.9,0.4,1.0,2377.0,2000.0, -259.7,-20.1,0.0,-259.7,-20.0,0.0,-259.7,-20.3,0.0,-259.7,-20.1,0.0,
2025年12月13日 18:24:11.158,0.4,0.9,0.4,1.0,2401.0,2012.0, -259.7,-20.0,0.0,-259.7,-20.0,0.0,-259.7,-20.2,0.0,-259.7,-20.0,0.0,
2025年12月13日 18:24:12.158,0.4,0.9,0.4,0.9,2435.0,2002.0, -259.7,-20.1,0.0,-259.7,-20.0,0.0,-259.7,-20.3,0.0,-259.7,-20.1,0.0,
2025年12月13日 18:24:13.170,0.4,0.9,0.4,1.0,2241.0,2052.0, -259.7,-20.1,0.0,-259.7,-20.0,0.0,-259.7,-20.2,0.0,-259.7,-20.0,0.0,
2025年12月13日 18:24:14.164,0.4,0.9,0.4,1.0,2281.0,2019.0, -259.7,-20.0,0.0,-259.7,-20.0,0.0,-259.7,-20.2,0.0,-259.7,-20.1,0.0,
2025年12月13日 18:24:15.160,0.4,0.9,0.4,1.0,2352.0,2034.0, -259.7,-20.1,0.0,-259.7,-20.0,0.0,-259.7,-20.3,0.0,-259.7,-20.1,0.0,
2025年12月13日 18:24:16.171,0.4,0.9,0.4,1.0,2254.0,2042.0, -259.7,-19.9,0.0,-259.7,-20.0,0.0,-259.7,-20.2,0.0,-259.7,-20.1,0.0,
2025年12月13日 18:24:17.163,0.4,0.9,0.4,1.0,2303.0,2037.0, -259.7,-20.1,0.0,-259.7,-20.0,0.0,-259.7,-20.3,0.0,-259.7,-20.1,0.0,
2025年12月13日 18:24:18.165,0.4,0.9,0.4,1.0,2330.0,2025.0, -259.7,-20.0,0.0,-259.7,-20.0,0.0,-259.7,-20.3,0.0,-259.7,-20.1,0.0,
2025年12月13日 18:24:19.162,0.4,1.0,0.4,1.0,2410.0,2007.0, -259.7,-20.0,0.0,-259.7,-20.0,0.0,-259.7,-20.2,0.0,-259.7,-20.1,0.0,
2025年12月13日 18:24:20.156,0.4,0.9,0.4,0.9,2230.0,2088.0, -259.7,-20.0,0.0,-259.7,-20.0,0.0,-259.7,-20.2,0.0,-259.7,-20.2,0.0,
2025年12月13日 18:24:21.157,0.4,1.0,0.4,1.0,2289.0,2014.0, -259.7,-20.0,0.0,-259.7,-20.0,0.0,-259.7,-20.2,0.0,-259.7,-20.1,0.0,
2025年12月13日 18:24:22.163,0.4,0.9,0.4,1.0,2388.0,2013.0, -259.7,-20.1,0.0,-259.7,-20.1,0.0,-259.7,-20.3,0.0,-259.7,-20.1,0.0,
2025年12月13日 18:24:23.690,0.4,0.9,0.4,1.0,2401.0,2003.0, -259.7,-20.1,0.0,-259.7,-20.0,0.0,-259.7,-20.3,0.0,-259.7,-20.1,0.0,
2025年12月13日 18:24:24.158,0.4,0.9,0.4,1.0,2410.0,1996.0, -259.7,-20.0,0.0,-259.7,-20.0,0.0,-259.7,-20.2,0.0,-259.7,-20.1,0.0,
2025年12月13日 18:24:25.158,0.4,0.9,0.4,0.9,2456.0,2019.0, -259.7,-20.1,0.0,-259.7,-20.0,0.0,-259.7,-20.2,0.0,-259.7,-20.1,0.0,
2025年12月13日 18:24:26.170,0.4,0.9,0.4,1.0,2293.0,2029.0, -259.7,-20.1,0.0,-259.7,-20.0,0.0,-259.7,-20.3,0.0,-259.7,-20.1,0.0,
2025年12月13日 18:24:27.155,0.4,1.0,0.4,1.0,2258.0,2052.0, -259.7,-20.0,0.0,-259.7,-20.0,0.0,-259.7,-20.2,0.0,-259.7,-20.0,0.0,
2025年12月13日 18:24:28.156,0.4,0.9,0.4,1.0,2417.0,1994.0, -259.7,-20.1,0.0,-259.7,-20.1,0.0,-259.7,-20.3,0.0,-259.7,-20.1,0.0,
2025年12月13日 18:24:29.156,0.4,0.9,0.4,0.9,2329.0,2017.0, -259.7,-20.1,0.0,-259.7,-20.0,0.0,-259.7,-20.2,0.0,-259.7,-20.1,0.0,
2025年12月13日 18:24:30.156,0.4,1.0,0.4,1.0,2418.0,2031.0, -259.7,-20.0,0.0,-259.7,-20.0,0.0,-259.7,-20.3,0.0,-259.7,-20.1,0.0,
2025年12月13日 18:24:31.157,0.4,0.9,0.4,1.0,2343.0,2033.0, -259.7,-20.1,0.0,-259.7,-20.1,0.0,-259.7,-20.3,0.0,-259.7,-20.1,0.0,
2025年12月13日 18:24:32.157,0.4,0.9,0.4,1.0,2264.0,2066.0, -259.7,-20.0,0.0,-259.7,-19.9,0.0,-259.7,-20.2,0.0,-259.7,-20.2,0.0,
2025年12月13日 18:24:33.156,0.4,0.9,0.4,1.0,2400.0,2000.0, -259.7,-20.1,0.0,-259.7,-20.0,0.0,-259.7,-20.3,0.0,-259.7,-20.1,0.0,
2025年12月13日 18:24:34.157,0.4,0.9,0.4,1.0,2148.0,2077.0, -259.7,-20.1,0.0,-259.7,-20.1,0.0,-259.7,-20.3,0.0,-259.7,-20.1,0.0,
2025年12月13日 18:24:35.158,0.4,1.0,0.4,1.0,2380.0,2021.0, -259.7,-20.0,0.0,-259.7,-20.0,0.0,-259.7,-20.3,0.0,-259.7,-20.1,0.0,
2025年12月13日 18:24:36.158,0.4,0.9,0.4,1.0,2290.0,2015.0, -259.7,-20.0,0.0,-259.7,-20.0,0.0,-259.7,-20.3,0.0,-259.7,-20.1,0.0,
2025年12月13日 18:24:37.156,0.4,0.9,0.4,0.9,2325.0,2033.0, -259.7,-20.0,0.0,-259.7,-20.0,0.0,-259.7,-20.3,0.0,-259.7,-20.1,0.0,
2025年12月13日 18:24:38.157,0.4,1.0,0.4,1.0,2294.0,2062.0, -259.7,-20.0,0.0,-259.7,-20.1,0.0,-259.7,-20.2,0.0,-259.7,-20.1,0.0,
2025年12月13日 18:24:39.155,0.4,1.0,0.4,1.0,2406.0,2023.0, -259.7,-20.0,0.0,-259.7,-20.0,0.0,-259.7,-20.2,0.0,-259.7,-20.1,0.0,
2025年12月13日 18:24:40.156,0.4,0.9,0.4,0.9,2217.0,2067.0, -259.7,-20.0,0.0,-259.7,-20.0,0.0,-259.7,-20.2,0.0,-259.7,-20.1,0.0,
2025年12月13日 18:24:41.157,0.4,0.9,0.4,1.0,2288.0,2005.0, -259.7,-20.0,0.0,-259.7,-20.0,0.0,-259.7,-20.2,0.0,-259.7,-20.1,0.0,
2025年12月13日 18:24:42.157,0.4,1.0,0.4,1.0,2332.0,2039.0, -259.7,-20.0,0.0,-259.7,-20.0,0.0,-259.7,-20.2,0.0,-259.7,-20.1,0.0,
2025年12月13日 18:24:43.156,0.4,1.0,0.4,1.0,2397.0,1979.0, -259.7,-20.1,0.0,-259.7,-20.0,0.0,-259.7,-20.3,0.0,-259.7,-20.1,0.0,
2025年12月13日 18:24:44.159,0.4,0.9,0.4,1.0,2437.0,2001.0, -259.7,-20.0,0.0,-259.7,-20.0,0.0,-259.7,-20.2,0.0,-259.7,-20.1,0.0,
2025年12月13日 18:24:45.157,0.4,0.9,0.4,1.0,2397.0,2040.0, -259.7,-20.0,0.0,-259.7,-20.0,0.0,-259.7,-20.2,0.0,-259.7,-20.1,0.0,
2025年12月13日 18:24:46.157,0.4,0.9,0.4,1.0,2425.0,1997.0, -259.7,-20.0,0.0,-259.7,-20.0,0.0,-259.7,-20.2,0.0,-259.7,-20.1,0.0,
2025年12月13日 18:24:47.157,0.4,1.0,0.4,1.0,2227.0,2048.0, -259.7,-20.0,0.0,-259.7,-20.0,0.0,-259.7,-20.3,0.0,-259.7,-20.1,0.0,
2025年12月13日 18:24:48.155,0.4,0.9,0.4,1.0,2352.0,2020.0, -259.7,-20.1,0.0,-259.7,-20.1,0.0,-259.7,-20.3,0.0,-259.7,-20.1,0.0,
2025年12月13日 18:24:49.156,0.4,0.9,0.4,1.1,2379.0,2002.0, -259.7,-20.0,0.0,-259.7,-20.0,0.0,-259.7,-20.3,0.0,-259.7,-20.1,0.0,
2025年12月13日 18:24:50.157,0.4,1.0,0.4,1.0,2382.0,1987.0, -259.7,-20.1,0.0,-259.7,-20.0,0.0,-259.7,-20.3,0.0,-259.7,-20.1,0.0,
2025年12月13日 18:24:51.156,0.4,0.9,0.4,1.0,2139.0,2056.0, -259.7,-20.0,0.0,-259.7,-20.0,0.0,-259.7,-20.2,0.0,-259.7,-20.1,0.0,
2025年12月13日 18:24:52.157,0.4,0.9,0.4,1.0,2348.0,2028.0, -259.7,-20.0,0.0,-259.7,-20.0,0.0,-259.7,-20.2,0.0,-259.7,-20.1,0.0,
2025年12月13日 18:24:53.156,0.4,0.9,0.4,1.0,2234.0,2035.0, -259.7,-20.0,0.0,-259.7,-20.0,0.0,-259.7,-20.2,0.0,-259.7,-20.1,0.0,
2025年12月13日 18:24:54.157,0.4,0.9,0.4,1.0,2425.0,2018.0, -259.7,-20.0,0.0,-259.7,-20.0,0.0,-259.7,-20.2,0.0,-259.7,-20.1,0.0,
2025年12月13日 18:24:55.156,0.4,0.9,0.4,1.0,2240.0,2064.0, -259.7,-20.0,0.0,-259.7,-20.0,0.0,-259.7,-20.2,0.0,-259.7,-20.1,0.0,
2025年12月13日 18:24:56.156,0.4,0.9,0.4,1.0,2187.0,2059.0, -259.7,-20.0,0.0,-259.7,-20.0,0.0,-259.7,-20.3,0.0,-259.7,-20.1,0.0,
2025年12月13日 18:25:02.158,0.4,1.0,0.4,1.0,2324.0,2018.0, -259.7,-20.0,0.0,-259.7,-20.0,0.0,-259.7,-20.3,0.0,-259.7,-20.1,0.0,
2025年12月13日 18:25:03.156,0.4,0.9,0.4,1.0,2248.0,2050.0, -259.7,-20.0,0.0,-259.7,-20.0,0.0,-259.7,-20.2,0.0,-259.7,-20.1,0.0,
2025年12月13日 18:25:04.157,0.4,0.9,0.4,1.0,2293.0,2024.0, -259.7,-20.0,0.0,-259.7,-20.0,0.0,-259.7,-20.2,0.0,-259.7,-20.1,0.0,
2025年12月13日 18:25:05.158,0.4,0.9,0.4,1.0,2434.0,1991.0, -259.7,-20.0,0.0,-259.7,-20.0,0.0,-259.7,-20.3,0.0,-259.7,-20.1,0.0,
2025年12月13日 18:25:06.157,0.4,1.0,0.4,1.0,2249.0,2048.0, -259.7,-20.0,0.0,-259.7,-20.0,0.0,-259.7,-20.3,0.0,-259.7,-20.1,0.0,
2025年12月13日 18:25:07.157,0.4,1.0,0.4,1.0,2353.0,2040.0, -259.7,-20.1,0.0,-259.7,-20.0,0.0,-259.7,-20.2,0.0,-259.7,-20.1,0.0,
2025年12月13日 18:25:24.156,0.4,1.0,0.4,1.1,2336.0,2029.0, -259.7,-19.9,0.0,-259.7,-20.0,0.0,-259.7,-20.2,0.0,-259.7,-20.1,0.0,
2025年12月13日 18:25:25.156,0.4,0.9,0.4,1.0,2248.0,2033.0, -259.7,-20.0,0.0,-259.7,-20.0,0.0,-259.7,-20.3,0.0,-259.7,-20.1,0.0,
2025年12月13日 18:25:26.156,0.4,0.9,0.4,1.0,2252.0,2046.0, -259.7,-20.0,0.0,-259.7,-20.0,0.0,-259.7,-20.3,0.0,-259.7,-20.1,0.0,
2025年12月13日 18:25:27.156,0.4,1.0,0.4,1.0,2372.0,1996.0, -259.7,-20.0,0.0,-259.7,-20.0,0.0,-259.7,-20.3,0.0,-259.7,-20.1,0.0,
2025年12月13日 18:25:28.156,0.4,1.0,0.4,1.0,2469.0,2003.0, -259.7,-20.0,0.0,-259.7,-20.0,0.0,-259.7,-20.3,0.0,-259.7,-20.1,0.0,
2025年12月13日 18:25:40.156,0.4,1.0,0.4,0.9,2397.0,2071.0, -259.7,-20.0,0.0,-259.7,-20.0,0.0,-259.7,-20.2,0.0,-259.7,-20.1,0.0,
2025年12月13日 18:25:41.157,0.4,0.9,0.4,1.0,2226.0,2078.0, -259.7,-20.1,0.0,-259.7,-20.0,0.0,-259.7,-20.3,0.0,-259.7,-20.1,0.0,
2025年12月13日 18:25:42.156,0.4,0.9,0.4,1.0,2271.0,2042.0, -259.7,-20.0,0.0,-259.7,-20.0,0.0,-259.7,-20.2,0.0,-259.7,-20.1,0.0,
2025年12月13日 18:25:43.157,0.4,1.0,0.4,1.0,2248.0,2030.0, -259.7,-20.1,0.0,-259.7,-20.0,0.0,-259.7,-20.2,0.0,-259.7,-20.1,0.0,
2025年12月13日 18:25:44.155,0.4,1.0,0.4,1.1,2457.0,2017.0, -259.7,-20.0,0.0,-259.7,-20.0,0.0,-259.7,-20.3,0.0,-259.7,-20.1,0.0,
2025年12月13日 18:25:45.157,0.4,0.9,0.4,1.1,2220.0,2095.0, -259.7,-20.1,0.0,-259.7,-20.0,0.0,-259.7,-20.3,0.0,-259.7,-20.1,0.0,
2025年12月13日 18:25:46.156,0.4,1.0,0.4,1.1,2269.0,2036.0, -259.7,-20.0,0.0,-259.7,-20.0,0.0,-259.7,-20.2,0.0,-259.7,-20.1,0.0,
2025年12月13日 18:25:47.156,0.4,0.9,0.4,1.0,2373.0,2026.0, -259.7,-20.0,0.0,-259.7,-20.0,0.0,-259.7,-20.2,0.0,-259.7,-20.1,0.0,
2025年12月13日 18:25:48.156,0.4,0.9,0.4,1.0,2286.0,2052.0, -259.7,-20.0,0.0,-259.7,-20.0,0.0,-259.7,-20.2,0.0,-259.7,-20.1,0.0,
2025年12月13日 18:25:57.157,0.4,1.0,0.4,1.0,2181.0,2083.0, -259.7,-20.0,0.0,-259.7,-20.0,0.0,-259.7,-20.2,0.0,-259.7,-20.1,0.0,
2025年12月13日 18:25:58.157,0.4,1.0,0.4,1.0,2271.0,2047.0, -259.7,-20.0,0.0,-259.7,-20.0,0.0,-259.7,-20.3,0.0,-259.7,-20.1,0.0,
2025年12月13日 18:25:59.157,0.4,1.0,0.4,1.0,2369.0,2036.0, -259.7,-19.9,0.0,-259.7,-20.0,0.0,-259.7,-20.2,0.0,-259.7,-20.1,0.0,
2025年12月13日 18:26:00.157,0.4,0.9,0.4,1.0,2321.0,1995.0, -259.7,-20.1,0.0,-259.7,-20.0,0.0,-259.7,-20.3,0.0,-259.7,-20.1,0.0,
2025年12月13日 18:26:01.156,0.4,1.0,0.4,1.0,2220.0,2096.0, -259.7,-20.1,0.0,-259.7,-20.0,0.0,-259.7,-20.3,0.0,-259.7,-20.1,0.0,
2025年12月13日 18:26:02.156,0.4,0.9,0.4,1.0,2445.0,2008.0, -259.7,-20.0,0.0,-259.7,-20.0,0.0,-259.7,-20.3,0.0,-259.7,-20.1,0.0,
2025年12月13日 18:26:03.157,0.4,1.0,0.4,1.0,2297.0,2065.0, -259.7,-20.0,0.0,-259.7,-20.0,0.0,-259.7,-20.2,0.0,-259.7,-20.0,0.0,
2025年12月13日 18:26:04.156,0.4,1.0,0.4,1.0,2180.0,2067.0, -259.7,-20.0,0.0,-259.7,-20.0,0.0,-259.7,-20.3,0.0,-259.7,-20.1,0.0,
2025年12月13日 18:26:05.156,0.4,1.0,0.4,1.0,2418.0,2048.0, -259.7,-20.0,0.0,-259.7,-20.0,0.0,-259.7,-20.2,0.0,-259.7,-20.0,0.0,
2025年12月13日 18:26:06.156,0.4,1.0,0.4,1.0,2337.0,2028.0, -259.7,-20.0,0.0,-259.7,-20.0,0.0,-259.7,-20.2,0.0,-259.7,-20.1,0.0,
2025年12月13日 18:26:18.156,0.4,1.0,0.4,1.0,2340.0,1994.0, -259.7,-20.0,0.0,-259.7,-20.0,0.0,-259.7,-20.3,0.0,-259.7,-20.0,0.0,
2025年12月13日 18:26:19.156,0.4,1.0,0.4,1.1,2226.0,2055.0, -259.7,-20.0,0.0,-259.7,-20.0,0.0,-259.7,-20.2,0.0,-259.7,-20.1,0.0,
2025年12月13日 18:26:20.156,0.4,0.9,0.4,1.0,2133.0,2055.0, -259.7,-19.9,0.0,-259.7,-20.0,0.0,-259.7,-20.2,0.0,-259.7,-20.1,0.0,
2025年12月13日 18:26:21.157,0.4,0.9,0.4,1.0,2475.0,2028.0, -259.7,-20.0,0.0,-259.7,-20.0,0.0,-259.7,-20.2,0.0,-259.7,-20.1,0.0,
2025年12月13日 18:26:22.157,0.4,1.0,0.4,1.1,2484.0,2013.0, -259.7,-20.0,0.0,-259.7,-20.0,0.0,-259.7,-20.2,0.0,-259.7,-20.1,0.0,
2025年12月13日 18:26:23.156,0.4,1.0,0.4,1.0,2302.0,2055.0, -259.7,-20.0,0.0,-259.7,-20.0,0.0,-259.7,-20.3,0.0,-259.7,-20.1,0.0,
2025年12月13日 18:26:37.156,0.4,1.0,0.4,1.0,2215.0,2056.0, -259.7,-20.1,0.0,-259.7,-20.0,0.0,-259.7,-20.3,0.0,-259.7,-20.1,0.0,
2025年12月13日 18:26:38.156,0.4,1.0,0.4,1.0,2331.0,2042.0, -259.7,-20.0,0.0,-259.7,-20.0,0.0,-259.7,-20.3,0.0,-259.7,-20.1,0.0,
2025年12月13日 18:26:39.157,0.4,1.0,0.4,1.0,2304.0,2066.0, -259.7,-20.0,0.0,-259.7,-20.0,0.0,-259.7,-20.2,0.0,-259.7,-20.1,0.0,
2025年12月13日 18:26:40.156,0.4,1.0,0.4,1.0,2215.0,2065.0, -259.7,-20.0,0.0,-259.7,-20.0,0.0,-259.7,-20.2,0.0,-259.7,-20.1,0.0,
2025年12月13日 18:26:41.156,0.4,0.9,0.4,1.0,2356.0,2037.0, -259.7,-19.9,0.0,-259.7,-20.0,0.0,-259.7,-20.2,0.0,-259.7,-20.1,0.0,
2025年12月13日 18:26:42.168,0.4,1.0,0.4,1.1,2387.0,2036.0, -259.7,-20.0,0.0,-259.7,-20.0,0.0,-259.7,-20.2,0.0,-259.7,-20.1,0.0,
2025年12月13日 18:26:43.167,0.4,0.9,0.4,1.0,2332.0,2031.0, -259.7,-20.0,0.0,-259.7,-20.0,0.0,-259.7,-20.2,0.0,-259.7,-20.1,0.0,
2025年12月13日 18:26:44.163,0.4,1.0,0.4,1.0,2216.0,2085.0, -259.7,-20.0,0.0,-259.7,-19.9,0.0,-259.7,-20.2,0.0,-259.7,-20.0,0.0,
2025年12月13日 18:26:45.164,0.4,0.9,0.4,1.0,2186.0,2064.0, -259.7,-20.1,0.0,-259.7,-20.0,0.0,-259.7,-20.2,0.0,-259.7,-20.1,0.0,
2025年12月13日 18:26:46.157,0.4,0.9,0.4,1.0,2308.0,2052.0, -259.7,-20.0,0.0,-259.7,-20.0,0.0,-259.7,-20.2,0.0,-259.7,-20.1,0.0,
2025年12月13日 18:26:58.157,0.4,1.0,0.4,1.0,2271.0,2050.0, -259.7,-20.0,0.0,-259.7,-20.0,0.0,-259.7,-20.2,0.0,-259.7,-20.1,0.0,
2025年12月13日 18:26:59.156,0.4,0.9,0.4,1.0,2239.0,2096.0, -259.7,-20.0,0.0,-259.7,-20.0,0.0,-259.7,-20.2,0.0,-259.7,-20.0,0.0,
2025年12月13日 18:27:00.155,0.4,1.0,0.4,1.0,2317.0,2062.0, -259.7,-20.0,0.0,-259.7,-20.0,0.0,-259.7,-20.3,0.0,-259.7,-20.1,0.0,
2025年12月13日 18:27:01.157,0.4,1.0,0.4,1.1,2377.0,2045.0, -259.7,-20.0,0.0,-259.7,-19.9,0.0,-259.7,-20.2,0.0,-259.7,-20.1,0.0,
2025年12月13日 18:27:02.156,0.4,1.0,0.4,1.0,2188.0,2078.0, -259.7,-20.0,0.0,-259.7,-20.0,0.0,-259.7,-20.2,0.0,-259.7,-20.1,0.0,
2025年12月13日 18:28:31.155,0.4,0.9,0.4,1.0,2324.0,2055.0, -259.7,-20.0,0.0,-259.7,-20.0,0.0,-259.7,-20.2,0.0,-259.7,-20.1,0.0,
2025年12月13日 18:28:32.156,0.4,0.9,0.4,1.1,2293.0,2061.0, -259.7,-20.0,0.0,-259.7,-20.0,0.0,-259.7,-20.2,0.0,-259.7,-20.0,0.0,
2025年12月13日 18:28:33.157,0.4,1.0,0.4,1.1,2460.0,2001.0, -259.7,-20.0,0.0,-259.7,-20.0,0.0,-259.7,-20.2,0.0,-259.7,-20.1,0.0,
2025年12月13日 18:28:34.155,0.4,1.0,0.4,1.0,2385.0,2064.0, -259.7,-20.0,0.0,-259.7,-20.0,0.0,-259.7,-20.2,0.0,-259.7,-20.1,0.0,
2025年12月13日 18:28:35.157,0.4,1.0,0.4,1.1,2341.0,2023.0, -259.7,-20.0,0.0,-259.7,-20.0,0.0,-259.7,-20.2,0.0,-259.7,-20.1,0.0,
2025年12月13日 18:29:25.156,0.4,1.0,0.4,1.1,2428.0,2038.0, -259.7,-20.0,0.0,-259.7,-20.0,0.0,-259.7,-20.2,0.0,-259.7,-20.0,0.0,
2025年12月13日 18:29:26.156,0.4,1.0,0.4,1.1,2363.0,2039.0, -259.7,-20.0,0.0,-259.7,-20.0,0.0,-259.7,-20.2,0.0,-259.7,-20.1,0.0,
2025年12月13日 18:29:27.156,0.4,1.0,0.4,1.0,2230.0,2079.0, -259.7,-20.0,0.0,-259.7,-20.0,0.0,-259.7,-20.2,0.0,-259.7,-20.0,0.0,
2025年12月13日 18:29:28.157,0.4,1.0,0.4,1.1,2410.0,2047.0, -259.7,-20.0,0.0,-259.7,-20.0,0.0,-259.7,-20.2,0.0,-259.7,-20.0,0.0,
2025年12月13日 18:29:29.155,0.4,1.0,0.4,1.1,2302.0,2054.0, -259.7,-20.0,0.0,-259.7,-20.0,0.0,-259.7,-20.3,0.0,-259.7,-20.1,0.0,
2025年12月13日 18:31:58.156,0.4,1.0,0.4,1.1,2329.0,2067.0, -259.7,-20.1,0.0,-259.7,-20.0,0.0,-259.7,-20.2,0.0,-259.7,-20.1,0.0,
2025年12月13日 18:31:59.156,0.4,1.0,0.4,1.1,2395.0,2029.0, -259.7,-19.9,0.0,-259.7,-19.9,0.0,-259.7,-20.2,0.0,-259.7,-20.0,0.0,
2025年12月13日 18:32:00.156,0.4,1.0,0.4,1.1,2339.0,2063.0, -259.7,-20.0,0.0,-259.7,-20.0,0.0,-259.7,-20.2,0.0,-259.7,-20.1,0.0,
2025年12月13日 18:32:01.157,0.4,1.0,0.4,1.1,2333.0,2040.0, -259.7,-20.0,0.0,-259.7,-20.0,0.0,-259.7,-20.2,0.0,-259.7,-20.1,0.0,
2025年12月13日 18:32:02.157,0.4,1.1,0.4,1.1,2248.0,2088.0, -259.7,-20.0,0.0,-259.7,-20.0,0.0,-259.7,-20.2,0.0,-259.7,-20.0,0.0,
2025年12月13日 18:37:41.815,0.4,1.1,0.5,1.1,2224.0,2063.0, -259.7,-20.0,0.0,-259.7,-20.0,0.0,-259.7,-20.2,0.0,-259.7,-20.1,0.0,
2025年12月13日 18:37:42.814,0.4,1.0,0.4,1.0,2236.0,2097.0, -259.7,-20.0,0.0,-259.7,-20.0,0.0,-259.7,-20.2,0.0,-259.7,-20.1,0.0,
2025年12月13日 18:37:43.815,0.4,1.1,0.4,1.1,2257.0,2102.0, -259.7,-20.0,0.0,-259.7,-19.9,0.0,-259.7,-20.2,0.0,-259.7,-20.1,0.0,
2025年12月13日 18:37:44.813,0.4,1.0,0.4,1.1,2257.0,2076.0, -259.7,-20.0,0.0,-259.7,-20.0,0.0,-259.7,-20.2,0.0,-259.7,-20.0,0.0,
2025年12月13日 18:37:45.814,0.4,1.1,0.4,1.1,2252.0,2116.0, -259.7,-19.9,0.0,-259.7,-19.9,0.0,-259.7,-20.2,0.0,-259.7,-20.0,0.0,
2025年12月13日 18:37:46.815,0.4,0.9,0.4,1.0,2209.0,2054.0, -259.7,-20.0,0.0,-259.7,-20.0,0.0,-259.7,-20.2,0.0,-259.7,-20.1,0.0,
2025年12月13日 18:37:47.814,0.4,1.0,0.4,1.0,2204.0,2094.0, -259.7,-20.0,0.0,-259.7,-20.0,0.0,-259.7,-20.2,0.0,-259.7,-20.0,0.0,
2025年12月13日 18:37:48.815,0.4,1.1,0.4,1.1,2199.0,2068.0, -259.7,-19.9,0.0,-259.7,-20.0,0.0,-259.7,-20.2,0.0,-259.7,-20.1,0.0,
2025年12月13日 18:37:49.814,0.4,1.0,0.4,1.1,2262.0,2056.0, -259.7,-20.0,0.0,-259.7,-20.0,0.0,-259.7,-20.2,0.0,-259.7,-20.1,0.0,
2025年12月13日 18:37:50.815,0.4,1.0,0.4,1.1,2399.0,2031.0, -259.7,-20.0,0.0,-259.7,-19.9,0.0,-259.7,-20.2,0.0,-259.7,-20.1,0.0,
2025年12月13日 18:37:51.815,0.4,1.0,0.4,1.0,2176.0,2090.0, -259.7,-20.0,0.0,-259.7,-20.0,0.0,-259.7,-20.2,0.0,-259.7,-20.1,0.0,
2025年12月13日 18:37:52.815,0.4,1.0,0.4,1.1,2347.0,2047.0, -259.7,-20.0,0.0,-259.7,-20.0,0.0,-259.7,-20.2,0.0,-259.7,-20.1,0.0,
2025年12月13日 18:37:53.815,0.4,1.0,0.4,1.1,2218.0,2074.0, -259.7,-20.0,0.0,-259.7,-20.0,0.0,-259.7,-20.2,0.0,-259.7,-20.1,0.0,
2025年12月13日 18:37:54.814,0.4,1.1,0.4,1.1,2313.0,2059.0, -259.7,-20.0,0.0,-259.7,-20.0,0.0,-259.7,-20.2,0.0,-259.7,-20.1,0.0,
2025年12月13日 18:37:55.814,0.4,1.0,0.4,1.0,2304.0,2060.0, -259.7,-20.0,0.0,-259.7,-20.0,0.0,-259.7,-20.2,0.0,-259.7,-20.0,0.0,
2025年12月13日 18:37:56.814,0.4,1.0,0.4,1.1,2428.0,2025.0, -259.7,-20.0,0.0,-259.7,-20.0,0.0,-259.7,-20.2,0.0,-259.7,-20.0,0.0,
2025年12月13日 18:37:57.814,0.4,1.0,0.4,1.1,2506.0,2029.0, -259.7,-20.0,0.0,-259.7,-19.9,0.0,-259.7,-20.2,0.0,-259.7,-20.1,0.0,
2025年12月13日 18:37:58.814,0.4,1.0,0.4,1.0,2290.0,2050.0, -259.7,-20.0,0.0,-259.7,-19.9,0.0,-259.7,-20.2,0.0,-259.7,-20.0,0.0,
2025年12月13日 18:37:59.815,0.4,1.0,0.4,1.1,2193.0,2078.0, -259.7,-20.0,0.0,-259.7,-20.0,0.0,-259.7,-20.2,0.0,-259.7,-20.1,0.0,
2025年12月13日 18:38:00.814,0.4,1.0,0.4,1.0,2287.0,2056.0, -259.7,-20.0,0.0,-259.7,-20.0,0.0,-259.7,-20.2,0.0,-259.7,-20.0,0.0,
2025年12月13日 18:38:01.815,0.4,1.0,0.4,1.2,2261.0,2112.0, -259.7,-20.0,0.0,-259.7,-20.0,0.0,-259.7,-20.2,0.0,-259.7,-20.1,0.0,
2025年12月13日 18:38:02.815,0.4,1.0,0.4,1.1,2395.0,2018.0, -259.7,-20.0,0.0,-259.7,-20.0,0.0,-259.7,-20.2,0.0,-259.7,-20.1,0.0,
2025年12月13日 18:38:03.815,0.4,1.1,0.4,1.0,2318.0,2033.0, -259.7,-19.9,0.0,-259.7,-20.0,0.0,-259.7,-20.2,0.0,-259.7,-20.1,0.0,
2025年12月13日 18:38:04.814,0.4,1.0,0.4,1.0,2249.0,2097.0, -259.7,-20.0,0.0,-259.7,-20.0,0.0,-259.7,-20.2,0.0,-259.7,-20.1,0.0,
2025年12月13日 18:38:05.814,0.4,1.0,0.4,1.1,2267.0,2114.0, -259.7,-20.0,0.0,-259.7,-20.0,0.0,-259.7,-20.2,0.0,-259.7,-20.1,0.0,
2025年12月13日 18:38:06.816,0.4,1.0,0.4,1.0,2204.0,2054.0, -259.7,-20.0,0.0,-259.7,-20.0,0.0,-259.7,-20.2,0.0,-259.7,-20.1,0.0,
2025年12月13日 18:38:07.814,0.4,1.1,0.4,1.0,2402.0,2021.0, -259.7,-19.9,0.0,-259.7,-19.9,0.0,-259.7,-20.2,0.0,-259.7,-20.1,0.0,
2025年12月13日 18:38:22.767,0.4,1.0,0.4,1.0,2165.0,2076.0, -259.7,-20.0,0.0,-259.7,-19.9,0.0,-259.7,-20.2,0.0,-259.7,-20.1,0.0,
2025年12月13日 18:38:22.769,0.5,1.2,0.5,1.3,2499.0,2260.0, -259.7,-19.9,0.0,-259.7,-19.8,0.0,-259.7,-20.1,0.0,-259.7,-20.1,0.0,
2025年12月13日 18:38:26.855,0.5,1.2,0.5,1.3,2499.0,2260.0, -259.7,-19.9,0.0,-259.7,-19.8,0.0,-259.7,-20.1,0.0,-259.7,-20.1,0.0,
2025年12月13日 18:38:26.857,0.5,1.3,0.5,1.3,2478.0,2221.0, -259.7,-20.0,0.0,-259.7,-19.8,0.0,-259.7,-20.1,0.0,-259.7,-20.1,0.0,
2025年12月13日 18:38:26.858,0.5,1.3,0.5,1.3,2478.0,2221.0, -259.7,-20.0,0.0,-259.7,-19.8,0.0,-259.7,-20.1,0.0,-259.7,-20.1,0.0,
2025年12月13日 18:38:26.860,0.5,1.3,0.5,1.3,2478.0,2221.0, -259.7,-20.0,0.0,-259.7,-19.8,0.0,-259.7,-20.1,0.0,-259.7,-20.1,0.0,
2025年12月13日 18:38:26.862,0.5,1.3,0.5,1.3,2478.0,2221.0, -259.7,-20.0,0.0,-259.7,-19.8,0.0,-259.7,-20.1,0.0,-259.7,-20.1,0.0,
2025年12月13日 18:38:26.864,0.5,1.3,0.5,1.3,2478.0,2221.0, -259.7,-20.0,0.0,-259.7,-19.8,0.0,-259.7,-20.1,0.0,-259.7,-20.1,0.0,
2025年12月13日 18:38:26.866,0.5,1.3,0.5,1.3,2478.0,2221.0, -259.7,-20.0,0.0,-259.7,-19.8,0.0,-259.7,-20.1,0.0,-259.7,-20.1,0.0,
2025年12月13日 18:38:26.869,0.5,1.3,0.5,1.3,2478.0,2221.0, -259.7,-20.0,0.0,-259.7,-19.8,0.0,-259.7,-20.1,0.0,-259.7,-20.1,0.0,
2025年12月13日 18:38:26.870,0.5,1.3,0.5,1.3,2478.0,2221.0, -259.7,-20.0,0.0,-259.7,-19.8,0.0,-259.7,-20.1,0.0,-259.7,-20.1,0.0,
2025年12月13日 18:38:26.872,0.5,1.3,0.5,1.3,2478.0,2221.0, -259.7,-20.0,0.0,-259.7,-19.8,0.0,-259.7,-20.1,0.0,-259.7,-20.1,0.0,
2025年12月13日 18:38:26.874,0.5,1.3,0.5,1.3,2478.0,2221.0, -259.7,-20.0,0.0,-259.7,-19.8,0.0,-259.7,-20.1,0.0,-259.7,-20.1,0.0,
2025年12月13日 18:38:26.876,0.5,1.2,0.5,1.3,2375.0,2121.0, -259.7,-20.0,0.0,-259.7,-19.9,0.0,-259.7,-20.1,0.0,-259.7,-20.1,0.0,
2025年12月13日 18:38:26.878,0.5,1.2,0.5,1.3,2375.0,2121.0, -259.7,-20.0,0.0,-259.7,-19.9,0.0,-259.7,-20.1,0.0,-259.7,-20.1,0.0,
2025年12月13日 18:38:26.880,0.5,1.2,0.5,1.3,2375.0,2121.0, -259.7,-20.0,0.0,-259.7,-19.9,0.0,-259.7,-20.1,0.0,-259.7,-20.1,0.0,
2025年12月13日 18:38:26.882,0.5,1.2,0.5,1.3,2375.0,2121.0, -259.7,-20.0,0.0,-259.7,-19.9,0.0,-259.7,-20.1,0.0,-259.7,-20.1,0.0,
2025年12月13日 18:38:27.814,0.5,1.1,0.5,1.2,2294.0,2110.0, -259.7,-19.9,0.0,-259.7,-19.8,0.0,-259.7,-20.2,0.0,-259.7,-20.1,0.0,
2025年12月13日 18:38:28.813,0.5,1.2,0.5,1.2,2295.0,2100.0, -259.7,-20.0,0.0,-259.7,-19.9,0.0,-259.7,-20.2,0.0,-259.7,-20.1,0.0,
2025年12月13日 18:38:29.814,0.4,1.0,0.4,1.1,2248.0,2091.0, -259.7,-20.0,0.0,-259.7,-20.0,0.0,-259.7,-20.2,0.0,-259.7,-20.0,0.0,
2025年12月13日 18:38:30.814,0.4,1.1,0.4,1.1,2312.0,2073.0, -259.7,-20.0,0.0,-259.7,-19.9,0.0,-259.7,-20.2,0.0,-259.7,-20.0,0.0,
2025年12月13日 18:38:31.814,0.4,1.0,0.4,1.0,2273.0,2123.0, -259.7,-20.0,0.0,-259.7,-20.0,0.0,-259.7,-20.3,0.0,-259.7,-20.0,0.0,
2025年12月13日 18:38:32.814,0.5,1.1,0.4,1.1,2366.0,2110.0, -259.7,-20.0,0.0,-259.7,-20.0,0.0,-259.7,-20.2,0.0,-259.7,-20.1,0.0,
2025年12月13日 18:38:33.815,0.5,1.1,0.4,1.1,2243.0,2076.0, -259.7,-20.0,0.0,-259.7,-20.0,0.0,-259.7,-20.2,0.0,-259.7,-20.0,0.0,
2025年12月13日 18:38:34.815,0.4,1.0,0.4,1.1,2207.0,2102.0, -259.7,-20.0,0.0,-259.7,-20.0,0.0,-259.7,-20.2,0.0,-259.7,-20.1,0.0,
2025年12月13日 18:38:35.816,0.4,1.1,0.4,1.1,2227.0,2100.0, -259.7,-20.0,0.0,-259.7,-20.0,0.0,-259.7,-20.2,0.0,-259.7,-20.1,0.0,
2025年12月13日 18:38:36.814,0.5,1.1,0.4,1.1,2330.0,2048.0, -259.7,-20.0,0.0,-259.7,-19.9,0.0,-259.7,-20.2,0.0,-259.7,-20.0,0.0,
2025年12月13日 18:38:49.530,0.5,1.1,0.4,1.1,2330.0,2048.0, -259.7,-20.0,0.0,-259.7,-19.9,0.0,-259.7,-20.2,0.0,-259.7,-20.0,0.0,
2025年12月13日 18:38:49.531,0.5,1.3,0.5,1.3,2547.0,2284.0, -259.7,-19.9,0.0,-259.7,-19.8,0.0,-259.7,-20.1,0.0,-259.7,-20.1,0.0,
2025年12月13日 18:38:50.320,0.5,1.3,0.5,1.3,2547.0,2284.0, -259.7,-19.9,0.0,-259.7,-19.8,0.0,-259.7,-20.1,0.0,-259.7,-20.1,0.0,
2025年12月13日 18:38:50.320,0.5,1.3,0.5,1.3,2547.0,2284.0, -259.7,-19.9,0.0,-259.7,-19.8,0.0,-259.7,-20.1,0.0,-259.7,-20.1,0.0,
2025年12月13日 18:38:50.320,0.5,1.2,0.5,1.3,2547.0,2284.0, -259.7,-19.9,0.0,-259.7,-19.9,0.0,-259.7,-20.1,0.0,-259.7,-20.1,0.0,
2025年12月13日 18:38:50.320,0.5,1.2,0.5,1.3,2547.0,2284.0, -259.7,-19.9,0.0,-259.7,-19.9,0.0,-259.7,-20.1,0.0,-259.7,-20.1,0.0,
2025年12月13日 18:38:50.320,0.5,1.2,0.5,1.3,2547.0,2284.0, -259.7,-19.9,0.0,-259.7,-19.9,0.0,-259.7,-20.1,0.0,-259.7,-20.1,0.0,
2025年12月13日 18:38:50.320,0.5,1.2,0.5,1.3,2547.0,2284.0, -259.7,-19.9,0.0,-259.7,-19.9,0.0,-259.7,-20.1,0.0,-259.7,-20.1,0.0,
2025年12月13日 18:38:50.320,0.5,1.2,0.5,1.3,2547.0,2284.0, -259.7,-19.9,0.0,-259.7,-19.9,0.0,-259.7,-20.1,0.0,-259.7,-20.1,0.0,
2025年12月13日 18:38:50.320,0.5,1.2,0.5,1.3,2547.0,2284.0, -259.7,-19.9,0.0,-259.7,-19.9,0.0,-259.7,-20.1,0.0,-259.7,-20.1,0.0,
2025年12月13日 18:38:50.320,0.5,1.2,0.5,1.3,2547.0,2284.0, -259.7,-19.9,0.0,-259.7,-19.9,0.0,-259.7,-20.1,0.0,-259.7,-20.1,0.0,
2025年12月13日 18:38:50.320,0.5,1.2,0.5,1.3,2547.0,2284.0, -259.7,-19.9,0.0,-259.7,-19.9,0.0,-259.7,-20.1,0.0,-259.7,-20.1,0.0,
2025年12月13日 18:38:50.325,0.5,1.1,0.5,1.3,2361.0,2163.0, -259.7,-20.0,0.0,-259.7,-19.9,0.0,-259.7,-20.2,0.0,-259.7,-20.0,0.0,
2025年12月13日 18:38:50.815,0.5,1.2,0.5,1.3,2285.0,2145.0, -259.7,-20.0,0.0,-259.7,-19.8,0.0,-259.7,-20.1,0.0,-259.7,-20.1,0.0,
2025年12月13日 18:38:51.814,0.4,1.1,0.5,1.1,2294.0,2121.0, -259.7,-20.0,0.0,-259.7,-19.9,0.0,-259.7,-20.2,0.0,-259.7,-20.1,0.0,
2025年12月13日 18:38:52.814,0.4,1.1,0.4,1.1,2273.0,2123.0, -259.7,-19.9,0.0,-259.7,-19.9,0.0,-259.7,-20.2,0.0,-259.7,-20.1,0.0,
2025年12月13日 18:38:53.814,0.5,1.2,0.5,1.2,2367.0,2059.0, -259.7,-19.9,0.0,-259.7,-19.9,0.0,-259.7,-20.2,0.0,-259.7,-20.1,0.0,
2025年12月13日 18:38:54.826,0.5,1.1,0.4,1.1,2277.0,2081.0, -259.7,-20.0,0.0,-259.7,-20.0,0.0,-259.7,-20.2,0.0,-259.7,-20.1,0.0,
2025年12月13日 18:38:55.820,0.4,1.0,0.4,1.1,2228.0,2103.0, -259.7,-19.9,0.0,-259.7,-19.9,0.0,-259.7,-20.2,0.0,-259.7,-20.1,0.0,
2025年12月13日 18:38:56.819,0.4,1.1,0.4,1.2,2353.0,2090.0, -259.7,-20.0,0.0,-259.7,-20.0,0.0,-259.7,-20.2,0.0,-259.7,-20.1,0.0,
2025年12月13日 18:38:57.818,0.5,1.1,0.4,1.1,2250.0,2098.0, -259.7,-20.0,0.0,-259.7,-20.0,0.0,-259.7,-20.2,0.0,-259.7,-20.1,0.0,
2025年12月13日 18:38:58.815,0.4,1.0,0.4,1.1,2305.0,2100.0, -259.7,-20.0,0.0,-259.7,-19.9,0.0,-259.7,-20.2,0.0,-259.7,-20.1,0.0,
2025年12月13日 18:38:59.819,0.4,1.0,0.4,1.1,2332.0,2052.0, -259.7,-20.0,0.0,-259.7,-20.0,0.0,-259.7,-20.2,0.0,-259.7,-20.1,0.0,
2025年12月13日 18:39:00.815,0.5,1.1,0.4,1.1,2435.0,2071.0, -259.7,-19.9,0.0,-259.7,-19.9,0.0,-259.7,-20.2,0.0,-259.7,-20.0,0.0,
2025年12月13日 18:39:01.815,0.4,1.0,0.4,1.1,2253.0,2094.0, -259.7,-20.0,0.0,-259.7,-20.0,0.0,-259.7,-20.2,0.0,-259.7,-20.0,0.0,
2025年12月13日 18:39:02.814,0.4,1.0,0.4,1.1,2254.0,2132.0, -259.7,-19.9,0.0,-259.7,-20.0,0.0,-259.7,-20.2,0.0,-259.7,-20.2,0.0,
2025年12月13日 18:39:03.814,0.4,1.0,0.4,1.1,2238.0,2100.0, -259.7,-20.0,0.0,-259.7,-20.0,0.0,-259.7,-20.2,0.0,-259.7,-20.0,0.0,
2025年12月13日 18:39:04.814,0.4,1.0,0.4,1.1,2309.0,2060.0, -259.7,-20.0,0.0,-259.7,-20.0,0.0,-259.7,-20.2,0.0,-259.7,-20.1,0.0,
2025年12月13日 18:39:05.814,0.4,1.0,0.4,1.0,2382.0,2072.0, -259.7,-20.0,0.0,-259.7,-19.9,0.0,-259.7,-20.2,0.0,-259.7,-20.0,0.0,
2025年12月13日 18:39:06.815,0.4,1.0,0.4,1.1,2454.0,2042.0, -259.7,-19.9,0.0,-259.7,-20.0,0.0,-259.7,-20.2,0.0,-259.7,-20.1,0.0,
2025年12月13日 18:39:07.814,0.4,1.1,0.4,1.1,2262.0,2072.0, -259.7,-20.0,0.0,-259.7,-20.0,0.0,-259.7,-20.2,0.0,-259.7,-20.1,0.0,
2025年12月13日 18:39:08.815,0.4,1.1,0.4,1.1,2242.0,2070.0, -259.7,-20.0,0.0,-259.7,-19.9,0.0,-259.7,-20.2,0.0,-259.7,-20.0,0.0,
2025年12月13日 18:39:09.814,0.4,1.0,0.4,1.1,2204.0,2073.0, -259.7,-20.0,0.0,-259.7,-20.0,0.0,-259.7,-20.2,0.0,-259.7,-20.1,0.0,
2025年12月13日 18:39:10.816,0.4,1.0,0.4,1.0,2331.0,2062.0, -259.7,-20.0,0.0,-259.7,-19.9,0.0,-259.7,-20.2,0.0,-259.7,-20.1,0.0,
2025年12月13日 18:39:11.815,0.4,1.0,0.4,1.1,2393.0,2037.0, -259.7,-20.0,0.0,-259.7,-20.0,0.0,-259.7,-20.2,0.0,-259.7,-20.1,0.0,
2025年12月13日 18:39:12.815,0.4,1.0,0.4,1.1,2216.0,2088.0, -259.7,-20.0,0.0,-259.7,-20.0,0.0,-259.7,-20.2,0.0,-259.7,-20.1,0.0,
2025年12月13日 18:39:13.815,0.4,1.0,0.4,1.1,2258.0,2093.0, -259.7,-20.0,0.0,-259.7,-20.0,0.0,-259.7,-20.2,0.0,-259.7,-20.0,0.0,
2025年12月13日 18:39:14.815,0.4,1.0,0.4,1.1,2320.0,2051.0, -259.7,-20.0,0.0,-259.7,-20.0,0.0,-259.7,-20.2,0.0,-259.7,-20.1,0.0,
2025年12月13日 18:39:15.815,0.5,1.0,0.4,1.1,2187.0,2051.0, -259.7,-19.9,0.0,-259.7,-19.9,0.0,-259.7,-20.2,0.0,-259.7,-20.1,0.0,
2025年12月13日 18:39:16.815,0.4,1.0,0.4,1.0,2314.0,2056.0, -259.7,-20.0,0.0,-259.7,-19.9,0.0,-259.7,-20.2,0.0,-259.7,-20.1,0.0,
2025年12月13日 18:39:17.814,0.4,1.0,0.4,1.1,2524.0,1993.0, -259.7,-20.0,0.0,-259.7,-20.0,0.0,-259.7,-20.2,0.0,-259.7,-20.1,0.0,
2025年12月13日 18:39:18.815,0.4,0.9,0.4,1.1,2251.0,2060.0, -259.7,-20.0,0.0,-259.7,-20.0,0.0,-259.7,-20.2,0.0,-259.7,-20.1,0.0,
2025年12月13日 18:39:19.815,0.4,1.0,0.4,1.0,2223.0,2114.0, -259.7,-19.9,0.0,-259.7,-19.9,0.0,-259.7,-20.2,0.0,-259.7,-20.1,0.0,
2025年12月13日 18:43:43.044,0.5,1.2,0.5,1.2,2364.0,2155.0, -259.7,-20.0,0.0,-259.7,-19.9,0.0,-259.7,-20.2,0.0,-259.7,-20.1,0.0,
2025年12月13日 18:43:44.043,0.5,1.1,0.5,1.3,2331.0,2174.0, -259.7,-20.0,0.0,-259.7,-20.0,0.0,-259.7,-20.2,0.0,-259.7,-20.0,0.0,
2025年12月13日 18:43:45.044,0.5,1.2,0.5,1.2,2402.0,2161.0, -259.7,-19.9,0.0,-259.7,-19.9,0.0,-259.7,-20.2,0.0,-259.7,-20.1,0.0,
2025年12月13日 18:43:46.043,0.5,1.2,0.5,1.2,2267.0,2113.0, -259.7,-19.9,0.0,-259.7,-19.9,0.0,-259.7,-20.2,0.0,-259.7,-20.0,0.0,
2025年12月13日 18:43:47.043,0.5,1.2,0.5,1.2,2349.0,2183.0, -259.7,-19.9,0.0,-259.7,-19.9,0.0,-259.7,-20.2,0.0,-259.7,-20.0,0.0,
2025年12月13日 18:43:48.043,0.5,1.1,0.5,1.2,2315.0,2110.0, -259.7,-20.0,0.0,-259.7,-19.9,0.0,-259.7,-20.2,0.0,-259.7,-20.0,0.0,
2025年12月13日 18:43:59.739,0.5,1.1,0.5,1.2,2353.0,2157.0, -259.7,-20.0,0.0,-259.7,-19.9,0.0,-259.7,-20.2,0.0,-259.7,-20.0,0.0,
2025年12月13日 18:43:59.741,0.5,1.2,0.5,1.4,2561.0,2350.0, -259.7,-19.9,0.0,-259.7,-19.8,0.0,-259.7,-20.1,0.0,-259.7,-20.0,0.0,
2025年12月13日 18:44:10.031,0.5,1.2,0.5,1.4,2561.0,2350.0, -259.7,-19.9,0.0,-259.7,-19.8,0.0,-259.7,-20.1,0.0,-259.7,-20.0,0.0,
2025年12月13日 18:44:10.033,0.6,1.3,0.5,1.5,2600.0,2326.0, -259.7,-19.9,0.0,-259.7,-19.8,0.0,-259.7,-20.1,0.0,-259.7,-20.1,0.0,
2025年12月13日 18:44:10.034,0.6,1.3,0.5,1.4,2600.0,2326.0, -259.7,-19.9,0.0,-259.7,-19.9,0.0,-259.7,-20.2,0.0,-259.7,-20.1,0.0,
2025年12月13日 18:44:10.036,0.6,1.3,0.5,1.4,2600.0,2326.0, -259.7,-19.9,0.0,-259.7,-19.9,0.0,-259.7,-20.2,0.0,-259.7,-20.1,0.0,
2025年12月13日 18:44:10.038,0.6,1.3,0.5,1.4,2600.0,2326.0, -259.7,-19.9,0.0,-259.7,-19.9,0.0,-259.7,-20.2,0.0,-259.7,-20.1,0.0,
2025年12月13日 18:44:10.040,0.6,1.3,0.5,1.4,2600.0,2326.0, -259.7,-19.9,0.0,-259.7,-19.9,0.0,-259.7,-20.2,0.0,-259.7,-20.1,0.0,
2025年12月13日 18:44:10.045,0.6,1.3,0.5,1.4,2600.0,2326.0, -259.7,-19.9,0.0,-259.7,-19.9,0.0,-259.7,-20.2,0.0,-259.7,-20.1,0.0,
2025年12月13日 18:44:10.045,0.6,1.3,0.5,1.4,2600.0,2326.0, -259.7,-19.9,0.0,-259.7,-19.9,0.0,-259.7,-20.2,0.0,-259.7,-20.1,0.0,
2025年12月13日 18:44:10.046,0.6,1.3,0.5,1.4,2600.0,2326.0, -259.7,-19.9,0.0,-259.7,-19.9,0.0,-259.7,-20.2,0.0,-259.7,-20.1,0.0,
2025年12月13日 18:44:10.048,0.6,1.3,0.5,1.4,2600.0,2326.0, -259.7,-19.9,0.0,-259.7,-19.9,0.0,-259.7,-20.2,0.0,-259.7,-20.1,0.0,
2025年12月13日 18:44:10.050,0.6,1.3,0.5,1.4,2600.0,2326.0, -259.7,-19.9,0.0,-259.7,-19.9,0.0,-259.7,-20.2,0.0,-259.7,-20.1,0.0,
2025年12月13日 18:44:10.052,0.5,1.2,0.5,1.2,2551.0,2256.0, -259.7,-19.9,0.0,-259.7,-19.9,0.0,-259.7,-20.2,0.0,-259.7,-20.1,0.0,
2025年12月13日 18:44:10.054,0.5,1.2,0.5,1.2,2551.0,2256.0, -259.7,-19.9,0.0,-259.7,-19.9,0.0,-259.7,-20.2,0.0,-259.7,-20.1,0.0,
2025年12月13日 18:44:10.056,0.5,1.2,0.5,1.2,2551.0,2256.0, -259.7,-19.9,0.0,-259.7,-19.9,0.0,-259.7,-20.2,0.0,-259.7,-20.1,0.0,
2025年12月13日 18:44:10.058,0.5,1.2,0.5,1.2,2551.0,2256.0, -259.7,-19.9,0.0,-259.7,-19.9,0.0,-259.7,-20.2,0.0,-259.7,-20.1,0.0,
2025年12月13日 18:44:11.044,0.5,1.2,0.5,1.3,2358.0,2176.0, -259.7,-19.9,0.0,-259.7,-19.8,0.0,-259.7,-20.1,0.0,-259.7,-20.1,0.0,
2025年12月13日 18:44:12.043,0.5,1.2,0.5,1.2,2365.0,2178.0, -259.7,-19.9,0.0,-259.7,-19.9,0.0,-259.7,-20.2,0.0,-259.7,-20.0,0.0,
2025年12月13日 18:44:13.043,0.5,1.2,0.5,1.2,2327.0,2225.0, -259.7,-19.9,0.0,-259.7,-19.9,0.0,-259.7,-20.2,0.0,-259.7,-20.0,0.0,
2025年12月13日 18:44:14.043,0.5,1.1,0.4,1.2,2348.0,2176.0, -259.7,-19.9,0.0,-259.7,-19.9,0.0,-259.7,-20.2,0.0,-259.7,-20.1,0.0,
2025年12月13日 18:44:15.044,0.5,1.2,0.5,1.2,2430.0,2183.0, -259.7,-20.0,0.0,-259.7,-19.9,0.0,-259.7,-20.2,0.0,-259.7,-20.1,0.0,
2025年12月13日 18:45:05.058,0.5,1.2,0.5,1.4,2521.0,2318.0, -259.7,-20.0,0.0,-259.7,-19.8,0.0,-259.7,-20.1,0.0,-259.7,-20.2,0.0,
2025年12月13日 18:45:06.055,0.5,1.3,0.5,1.4,2453.0,2284.0, -259.7,-20.0,0.0,-259.7,-19.9,0.0,-259.7,-20.2,0.0,-259.7,-20.1,0.0,
2025年12月13日 18:45:07.043,0.5,1.2,0.5,1.4,2446.0,2219.0, -259.7,-19.9,0.0,-259.7,-19.9,0.0,-259.7,-20.1,0.0,-259.7,-20.1,0.0,
2025年12月13日 18:45:08.043,0.5,1.2,0.5,1.3,2428.0,2213.0, -259.7,-19.9,0.0,-259.7,-19.8,0.0,-259.7,-20.2,0.0,-259.7,-20.1,0.0,
2025年12月13日 18:45:09.043,0.5,1.3,0.5,1.2,2386.0,2260.0, -259.7,-19.9,0.0,-259.7,-19.8,0.0,-259.7,-20.2,0.0,-259.7,-20.1,0.0,
2025年12月13日 18:45:10.044,0.5,1.2,0.5,1.2,2397.0,2196.0, -259.7,-19.9,0.0,-259.7,-19.9,0.0,-259.7,-20.2,0.0,-259.7,-20.2,0.0,
2025年12月13日 18:45:11.295,0.5,1.2,0.5,1.2,2407.0,2195.0, -259.7,-20.0,0.0,-259.7,-20.0,0.0,-259.7,-20.2,0.0,-259.7,-20.1,0.0,
2025年12月13日 18:45:12.044,0.5,1.2,0.4,1.2,2428.0,2180.0, -259.7,-20.0,0.0,-259.7,-19.9,0.0,-259.7,-20.2,0.0,-259.7,-20.0,0.0,
2025年12月13日 18:45:13.044,0.5,1.2,0.5,1.3,2373.0,2190.0, -259.7,-19.9,0.0,-259.7,-19.9,0.0,-259.7,-20.2,0.0,-259.7,-20.2,0.0,
2025年12月13日 18:45:14.044,0.5,1.3,0.5,1.3,2384.0,2145.0, -259.7,-20.0,0.0,-259.7,-19.9,0.0,-259.7,-20.2,0.0,-259.7,-20.0,0.0,
2025年12月13日 18:45:15.043,0.5,1.2,0.5,1.2,2396.0,2175.0, -259.7,-19.9,0.0,-259.7,-19.9,0.0,-259.7,-20.2,0.0,-259.7,-20.2,0.0,
2025年12月13日 18:45:16.044,0.5,1.1,0.5,1.2,2336.0,2252.0, -259.7,-20.0,0.0,-259.7,-19.9,0.0,-259.7,-20.1,0.0,-259.7,-20.1,0.0,
2025年12月13日 18:45:17.057,0.5,1.1,0.5,1.2,2372.0,2199.0, -259.7,-20.0,0.0,-259.7,-20.0,0.0,-259.7,-20.2,0.0,-259.7,-20.0,0.0,
2025年12月13日 18:45:18.047,0.5,1.3,0.5,1.3,2451.0,2232.0, -259.7,-19.9,0.0,-259.7,-19.9,0.0,-259.7,-20.2,0.0,-259.7,-20.2,0.0,
2025年12月13日 18:45:19.064,0.5,1.1,0.4,1.2,2410.0,2215.0, -259.7,-19.9,0.0,-259.7,-19.9,0.0,-259.7,-20.2,0.0,-259.7,-20.1,0.0,
2025年12月13日 18:45:20.055,0.5,1.1,0.5,1.2,2377.0,2181.0, -259.7,-19.9,0.0,-259.7,-19.9,0.0,-259.7,-20.2,0.0,-259.7,-20.1,0.0,
2025年12月13日 18:45:21.052,0.5,1.2,0.5,1.2,2336.0,2128.0, -259.7,-19.9,0.0,-259.7,-19.9,0.0,-259.7,-20.2,0.0,-259.7,-20.1,0.0,
2025年12月13日 18:45:22.047,0.5,1.1,0.5,1.2,2415.0,2172.0, -259.7,-19.9,0.0,-259.7,-19.9,0.0,-259.7,-20.2,0.0,-259.7,-20.1,0.0,
2025年12月13日 18:45:23.044,0.5,1.1,0.5,1.3,2412.0,2173.0, -259.7,-19.9,0.0,-259.7,-19.9,0.0,-259.7,-20.2,0.0,-259.7,-20.2,0.0,
2025年12月13日 18:45:24.054,0.5,1.2,0.5,1.2,2424.0,2177.0, -259.7,-20.0,0.0,-259.7,-19.9,0.0,-259.7,-20.2,0.0,-259.7,-20.1,0.0,
2025年12月13日 18:45:25.048,0.5,1.1,0.5,1.2,2385.0,2191.0, -259.7,-20.0,0.0,-259.7,-19.9,0.0,-259.7,-20.2,0.0,-259.7,-20.1,0.0,
2025年12月13日 18:45:26.045,0.5,1.1,0.5,1.2,2364.0,2191.0, -259.7,-19.9,0.0,-259.7,-19.8,0.0,-259.7,-20.2,0.0,-259.7,-20.0,0.0,
2025年12月13日 18:45:27.052,0.5,1.2,0.4,1.2,2346.0,2200.0, -259.7,-20.0,0.0,-259.7,-19.9,0.0,-259.7,-20.2,0.0,-259.7,-20.1,0.0,
2025年12月13日 18:45:28.051,0.5,1.1,0.5,1.2,2414.0,2152.0, -259.7,-19.9,0.0,-259.7,-19.9,0.0,-259.7,-20.2,0.0,-259.7,-20.0,0.0,
2025年12月13日 18:45:29.048,0.5,1.2,0.5,1.2,2368.0,2193.0, -259.7,-19.9,0.0,-259.7,-19.9,0.0,-259.7,-20.2,0.0,-259.7,-20.1,0.0,
2025年12月13日 18:45:30.047,0.4,1.1,0.4,1.1,2428.0,2180.0, -259.7,-19.9,0.0,-259.7,-19.9,0.0,-259.7,-20.2,0.0,-259.7,-20.1,0.0,
2025年12月13日 18:45:31.056,0.5,1.1,0.5,1.2,2379.0,2174.0, -259.7,-20.0,0.0,-259.7,-19.9,0.0,-259.7,-20.2,0.0,-259.7,-20.0,0.0,
2025年12月13日 18:45:32.053,0.5,1.1,0.5,1.3,2332.0,2146.0, -259.7,-19.9,0.0,-259.7,-19.9,0.0,-259.7,-20.2,0.0,-259.7,-20.1,0.0,
2025年12月13日 18:45:33.047,0.5,1.1,0.5,1.2,2330.0,2136.0, -259.7,-19.9,0.0,-259.7,-19.9,0.0,-259.7,-20.2,0.0,-259.7,-20.1,0.0,
2025年12月13日 18:45:34.045,0.5,1.1,0.5,1.2,2339.0,2159.0, -259.7,-19.9,0.0,-259.7,-19.9,0.0,-259.7,-20.2,0.0,-259.7,-20.0,0.0,
2025年12月13日 18:45:35.050,0.5,1.2,0.4,1.2,2373.0,2111.0, -259.7,-20.0,0.0,-259.7,-19.9,0.0,-259.7,-20.2,0.0,-259.7,-20.1,0.0,
2025年12月13日 18:45:36.046,0.5,1.1,0.5,1.2,2340.0,2194.0, -259.7,-20.0,0.0,-259.7,-19.9,0.0,-259.7,-20.2,0.0,-259.7,-20.1,0.0,
2025年12月13日 18:45:37.044,0.5,1.1,0.5,1.3,2379.0,2170.0, -259.7,-19.9,0.0,-259.7,-19.9,0.0,-259.7,-20.2,0.0,-259.7,-20.1,0.0,
2025年12月13日 18:45:38.054,0.5,1.1,0.5,1.2,2343.0,2160.0, -259.7,-20.0,0.0,-259.7,-19.9,0.0,-259.7,-20.2,0.0,-259.7,-20.0,0.0,
2025年12月13日 18:45:39.052,0.5,1.1,0.5,1.2,2382.0,2140.0, -259.7,-19.9,0.0,-259.7,-19.9,0.0,-259.7,-20.2,0.0,-259.7,-20.1,0.0,
2025年12月13日 18:45:40.050,0.5,1.1,0.4,1.2,2352.0,2200.0, -259.7,-19.9,0.0,-259.7,-19.9,0.0,-259.7,-20.2,0.0,-259.7,-20.1,0.0,
2025年12月13日 18:45:41.047,0.5,1.1,0.5,1.1,2382.0,2153.0, -259.7,-20.0,0.0,-259.7,-19.9,0.0,-259.7,-20.2,0.0,-259.7,-20.1,0.0,
2025年12月13日 18:45:42.046,0.5,1.1,0.5,1.2,2399.0,2221.0, -259.7,-20.0,0.0,-259.7,-19.9,0.0,-259.7,-20.2,0.0,-259.7,-20.0,0.0,
2025年12月13日 18:45:43.045,0.5,1.1,0.4,1.2,2329.0,2161.0, -259.7,-19.9,0.0,-259.7,-19.9,0.0,-259.7,-20.2,0.0,-259.7,-20.1,0.0,
2025年12月13日 18:45:44.058,0.4,1.1,0.5,1.2,2383.0,2172.0, -259.7,-20.0,0.0,-259.7,-19.9,0.0,-259.7,-20.2,0.0,-259.7,-20.1,0.0,
2025年12月13日 18:45:45.606,0.5,1.1,0.4,1.2,2338.0,2159.0, -259.7,-20.0,0.0,-259.7,-20.0,0.0,-259.7,-20.2,0.0,-259.7,-20.1,0.0,
2025年12月13日 18:45:46.049,0.5,1.1,0.4,1.1,2371.0,2171.0, -259.7,-20.0,0.0,-259.7,-19.9,0.0,-259.7,-20.2,0.0,-259.7,-20.0,0.0,
2025年12月13日 18:45:47.048,0.5,1.2,0.5,1.2,2338.0,2154.0, -259.7,-19.9,0.0,-259.7,-19.9,0.0,-259.7,-20.2,0.0,-259.7,-20.2,0.0,
2025年12月13日 18:45:48.046,0.5,1.1,0.5,1.1,2411.0,2150.0, -259.7,-20.0,0.0,-259.7,-20.0,0.0,-259.7,-20.2,0.0,-259.7,-20.1,0.0,
2025年12月13日 18:45:49.045,0.5,1.1,0.4,1.2,2331.0,2144.0, -259.7,-20.0,0.0,-259.7,-20.0,0.0,-259.7,-20.2,0.0,-259.7,-20.2,0.0,
2025年12月13日 18:45:50.045,0.4,1.1,0.5,1.1,2345.0,2148.0, -259.7,-20.0,0.0,-259.7,-19.9,0.0,-259.7,-20.2,0.0,-259.7,-20.0,0.0,
2025年12月13日 18:45:51.058,0.5,1.1,0.5,1.2,2298.0,2144.0, -259.7,-20.0,0.0,-259.7,-20.0,0.0,-259.7,-20.2,0.0,-259.7,-20.0,0.0,
2025年12月13日 18:45:52.051,0.5,1.2,0.5,1.2,2374.0,2151.0, -259.7,-20.0,0.0,-259.7,-19.9,0.0,-259.7,-20.2,0.0,-259.7,-20.1,0.0,
2025年12月13日 18:45:53.049,0.5,1.1,0.5,1.2,2363.0,2142.0, -259.7,-19.9,0.0,-259.7,-19.9,0.0,-259.7,-20.2,0.0,-259.7,-20.1,0.0,
2025年12月13日 18:45:54.058,0.5,1.1,0.5,1.2,2322.0,2174.0, -259.7,-20.0,0.0,-259.7,-19.9,0.0,-259.7,-20.2,0.0,-259.7,-20.1,0.0,
2025年12月13日 18:45:55.053,0.4,1.1,0.4,1.1,2352.0,2153.0, -259.7,-19.9,0.0,-259.7,-19.9,0.0,-259.7,-20.2,0.0,-259.7,-20.1,0.0,
2025年12月13日 18:45:56.055,0.5,1.1,0.5,1.2,2390.0,2215.0, -259.7,-19.9,0.0,-259.7,-19.9,0.0,-259.7,-20.2,0.0,-259.7,-20.1,0.0,
2025年12月13日 18:45:57.055,0.5,1.1,0.4,1.2,2297.0,2109.0, -259.7,-20.0,0.0,-259.7,-20.0,0.0,-259.7,-20.2,0.0,-259.7,-20.0,0.0,
2025年12月13日 18:45:58.063,0.4,1.1,0.4,1.2,2334.0,2158.0, -259.7,-20.0,0.0,-259.7,-19.9,0.0,-259.7,-20.2,0.0,-259.7,-20.1,0.0,
2025年12月13日 18:45:59.049,0.5,1.1,0.4,1.2,2364.0,2172.0, -259.7,-20.0,0.0,-259.7,-19.9,0.0,-259.7,-20.2,0.0,-259.7,-20.0,0.0,
2025年12月13日 18:46:00.046,0.4,1.1,0.4,1.1,2316.0,2151.0, -259.7,-19.9,0.0,-259.7,-19.9,0.0,-259.7,-20.2,0.0,-259.7,-20.2,0.0,
2025年12月13日 18:46:01.058,0.5,1.1,0.4,1.2,2342.0,2155.0, -259.7,-19.9,0.0,-259.7,-19.9,0.0,-259.7,-20.2,0.0,-259.7,-20.1,0.0,
2025年12月13日 18:46:02.057,0.5,1.1,0.4,1.2,2339.0,2116.0, -259.7,-20.0,0.0,-259.7,-20.0,0.0,-259.7,-20.2,0.0,-259.7,-20.0,0.0,
2025年12月13日 18:46:03.057,0.5,1.2,0.5,1.2,2395.0,2160.0, -259.7,-20.0,0.0,-259.7,-19.9,0.0,-259.7,-20.2,0.0,-259.7,-20.1,0.0,
2025年12月13日 18:46:04.048,0.5,1.1,0.4,1.2,2326.0,2101.0, -259.7,-20.0,0.0,-259.7,-19.9,0.0,-259.7,-20.2,0.0,-259.7,-20.1,0.0,
2025年12月13日 18:46:05.050,0.5,1.1,0.5,1.2,2341.0,2151.0, -259.7,-19.9,0.0,-259.7,-19.9,0.0,-259.7,-20.2,0.0,-259.7,-20.0,0.0,
2025年12月13日 18:46:06.046,0.5,1.1,0.5,1.2,2362.0,2177.0, -259.7,-20.0,0.0,-259.7,-19.9,0.0,-259.7,-20.2,0.0,-259.7,-20.1,0.0,
2025年12月13日 18:46:07.046,0.5,1.2,0.5,1.2,2394.0,2143.0, -259.7,-19.9,0.0,-259.7,-19.9,0.0,-259.7,-20.2,0.0,-259.7,-20.0,0.0,
2025年12月13日 18:46:08.044,0.5,1.1,0.4,1.1,2337.0,2115.0, -259.7,-20.0,0.0,-259.7,-19.9,0.0,-259.7,-20.2,0.0,-259.7,-20.1,0.0,
2025年12月13日 18:46:09.055,0.5,1.2,0.5,1.2,2295.0,2129.0, -259.7,-20.0,0.0,-259.7,-19.9,0.0,-259.7,-20.2,0.0,-259.7,-20.0,0.0,
2025年12月13日 18:46:10.048,0.5,1.1,0.5,1.2,2343.0,2122.0, -259.7,-19.9,0.0,-259.7,-19.9,0.0,-259.7,-20.2,0.0,-259.7,-20.2,0.0,
2025年12月13日 18:46:11.087,0.5,1.1,0.5,1.1,2402.0,2214.0, -259.7,-20.0,0.0,-259.7,-19.9,0.0,-259.7,-20.2,0.0,-259.7,-20.1,0.0,
2025年12月13日 18:46:12.053,0.5,1.1,0.5,1.2,2514.0,2226.0, -259.7,-20.0,0.0,-259.7,-19.9,0.0,-259.7,-20.2,0.0,-259.7,-20.1,0.0,
2025年12月13日 18:46:13.048,0.5,1.1,0.4,1.2,2352.0,2147.0, -259.7,-20.0,0.0,-259.7,-19.9,0.0,-259.7,-20.2,0.0,-259.7,-20.1,0.0,
2025年12月13日 18:46:14.056,0.5,1.2,0.5,1.2,2305.0,2146.0, -259.7,-20.0,0.0,-259.7,-20.0,0.0,-259.7,-20.2,0.0,-259.7,-20.0,0.0,
2025年12月13日 18:46:15.052,0.5,1.2,0.5,1.2,2328.0,2128.0, -259.7,-20.0,0.0,-259.7,-19.9,0.0,-259.7,-20.2,0.0,-259.7,-20.1,0.0,
2025年12月13日 18:46:16.050,0.5,1.1,0.4,1.1,2324.0,2143.0, -259.7,-20.0,0.0,-259.7,-19.9,0.0,-259.7,-20.2,0.0,-259.7,-20.0,0.0,
2025年12月13日 18:46:17.056,0.4,1.1,0.5,1.1,2326.0,2158.0, -259.7,-20.0,0.0,-259.7,-19.9,0.0,-259.7,-20.2,0.0,-259.7,-20.1,0.0,
2025年12月13日 18:46:18.056,0.5,1.1,0.4,1.1,2349.0,2195.0, -259.7,-20.0,0.0,-259.7,-19.9,0.0,-259.7,-20.2,0.0,-259.7,-20.1,0.0,
2025年12月13日 18:46:19.052,0.5,1.1,0.4,1.2,2359.0,2188.0, -259.7,-19.9,0.0,-259.7,-19.9,0.0,-259.7,-20.2,0.0,-259.7,-20.1,0.0,
2025年12月13日 18:46:20.050,0.5,1.1,0.4,1.2,2287.0,2142.0, -259.7,-19.9,0.0,-259.7,-19.9,0.0,-259.7,-20.2,0.0,-259.7,-20.1,0.0,
2025年12月13日 18:46:21.048,0.5,1.1,0.5,1.2,2260.0,2115.0, -259.7,-20.0,0.0,-259.7,-20.0,0.0,-259.7,-20.2,0.0,-259.7,-20.1,0.0,
2025年12月13日 18:46:22.044,0.4,1.0,0.4,1.1,2346.0,2178.0, -259.7,-20.0,0.0,-259.7,-19.9,0.0,-259.7,-20.2,0.0,-259.7,-20.1,0.0,
2025年12月13日 18:46:24.567,0.5,1.2,0.5,1.2,2393.0,2138.0, -259.7,-19.9,0.0,-259.7,-19.9,0.0,-259.7,-20.2,0.0,-259.7,-20.0,0.0,
2025年12月13日 18:46:24.569,0.5,1.0,0.4,1.2,2328.0,2135.0, -259.7,-20.0,0.0,-259.7,-19.9,0.0,-259.7,-20.2,0.0,-259.7,-20.1,0.0,
2025年12月13日 18:46:25.047,0.5,1.1,0.5,1.2,2315.0,2118.0, -259.7,-20.0,0.0,-259.7,-19.9,0.0,-259.7,-20.2,0.0,-259.7,-20.1,0.0,
2025年12月13日 18:46:26.058,0.5,1.1,0.4,1.1,2400.0,2107.0, -259.7,-19.9,0.0,-259.7,-19.9,0.0,-259.7,-20.2,0.0,-259.7,-20.0,0.0,
2025年12月13日 18:46:27.054,0.5,1.1,0.4,1.2,2283.0,2137.0, -259.7,-19.9,0.0,-259.7,-19.9,0.0,-259.7,-20.2,0.0,-259.7,-20.1,0.0,
2025年12月13日 18:46:28.052,0.5,1.1,0.4,1.2,2373.0,2167.0, -259.7,-20.0,0.0,-259.7,-19.9,0.0,-259.7,-20.2,0.0,-259.7,-20.1,0.0,
2025年12月13日 18:46:29.046,0.5,1.1,0.5,1.2,2333.0,2145.0, -259.7,-20.0,0.0,-259.7,-20.0,0.0,-259.7,-20.2,0.0,-259.7,-20.0,0.0,
2025年12月13日 18:46:30.044,0.4,1.1,0.4,1.2,2353.0,2169.0, -259.7,-19.9,0.0,-259.7,-19.9,0.0,-259.7,-20.2,0.0,-259.7,-20.1,0.0,
2025年12月13日 18:46:31.049,0.5,1.2,0.5,1.2,2335.0,2165.0, -259.7,-20.0,0.0,-259.7,-20.0,0.0,-259.7,-20.2,0.0,-259.7,-20.1,0.0,
2025年12月13日 18:46:32.049,0.5,1.1,0.4,1.2,2394.0,2157.0, -259.7,-20.0,0.0,-259.7,-19.9,0.0,-259.7,-20.2,0.0,-259.7,-20.1,0.0,
2025年12月13日 18:46:33.057,0.4,1.0,0.4,1.1,2348.0,2125.0, -259.7,-19.9,0.0,-259.7,-19.9,0.0,-259.7,-20.2,0.0,-259.7,-20.0,0.0,
2025年12月13日 18:46:34.052,0.4,1.0,0.4,1.1,2311.0,2133.0, -259.7,-19.9,0.0,-259.7,-19.9,0.0,-259.7,-20.2,0.0,-259.7,-20.0,0.0,
2025年12月13日 18:46:35.051,0.5,1.1,0.5,1.2,2282.0,2102.0, -259.7,-20.0,0.0,-259.7,-20.0,0.0,-259.7,-20.2,0.0,-259.7,-20.0,0.0,
2025年12月13日 18:46:36.050,0.4,1.0,0.4,1.1,2316.0,2110.0, -259.7,-20.0,0.0,-259.7,-20.0,0.0,-259.7,-20.2,0.0,-259.7,-20.1,0.0,
2025年12月13日 18:46:37.043,0.5,1.1,0.5,1.2,2324.0,2109.0, -259.7,-19.9,0.0,-259.7,-19.9,0.0,-259.7,-20.2,0.0,-259.7,-20.1,0.0,
2025年12月13日 18:46:38.056,0.4,1.1,0.4,1.1,2319.0,2163.0, -259.7,-19.9,0.0,-259.7,-19.9,0.0,-259.7,-20.2,0.0,-259.7,-20.0,0.0,
2025年12月13日 18:46:39.051,0.5,1.0,0.5,1.1,2323.0,2098.0, -259.7,-20.0,0.0,-259.7,-20.0,0.0,-259.7,-20.2,0.0,-259.7,-20.0,0.0,
2025年12月13日 18:46:40.052,0.5,1.1,0.5,1.2,2336.0,2195.0, -259.7,-19.9,0.0,-259.7,-19.9,0.0,-259.7,-20.2,0.0,-259.7,-20.1,0.0,
2025年12月13日 18:46:41.058,0.4,1.0,0.4,1.1,2300.0,2117.0, -259.7,-20.0,0.0,-259.7,-20.0,0.0,-259.7,-20.2,0.0,-259.7,-20.0,0.0,
2025年12月13日 18:46:42.050,0.4,1.0,0.4,1.1,2276.0,2112.0, -259.7,-20.0,0.0,-259.7,-19.9,0.0,-259.7,-20.2,0.0,-259.7,-20.1,0.0,
2025年12月13日 18:46:43.052,0.5,1.2,0.5,1.2,2339.0,2122.0, -259.7,-20.0,0.0,-259.7,-20.0,0.0,-259.7,-20.2,0.0,-259.7,-20.0,0.0,
2025年12月13日 18:46:44.049,0.5,1.1,0.4,1.1,2300.0,2150.0, -259.7,-20.0,0.0,-259.7,-20.0,0.0,-259.7,-20.2,0.0,-259.7,-20.0,0.0,
2025年12月13日 18:46:45.050,0.5,1.1,0.5,1.2,2339.0,2133.0, -259.7,-20.0,0.0,-259.7,-19.9,0.0,-259.7,-20.2,0.0,-259.7,-20.1,0.0,
2025年12月13日 18:46:46.050,0.5,1.1,0.5,1.2,2361.0,2177.0, -259.7,-20.0,0.0,-259.7,-20.0,0.0,-259.7,-20.2,0.0,-259.7,-20.0,0.0,
2025年12月13日 18:46:47.060,0.5,1.0,0.4,1.1,2311.0,2111.0, -259.7,-19.9,0.0,-259.7,-19.9,0.0,-259.7,-20.2,0.0,-259.7,-20.0,0.0,
2025年12月13日 18:46:48.049,0.5,1.2,0.5,1.2,2357.0,2172.0, -259.7,-20.0,0.0,-259.7,-20.0,0.0,-259.7,-20.2,0.0,-259.7,-20.1,0.0,
2025年12月13日 18:46:49.045,0.4,1.0,0.4,1.1,2304.0,2098.0, -259.7,-19.9,0.0,-259.7,-19.9,0.0,-259.7,-20.2,0.0,-259.7,-20.1,0.0,
2025年12月13日 18:46:50.058,0.4,1.1,0.4,1.1,2287.0,2155.0, -259.7,-19.9,0.0,-259.7,-19.9,0.0,-259.7,-20.2,0.0,-259.7,-20.1,0.0,
2025年12月13日 18:46:51.057,0.5,1.1,0.4,1.2,2349.0,2184.0, -259.7,-20.0,0.0,-259.7,-19.9,0.0,-259.7,-20.2,0.0,-259.7,-20.1,0.0,
2025年12月13日 18:46:52.054,0.4,1.0,0.4,1.1,2407.0,2105.0, -259.7,-19.9,0.0,-259.7,-19.9,0.0,-259.7,-20.2,0.0,-259.7,-20.1,0.0,
2025年12月13日 18:46:53.047,0.4,1.1,0.4,1.1,2307.0,2122.0, -259.7,-20.0,0.0,-259.7,-19.9,0.0,-259.7,-20.2,0.0,-259.7,-20.0,0.0,
2025年12月13日 18:46:54.044,0.4,1.0,0.5,1.1,2293.0,2157.0, -259.7,-20.0,0.0,-259.7,-19.9,0.0,-259.7,-20.2,0.0,-259.7,-20.0,0.0,
2025年12月13日 18:46:55.047,0.4,1.0,0.4,1.1,2334.0,2175.0, -259.7,-20.0,0.0,-259.7,-19.9,0.0,-259.7,-20.2,0.0,-259.7,-20.1,0.0,
2025年12月13日 18:46:56.044,0.5,1.1,0.5,1.2,2325.0,2143.0, -259.7,-20.0,0.0,-259.7,-19.9,0.0,-259.7,-20.2,0.0,-259.7,-20.1,0.0,
2025年12月13日 18:46:57.056,0.4,1.1,0.4,1.2,2267.0,2139.0, -259.7,-20.0,0.0,-259.7,-20.0,0.0,-259.7,-20.2,0.0,-259.7,-20.0,0.0,
2025年12月13日 18:46:58.054,0.5,1.1,0.4,1.1,2264.0,2103.0, -259.7,-20.0,0.0,-259.7,-19.9,0.0,-259.7,-20.2,0.0,-259.7,-20.0,0.0,
2025年12月13日 18:46:59.052,0.4,1.0,0.4,1.0,2319.0,2098.0, -259.7,-20.0,0.0,-259.7,-19.9,0.0,-259.7,-20.2,0.0,-259.7,-20.1,0.0,
2025年12月13日 18:47:00.052,0.5,1.1,0.4,1.1,2366.0,2161.0, -259.7,-20.0,0.0,-259.7,-20.0,0.0,-259.7,-20.2,0.0,-259.7,-20.1,0.0,
2025年12月13日 18:47:01.050,0.5,1.1,0.4,1.1,2347.0,2141.0, -259.7,-19.9,0.0,-259.7,-19.9,0.0,-259.7,-20.2,0.0,-259.7,-20.1,0.0,
2025年12月13日 18:47:02.044,0.5,1.1,0.4,1.1,2341.0,2120.0, -259.7,-20.0,0.0,-259.7,-20.0,0.0,-259.7,-20.2,0.0,-259.7,-20.1,0.0,
2025年12月13日 18:47:03.056,0.5,1.1,0.4,1.1,2323.0,2084.0, -259.7,-19.9,0.0,-259.7,-19.9,0.0,-259.7,-20.2,0.0,-259.7,-20.1,0.0,
2025年12月13日 18:47:04.051,0.5,1.1,0.4,1.2,2306.0,2110.0, -259.7,-20.0,0.0,-259.7,-20.0,0.0,-259.7,-20.2,0.0,-259.7,-20.0,0.0,
2025年12月13日 18:47:05.049,0.5,1.1,0.5,1.2,2384.0,2138.0, -259.7,-20.0,0.0,-259.7,-19.9,0.0,-259.7,-20.1,0.0,-259.7,-20.1,0.0,
2025年12月13日 18:47:06.045,0.4,1.0,0.4,1.1,2342.0,2120.0, -259.7,-20.0,0.0,-259.7,-20.0,0.0,-259.7,-20.2,0.0,-259.7,-20.1,0.0,
2025年12月13日 18:47:07.057,0.5,1.1,0.5,1.1,2360.0,2140.0, -259.7,-20.0,0.0,-259.7,-20.0,0.0,-259.7,-20.2,0.0,-259.7,-20.1,0.0,
2025年12月13日 18:47:08.053,0.5,1.1,0.5,1.1,2250.0,2075.0, -259.7,-20.0,0.0,-259.7,-20.0,0.0,-259.7,-20.2,0.0,-259.7,-20.0,0.0,
2025年12月13日 18:47:09.057,0.4,1.0,0.4,1.2,2253.0,2107.0, -259.7,-20.0,0.0,-259.7,-20.0,0.0,-259.7,-20.2,0.0,-259.7,-20.1,0.0,
2025年12月13日 18:47:10.044,0.5,1.1,0.4,1.1,2415.0,2160.0, -259.7,-20.0,0.0,-259.7,-20.0,0.0,-259.7,-20.2,0.0,-259.7,-20.1,0.0,
2025年12月13日 18:47:11.044,0.5,1.1,0.4,1.2,2325.0,2108.0, -259.7,-20.0,0.0,-259.7,-20.0,0.0,-259.7,-20.2,0.0,-259.7,-20.1,0.0,
2025年12月13日 18:47:12.044,0.5,1.1,0.4,1.1,2333.0,2179.0, -259.7,-20.0,0.0,-259.7,-20.0,0.0,-259.7,-20.2,0.0,-259.7,-20.0,0.0,
2025年12月13日 18:47:13.044,0.4,1.0,0.4,1.1,2316.0,2113.0, -259.7,-19.9,0.0,-259.7,-19.9,0.0,-259.7,-20.2,0.0,-259.7,-20.1,0.0,
2025年12月13日 18:47:14.044,0.5,1.1,0.4,1.2,2260.0,2107.0, -259.7,-20.0,0.0,-259.7,-19.9,0.0,-259.7,-20.2,0.0,-259.7,-20.1,0.0,
2025年12月13日 18:47:15.043,0.4,1.0,0.4,1.1,2305.0,2138.0, -259.7,-20.0,0.0,-259.7,-19.9,0.0,-259.7,-20.2,0.0,-259.7,-20.1,0.0,
2025年12月13日 18:47:16.044,0.4,1.1,0.4,1.1,2277.0,2104.0, -259.7,-19.9,0.0,-259.7,-19.9,0.0,-259.7,-20.2,0.0,-259.7,-20.1,0.0,
2025年12月13日 18:47:17.043,0.5,1.1,0.4,1.2,2364.0,2156.0, -259.7,-19.9,0.0,-259.7,-20.0,0.0,-259.7,-20.2,0.0,-259.7,-20.1,0.0,
2025年12月13日 18:47:18.043,0.4,1.0,0.4,1.0,2337.0,2131.0, -259.7,-20.0,0.0,-259.7,-20.0,0.0,-259.7,-20.2,0.0,-259.7,-20.0,0.0,
2025年12月13日 18:47:19.044,0.4,1.1,0.4,1.1,2337.0,2111.0, -259.7,-20.0,0.0,-259.7,-19.9,0.0,-259.7,-20.2,0.0,-259.7,-20.1,0.0,
2025年12月13日 18:47:20.043,0.5,1.1,0.5,1.1,2298.0,2163.0, -259.7,-19.9,0.0,-259.7,-19.9,0.0,-259.7,-20.2,0.0,-259.7,-20.2,0.0,
2025年12月13日 18:47:21.043,0.4,1.0,0.4,1.1,2305.0,2171.0, -259.7,-20.0,0.0,-259.7,-19.9,0.0,-259.7,-20.2,0.0,-259.7,-20.1,0.0,
2025年12月13日 18:47:22.043,0.5,1.1,0.5,1.2,2306.0,2124.0, -259.7,-20.0,0.0,-259.7,-20.0,0.0,-259.7,-20.2,0.0,-259.7,-20.0,0.0,
2025年12月13日 18:47:23.042,0.4,1.1,0.4,1.1,2352.0,2155.0, -259.7,-20.0,0.0,-259.7,-20.0,0.0,-259.7,-20.2,0.0,-259.7,-20.0,0.0,
2025年12月13日 18:47:24.044,0.4,1.1,0.4,1.1,2319.0,2087.0, -259.7,-19.9,0.0,-259.7,-19.9,0.0,-259.7,-20.2,0.0,-259.7,-20.1,0.0,
2025年12月13日 18:47:25.043,0.5,1.0,0.4,1.1,2312.0,2109.0, -259.7,-20.0,0.0,-259.7,-20.0,0.0,-259.7,-20.2,0.0,-259.7,-20.1,0.0,
2025年12月13日 18:47:26.044,0.4,1.0,0.4,1.1,2397.0,2084.0, -259.7,-19.9,0.0,-259.7,-19.9,0.0,-259.7,-20.2,0.0,-259.7,-20.2,0.0,
2025年12月13日 18:47:42.044,0.6,1.2,0.5,1.4,2601.0,2298.0, -259.7,-19.9,0.0,-259.7,-19.8,0.0,-259.7,-20.2,0.0,-259.7,-20.0,0.0,
2025年12月13日 18:47:43.043,0.5,1.3,0.5,1.4,2587.0,2291.0, -259.7,-19.9,0.0,-259.7,-19.7,0.0,-259.7,-20.1,0.0,-259.7,-20.0,0.0,
2025年12月13日 18:47:44.043,0.5,1.3,0.6,1.3,2534.0,2281.0, -259.7,-19.9,0.0,-259.7,-19.9,0.0,-259.7,-20.1,0.0,-259.7,-20.0,0.0,
2025年12月13日 18:47:45.043,0.5,1.3,0.5,1.4,2485.0,2242.0, -259.7,-19.9,0.0,-259.7,-19.8,0.0,-259.7,-20.1,0.0,-259.7,-20.1,0.0,
2025年12月13日 18:47:46.044,0.5,1.2,0.5,1.3,2477.0,2260.0, -259.7,-19.9,0.0,-259.7,-19.8,0.0,-259.7,-20.2,0.0,-259.7,-20.0,0.0,
2025年12月13日 18:47:47.043,0.5,1.3,0.5,1.2,2494.0,2305.0, -259.7,-20.0,0.0,-259.7,-19.9,0.0,-259.7,-20.1,0.0,-259.7,-20.1,0.0,
2025年12月13日 18:47:48.043,0.5,1.2,0.5,1.4,2554.0,2222.0, -259.7,-20.0,0.0,-259.7,-19.9,0.0,-259.7,-20.1,0.0,-259.7,-20.1,0.0,
2025年12月13日 18:47:49.045,0.5,1.3,0.5,1.3,2514.0,2218.0, -259.7,-19.9,0.0,-259.7,-19.8,0.0,-259.7,-20.1,0.0,-259.7,-20.1,0.0,
2025年12月13日 18:47:50.042,0.5,1.3,0.5,1.3,2447.0,2233.0, -259.7,-19.8,0.0,-259.7,-19.8,0.0,-259.7,-20.1,0.0,-259.7,-20.1,0.0,
2025年12月13日 18:47:51.044,0.5,1.2,0.5,1.3,2486.0,2187.0, -259.7,-19.9,0.0,-259.7,-19.9,0.0,-259.7,-20.1,0.0,-259.7,-20.1,0.0,
2025年12月13日 18:47:52.044,0.5,1.2,0.5,1.2,2416.0,2261.0, -259.7,-19.9,0.0,-259.7,-19.9,0.0,-259.7,-20.1,0.0,-259.7,-20.0,0.0,
2025年12月13日 18:47:53.044,0.5,1.3,0.5,1.3,2449.0,2291.0, -259.7,-19.9,0.0,-259.7,-19.8,0.0,-259.7,-20.2,0.0,-259.7,-20.1,0.0,
2025年12月13日 18:47:54.044,0.5,1.3,0.5,1.2,2510.0,2242.0, -259.7,-19.9,0.0,-259.7,-19.9,0.0,-259.7,-20.2,0.0,-259.7,-20.1,0.0,
2025年12月13日 18:47:55.044,0.5,1.3,0.5,1.4,2506.0,2289.0, -259.7,-19.9,0.0,-259.7,-19.8,0.0,-259.7,-20.2,0.0,-259.7,-20.1,0.0,
2025年12月13日 18:47:56.044,0.5,1.2,0.5,1.3,2442.0,2297.0, -259.7,-19.9,0.0,-259.7,-19.9,0.0,-259.7,-20.1,0.0,-259.7,-20.1,0.0,
2025年12月13日 18:47:57.042,0.5,1.3,0.5,1.4,2450.0,2236.0, -259.7,-19.9,0.0,-259.7,-19.8,0.0,-259.7,-20.1,0.0,-259.7,-20.2,0.0,
2025年12月13日 18:47:58.042,0.5,1.3,0.5,1.3,2437.0,2248.0, -259.7,-19.9,0.0,-259.7,-19.8,0.0,-259.7,-20.1,0.0,-259.7,-20.1,0.0,
2025年12月13日 18:47:59.045,0.5,1.3,0.5,1.2,2499.0,2237.0, -259.7,-19.9,0.0,-259.7,-19.9,0.0,-259.7,-20.2,0.0,-259.7,-20.1,0.0,
2025年12月13日 18:48:00.045,0.5,1.3,0.5,1.4,2411.0,2219.0, -259.7,-20.0,0.0,-259.7,-19.8,0.0,-259.7,-20.2,0.0,-259.7,-20.2,0.0,
2025年12月13日 18:48:01.043,0.5,1.3,0.5,1.3,2524.0,2273.0, -259.7,-19.9,0.0,-259.7,-19.9,0.0,-259.7,-20.2,0.0,-259.7,-20.1,0.0,
2025年12月13日 18:48:02.043,0.5,1.2,0.5,1.3,2414.0,2250.0, -259.7,-20.0,0.0,-259.7,-19.8,0.0,-259.7,-20.2,0.0,-259.7,-20.1,0.0,
2025年12月13日 18:48:03.044,0.5,1.2,0.4,1.2,2408.0,2212.0, -259.7,-20.0,0.0,-259.7,-20.0,0.0,-259.7,-20.2,0.0,-259.7,-20.1,0.0,
2025年12月13日 18:48:04.043,0.5,1.3,0.5,1.3,2458.0,2237.0, -259.7,-19.9,0.0,-259.7,-19.9,0.0,-259.7,-20.2,0.0,-259.7,-20.1,0.0,
2025年12月13日 18:48:05.044,0.5,1.1,0.5,1.3,2405.0,2282.0, -259.7,-19.9,0.0,-259.7,-19.9,0.0,-259.7,-20.2,0.0,-259.7,-20.1,0.0,
2025年12月13日 18:48:06.044,0.5,1.3,0.5,1.2,2429.0,2249.0, -259.7,-19.9,0.0,-259.7,-19.8,0.0,-259.7,-20.2,0.0,-259.7,-20.2,0.0,
2025年12月13日 18:48:07.044,0.5,1.2,0.5,1.3,2409.0,2172.0, -259.7,-19.9,0.0,-259.7,-19.9,0.0,-259.7,-20.2,0.0,-259.7,-20.1,0.0,
2025年12月13日 18:48:08.043,0.5,1.2,0.5,1.2,2444.0,2292.0, -259.7,-20.0,0.0,-259.7,-19.9,0.0,-259.7,-20.1,0.0,-259.7,-20.1,0.0,
2025年12月13日 18:48:09.044,0.5,1.2,0.5,1.3,2435.0,2160.0, -259.7,-20.0,0.0,-259.7,-19.9,0.0,-259.7,-20.2,0.0,-259.7,-20.1,0.0,
2025年12月13日 18:48:10.044,0.5,1.2,0.5,1.2,2413.0,2180.0, -259.7,-19.9,0.0,-259.7,-19.9,0.0,-259.7,-20.2,0.0,-259.7,-20.2,0.0,
2025年12月13日 18:48:11.043,0.5,1.2,0.5,1.2,2401.0,2275.0, -259.7,-19.9,0.0,-259.7,-19.9,0.0,-259.7,-20.2,0.0,-259.7,-20.2,0.0,
2025年12月13日 18:48:12.044,0.5,1.1,0.4,1.2,2369.0,2096.0, -259.7,-20.0,0.0,-259.7,-19.9,0.0,-259.7,-20.2,0.0,-259.7,-20.0,0.0,
2025年12月13日 18:48:13.044,0.5,1.2,0.5,1.3,2405.0,2230.0, -259.7,-19.9,0.0,-259.7,-19.9,0.0,-259.7,-20.1,0.0,-259.7,-20.1,0.0,
2025年12月13日 18:48:14.043,0.5,1.2,0.5,1.3,2387.0,2200.0, -259.7,-19.9,0.0,-259.7,-19.9,0.0,-259.7,-20.2,0.0,-259.7,-20.0,0.0,
2025年12月13日 18:48:15.044,0.5,1.2,0.5,1.3,2454.0,2209.0, -259.7,-20.0,0.0,-259.7,-19.9,0.0,-259.7,-20.2,0.0,-259.7,-20.1,0.0,
2025年12月13日 18:48:16.044,0.5,1.3,0.5,1.2,2375.0,2241.0, -259.7,-19.9,0.0,-259.7,-19.9,0.0,-259.7,-20.2,0.0,-259.7,-20.1,0.0,
2025年12月13日 18:48:17.044,0.5,1.2,0.5,1.2,2421.0,2260.0, -259.7,-20.0,0.0,-259.7,-19.8,0.0,-259.7,-20.1,0.0,-259.7,-20.2,0.0,
2025年12月13日 18:48:18.044,0.5,1.2,0.5,1.3,2431.0,2209.0, -259.7,-19.9,0.0,-259.7,-19.9,0.0,-259.7,-20.2,0.0,-259.7,-20.2,0.0,
2025年12月13日 18:48:19.043,0.5,1.1,0.5,1.3,2400.0,2244.0, -259.7,-19.9,0.0,-259.7,-19.9,0.0,-259.7,-20.2,0.0,-259.7,-20.0,0.0,
2025年12月13日 18:48:20.043,0.5,1.2,0.5,1.3,2450.0,2257.0, -259.7,-20.0,0.0,-259.7,-20.0,0.0,-259.7,-20.2,0.0,-259.7,-20.0,0.0,
2025年12月13日 18:48:21.048,0.5,1.2,0.5,1.2,2413.0,2169.0, -259.7,-19.9,0.0,-259.7,-19.9,0.0,-259.7,-20.1,0.0,-259.7,-20.2,0.0,
2025年12月13日 18:48:22.043,0.5,1.2,0.5,1.3,2425.0,2228.0, -259.7,-20.0,0.0,-259.7,-19.9,0.0,-259.7,-20.2,0.0,-259.7,-20.1,0.0,
2025年12月13日 18:48:23.044,0.5,1.3,0.5,1.3,2408.0,2143.0, -259.7,-19.8,0.0,-259.7,-19.9,0.0,-259.7,-20.2,0.0,-259.7,-20.1,0.0,
2025年12月13日 18:48:24.044,0.5,1.1,0.4,1.2,2379.0,2197.0, -259.7,-19.9,0.0,-259.7,-20.0,0.0,-259.7,-20.2,0.0,-259.7,-20.0,0.0,
2025年12月13日 18:48:25.043,0.5,1.1,0.5,1.3,2365.0,2210.0, -259.7,-19.9,0.0,-259.7,-19.9,0.0,-259.7,-20.2,0.0,-259.7,-20.1,0.0,
2025年12月13日 18:48:26.044,0.5,1.2,0.5,1.3,2404.0,2234.0, -259.7,-19.9,0.0,-259.7,-19.8,0.0,-259.7,-20.2,0.0,-259.7,-20.1,0.0,
2025年12月13日 18:48:27.043,0.5,1.3,0.5,1.2,2368.0,2203.0, -259.7,-19.9,0.0,-259.7,-19.9,0.0,-259.7,-20.2,0.0,-259.7,-20.1,0.0,
2025年12月13日 18:48:28.044,0.5,1.2,0.5,1.2,2342.0,2186.0, -259.7,-20.0,0.0,-259.7,-19.9,0.0,-259.7,-20.2,0.0,-259.7,-20.1,0.0,
2025年12月13日 18:48:29.043,0.5,1.1,0.4,1.2,2444.0,2173.0, -259.7,-19.8,0.0,-259.7,-19.9,0.0,-259.7,-20.2,0.0,-259.7,-20.1,0.0,
2025年12月13日 18:48:30.042,0.5,1.2,0.5,1.2,2513.0,2227.0, -259.7,-19.9,0.0,-259.7,-19.9,0.0,-259.7,-20.2,0.0,-259.7,-20.1,0.0,
2025年12月13日 18:48:31.043,0.5,1.1,0.5,1.2,2383.0,2185.0, -259.7,-19.9,0.0,-259.7,-19.9,0.0,-259.7,-20.2,0.0,-259.7,-20.2,0.0,
2025年12月13日 18:48:32.043,0.5,1.1,0.5,1.3,2413.0,2189.0, -259.7,-19.9,0.0,-259.7,-19.9,0.0,-259.7,-20.2,0.0,-259.7,-20.1,0.0,
2025年12月13日 18:48:33.043,0.5,1.1,0.5,1.3,2446.0,2230.0, -259.7,-19.9,0.0,-259.7,-19.9,0.0,-259.7,-20.2,0.0,-259.7,-20.1,0.0,
2025年12月13日 18:48:34.044,0.5,1.1,0.5,1.2,2424.0,2235.0, -259.7,-19.9,0.0,-259.7,-19.9,0.0,-259.7,-20.2,0.0,-259.7,-20.1,0.0,
2025年12月13日 18:48:35.042,0.5,1.2,0.5,1.3,2360.0,2192.0, -259.7,-19.9,0.0,-259.7,-19.9,0.0,-259.7,-20.2,0.0,-259.7,-20.0,0.0,
2025年12月13日 18:48:36.043,0.5,1.2,0.5,1.1,2398.0,2191.0, -259.7,-19.9,0.0,-259.7,-19.9,0.0,-259.7,-20.2,0.0,-259.7,-20.1,0.0,
2025年12月13日 18:48:37.042,0.5,1.1,0.5,1.3,2401.0,2235.0, -259.7,-20.0,0.0,-259.7,-19.9,0.0,-259.7,-20.2,0.0,-259.7,-20.1,0.0,
2025年12月13日 18:48:38.043,0.5,1.1,0.4,1.2,2395.0,2130.0, -259.7,-20.0,0.0,-259.7,-20.0,0.0,-259.7,-20.2,0.0,-259.7,-20.1,0.0,
2025年12月13日 18:48:39.044,0.5,1.2,0.5,1.2,2367.0,2148.0, -259.7,-19.9,0.0,-259.7,-19.9,0.0,-259.7,-20.2,0.0,-259.7,-20.1,0.0,
2025年12月13日 18:48:40.043,0.5,1.2,0.5,1.3,2387.0,2259.0, -259.7,-20.0,0.0,-259.7,-20.0,0.0,-259.7,-20.2,0.0,-259.7,-20.1,0.0,
2025年12月13日 18:48:41.044,0.5,1.2,0.5,1.2,2399.0,2162.0, -259.7,-20.0,0.0,-259.7,-19.9,0.0,-259.7,-20.2,0.0,-259.7,-20.1,0.0,
2025年12月13日 18:48:42.043,0.5,1.1,0.5,1.2,2395.0,2191.0, -259.7,-20.0,0.0,-259.7,-19.8,0.0,-259.7,-20.2,0.0,-259.7,-20.1,0.0,
2025年12月13日 18:48:43.044,0.5,1.2,0.5,1.2,2407.0,2251.0, -259.7,-19.9,0.0,-259.7,-19.8,0.0,-259.7,-20.1,0.0,-259.7,-20.2,0.0,
2025年12月13日 18:48:44.043,0.5,1.2,0.5,1.2,2336.0,2194.0, -259.7,-20.0,0.0,-259.7,-19.9,0.0,-259.7,-20.2,0.0,-259.7,-20.1,0.0,
2025年12月13日 18:48:45.043,0.5,1.2,0.5,1.3,2326.0,2201.0, -259.7,-19.9,0.0,-259.7,-20.0,0.0,-259.7,-20.2,0.0,-259.7,-20.0,0.0,
2025年12月13日 18:48:46.043,0.5,1.1,0.5,1.3,2426.0,2211.0, -259.7,-20.0,0.0,-259.7,-19.9,0.0,-259.7,-20.2,0.0,-259.7,-20.1,0.0,
2025年12月13日 18:48:47.044,0.5,1.2,0.5,1.3,2381.0,2175.0, -259.7,-19.9,0.0,-259.7,-19.8,0.0,-259.7,-20.2,0.0,-259.7,-20.2,0.0,
2025年12月13日 18:48:48.043,0.4,1.1,0.5,1.2,2371.0,2234.0, -259.7,-19.9,0.0,-259.7,-19.9,0.0,-259.7,-20.2,0.0,-259.7,-20.0,0.0,
2025年12月13日 18:48:49.044,0.5,1.0,0.4,1.1,2364.0,2176.0, -259.7,-20.0,0.0,-259.7,-19.9,0.0,-259.7,-20.2,0.0,-259.7,-20.0,0.0,
2025年12月13日 18:48:50.042,0.5,1.1,0.5,1.2,2400.0,2165.0, -259.7,-19.9,0.0,-259.7,-19.9,0.0,-259.7,-20.2,0.0,-259.7,-20.1,0.0,
2025年12月13日 18:48:51.043,0.5,1.3,0.5,1.2,2385.0,2212.0, -259.7,-19.9,0.0,-259.7,-19.9,0.0,-259.7,-20.1,0.0,-259.7,-20.2,0.0,
2025年12月13日 18:48:52.043,0.5,1.2,0.5,1.2,2510.0,2211.0, -259.7,-19.9,0.0,-259.7,-19.9,0.0,-259.7,-20.2,0.0,-259.7,-20.0,0.0,
2025年12月13日 18:48:53.044,0.5,1.2,0.5,1.3,2463.0,2230.0, -259.7,-19.9,0.0,-259.7,-19.8,0.0,-259.7,-20.1,0.0,-259.7,-20.2,0.0,
2025年12月13日 18:48:54.044,0.5,1.2,0.5,1.3,2344.0,2222.0, -259.7,-19.9,0.0,-259.7,-20.0,0.0,-259.7,-20.2,0.0,-259.7,-20.0,0.0,
2025年12月13日 18:48:55.046,0.5,1.1,0.5,1.3,2388.0,2189.0, -259.7,-20.0,0.0,-259.7,-19.9,0.0,-259.7,-20.2,0.0,-259.7,-20.1,0.0,
2025年12月13日 18:48:56.044,0.5,1.2,0.5,1.2,2431.0,2231.0, -259.7,-19.9,0.0,-259.7,-19.9,0.0,-259.7,-20.1,0.0,-259.7,-20.1,0.0,
2025年12月13日 18:48:57.044,0.5,1.1,0.4,1.2,2404.0,2177.0, -259.7,-19.9,0.0,-259.7,-19.9,0.0,-259.7,-20.2,0.0,-259.7,-20.0,0.0,
2025年12月13日 18:48:58.044,0.5,1.1,0.5,1.2,2357.0,2189.0, -259.7,-20.0,0.0,-259.7,-19.9,0.0,-259.7,-20.2,0.0,-259.7,-20.1,0.0,
2025年12月13日 18:48:59.044,0.5,1.2,0.5,1.2,2343.0,2136.0, -259.7,-20.0,0.0,-259.7,-19.9,0.0,-259.7,-20.2,0.0,-259.7,-20.1,0.0,
2025年12月13日 18:49:00.043,0.5,1.2,0.5,1.3,2341.0,2173.0, -259.7,-19.9,0.0,-259.7,-19.9,0.0,-259.7,-20.2,0.0,-259.7,-20.1,0.0,
2025年12月13日 18:49:01.044,0.5,1.2,0.5,1.2,2380.0,2226.0, -259.7,-20.0,0.0,-259.7,-19.9,0.0,-259.7,-20.2,0.0,-259.7,-20.1,0.0,
2025年12月13日 18:49:02.046,0.5,1.1,0.5,1.3,2387.0,2169.0, -259.7,-20.0,0.0,-259.7,-19.9,0.0,-259.7,-20.2,0.0,-259.7,-20.0,0.0,
2025年12月13日 18:49:03.043,0.4,1.2,0.5,1.2,2406.0,2176.0, -259.7,-20.0,0.0,-259.7,-19.9,0.0,-259.7,-20.2,0.0,-259.7,-20.2,0.0,
2025年12月13日 18:49:04.044,0.5,1.1,0.5,1.1,2352.0,2218.0, -259.7,-20.0,0.0,-259.7,-19.9,0.0,-259.7,-20.2,0.0,-259.7,-20.1,0.0,
2025年12月13日 18:49:05.044,0.5,1.2,0.5,1.3,2509.0,2189.0, -259.7,-19.9,0.0,-259.7,-19.9,0.0,-259.7,-20.2,0.0,-259.7,-20.1,0.0,
2025年12月13日 18:49:06.044,0.5,1.1,0.5,1.2,2354.0,2227.0, -259.7,-20.0,0.0,-259.7,-19.9,0.0,-259.7,-20.2,0.0,-259.7,-20.1,0.0,
2025年12月13日 18:49:07.044,0.5,1.1,0.4,1.2,2336.0,2180.0, -259.7,-19.9,0.0,-259.7,-19.8,0.0,-259.7,-20.2,0.0,-259.7,-20.0,0.0,
2025年12月13日 18:49:08.043,0.4,1.2,0.5,1.2,2418.0,2163.0, -259.7,-20.0,0.0,-259.7,-19.9,0.0,-259.7,-20.2,0.0,-259.7,-20.1,0.0,
2025年12月13日 18:49:09.044,0.5,1.2,0.5,1.2,2391.0,2223.0, -259.7,-19.9,0.0,-259.7,-19.9,0.0,-259.7,-20.2,0.0,-259.7,-20.1,0.0,
2025年12月13日 18:49:10.044,0.5,1.2,0.5,1.2,2424.0,2190.0, -259.7,-20.0,0.0,-259.7,-19.9,0.0,-259.7,-20.2,0.0,-259.7,-20.1,0.0,
2025年12月13日 18:49:11.043,0.5,1.2,0.5,1.2,2432.0,2194.0, -259.7,-20.0,0.0,-259.7,-19.9,0.0,-259.7,-20.1,0.0,-259.7,-20.2,0.0,
2025年12月13日 18:49:12.044,0.5,1.2,0.5,1.2,2369.0,2194.0, -259.7,-20.0,0.0,-259.7,-19.9,0.0,-259.7,-20.2,0.0,-259.7,-20.1,0.0,
2025年12月13日 18:49:13.043,0.5,1.1,0.4,1.2,2407.0,2236.0, -259.7,-19.9,0.0,-259.7,-19.9,0.0,-259.7,-20.2,0.0,-259.7,-20.1,0.0,
2025年12月13日 18:49:14.043,0.5,1.2,0.5,1.3,2381.0,2183.0, -259.7,-19.9,0.0,-259.7,-19.8,0.0,-259.7,-20.2,0.0,-259.7,-20.0,0.0,
2025年12月13日 18:49:15.043,0.5,1.0,0.4,1.2,2348.0,2167.0, -259.7,-20.0,0.0,-259.7,-20.0,0.0,-259.7,-20.2,0.0,-259.7,-20.1,0.0,
2025年12月13日 18:49:16.043,0.5,1.2,0.4,1.2,2421.0,2204.0, -259.7,-19.8,0.0,-259.7,-19.8,0.0,-259.7,-20.2,0.0,-259.7,-20.1,0.0,
2025年12月13日 18:49:17.043,0.5,1.1,0.4,1.2,2448.0,2169.0, -259.7,-19.9,0.0,-259.7,-19.9,0.0,-259.7,-20.2,0.0,-259.7,-20.1,0.0,
2025年12月13日 18:49:18.044,0.5,1.1,0.5,1.2,2366.0,2192.0, -259.7,-20.0,0.0,-259.7,-20.0,0.0,-259.7,-20.2,0.0,-259.7,-20.1,0.0,
2025年12月13日 18:49:19.045,0.5,1.1,0.5,1.2,2413.0,2219.0, -259.7,-19.9,0.0,-259.7,-19.9,0.0,-259.7,-20.2,0.0,-259.7,-20.1,0.0,
2025年12月13日 18:49:20.045,0.4,1.1,0.5,1.1,2408.0,2234.0, -259.7,-19.9,0.0,-259.7,-19.9,0.0,-259.7,-20.1,0.0,-259.7,-20.1,0.0,
2025年12月13日 18:49:21.043,0.5,1.2,0.5,1.3,2359.0,2161.0, -259.7,-19.9,0.0,-259.7,-19.9,0.0,-259.7,-20.2,0.0,-259.7,-20.1,0.0,
2025年12月13日 18:49:22.043,0.5,1.1,0.4,1.2,2311.0,2215.0, -259.7,-20.0,0.0,-259.7,-20.0,0.0,-259.7,-20.2,0.0,-259.7,-20.1,0.0,
2025年12月13日 18:49:23.044,0.5,1.2,0.5,1.3,2397.0,2177.0, -259.7,-19.9,0.0,-259.7,-19.9,0.0,-259.7,-20.2,0.0,-259.7,-20.2,0.0,
2025年12月13日 18:49:24.044,0.5,1.2,0.5,1.2,2367.0,2173.0, -259.7,-19.9,0.0,-259.7,-19.9,0.0,-259.7,-20.2,0.0,-259.7,-20.0,0.0,
2025年12月13日 18:49:25.043,0.4,1.1,0.5,1.2,2386.0,2206.0, -259.7,-20.0,0.0,-259.7,-19.9,0.0,-259.7,-20.2,0.0,-259.7,-20.1,0.0,
2025年12月13日 18:49:26.044,0.5,1.2,0.5,1.2,2409.0,2161.0, -259.7,-20.0,0.0,-259.7,-19.9,0.0,-259.7,-20.2,0.0,-259.7,-20.0,0.0,
2025年12月13日 18:49:27.043,0.5,1.1,0.4,1.1,2382.0,2210.0, -259.7,-19.9,0.0,-259.7,-20.0,0.0,-259.7,-20.2,0.0,-259.7,-20.0,0.0,
2025年12月13日 18:49:28.044,0.5,1.1,0.5,1.2,2303.0,2181.0, -259.7,-19.9,0.0,-259.7,-19.9,0.0,-259.7,-20.2,0.0,-259.7,-20.2,0.0,
2025年12月13日 18:49:29.044,0.5,1.1,0.5,1.2,2396.0,2162.0, -259.7,-20.0,0.0,-259.7,-19.9,0.0,-259.7,-20.2,0.0,-259.7,-20.1,0.0,
2025年12月13日 18:49:30.044,0.5,1.2,0.5,1.2,2352.0,2187.0, -259.7,-20.0,0.0,-259.7,-19.9,0.0,-259.7,-20.2,0.0,-259.7,-20.0,0.0,
2025年12月13日 18:49:31.044,0.5,1.1,0.5,1.1,2319.0,2175.0, -259.7,-19.9,0.0,-259.7,-19.9,0.0,-259.7,-20.2,0.0,-259.7,-20.1,0.0,
2025年12月13日 18:49:32.043,0.5,1.1,0.5,1.1,2443.0,2145.0, -259.7,-20.0,0.0,-259.7,-19.9,0.0,-259.7,-20.2,0.0,-259.7,-20.0,0.0,
2025年12月13日 18:49:33.045,0.5,1.1,0.5,1.2,2347.0,2176.0, -259.7,-19.9,0.0,-259.7,-19.9,0.0,-259.7,-20.2,0.0,-259.7,-20.1,0.0,
2025年12月13日 18:49:34.044,0.5,1.2,0.5,1.2,2433.0,2202.0, -259.7,-19.9,0.0,-259.7,-19.9,0.0,-259.7,-20.2,0.0,-259.7,-20.1,0.0,
2025年12月13日 18:49:35.043,0.4,1.1,0.5,1.2,2370.0,2113.0, -259.7,-20.0,0.0,-259.7,-20.0,0.0,-259.7,-20.2,0.0,-259.7,-20.0,0.0,
2025年12月13日 18:49:36.043,0.5,1.1,0.5,1.3,2373.0,2229.0, -259.7,-20.0,0.0,-259.7,-20.0,0.0,-259.7,-20.2,0.0,-259.7,-20.0,0.0,
2025年12月13日 18:49:37.044,0.5,1.2,0.5,1.2,2374.0,2141.0, -259.7,-19.9,0.0,-259.7,-19.9,0.0,-259.7,-20.2,0.0,-259.7,-20.1,0.0,
2025年12月13日 18:49:38.044,0.4,1.0,0.4,1.1,2345.0,2158.0, -259.7,-20.0,0.0,-259.7,-19.9,0.0,-259.7,-20.2,0.0,-259.7,-20.0,0.0,
2025年12月13日 18:49:39.043,0.5,1.1,0.5,1.2,2359.0,2174.0, -259.7,-20.0,0.0,-259.7,-19.9,0.0,-259.7,-20.2,0.0,-259.7,-20.1,0.0,
2025年12月13日 18:49:40.043,0.5,1.1,0.5,1.2,2383.0,2184.0, -259.7,-20.0,0.0,-259.7,-19.9,0.0,-259.7,-20.2,0.0,-259.7,-20.1,0.0,
2025年12月13日 18:49:41.044,0.5,1.2,0.5,1.2,2336.0,2176.0, -259.7,-19.8,0.0,-259.7,-19.8,0.0,-259.7,-20.2,0.0,-259.7,-20.0,0.0,
2025年12月13日 18:49:42.045,0.5,1.1,0.4,1.2,2417.0,2126.0, -259.7,-19.9,0.0,-259.7,-19.9,0.0,-259.7,-20.2,0.0,-259.7,-20.0,0.0,
2025年12月13日 18:49:43.044,0.5,1.1,0.5,1.3,2306.0,2162.0, -259.7,-20.0,0.0,-259.7,-19.9,0.0,-259.7,-20.2,0.0,-259.7,-20.1,0.0,
2025年12月13日 18:49:44.044,0.5,1.2,0.5,1.2,2408.0,2201.0, -259.7,-19.9,0.0,-259.7,-19.8,0.0,-259.7,-20.2,0.0,-259.7,-20.1,0.0,
2025年12月13日 18:49:45.043,0.5,1.1,0.4,1.3,2321.0,2149.0, -259.7,-19.9,0.0,-259.7,-19.9,0.0,-259.7,-20.2,0.0,-259.7,-20.1,0.0,
2025年12月13日 18:49:46.044,0.5,1.2,0.5,1.2,2359.0,2190.0, -259.7,-19.9,0.0,-259.7,-19.9,0.0,-259.7,-20.2,0.0,-259.7,-20.1,0.0,
2025年12月13日 18:49:47.044,0.4,1.1,0.4,1.2,2415.0,2190.0, -259.7,-19.9,0.0,-259.7,-19.9,0.0,-259.7,-20.2,0.0,-259.7,-20.0,0.0,
2025年12月13日 18:49:48.044,0.5,1.1,0.4,1.2,2384.0,2217.0, -259.7,-19.9,0.0,-259.7,-19.9,0.0,-259.7,-20.2,0.0,-259.7,-20.1,0.0,
2025年12月13日 18:49:49.044,0.5,1.1,0.5,1.2,2415.0,2224.0, -259.7,-19.9,0.0,-259.7,-19.9,0.0,-259.7,-20.2,0.0,-259.7,-20.2,0.0,
2025年12月13日 18:49:50.043,0.4,1.0,0.4,1.1,2332.0,2136.0, -259.7,-20.0,0.0,-259.7,-19.9,0.0,-259.7,-20.2,0.0,-259.7,-20.1,0.0,
2025年12月13日 18:49:51.043,0.5,1.1,0.5,1.3,2350.0,2153.0, -259.7,-20.0,0.0,-259.7,-19.9,0.0,-259.7,-20.2,0.0,-259.7,-20.0,0.0,
2025年12月13日 18:49:52.044,0.5,1.1,0.5,1.2,2342.0,2214.0, -259.7,-19.9,0.0,-259.7,-19.9,0.0,-259.7,-20.2,0.0,-259.7,-20.1,0.0,
2025年12月13日 18:49:53.045,0.4,1.1,0.4,1.1,2398.0,2176.0, -259.7,-19.9,0.0,-259.7,-19.9,0.0,-259.7,-20.2,0.0,-259.7,-20.1,0.0,
2025年12月13日 18:49:54.045,0.5,1.1,0.5,1.2,2342.0,2225.0, -259.7,-20.0,0.0,-259.7,-20.0,0.0,-259.7,-20.2,0.0,-259.7,-20.0,0.0,
2025年12月13日 18:49:55.044,0.5,1.0,0.4,1.1,2416.0,2146.0, -259.7,-20.0,0.0,-259.7,-20.0,0.0,-259.7,-20.2,0.0,-259.7,-20.0,0.0,
2025年12月13日 18:49:56.044,0.5,1.2,0.5,1.2,2392.0,2117.0, -259.7,-20.0,0.0,-259.7,-19.9,0.0,-259.7,-20.2,0.0,-259.7,-20.2,0.0,
2025年12月13日 18:49:57.043,0.5,1.2,0.5,1.3,2335.0,2167.0, -259.7,-19.9,0.0,-259.7,-19.9,0.0,-259.7,-20.2,0.0,-259.7,-20.1,0.0,
2025年12月13日 18:49:58.044,0.5,1.1,0.4,1.2,2314.0,2120.0, -259.7,-20.0,0.0,-259.7,-19.9,0.0,-259.7,-20.2,0.0,-259.7,-20.0,0.0,
2025年12月13日 18:49:59.043,0.5,1.2,0.5,1.3,2349.0,2147.0, -259.7,-20.0,0.0,-259.7,-19.9,0.0,-259.7,-20.2,0.0,-259.7,-20.1,0.0,
2025年12月13日 18:50:00.043,0.4,1.0,0.4,1.2,2342.0,2207.0, -259.7,-19.9,0.0,-259.7,-19.9,0.0,-259.7,-20.2,0.0,-259.7,-20.1,0.0,
2025年12月13日 18:50:01.043,0.4,1.0,0.4,1.1,2406.0,2170.0, -259.7,-20.0,0.0,-259.7,-20.0,0.0,-259.7,-20.3,0.0,-259.7,-20.1,0.0,
2025年12月13日 18:50:02.045,0.5,1.1,0.4,1.2,2341.0,2182.0, -259.7,-19.9,0.0,-259.7,-19.9,0.0,-259.7,-20.2,0.0,-259.7,-20.1,0.0,
2025年12月13日 18:50:03.045,0.4,1.1,0.4,1.2,2423.0,2236.0, -259.7,-20.0,0.0,-259.7,-19.9,0.0,-259.7,-20.2,0.0,-259.7,-20.1,0.0,
2025年12月13日 18:50:04.043,0.5,1.1,0.5,1.2,2357.0,2185.0, -259.7,-20.0,0.0,-259.7,-19.9,0.0,-259.7,-20.2,0.0,-259.7,-20.1,0.0,
2025年12月13日 18:50:05.044,0.4,1.1,0.5,1.1,2354.0,2118.0, -259.7,-20.0,0.0,-259.7,-20.0,0.0,-259.7,-20.2,0.0,-259.7,-20.1,0.0,
2025年12月13日 18:50:06.044,0.5,1.1,0.5,1.2,2351.0,2163.0, -259.7,-20.0,0.0,-259.7,-19.9,0.0,-259.7,-20.2,0.0,-259.7,-20.1,0.0,
2025年12月13日 18:50:07.043,0.5,1.1,0.4,1.2,2456.0,2180.0, -259.7,-20.0,0.0,-259.7,-19.9,0.0,-259.7,-20.2,0.0,-259.7,-20.0,0.0,
2025年12月13日 18:50:08.045,0.5,1.2,0.5,1.2,2357.0,2134.0, -259.7,-20.0,0.0,-259.7,-19.9,0.0,-259.7,-20.1,0.0,-259.7,-20.2,0.0,
2025年12月13日 18:50:09.043,0.5,1.1,0.5,1.2,2379.0,2172.0, -259.7,-19.9,0.0,-259.7,-19.9,0.0,-259.7,-20.2,0.0,-259.7,-20.1,0.0,
2025年12月13日 18:50:10.044,0.5,1.1,0.4,1.1,2319.0,2140.0, -259.7,-19.9,0.0,-259.7,-19.9,0.0,-259.7,-20.2,0.0,-259.7,-20.1,0.0,
2025年12月13日 18:50:11.043,0.5,1.1,0.5,1.3,2357.0,2149.0, -259.7,-20.0,0.0,-259.7,-19.9,0.0,-259.7,-20.2,0.0,-259.7,-20.2,0.0,
2025年12月13日 18:50:12.045,0.4,1.1,0.4,1.2,2294.0,2146.0, -259.7,-20.0,0.0,-259.7,-20.0,0.0,-259.7,-20.2,0.0,-259.7,-20.1,0.0,
2025年12月13日 18:50:13.043,0.4,1.1,0.5,1.1,2365.0,2211.0, -259.7,-19.9,0.0,-259.7,-19.9,0.0,-259.7,-20.2,0.0,-259.7,-20.0,0.0,
2025年12月13日 18:50:14.045,0.5,1.2,0.5,1.3,2368.0,2085.0, -259.7,-20.0,0.0,-259.7,-19.9,0.0,-259.7,-20.2,0.0,-259.7,-20.1,0.0,
2025年12月13日 18:50:15.044,0.4,1.0,0.4,1.2,2328.0,2122.0, -259.7,-20.0,0.0,-259.7,-19.9,0.0,-259.7,-20.2,0.0,-259.7,-20.2,0.0,
2025年12月13日 18:50:16.045,0.5,1.1,0.5,1.2,2439.0,2166.0, -259.7,-20.0,0.0,-259.7,-19.9,0.0,-259.7,-20.2,0.0,-259.7,-20.1,0.0,
2025年12月13日 18:50:17.044,0.4,1.1,0.5,1.2,2366.0,2154.0, -259.7,-19.9,0.0,-259.7,-19.9,0.0,-259.7,-20.2,0.0,-259.7,-20.1,0.0,
2025年12月13日 18:50:18.043,0.5,1.1,0.4,1.2,2337.0,2185.0, -259.7,-19.9,0.0,-259.7,-19.9,0.0,-259.7,-20.2,0.0,-259.7,-20.1,0.0,
2025年12月13日 18:50:19.043,0.5,1.2,0.4,1.2,2443.0,2108.0, -259.7,-20.0,0.0,-259.7,-19.9,0.0,-259.7,-20.2,0.0,-259.7,-20.1,0.0,
2025年12月13日 18:50:20.043,0.4,1.1,0.4,1.2,2334.0,2149.0, -259.7,-20.0,0.0,-259.7,-20.0,0.0,-259.7,-20.2,0.0,-259.7,-20.1,0.0,
2025年12月13日 18:50:21.044,0.5,1.1,0.5,1.2,2366.0,2197.0, -259.7,-20.0,0.0,-259.7,-19.9,0.0,-259.7,-20.2,0.0,-259.7,-20.2,0.0,
2025年12月13日 18:50:22.043,0.5,1.0,0.5,1.1,2379.0,2156.0, -259.7,-19.9,0.0,-259.7,-19.9,0.0,-259.7,-20.2,0.0,-259.7,-20.0,0.0,
2025年12月13日 18:50:23.044,0.5,1.1,0.5,1.2,2345.0,2200.0, -259.7,-19.9,0.0,-259.7,-19.9,0.0,-259.7,-20.2,0.0,-259.7,-20.1,0.0,
2025年12月13日 18:50:24.044,0.4,1.1,0.4,1.2,2336.0,2180.0, -259.7,-20.0,0.0,-259.7,-19.9,0.0,-259.7,-20.2,0.0,-259.7,-20.1,0.0,
2025年12月13日 18:50:25.044,0.5,1.2,0.5,1.2,2338.0,2143.0, -259.7,-20.0,0.0,-259.7,-19.9,0.0,-259.7,-20.2,0.0,-259.7,-20.1,0.0,
2025年12月13日 18:50:26.044,0.5,1.1,0.5,1.2,2304.0,2137.0, -259.7,-20.0,0.0,-259.7,-20.0,0.0,-259.7,-20.2,0.0,-259.7,-20.1,0.0,
2025年12月13日 18:50:27.043,0.5,1.1,0.5,1.2,2373.0,2180.0, -259.7,-20.0,0.0,-259.7,-20.0,0.0,-259.7,-20.2,0.0,-259.7,-20.1,0.0,
2025年12月13日 18:50:28.044,0.5,1.1,0.5,1.2,2442.0,2151.0, -259.7,-19.9,0.0,-259.7,-19.9,0.0,-259.7,-20.2,0.0,-259.7,-20.1,0.0,
2025年12月13日 18:50:29.044,0.5,1.1,0.4,1.1,2368.0,2180.0, -259.7,-19.9,0.0,-259.7,-20.0,0.0,-259.7,-20.2,0.0,-259.7,-20.1,0.0,
2025年12月13日 18:50:30.043,0.5,1.1,0.4,1.2,2349.0,2152.0, -259.7,-20.0,0.0,-259.7,-19.9,0.0,-259.7,-20.2,0.0,-259.7,-20.1,0.0,
2025年12月13日 18:50:31.045,0.4,1.1,0.4,1.1,2321.0,2124.0, -259.7,-20.0,0.0,-259.7,-20.0,0.0,-259.7,-20.2,0.0,-259.7,-20.1,0.0,
2025年12月13日 18:50:32.043,0.5,1.1,0.4,1.2,2314.0,2129.0, -259.7,-20.0,0.0,-259.7,-20.0,0.0,-259.7,-20.2,0.0,-259.7,-20.1,0.0,
2025年12月13日 18:50:33.044,0.5,1.1,0.5,1.1,2310.0,2133.0, -259.7,-19.8,0.0,-259.7,-19.9,0.0,-259.7,-20.2,0.0,-259.7,-20.1,0.0,
2025年12月13日 18:50:34.045,0.5,1.1,0.4,1.1,2341.0,2187.0, -259.7,-20.0,0.0,-259.7,-19.9,0.0,-259.7,-20.2,0.0,-259.7,-20.1,0.0,
2025年12月13日 18:50:35.044,0.4,1.1,0.4,1.1,2456.0,2128.0, -259.7,-19.9,0.0,-259.7,-19.9,0.0,-259.7,-20.2,0.0,-259.7,-20.1,0.0,
2025年12月13日 18:50:36.044,0.4,1.1,0.5,1.1,2375.0,2212.0, -259.7,-20.0,0.0,-259.7,-19.9,0.0,-259.7,-20.2,0.0,-259.7,-20.1,0.0,
2025年12月13日 18:50:37.043,0.5,1.1,0.5,1.2,2329.0,2131.0, -259.7,-19.9,0.0,-259.7,-19.9,0.0,-259.7,-20.2,0.0,-259.7,-20.1,0.0,
2025年12月13日 18:50:38.045,0.5,1.1,0.5,1.1,2317.0,2111.0, -259.7,-19.9,0.0,-259.7,-19.9,0.0,-259.7,-20.2,0.0,-259.7,-20.1,0.0,
2025年12月13日 18:50:39.044,0.5,1.2,0.5,1.2,2351.0,2245.0, -259.7,-20.0,0.0,-259.7,-19.9,0.0,-259.7,-20.2,0.0,-259.7,-20.1,0.0,
2025年12月13日 18:50:40.043,0.5,1.1,0.4,1.2,2511.0,2085.0, -259.7,-20.0,0.0,-259.7,-19.9,0.0,-259.7,-20.2,0.0,-259.7,-20.1,0.0,
2025年12月13日 18:50:41.044,0.5,1.1,0.5,1.2,2398.0,2125.0, -259.7,-20.0,0.0,-259.7,-19.9,0.0,-259.7,-20.2,0.0,-259.7,-20.1,0.0,
2025年12月13日 18:50:42.044,0.5,1.1,0.5,1.2,2325.0,2196.0, -259.7,-19.9,0.0,-259.7,-19.9,0.0,-259.7,-20.2,0.0,-259.7,-20.2,0.0,
2025年12月13日 18:50:43.044,0.5,1.2,0.5,1.2,2348.0,2102.0, -259.7,-19.9,0.0,-259.7,-19.9,0.0,-259.7,-20.2,0.0,-259.7,-20.1,0.0,
2025年12月13日 18:50:44.045,0.4,1.1,0.4,1.1,2395.0,2225.0, -259.7,-20.0,0.0,-259.7,-20.0,0.0,-259.7,-20.2,0.0,-259.7,-20.1,0.0,
2025年12月13日 18:50:45.044,0.5,1.2,0.5,1.3,2348.0,2214.0, -259.7,-19.9,0.0,-259.7,-19.9,0.0,-259.7,-20.2,0.0,-259.7,-20.1,0.0,
2025年12月13日 18:50:46.044,0.4,1.0,0.4,1.1,2303.0,2126.0, -259.7,-20.0,0.0,-259.7,-19.9,0.0,-259.7,-20.2,0.0,-259.7,-20.1,0.0,
2025年12月13日 18:50:47.044,0.4,1.1,0.5,1.2,2322.0,2179.0, -259.7,-19.9,0.0,-259.7,-19.9,0.0,-259.7,-20.2,0.0,-259.7,-20.0,0.0,
2025年12月13日 18:50:48.044,0.4,1.0,0.4,1.1,2282.0,2150.0, -259.7,-19.9,0.0,-259.7,-19.9,0.0,-259.7,-20.2,0.0,-259.7,-20.1,0.0,
2025年12月13日 18:50:49.043,0.5,1.1,0.4,1.2,2360.0,2129.0, -259.7,-19.9,0.0,-259.7,-19.9,0.0,-259.7,-20.2,0.0,-259.7,-20.1,0.0,
2025年12月13日 18:50:50.044,0.5,1.1,0.5,1.2,2324.0,2157.0, -259.7,-19.9,0.0,-259.7,-19.9,0.0,-259.7,-20.2,0.0,-259.7,-20.1,0.0,
2025年12月13日 18:50:51.044,0.5,1.2,0.5,1.2,2384.0,2163.0, -259.7,-20.0,0.0,-259.7,-19.9,0.0,-259.7,-20.2,0.0,-259.7,-20.0,0.0,
2025年12月13日 18:50:52.044,0.5,1.2,0.5,1.2,2350.0,2164.0, -259.7,-19.9,0.0,-259.7,-19.9,0.0,-259.7,-20.2,0.0,-259.7,-20.1,0.0,
2025年12月13日 18:50:53.044,0.5,1.1,0.4,1.2,2287.0,2108.0, -259.7,-20.0,0.0,-259.7,-20.0,0.0,-259.7,-20.2,0.0,-259.7,-20.0,0.0,
2025年12月13日 18:50:54.042,0.5,1.1,0.5,1.2,2369.0,2174.0, -259.7,-19.9,0.0,-259.7,-19.9,0.0,-259.7,-20.2,0.0,-259.7,-20.1,0.0,
2025年12月13日 18:50:56.059,0.4,1.0,0.4,1.1,2343.0,2151.0, -259.7,-19.9,0.0,-259.7,-19.9,0.0,-259.7,-20.2,0.0,-259.7,-20.2,0.0,
2025年12月13日 18:50:57.054,0.5,1.1,0.5,1.2,2356.0,2176.0, -259.7,-19.9,0.0,-259.7,-19.9,0.0,-259.7,-20.2,0.0,-259.7,-20.1,0.0,
2025年12月13日 18:50:58.052,0.5,1.1,0.5,1.2,2366.0,2187.0, -259.7,-20.0,0.0,-259.7,-19.9,0.0,-259.7,-20.2,0.0,-259.7,-20.1,0.0,
2025年12月13日 18:50:59.048,0.4,1.1,0.4,1.1,2335.0,2188.0, -259.7,-19.9,0.0,-259.7,-19.9,0.0,-259.7,-20.2,0.0,-259.7,-20.1,0.0,
2025年12月13日 18:51:00.043,0.4,1.1,0.4,1.1,2343.0,2177.0, -259.7,-20.0,0.0,-259.7,-19.9,0.0,-259.7,-20.2,0.0,-259.7,-20.1,0.0,
2025年12月13日 18:51:01.056,0.5,1.1,0.5,1.2,2364.0,2182.0, -259.7,-19.9,0.0,-259.7,-19.9,0.0,-259.7,-20.2,0.0,-259.7,-20.1,0.0,
2025年12月13日 18:51:02.053,0.5,1.2,0.5,1.2,2258.0,2121.0, -259.7,-19.9,0.0,-259.7,-19.9,0.0,-259.7,-20.2,0.0,-259.7,-20.0,0.0,
2025年12月13日 18:51:03.052,0.5,1.1,0.5,1.2,2374.0,2205.0, -259.7,-20.0,0.0,-259.7,-20.0,0.0,-259.7,-20.2,0.0,-259.7,-20.1,0.0,
2025年12月13日 18:51:04.052,0.5,1.2,0.5,1.3,2299.0,2123.0, -259.7,-20.0,0.0,-259.7,-19.9,0.0,-259.7,-20.2,0.0,-259.7,-20.0,0.0,
2025年12月13日 18:51:05.053,0.5,1.2,0.5,1.2,2341.0,2113.0, -259.7,-19.9,0.0,-259.7,-19.9,0.0,-259.7,-20.2,0.0,-259.7,-20.0,0.0,
2025年12月13日 18:51:06.055,0.4,1.0,0.4,1.1,2310.0,2185.0, -259.7,-20.0,0.0,-259.7,-19.9,0.0,-259.7,-20.2,0.0,-259.7,-20.1,0.0,
2025年12月13日 18:51:07.051,0.5,1.1,0.4,1.2,2398.0,2143.0, -259.7,-20.0,0.0,-259.7,-19.9,0.0,-259.7,-20.2,0.0,-259.7,-20.1,0.0,
2025年12月13日 18:51:08.048,0.5,1.1,0.4,1.1,2337.0,2185.0, -259.7,-20.0,0.0,-259.7,-19.9,0.0,-259.7,-20.2,0.0,-259.7,-20.1,0.0,
2025年12月13日 18:51:09.059,0.4,1.0,0.4,1.1,2306.0,2156.0, -259.7,-20.0,0.0,-259.7,-19.9,0.0,-259.7,-20.2,0.0,-259.7,-20.0,0.0,
2025年12月13日 18:51:10.057,0.5,1.1,0.4,1.2,2343.0,2124.0, -259.7,-19.9,0.0,-259.7,-19.9,0.0,-259.7,-20.2,0.0,-259.7,-20.1,0.0,
2025年12月13日 18:51:11.056,0.5,1.1,0.5,1.2,2314.0,2198.0, -259.7,-20.0,0.0,-259.7,-19.9,0.0,-259.7,-20.2,0.0,-259.7,-20.1,0.0,
2025年12月13日 18:51:12.057,0.5,1.1,0.5,1.1,2298.0,2176.0, -259.7,-20.0,0.0,-259.7,-20.0,0.0,-259.7,-20.2,0.0,-259.7,-20.0,0.0,
2025年12月13日 18:51:13.053,0.5,1.1,0.4,1.1,2432.0,2198.0, -259.7,-20.0,0.0,-259.7,-20.0,0.0,-259.7,-20.2,0.0,-259.7,-20.1,0.0,
2025年12月13日 18:51:14.047,0.5,1.1,0.5,1.2,2336.0,2175.0, -259.7,-19.9,0.0,-259.7,-19.9,0.0,-259.7,-20.2,0.0,-259.7,-20.1,0.0,
2025年12月13日 18:51:15.057,0.5,1.1,0.5,1.2,2368.0,2190.0, -259.7,-20.0,0.0,-259.7,-20.0,0.0,-259.7,-20.2,0.0,-259.7,-20.1,0.0,
2025年12月13日 18:51:16.055,0.5,1.1,0.5,1.2,2362.0,2123.0, -259.7,-20.0,0.0,-259.7,-20.0,0.0,-259.7,-20.2,0.0,-259.7,-20.1,0.0,
2025年12月13日 18:51:17.047,0.4,1.0,0.5,1.1,2313.0,2174.0, -259.7,-20.0,0.0,-259.7,-20.0,0.0,-259.7,-20.2,0.0,-259.7,-20.0,0.0,
2025年12月13日 18:51:18.044,0.4,1.1,0.5,1.2,2362.0,2172.0, -259.7,-19.9,0.0,-259.7,-19.9,0.0,-259.7,-20.2,0.0,-259.7,-20.1,0.0,
2025年12月13日 18:51:19.044,0.4,1.2,0.5,1.2,2365.0,2146.0, -259.7,-20.0,0.0,-259.7,-19.9,0.0,-259.7,-20.2,0.0,-259.7,-20.1,0.0,
2025年12月13日 18:51:20.044,0.4,1.0,0.4,1.1,2346.0,2193.0, -259.7,-19.9,0.0,-259.7,-19.9,0.0,-259.7,-20.2,0.0,-259.7,-20.1,0.0,
2025年12月13日 18:51:42.044,0.4,1.0,0.4,1.1,2344.0,2164.0, -259.7,-20.0,0.0,-259.7,-20.0,0.0,-259.7,-20.2,0.0,-259.7,-20.0,0.0,
2025年12月13日 18:51:43.044,0.5,1.1,0.4,1.1,2355.0,2171.0, -259.7,-19.9,0.0,-259.7,-19.9,0.0,-259.7,-20.2,0.0,-259.7,-20.1,0.0,
2025年12月13日 18:51:44.044,0.5,1.1,0.4,1.1,2362.0,2159.0, -259.7,-20.0,0.0,-259.7,-19.9,0.0,-259.7,-20.2,0.0,-259.7,-20.1,0.0,
2025年12月13日 18:51:45.043,0.5,1.1,0.4,1.1,2331.0,2150.0, -259.7,-20.0,0.0,-259.7,-19.9,0.0,-259.7,-20.2,0.0,-259.7,-20.0,0.0,
2025年12月13日 18:52:16.043,0.4,1.1,0.4,1.1,2315.0,2094.0, -259.7,-20.0,0.0,-259.7,-19.9,0.0,-259.7,-20.2,0.0,-259.7,-20.1,0.0,
2025年12月13日 18:52:17.044,0.5,1.1,0.4,1.1,2349.0,2160.0, -259.7,-20.0,0.0,-259.7,-19.9,0.0,-259.7,-20.2,0.0,-259.7,-20.1,0.0,
2025年12月13日 18:52:18.043,0.5,1.1,0.4,1.1,2335.0,2128.0, -259.7,-20.0,0.0,-259.7,-19.9,0.0,-259.7,-20.2,0.0,-259.7,-20.1,0.0,
2025年12月13日 18:52:19.043,0.4,1.1,0.4,1.1,2319.0,2130.0, -259.7,-20.0,0.0,-259.7,-19.9,0.0,-259.7,-20.2,0.0,-259.7,-20.0,0.0,
2025年12月13日 18:52:20.044,0.5,1.1,0.4,1.2,2358.0,2182.0, -259.7,-19.9,0.0,-259.7,-19.8,0.0,-259.7,-20.2,0.0,-259.7,-20.2,0.0,
2025年12月13日 18:52:21.045,0.5,1.1,0.4,1.1,2519.0,2109.0, -259.7,-19.9,0.0,-259.7,-19.9,0.0,-259.7,-20.2,0.0,-259.7,-20.0,0.0,
2025年12月13日 18:52:22.043,0.5,1.1,0.4,1.1,2387.0,2221.0, -259.7,-19.9,0.0,-259.7,-19.9,0.0,-259.7,-20.2,0.0,-259.7,-20.1,0.0,
2025年12月13日 18:52:23.044,0.5,1.1,0.4,1.2,2333.0,2200.0, -259.7,-20.0,0.0,-259.7,-20.0,0.0,-259.7,-20.2,0.0,-259.7,-20.1,0.0,
2025年12月13日 18:52:24.044,0.5,1.0,0.5,1.1,2374.0,2128.0, -259.7,-20.0,0.0,-259.7,-20.0,0.0,-259.7,-20.2,0.0,-259.7,-20.1,0.0,
2025年12月13日 18:52:25.043,0.5,1.1,0.4,1.1,2318.0,2202.0, -259.7,-19.9,0.0,-259.7,-19.9,0.0,-259.7,-20.2,0.0,-259.7,-20.1,0.0,
2025年12月13日 18:52:26.044,0.5,1.1,0.4,1.1,2328.0,2179.0, -259.7,-19.9,0.0,-259.7,-19.9,0.0,-259.7,-20.2,0.0,-259.7,-20.1,0.0,
2025年12月13日 18:52:27.044,0.5,1.1,0.5,1.2,2374.0,2163.0, -259.7,-20.0,0.0,-259.7,-20.0,0.0,-259.7,-20.2,0.0,-259.7,-20.1,0.0,
2025年12月13日 18:52:28.043,0.4,1.1,0.4,1.1,2304.0,2195.0, -259.7,-19.9,0.0,-259.7,-19.9,0.0,-259.7,-20.2,0.0,-259.7,-20.1,0.0,
2025年12月13日 18:52:29.043,0.5,1.1,0.5,1.2,2319.0,2185.0, -259.7,-20.0,0.0,-259.7,-19.9,0.0,-259.7,-20.2,0.0,-259.7,-20.0,0.0,
2025年12月13日 18:52:30.043,0.5,1.1,0.5,1.2,2406.0,2083.0, -259.7,-20.0,0.0,-259.7,-20.0,0.0,-259.7,-20.2,0.0,-259.7,-20.1,0.0,
2025年12月13日 18:52:31.043,0.4,1.1,0.4,1.1,2349.0,2160.0, -259.7,-19.9,0.0,-259.7,-19.9,0.0,-259.7,-20.2,0.0,-259.7,-20.0,0.0,
2025年12月13日 18:52:32.043,0.5,1.0,0.4,1.1,2394.0,2103.0, -259.7,-20.0,0.0,-259.7,-20.0,0.0,-259.7,-20.2,0.0,-259.7,-20.1,0.0,
2025年12月13日 18:52:33.044,0.4,1.1,0.4,1.2,2391.0,2147.0, -259.7,-19.9,0.0,-259.7,-19.9,0.0,-259.7,-20.2,0.0,-259.7,-20.1,0.0,
2025年12月13日 18:52:34.043,0.4,1.0,0.4,1.1,2330.0,2149.0, -259.7,-19.9,0.0,-259.7,-19.9,0.0,-259.7,-20.2,0.0,-259.7,-20.1,0.0,
2025年12月13日 18:52:35.043,0.5,1.1,0.4,1.2,2372.0,2188.0, -259.7,-20.0,0.0,-259.7,-19.9,0.0,-259.7,-20.2,0.0,-259.7,-20.1,0.0,
2025年12月13日 18:52:36.052,0.5,1.1,0.4,1.1,2342.0,2141.0, -259.7,-19.9,0.0,-259.7,-19.9,0.0,-259.7,-20.2,0.0,-259.7,-20.1,0.0,
2025年12月13日 18:52:37.051,0.5,1.0,0.4,1.1,2393.0,2162.0, -259.7,-20.0,0.0,-259.7,-20.0,0.0,-259.7,-20.2,0.0,-259.7,-20.0,0.0,
2025年12月13日 18:52:38.048,0.5,1.1,0.4,1.2,2340.0,2197.0, -259.7,-20.0,0.0,-259.7,-20.0,0.0,-259.7,-20.2,0.0,-259.7,-20.0,0.0,
2025年12月13日 18:52:39.045,0.4,1.1,0.4,1.1,2322.0,2113.0, -259.7,-20.0,0.0,-259.7,-20.0,0.0,-259.7,-20.2,0.0,-259.7,-20.1,0.0,
2025年12月13日 18:52:40.044,0.5,1.1,0.4,1.1,2307.0,2123.0, -259.7,-19.9,0.0,-259.7,-19.9,0.0,-259.7,-20.2,0.0,-259.7,-20.0,0.0,
2025年12月13日 18:52:41.057,0.5,1.0,0.4,1.2,2335.0,2158.0, -259.7,-20.0,0.0,-259.7,-20.0,0.0,-259.7,-20.2,0.0,-259.7,-20.0,0.0,
2025年12月13日 18:52:42.055,0.5,1.1,0.4,1.2,2303.0,2156.0, -259.7,-19.9,0.0,-259.7,-19.9,0.0,-259.7,-20.2,0.0,-259.7,-20.1,0.0,
2025年12月13日 18:52:43.050,0.5,1.1,0.4,1.1,2252.0,2080.0, -259.7,-20.0,0.0,-259.7,-19.9,0.0,-259.7,-20.2,0.0,-259.7,-20.1,0.0,
2025年12月13日 18:52:44.046,0.4,1.1,0.4,1.1,2360.0,2171.0, -259.7,-19.9,0.0,-259.7,-19.9,0.0,-259.7,-20.2,0.0,-259.7,-20.1,0.0,
2025年12月13日 18:52:45.058,0.5,1.1,0.5,1.2,2353.0,2213.0, -259.7,-19.9,0.0,-259.7,-19.9,0.0,-259.7,-20.2,0.0,-259.7,-20.1,0.0,
2025年12月13日 18:52:46.055,0.5,1.1,0.5,1.2,2388.0,2130.0, -259.7,-19.9,0.0,-259.7,-19.9,0.0,-259.7,-20.2,0.0,-259.7,-20.1,0.0,
2025年12月13日 18:52:47.043,0.5,1.1,0.5,1.2,2324.0,2215.0, -259.7,-20.0,0.0,-259.7,-19.9,0.0,-259.7,-20.2,0.0,-259.7,-20.1,0.0,
2025年12月13日 18:53:41.061,0.5,1.3,0.5,1.4,2355.0,2169.0, -259.7,-19.9,0.0,-259.7,-19.9,0.0,-259.7,-20.2,0.0,-259.7,-20.1,0.0,
2025年12月13日 18:53:42.061,0.5,1.2,0.5,1.2,2345.0,2177.0, -259.7,-19.9,0.0,-259.7,-19.9,0.0,-259.7,-20.2,0.0,-259.7,-20.1,0.0,
2025年12月13日 18:53:43.061,0.5,1.2,0.5,1.2,2374.0,2207.0, -259.7,-20.0,0.0,-259.7,-19.9,0.0,-259.7,-20.2,0.0,-259.7,-20.1,0.0,
2025年12月13日 18:53:44.061,0.5,1.2,0.5,1.2,2350.0,2185.0, -259.7,-19.9,0.0,-259.7,-19.9,0.0,-259.7,-20.2,0.0,-259.7,-20.0,0.0,
2025年12月13日 18:53:45.061,0.5,1.1,0.5,1.1,2383.0,2190.0, -259.7,-19.9,0.0,-259.7,-19.9,0.0,-259.7,-20.2,0.0,-259.7,-20.1,0.0,
2025年12月13日 18:53:46.062,0.5,1.2,0.5,1.2,2307.0,2148.0, -259.7,-20.0,0.0,-259.7,-19.9,0.0,-259.7,-20.2,0.0,-259.7,-20.1,0.0,
2025年12月13日 18:53:47.060,0.5,1.2,0.5,1.2,2296.0,2136.0, -259.7,-19.9,0.0,-259.7,-19.9,0.0,-259.7,-20.1,0.0,-259.7,-20.1,0.0,
2025年12月13日 18:53:53.061,0.5,1.2,0.5,1.2,2314.0,2120.0, -259.7,-20.0,0.0,-259.7,-19.9,0.0,-259.7,-20.2,0.0,-259.7,-20.1,0.0,
2025年12月13日 18:53:54.060,0.4,1.0,0.4,1.1,2344.0,2124.0, -259.7,-19.9,0.0,-259.7,-19.9,0.0,-259.7,-20.2,0.0,-259.7,-20.1,0.0,
2025年12月13日 18:53:55.062,0.5,1.1,0.4,1.1,2376.0,2178.0, -259.7,-20.0,0.0,-259.7,-19.9,0.0,-259.7,-20.2,0.0,-259.7,-20.0,0.0,
2025年12月13日 18:53:56.060,0.5,1.1,0.5,1.2,2344.0,2189.0, -259.7,-20.0,0.0,-259.7,-20.0,0.0,-259.7,-20.2,0.0,-259.7,-20.1,0.0,
2025年12月13日 18:53:57.060,0.5,1.1,0.5,1.2,2298.0,2139.0, -259.7,-20.0,0.0,-259.7,-19.9,0.0,-259.7,-20.2,0.0,-259.7,-20.1,0.0,
2025年12月13日 18:53:58.060,0.5,1.1,0.5,1.2,2350.0,2205.0, -259.7,-20.0,0.0,-259.7,-19.9,0.0,-259.7,-20.2,0.0,-259.7,-20.0,0.0,
2025年12月13日 18:53:59.060,0.5,1.1,0.5,1.2,2306.0,2127.0, -259.7,-20.0,0.0,-259.7,-20.0,0.0,-259.7,-20.2,0.0,-259.7,-20.1,0.0,
2025年12月13日 18:54:00.060,0.5,1.2,0.5,1.2,2345.0,2218.0, -259.7,-19.9,0.0,-259.7,-19.9,0.0,-259.7,-20.2,0.0,-259.7,-20.1,0.0,
2025年12月13日 18:54:01.061,0.4,1.0,0.5,1.2,2272.0,2153.0, -259.7,-20.0,0.0,-259.7,-19.9,0.0,-259.7,-20.2,0.0,-259.7,-20.0,0.0,
2025年12月13日 18:54:02.060,0.5,1.2,0.5,1.2,2323.0,2146.0, -259.7,-19.9,0.0,-259.7,-19.9,0.0,-259.7,-20.2,0.0,-259.7,-20.0,0.0,
2025年12月13日 18:54:03.060,0.4,1.1,0.4,1.1,2313.0,2193.0, -259.7,-19.9,0.0,-259.7,-19.9,0.0,-259.7,-20.2,0.0,-259.7,-20.1,0.0,
2025年12月13日 18:54:04.060,0.5,1.1,0.4,1.1,2337.0,2127.0, -259.7,-20.0,0.0,-259.7,-19.9,0.0,-259.7,-20.2,0.0,-259.7,-20.1,0.0,
2025年12月13日 18:54:05.061,0.5,1.1,0.4,1.1,2349.0,2148.0, -259.7,-19.9,0.0,-259.7,-19.9,0.0,-259.7,-20.2,0.0,-259.7,-20.1,0.0,
2025年12月13日 18:54:06.061,0.5,1.2,0.5,1.2,2271.0,2098.0, -259.7,-20.0,0.0,-259.7,-20.0,0.0,-259.7,-20.2,0.0,-259.7,-20.0,0.0,
2025年12月13日 18:54:07.060,0.5,1.1,0.4,1.1,2274.0,2076.0, -259.7,-19.9,0.0,-259.7,-19.9,0.0,-259.7,-20.2,0.0,-259.7,-20.0,0.0,
2025年12月13日 18:54:08.061,0.5,1.0,0.4,1.2,2306.0,2100.0, -259.7,-20.0,0.0,-259.7,-19.9,0.0,-259.7,-20.2,0.0,-259.7,-20.1,0.0,
2025年12月13日 18:54:09.061,0.5,1.1,0.4,1.1,2343.0,2171.0, -259.7,-19.9,0.0,-259.7,-19.9,0.0,-259.7,-20.2,0.0,-259.7,-20.0,0.0,
2025年12月13日 18:54:10.061,0.5,1.1,0.5,1.2,2354.0,2165.0, -259.7,-20.0,0.0,-259.7,-19.9,0.0,-259.7,-20.2,0.0,-259.7,-20.1,0.0,
2025年12月13日 18:54:11.062,0.4,1.0,0.4,1.1,2309.0,2121.0, -259.7,-19.9,0.0,-259.7,-19.9,0.0,-259.7,-20.2,0.0,-259.7,-20.1,0.0,
2025年12月13日 18:54:12.061,0.4,1.1,0.4,1.1,2318.0,2120.0, -259.7,-19.9,0.0,-259.7,-19.9,0.0,-259.7,-20.2,0.0,-259.7,-20.0,0.0,
2025年12月13日 18:54:16.072,0.5,1.1,0.5,1.1,2344.0,2122.0, -259.7,-20.0,0.0,-259.7,-20.0,0.0,-259.7,-20.2,0.0,-259.7,-20.1,0.0,
2025年12月13日 18:54:17.061,0.5,1.1,0.4,1.1,2272.0,2138.0, -259.7,-20.0,0.0,-259.7,-20.0,0.0,-259.7,-20.2,0.0,-259.7,-20.1,0.0,
2025年12月13日 18:54:18.061,0.4,1.1,0.4,1.2,2312.0,2138.0, -259.7,-20.0,0.0,-259.7,-19.9,0.0,-259.7,-20.2,0.0,-259.7,-20.1,0.0,
2025年12月13日 18:54:19.061,0.5,1.1,0.5,1.2,2330.0,2129.0, -259.7,-19.9,0.0,-259.7,-19.9,0.0,-259.7,-20.2,0.0,-259.7,-20.1,0.0,
2025年12月13日 18:54:20.060,0.4,1.0,0.4,1.1,2286.0,2189.0, -259.7,-20.0,0.0,-259.7,-20.0,0.0,-259.7,-20.2,0.0,-259.7,-20.1,0.0,
2025年12月13日 18:54:21.060,0.5,1.1,0.4,1.2,2275.0,2141.0, -259.7,-20.0,0.0,-259.7,-20.0,0.0,-259.7,-20.2,0.0,-259.7,-20.0,0.0,
2025年12月13日 18:54:22.062,0.4,1.0,0.4,1.1,2242.0,2133.0, -259.7,-20.0,0.0,-259.7,-19.9,0.0,-259.7,-20.2,0.0,-259.7,-20.1,0.0,
2025年12月13日 18:54:23.061,0.4,1.1,0.4,1.1,2227.0,2099.0, -259.7,-20.0,0.0,-259.7,-19.9,0.0,-259.7,-20.2,0.0,-259.7,-20.0,0.0,
2025年12月13日 18:54:24.060,0.4,1.0,0.4,1.1,2284.0,2115.0, -259.7,-19.9,0.0,-259.7,-19.9,0.0,-259.7,-20.2,0.0,-259.7,-20.1,0.0,
2025年12月13日 18:54:25.060,0.4,1.0,0.4,1.0,2313.0,2139.0, -259.7,-20.0,0.0,-259.7,-19.9,0.0,-259.7,-20.2,0.0,-259.7,-20.0,0.0,
2025年12月13日 18:54:26.061,0.4,1.0,0.4,1.1,2313.0,2105.0, -259.7,-20.0,0.0,-259.7,-19.9,0.0,-259.7,-20.2,0.0,-259.7,-20.1,0.0,
2025年12月13日 18:54:27.060,0.4,1.1,0.4,1.1,2269.0,2148.0, -259.7,-20.0,0.0,-259.7,-19.9,0.0,-259.7,-20.2,0.0,-259.7,-20.0,0.0,
2025年12月13日 18:54:28.062,0.4,1.0,0.4,1.1,2358.0,2125.0, -259.7,-20.1,0.0,-259.7,-19.9,0.0,-259.7,-20.2,0.0,-259.7,-20.0,0.0,
2025年12月13日 18:54:29.061,0.5,1.1,0.5,1.2,2364.0,2136.0, -259.7,-20.0,0.0,-259.7,-20.0,0.0,-259.7,-20.2,0.0,-259.7,-20.0,0.0,
2025年12月13日 18:56:24.061,0.5,1.4,0.6,1.5,2570.0,2371.0, -259.7,-19.9,0.0,-259.7,-19.8,0.0,-259.7,-20.1,0.0,-259.7,-20.1,0.0,
2025年12月13日 18:56:25.060,0.5,1.3,0.5,1.5,2506.0,2320.0, -259.7,-19.9,0.0,-259.7,-19.8,0.0,-259.7,-20.1,0.0,-259.7,-20.1,0.0,
2025年12月13日 18:56:26.062,0.5,1.2,0.5,1.4,2490.0,2277.0, -259.7,-20.0,0.0,-259.7,-19.8,0.0,-259.7,-20.1,0.0,-259.7,-20.1,0.0,
2025年12月13日 18:56:27.061,0.5,1.3,0.5,1.3,2411.0,2282.0, -259.7,-19.9,0.0,-259.7,-19.8,0.0,-259.7,-20.1,0.0,-259.7,-20.1,0.0,
2025年12月13日 18:56:28.061,0.5,1.2,0.5,1.3,2431.0,2296.0, -259.7,-19.9,0.0,-259.7,-19.9,0.0,-259.7,-20.1,0.0,-259.7,-20.2,0.0,
2025年12月13日 18:56:29.060,0.5,1.2,0.5,1.3,2485.0,2266.0, -259.7,-19.9,0.0,-259.7,-19.9,0.0,-259.7,-20.1,0.0,-259.7,-20.1,0.0,
2025年12月13日 18:56:30.060,0.5,1.2,0.5,1.4,2433.0,2222.0, -259.7,-19.9,0.0,-259.7,-19.9,0.0,-259.7,-20.2,0.0,-259.7,-20.0,0.0,
2025年12月13日 18:56:31.060,0.5,1.2,0.5,1.3,2446.0,2192.0, -259.7,-19.9,0.0,-259.7,-19.9,0.0,-259.7,-20.1,0.0,-259.7,-20.1,0.0,
2025年12月13日 18:56:32.061,0.5,1.2,0.5,1.3,2451.0,2222.0, -259.7,-19.9,0.0,-259.7,-19.9,0.0,-259.7,-20.2,0.0,-259.7,-20.1,0.0,
2025年12月13日 18:56:33.061,0.5,1.2,0.5,1.2,2395.0,2204.0, -259.7,-19.9,0.0,-259.7,-19.9,0.0,-259.7,-20.2,0.0,-259.7,-20.1,0.0,
2025年12月13日 18:56:34.061,0.5,1.2,0.5,1.3,2383.0,2173.0, -259.7,-20.0,0.0,-259.7,-19.9,0.0,-259.7,-20.1,0.0,-259.7,-20.1,0.0,
2025年12月13日 18:56:35.060,0.5,1.2,0.5,1.3,2415.0,2194.0, -259.7,-20.0,0.0,-259.7,-19.9,0.0,-259.7,-20.2,0.0,-259.7,-20.1,0.0,
2025年12月13日 18:56:36.061,0.5,1.1,0.5,1.3,2368.0,2104.0, -259.7,-20.0,0.0,-259.7,-20.0,0.0,-259.7,-20.2,0.0,-259.7,-20.1,0.0,
2025年12月13日 18:56:37.060,0.5,1.2,0.5,1.2,2398.0,2184.0, -259.7,-20.0,0.0,-259.7,-19.9,0.0,-259.7,-20.2,0.0,-259.7,-20.1,0.0,
2025年12月13日 18:56:38.060,0.5,1.2,0.5,1.2,2378.0,2197.0, -259.7,-19.9,0.0,-259.7,-19.9,0.0,-259.7,-20.2,0.0,-259.7,-20.1,0.0,
2025年12月13日 18:56:39.061,0.5,1.1,0.5,1.2,2364.0,2137.0, -259.7,-20.0,0.0,-259.7,-19.9,0.0,-259.7,-20.2,0.0,-259.7,-20.1,0.0,
2025年12月13日 18:56:40.061,0.5,1.1,0.5,1.2,2399.0,2166.0, -259.7,-20.0,0.0,-259.7,-19.9,0.0,-259.7,-20.2,0.0,-259.7,-20.0,0.0,
2025年12月13日 18:56:41.063,0.5,1.2,0.5,1.3,2353.0,2164.0, -259.7,-19.9,0.0,-259.7,-19.8,0.0,-259.7,-20.2,0.0,-259.7,-20.1,0.0,
2025年12月13日 18:56:42.061,0.5,1.2,0.5,1.3,2372.0,2174.0, -259.7,-20.0,0.0,-259.7,-19.9,0.0,-259.7,-20.2,0.0,-259.7,-20.1,0.0,
2025年12月13日 18:56:46.061,0.5,1.1,0.5,1.3,2306.0,2154.0, -259.7,-20.0,0.0,-259.7,-20.0,0.0,-259.7,-20.2,0.0,-259.7,-20.1,0.0,
2025年12月13日 18:56:47.061,0.5,1.1,0.5,1.2,2375.0,2150.0, -259.7,-20.0,0.0,-259.7,-20.0,0.0,-259.7,-20.2,0.0,-259.7,-20.0,0.0,
2025年12月13日 18:56:48.060,0.5,1.2,0.5,1.2,2342.0,2110.0, -259.7,-19.9,0.0,-259.7,-19.9,0.0,-259.7,-20.2,0.0,-259.7,-20.0,0.0,
2025年12月13日 18:56:49.061,0.5,1.1,0.5,1.2,2331.0,2111.0, -259.7,-19.9,0.0,-259.7,-19.9,0.0,-259.7,-20.2,0.0,-259.7,-20.2,0.0,
2025年12月13日 18:56:50.060,0.5,1.1,0.4,1.2,2281.0,2154.0, -259.7,-19.9,0.0,-259.7,-19.9,0.0,-259.7,-20.2,0.0,-259.7,-20.2,0.0,
2025年12月13日 18:56:51.060,0.5,1.1,0.5,1.2,2298.0,2138.0, -259.7,-19.9,0.0,-259.7,-19.9,0.0,-259.7,-20.2,0.0,-259.7,-20.2,0.0,
2025年12月13日 18:56:52.061,0.5,1.1,0.5,1.2,2340.0,2164.0, -259.7,-20.0,0.0,-259.7,-20.0,0.0,-259.7,-20.2,0.0,-259.7,-20.0,0.0,
2025年12月13日 18:56:53.060,0.5,1.2,0.5,1.2,2351.0,2141.0, -259.7,-19.9,0.0,-259.7,-19.9,0.0,-259.7,-20.2,0.0,-259.7,-20.0,0.0,
2025年12月13日 18:56:54.061,0.5,1.1,0.4,1.1,2309.0,2135.0, -259.7,-20.0,0.0,-259.7,-19.9,0.0,-259.7,-20.2,0.0,-259.7,-20.0,0.0,
2025年12月13日 18:56:55.060,0.5,1.1,0.5,1.2,2274.0,2095.0, -259.7,-19.9,0.0,-259.7,-19.9,0.0,-259.7,-20.2,0.0,-259.7,-20.0,0.0,
2025年12月13日 18:56:56.060,0.4,1.0,0.4,1.1,2369.0,2132.0, -259.7,-19.9,0.0,-259.7,-19.9,0.0,-259.7,-20.2,0.0,-259.7,-20.0,0.0,
2025年12月13日 18:57:06.061,0.5,1.1,0.4,1.2,2418.0,2147.0, -259.7,-19.9,0.0,-259.7,-19.9,0.0,-259.7,-20.2,0.0,-259.7,-20.1,0.0,
2025年12月13日 18:57:07.061,0.5,1.1,0.4,1.1,2306.0,2156.0, -259.7,-20.0,0.0,-259.7,-20.0,0.0,-259.7,-20.2,0.0,-259.7,-20.0,0.0,
2025年12月13日 18:57:08.060,0.4,1.0,0.4,1.1,2315.0,2180.0, -259.7,-20.0,0.0,-259.7,-19.9,0.0,-259.7,-20.2,0.0,-259.7,-20.1,0.0,
2025年12月13日 18:57:09.062,0.4,1.1,0.4,1.1,2224.0,2069.0, -259.7,-19.9,0.0,-259.7,-19.9,0.0,-259.7,-20.2,0.0,-259.7,-20.1,0.0,
2025年12月13日 18:57:10.061,0.5,1.1,0.4,1.1,2397.0,2106.0, -259.7,-20.0,0.0,-259.7,-20.0,0.0,-259.7,-20.2,0.0,-259.7,-20.0,0.0,
2025年12月13日 18:57:11.062,0.5,1.2,0.5,1.2,2392.0,2099.0, -259.7,-19.9,0.0,-259.7,-19.9,0.0,-259.7,-20.2,0.0,-259.7,-20.0,0.0,
2025年12月13日 18:57:12.061,0.5,1.1,0.4,1.1,2279.0,2100.0, -259.7,-19.9,0.0,-259.7,-19.9,0.0,-259.7,-20.2,0.0,-259.7,-20.0,0.0,
2025年12月13日 18:57:13.061,0.4,1.0,0.4,1.1,2281.0,2072.0, -259.7,-19.9,0.0,-259.7,-19.9,0.0,-259.7,-20.2,0.0,-259.7,-20.1,0.0,
2025年12月13日 18:57:14.059,0.5,1.0,0.4,1.2,2285.0,2109.0, -259.7,-19.9,0.0,-259.7,-19.9,0.0,-259.7,-20.2,0.0,-259.7,-20.1,0.0,
2025年12月13日 18:58:18.060,0.5,1.4,0.6,1.5,2438.0,2246.0, -259.7,-19.8,0.0,-259.7,-19.8,0.0,-259.7,-20.1,0.0,-259.7,-20.0,0.0,
2025年12月13日 18:58:19.060,0.6,1.3,0.6,1.3,2421.0,2298.0, -259.7,-19.9,0.0,-259.7,-19.8,0.0,-259.7,-20.1,0.0,-259.7,-20.1,0.0,
2025年12月13日 18:58:20.061,0.5,1.2,0.5,1.3,2427.0,2179.0, -259.7,-19.9,0.0,-259.7,-19.8,0.0,-259.7,-20.1,0.0,-259.7,-20.1,0.0,
2025年12月13日 18:58:21.061,0.5,1.2,0.5,1.4,2420.0,2193.0, -259.7,-19.9,0.0,-259.7,-19.8,0.0,-259.7,-20.1,0.0,-259.7,-20.1,0.0,
2025年12月13日 18:58:22.061,0.5,1.3,0.5,1.3,2485.0,2261.0, -259.7,-20.0,0.0,-259.7,-19.9,0.0,-259.7,-20.1,0.0,-259.7,-20.1,0.0,
2025年12月13日 18:58:23.062,0.5,1.2,0.5,1.3,2449.0,2203.0, -259.7,-19.9,0.0,-259.7,-19.9,0.0,-259.7,-20.1,0.0,-259.7,-20.1,0.0,
2025年12月13日 18:58:24.060,0.5,1.2,0.5,1.3,2465.0,2282.0, -259.7,-20.0,0.0,-259.7,-19.9,0.0,-259.7,-20.2,0.0,-259.7,-20.1,0.0,
2025年12月13日 18:58:25.061,0.5,1.3,0.5,1.3,2485.0,2238.0, -259.7,-19.9,0.0,-259.7,-19.9,0.0,-259.7,-20.2,0.0,-259.7,-20.1,0.0,
2025年12月13日 18:58:26.060,0.5,1.2,0.5,1.3,2483.0,2262.0, -259.7,-20.0,0.0,-259.7,-19.9,0.0,-259.7,-20.2,0.0,-259.7,-20.1,0.0,
2025年12月13日 18:58:27.061,0.5,1.2,0.5,1.3,2440.0,2202.0, -259.7,-20.0,0.0,-259.7,-19.9,0.0,-259.7,-20.1,0.0,-259.7,-20.1,0.0,
2025年12月13日 18:58:28.061,0.5,1.1,0.5,1.3,2309.0,2132.0, -259.7,-19.9,0.0,-259.7,-19.9,0.0,-259.7,-20.2,0.0,-259.7,-20.1,0.0,
2025年12月13日 18:58:29.061,0.5,1.2,0.5,1.3,2421.0,2173.0, -259.7,-20.0,0.0,-259.7,-19.9,0.0,-259.7,-20.2,0.0,-259.7,-20.1,0.0,
2025年12月13日 18:58:42.061,0.5,1.1,0.5,1.3,2316.0,2153.0, -259.7,-19.9,0.0,-259.7,-19.9,0.0,-259.7,-20.2,0.0,-259.7,-20.2,0.0,
2025年12月13日 18:58:43.061,0.5,1.1,0.4,1.2,2352.0,2118.0, -259.7,-19.9,0.0,-259.7,-19.9,0.0,-259.7,-20.2,0.0,-259.7,-20.0,0.0,
2025年12月13日 18:58:44.060,0.4,1.0,0.4,1.1,2344.0,2106.0, -259.7,-20.0,0.0,-259.7,-19.9,0.0,-259.7,-20.2,0.0,-259.7,-20.0,0.0,
2025年12月13日 18:58:45.060,0.5,1.1,0.5,1.2,2355.0,2163.0, -259.7,-20.0,0.0,-259.7,-19.9,0.0,-259.7,-20.2,0.0,-259.7,-20.1,0.0,
2025年12月13日 18:58:46.060,0.5,1.1,0.4,1.2,2338.0,2120.0, -259.7,-19.9,0.0,-259.7,-19.8,0.0,-259.7,-20.2,0.0,-259.7,-20.0,0.0,
2025年12月13日 18:58:47.060,0.5,1.1,0.5,1.2,2343.0,2176.0, -259.7,-20.0,0.0,-259.7,-19.9,0.0,-259.7,-20.2,0.0,-259.7,-20.2,0.0,
2025年12月13日 19:05:59.061,0.5,1.2,0.5,1.3,2455.0,2230.0, -259.7,-19.9,0.0,-259.7,-19.8,0.0,-259.7,-20.2,0.0,-259.7,-20.1,0.0,
2025年12月13日 19:06:00.060,0.5,1.2,0.5,1.3,2416.0,2265.0, -259.7,-20.0,0.0,-259.7,-19.9,0.0,-259.7,-20.2,0.0,-259.7,-20.1,0.0,
2025年12月13日 19:06:01.061,0.5,1.2,0.5,1.3,2444.0,2203.0, -259.7,-19.9,0.0,-259.7,-19.8,0.0,-259.7,-20.2,0.0,-259.7,-20.0,0.0,
2025年12月13日 19:06:02.060,0.5,1.2,0.5,1.3,2458.0,2217.0, -259.7,-19.9,0.0,-259.7,-19.9,0.0,-259.7,-20.2,0.0,-259.7,-20.2,0.0,
2025年12月13日 19:06:03.061,0.5,1.3,0.5,1.3,2447.0,2258.0, -259.7,-19.8,0.0,-259.7,-19.9,0.0,-259.7,-20.2,0.0,-259.7,-20.1,0.0,
2025年12月13日 19:06:04.061,0.5,1.1,0.5,1.2,2515.0,2227.0, -259.7,-19.9,0.0,-259.7,-19.8,0.0,-259.7,-20.1,0.0,-259.7,-20.1,0.0,
2025年12月13日 19:06:05.061,0.5,1.2,0.5,1.3,2458.0,2222.0, -259.7,-19.9,0.0,-259.7,-19.9,0.0,-259.7,-20.1,0.0,-259.7,-20.1,0.0,
2025年12月13日 19:06:06.061,0.5,1.2,0.5,1.3,2353.0,2183.0, -259.7,-19.9,0.0,-259.7,-19.9,0.0,-259.7,-20.2,0.0,-259.7,-20.2,0.0,
2025年12月13日 19:06:07.061,0.5,1.2,0.5,1.3,2394.0,2160.0, -259.7,-19.9,0.0,-259.7,-19.9,0.0,-259.7,-20.2,0.0,-259.7,-20.0,0.0,
2025年12月13日 19:06:08.061,0.5,1.1,0.5,1.3,2372.0,2158.0, -259.7,-19.9,0.0,-259.7,-19.8,0.0,-259.7,-20.2,0.0,-259.7,-20.2,0.0,
2025年12月13日 19:06:09.060,0.5,1.2,0.5,1.3,2380.0,2191.0, -259.7,-19.9,0.0,-259.7,-19.9,0.0,-259.7,-20.2,0.0,-259.7,-20.1,0.0,
2025年12月13日 19:06:10.061,0.5,1.2,0.5,1.2,2391.0,2213.0, -259.7,-19.9,0.0,-259.7,-19.8,0.0,-259.7,-20.2,0.0,-259.7,-20.1,0.0,
2025年12月13日 19:06:19.060,0.5,1.1,0.5,1.3,2416.0,2137.0, -259.7,-19.9,0.0,-259.7,-19.9,0.0,-259.7,-20.2,0.0,-259.7,-20.1,0.0,
2025年12月13日 19:06:20.060,0.5,1.1,0.5,1.3,2360.0,2148.0, -259.7,-20.0,0.0,-259.7,-19.9,0.0,-259.7,-20.2,0.0,-259.7,-20.0,0.0,
2025年12月13日 19:06:21.060,0.5,1.1,0.5,1.2,2352.0,2181.0, -259.7,-20.0,0.0,-259.7,-20.0,0.0,-259.7,-20.2,0.0,-259.7,-20.1,0.0,
2025年12月13日 19:06:22.061,0.5,1.2,0.5,1.2,2397.0,2182.0, -259.7,-19.9,0.0,-259.7,-19.9,0.0,-259.7,-20.2,0.0,-259.7,-20.1,0.0,
2025年12月13日 19:06:23.061,0.5,1.2,0.5,1.2,2516.0,2234.0, -259.7,-20.0,0.0,-259.7,-19.9,0.0,-259.7,-20.2,0.0,-259.7,-20.1,0.0,
2025年12月13日 19:06:24.060,0.5,1.1,0.5,1.2,2372.0,2229.0, -259.7,-19.9,0.0,-259.7,-19.9,0.0,-259.7,-20.1,0.0,-259.7,-20.1,0.0,
2025年12月13日 19:06:25.061,0.5,1.1,0.5,1.2,2410.0,2204.0, -259.7,-19.9,0.0,-259.7,-19.9,0.0,-259.7,-20.2,0.0,-259.7,-20.0,0.0,
2025年12月13日 19:06:26.059,0.5,1.1,0.5,1.2,2388.0,2211.0, -259.7,-19.9,0.0,-259.7,-19.9,0.0,-259.7,-20.2,0.0,-259.7,-20.1,0.0,
2025年12月13日 19:06:27.060,0.5,1.1,0.5,1.3,2332.0,2156.0, -259.7,-20.0,0.0,-259.7,-20.0,0.0,-259.7,-20.2,0.0,-259.7,-20.0,0.0,
2025年12月13日 19:06:32.063,0.5,1.1,0.4,1.2,2351.0,2107.0, -259.7,-19.9,0.0,-259.7,-19.9,0.0,-259.7,-20.2,0.0,-259.7,-20.1,0.0,
2025年12月13日 19:06:33.060,0.5,1.1,0.5,1.2,2375.0,2187.0, -259.7,-19.9,0.0,-259.7,-19.9,0.0,-259.7,-20.1,0.0,-259.7,-20.2,0.0,
2025年12月13日 19:06:34.061,0.4,1.1,0.5,1.1,2446.0,2212.0, -259.7,-19.9,0.0,-259.7,-19.9,0.0,-259.7,-20.2,0.0,-259.7,-20.0,0.0,
2025年12月13日 19:06:35.060,0.5,1.1,0.5,1.2,2398.0,2153.0, -259.7,-19.9,0.0,-259.7,-19.9,0.0,-259.7,-20.2,0.0,-259.7,-20.1,0.0,
2025年12月13日 19:06:36.060,0.4,1.1,0.5,1.2,2353.0,2180.0, -259.7,-19.9,0.0,-259.7,-19.9,0.0,-259.7,-20.2,0.0,-259.7,-20.0,0.0,
2025年12月13日 19:06:37.060,0.5,1.2,0.5,1.2,2317.0,2246.0, -259.7,-19.9,0.0,-259.7,-19.8,0.0,-259.7,-20.2,0.0,-259.7,-20.1,0.0,
2025年12月13日 19:06:38.061,0.5,1.2,0.5,1.2,2400.0,2132.0, -259.7,-19.9,0.0,-259.7,-19.9,0.0,-259.7,-20.2,0.0,-259.7,-20.0,0.0,
2025年12月13日 19:06:39.060,0.5,1.1,0.5,1.2,2331.0,2189.0, -259.7,-19.9,0.0,-259.7,-19.9,0.0,-259.7,-20.2,0.0,-259.7,-20.1,0.0,
2025年12月13日 19:21:45.061,0.4,1.0,0.4,1.1,2396.0,2046.0, -259.7,-20.0,0.0,-259.7,-20.0,0.0,-259.7,-20.2,0.0,-259.7,-20.0,0.0,
2025年12月13日 19:21:46.062,0.4,1.0,0.4,1.0,2442.0,2039.0, -259.7,-20.0,0.0,-259.7,-19.9,0.0,-259.7,-20.2,0.0,-259.7,-20.1,0.0,
2025年12月13日 19:21:47.061,0.4,0.9,0.4,1.1,2165.0,2098.0, -259.7,-20.0,0.0,-259.7,-20.0,0.0,-259.7,-20.2,0.0,-259.7,-20.1,0.0,
2025年12月13日 19:21:48.060,0.5,1.1,0.4,1.1,2268.0,2060.0, -259.7,-20.0,0.0,-259.7,-19.9,0.0,-259.7,-20.2,0.0,-259.7,-20.0,0.0,
2025年12月13日 19:21:49.061,0.4,0.9,0.4,1.1,2173.0,2115.0, -259.7,-20.0,0.0,-259.7,-20.0,0.0,-259.7,-20.3,0.0,-259.7,-20.0,0.0,
2025年12月13日 19:21:50.061,0.4,1.0,0.4,1.1,2165.0,2084.0, -259.7,-20.0,0.0,-259.7,-20.0,0.0,-259.7,-20.2,0.0,-259.7,-20.1,0.0,
2025年12月13日 19:21:51.060,0.4,1.0,0.4,1.1,2419.0,2033.0, -259.7,-20.0,0.0,-259.7,-20.0,0.0,-259.7,-20.2,0.0,-259.7,-20.1,0.0,
2025年12月13日 19:21:52.060,0.4,1.0,0.4,1.0,2351.0,2082.0, -259.7,-20.0,0.0,-259.7,-20.0,0.0,-259.7,-20.2,0.0,-259.7,-20.1,0.0,
2025年12月13日 19:22:27.060,0.5,1.1,0.4,1.1,2383.0,2073.0, -259.7,-20.0,0.0,-259.7,-20.0,0.0,-259.7,-20.2,0.0,-259.7,-20.1,0.0,
2025年12月13日 19:22:28.061,0.4,0.9,0.4,1.0,2454.0,2064.0, -259.7,-20.0,0.0,-259.7,-20.0,0.0,-259.7,-20.2,0.0,-259.7,-20.1,0.0,
2025年12月13日 19:22:46.060,0.4,1.0,0.4,1.1,2273.0,2070.0, -259.7,-20.0,0.0,-259.7,-20.0,0.0,-259.7,-20.2,0.0,-259.7,-20.1,0.0,
2025年12月13日 19:22:47.060,0.4,1.0,0.4,1.0,2318.0,2083.0, -259.7,-20.0,0.0,-259.7,-19.9,0.0,-259.7,-20.2,0.0,-259.7,-20.1,0.0,
2025年12月13日 19:22:48.060,0.4,0.9,0.4,1.0,2366.0,2082.0, -259.7,-20.0,0.0,-259.7,-20.0,0.0,-259.7,-20.2,0.0,-259.7,-20.1,0.0,
2025年12月13日 19:22:49.060,0.4,1.0,0.4,1.1,2285.0,2095.0, -259.7,-20.0,0.0,-259.7,-20.0,0.0,-259.7,-20.3,0.0,-259.7,-20.0,0.0,
2025年12月13日 19:22:50.061,0.4,1.0,0.4,1.1,2347.0,2075.0, -259.7,-20.0,0.0,-259.7,-20.0,0.0,-259.7,-20.2,0.0,-259.7,-20.1,0.0,
2025年12月13日 19:22:55.059,0.4,1.0,0.4,1.0,2258.0,2108.0, -259.7,-20.0,0.0,-259.7,-20.0,0.0,-259.7,-20.2,0.0,-259.7,-20.1,0.0,
2025年12月13日 19:22:56.061,0.4,1.0,0.4,1.0,2392.0,2027.0, -259.7,-20.0,0.0,-259.7,-19.9,0.0,-259.7,-20.2,0.0,-259.7,-20.1,0.0,
2025年12月13日 19:22:57.061,0.4,1.0,0.4,1.1,2240.0,2113.0, -259.7,-20.0,0.0,-259.7,-20.0,0.0,-259.7,-20.2,0.0,-259.7,-20.1,0.0,
2025年12月13日 19:22:58.061,0.4,0.9,0.4,1.0,2394.0,2034.0, -259.7,-20.0,0.0,-259.7,-20.0,0.0,-259.7,-20.2,0.0,-259.7,-20.1,0.0,
2025年12月13日 20:39:36.988,0.4,1.1,0.4,1.1,2374.0,2014.0, -259.7,-20.0,0.0,-259.7,-20.0,0.0,-259.7,-20.2,0.0,-259.7,-20.1,0.0,
2025年12月13日 20:39:37.988,0.4,1.0,0.4,1.1,2438.0,2018.0, -259.7,-20.0,0.0,-259.7,-19.9,0.0,-259.7,-20.2,0.0,-259.7,-20.2,0.0,
2025年12月13日 20:39:38.989,0.4,1.0,0.4,1.0,2300.0,2061.0, -259.7,-20.0,0.0,-259.7,-20.0,0.0,-259.7,-20.2,0.0,-259.7,-20.0,0.0,
2025年12月13日 20:39:39.989,0.4,1.0,0.4,1.0,2309.0,2050.0, -259.7,-19.9,0.0,-259.7,-19.9,0.0,-259.7,-20.2,0.0,-259.7,-20.0,0.0,
2025年12月13日 20:39:40.999,0.4,1.0,0.4,1.0,2461.0,2016.0, -259.7,-20.0,0.0,-259.7,-20.0,0.0,-259.7,-20.2,0.0,-259.7,-20.1,0.0,
2025年12月13日 20:39:41.989,0.4,1.0,0.4,1.1,2152.0,2112.0, -259.7,-20.0,0.0,-259.7,-20.0,0.0,-259.7,-20.2,0.0,-259.7,-20.0,0.0,
2025年12月13日 20:39:42.989,0.4,1.0,0.4,1.0,2317.0,2043.0, -259.7,-19.9,0.0,-259.7,-20.0,0.0,-259.7,-20.2,0.0,-259.7,-20.1,0.0,
2025年12月13日 20:39:43.988,0.4,1.0,0.4,1.1,2198.0,2056.0, -259.7,-20.0,0.0,-259.7,-20.0,0.0,-259.7,-20.2,0.0,-259.7,-20.0,0.0,
2025年12月13日 20:41:04.988,0.4,0.9,0.3,0.9,2347.0,2000.0, -259.7,-20.0,0.0,-259.7,-20.0,0.0,-259.7,-20.2,0.0,-259.7,-20.1,0.0,
2025年12月13日 20:41:05.989,0.4,0.9,0.4,1.0,2157.0,2069.0, -259.7,-19.9,0.0,-259.7,-20.0,0.0,-259.7,-20.2,0.0,-259.7,-20.1,0.0,
2025年12月13日 20:41:06.988,0.4,0.9,0.4,1.0,2357.0,2007.0, -259.7,-20.0,0.0,-259.7,-20.0,0.0,-259.7,-20.2,0.0,-259.7,-20.1,0.0,
2025年12月13日 20:41:07.989,0.4,0.9,0.4,1.0,2149.0,2066.0, -259.7,-20.0,0.0,-259.7,-20.0,0.0,-259.7,-20.2,0.0,-259.7,-20.1,0.0,
2025年12月13日 20:41:08.989,0.4,0.9,0.4,1.0,2287.0,2038.0, -259.7,-20.0,0.0,-259.7,-20.0,0.0,-259.7,-20.2,0.0,-259.7,-20.1,0.0,
2025年12月13日 20:41:09.989,0.4,1.0,0.4,1.0,2357.0,1975.0, -259.7,-20.0,0.0,-259.7,-20.0,0.0,-259.7,-20.2,0.0,-259.7,-20.1,0.0,
2025年12月13日 20:41:10.989,0.4,0.9,0.4,1.0,2223.0,2055.0, -259.7,-20.0,0.0,-259.7,-20.1,0.0,-259.7,-20.2,0.0,-259.7,-20.0,0.0,
2025年12月13日 20:41:11.988,0.4,0.9,0.4,1.0,2262.0,2048.0, -259.7,-20.0,0.0,-259.7,-20.0,0.0,-259.7,-20.3,0.0,-259.7,-20.1,0.0,
2025年12月13日 20:41:12.988,0.4,1.0,0.4,0.9,2312.0,2001.0, -259.7,-20.0,0.0,-259.7,-20.0,0.0,-259.7,-20.2,0.0,-259.7,-20.1,0.0,
2025年12月13日 20:41:13.988,0.4,0.9,0.4,1.0,2311.0,1990.0, -259.7,-20.0,0.0,-259.7,-20.0,0.0,-259.7,-20.2,0.0,-259.7,-20.1,0.0,
2025年12月13日 20:41:14.989,0.4,0.9,0.4,1.0,2322.0,1954.0, -259.7,-20.0,0.0,-259.7,-20.0,0.0,-259.7,-20.2,0.0,-259.7,-20.1,0.0,
2025年12月13日 20:41:15.988,0.4,0.9,0.4,1.0,2399.0,1993.0, -259.7,-20.0,0.0,-259.7,-20.0,0.0,-259.7,-20.2,0.0,-259.7,-20.2,0.0,
2025年12月13日 20:41:16.988,0.4,0.9,0.4,1.0,2118.0,2067.0, -259.7,-20.0,0.0,-259.7,-20.0,0.0,-259.7,-20.2,0.0,-259.7,-20.1,0.0,
2025年12月13日 20:41:17.988,0.4,1.0,0.4,0.9,2383.0,2035.0, -259.7,-19.9,0.0,-259.7,-20.0,0.0,-259.7,-20.2,0.0,-259.7,-20.1,0.0,
2025年12月13日 20:41:18.989,0.4,1.0,0.4,1.0,2421.0,1991.0, -259.7,-20.0,0.0,-259.7,-20.0,0.0,-259.7,-20.3,0.0,-259.7,-20.2,0.0,
2025年12月13日 20:41:19.988,0.4,0.9,0.4,1.0,2266.0,2063.0, -259.7,-20.1,0.0,-259.7,-20.0,0.0,-259.7,-20.2,0.0,-259.7,-20.1,0.0,
2025年12月13日 20:41:20.989,0.4,0.9,0.4,0.9,2356.0,1994.0, -259.7,-20.0,0.0,-259.7,-20.0,0.0,-259.7,-20.2,0.0,-259.7,-20.1,0.0,
2025年12月13日 20:41:21.989,0.4,1.0,0.4,1.0,2129.0,2051.0, -259.7,-20.0,0.0,-259.7,-20.0,0.0,-259.7,-20.2,0.0,-259.7,-20.1,0.0,
2025年12月13日 20:41:40.988,0.4,0.9,0.4,1.0,2208.0,2110.0, -259.7,-20.1,0.0,-259.7,-20.0,0.0,-259.7,-20.2,0.0,-259.7,-20.1,0.0,
2025年12月13日 20:41:41.988,0.4,0.9,0.4,1.0,2326.0,2005.0, -259.7,-20.0,0.0,-259.7,-20.0,0.0,-259.7,-20.2,0.0,-259.7,-20.1,0.0,
2025年12月13日 20:41:42.989,0.4,0.9,0.4,0.9,2229.0,2048.0, -259.7,-20.0,0.0,-259.7,-20.0,0.0,-259.7,-20.3,0.0,-259.7,-20.1,0.0,
2025年12月13日 20:41:43.989,0.4,0.9,0.4,1.0,2191.0,2043.0, -259.7,-20.0,0.0,-259.7,-20.0,0.0,-259.7,-20.2,0.0,-259.7,-20.1,0.0,
2025年12月13日 20:41:44.988,0.4,0.9,0.4,0.9,2273.0,2066.0, -259.7,-20.1,0.0,-259.7,-20.0,0.0,-259.7,-20.2,0.0,-259.7,-20.1,0.0,
2025年12月13日 20:41:45.989,0.4,1.0,0.4,1.0,2199.0,2055.0, -259.7,-20.0,0.0,-259.7,-20.0,0.0,-259.7,-20.2,0.0,-259.7,-20.1,0.0,
2025年12月13日 20:41:46.989,0.4,0.9,0.4,1.0,2264.0,2004.0, -259.7,-20.1,0.0,-259.7,-20.0,0.0,-259.7,-20.3,0.0,-259.7,-20.1,0.0,
2025年12月13日 20:41:54.988,0.4,0.9,0.4,1.0,2240.0,2061.0, -259.7,-20.0,0.0,-259.7,-20.0,0.0,-259.7,-20.3,0.0,-259.7,-20.1,0.0,
2025年12月13日 20:41:55.988,0.4,1.0,0.4,1.0,2287.0,2052.0, -259.7,-20.0,0.0,-259.7,-20.0,0.0,-259.7,-20.3,0.0,-259.7,-20.1,0.0,
2025年12月13日 20:41:56.989,0.4,0.9,0.4,1.0,2288.0,1990.0, -259.7,-20.0,0.0,-259.7,-20.1,0.0,-259.7,-20.2,0.0,-259.7,-20.1,0.0,
2025年12月13日 20:41:57.987,0.4,0.9,0.4,1.0,2229.0,2081.0, -259.7,-20.0,0.0,-259.7,-20.0,0.0,-259.7,-20.3,0.0,-259.7,-20.1,0.0,
2025年12月13日 20:41:58.990,0.4,0.9,0.4,1.0,2260.0,2050.0, -259.7,-20.0,0.0,-259.7,-20.0,0.0,-259.7,-20.3,0.0,-259.7,-20.1,0.0,
2025年12月13日 20:41:59.988,0.4,0.9,0.4,1.0,2326.0,1970.0, -259.7,-20.0,0.0,-259.7,-20.0,0.0,-259.7,-20.2,0.0,-259.7,-20.1,0.0,
2025年12月13日 20:42:00.989,0.4,0.9,0.4,0.9,2336.0,2038.0, -259.7,-20.1,0.0,-259.7,-20.0,0.0,-259.7,-20.2,0.0,-259.7,-20.1,0.0,
2025年12月13日 20:42:01.987,0.4,0.9,0.4,1.0,2437.0,2020.0, -259.7,-20.0,0.0,-259.7,-19.9,0.0,-259.7,-20.2,0.0,-259.7,-20.1,0.0,
2025年12月13日 20:42:02.989,0.4,0.9,0.4,1.0,2363.0,2000.0, -259.7,-20.0,0.0,-259.7,-20.0,0.0,-259.7,-20.2,0.0,-259.7,-20.1,0.0,
2025年12月13日 20:42:03.988,0.4,0.9,0.4,1.0,2177.0,2060.0, -259.7,-20.0,0.0,-259.7,-20.0,0.0,-259.7,-20.3,0.0,-259.7,-20.1,0.0,
2025年12月13日 20:42:19.989,0.4,1.0,0.4,1.0,2199.0,2048.0, -259.7,-20.0,0.0,-259.7,-20.0,0.0,-259.7,-20.2,0.0,-259.7,-20.1,0.0,
2025年12月13日 20:42:20.988,0.4,0.9,0.4,0.9,2401.0,1956.0, -259.7,-20.0,0.0,-259.7,-20.0,0.0,-259.7,-20.3,0.0,-259.7,-20.1,0.0,
2025年12月13日 20:42:21.990,0.4,0.9,0.4,1.0,2220.0,2084.0, -259.7,-20.0,0.0,-259.7,-20.0,0.0,-259.7,-20.2,0.0,-259.7,-20.0,0.0,
2025年12月13日 20:42:22.988,0.4,1.0,0.4,1.0,2301.0,2033.0, -259.7,-20.0,0.0,-259.7,-20.0,0.0,-259.7,-20.3,0.0,-259.7,-20.1,0.0,
2025年12月13日 21:13:22.058,0.4,0.9,0.4,1.0,2316.0,2054.0, -259.7,-20.0,0.0,-259.7,-20.0,0.0,-259.7,-20.2,0.0,-259.7,-20.1,0.0,
2025年12月13日 21:13:23.057,0.4,1.0,0.4,1.1,2260.0,2007.0, -259.7,-20.0,0.0,-259.7,-20.0,0.0,-259.7,-20.2,0.0,-259.7,-20.0,0.0,
2025年12月13日 21:13:24.058,0.4,0.9,0.4,1.1,2407.0,2026.0, -259.7,-20.0,0.0,-259.7,-20.0,0.0,-259.7,-20.2,0.0,-259.7,-20.1,0.0,
2025年12月13日 21:13:25.058,0.4,1.1,0.4,1.1,2438.0,2019.0, -259.7,-20.0,0.0,-259.7,-20.0,0.0,-259.7,-20.2,0.0,-259.7,-20.1,0.0,
2025年12月13日 21:13:26.060,0.4,1.0,0.4,1.0,2470.0,2027.0, -259.7,-20.0,0.0,-259.7,-20.0,0.0,-259.7,-20.2,0.0,-259.7,-20.1,0.0,
2025年12月13日 21:13:56.066,0.4,0.9,0.4,1.0,2339.0,1984.0, -259.7,-20.0,0.0,-259.7,-20.0,0.0,-259.7,-20.3,0.0,-259.7,-20.1,0.0,
2025年12月13日 21:13:57.066,0.4,0.9,0.4,1.0,2268.0,2016.0, -259.7,-20.0,0.0,-259.7,-20.0,0.0,-259.7,-20.2,0.0,-259.7,-20.1,0.0,
2025年12月13日 21:13:58.065,0.4,0.9,0.4,0.9,2231.0,2012.0, -259.7,-20.1,0.0,-259.7,-20.0,0.0,-259.7,-20.2,0.0,-259.7,-20.1,0.0,
2025年12月13日 21:13:59.066,0.4,0.9,0.4,1.0,2342.0,2010.0, -259.7,-20.0,0.0,-259.7,-20.1,0.0,-259.7,-20.3,0.0,-259.7,-20.1,0.0,
2025年12月13日 21:14:00.065,0.4,0.9,0.4,1.0,2152.0,2088.0, -259.7,-20.1,0.0,-259.7,-20.0,0.0,-259.7,-20.3,0.0,-259.7,-20.2,0.0,
2025年12月13日 21:14:01.066,0.4,0.9,0.4,0.9,2368.0,1988.0, -259.7,-20.1,0.0,-259.7,-20.1,0.0,-259.7,-20.3,0.0,-259.7,-20.1,0.0,
2025年12月13日 21:14:02.066,0.4,0.9,0.4,1.0,2350.0,1979.0, -259.7,-20.0,0.0,-259.7,-20.0,0.0,-259.7,-20.2,0.0,-259.7,-20.1,0.0,
2025年12月13日 21:14:03.067,0.4,0.9,0.4,1.0,2302.0,2005.0, -259.7,-20.1,0.0,-259.7,-20.1,0.0,-259.7,-20.3,0.0,-259.7,-20.1,0.0,
2025年12月13日 21:14:04.068,0.4,0.9,0.4,1.0,2389.0,1979.0, -259.7,-20.1,0.0,-259.7,-20.1,0.0,-259.7,-20.3,0.0,-259.7,-20.1,0.0,
2025年12月13日 21:14:05.066,0.4,0.9,0.4,0.9,2239.0,2058.0, -259.7,-20.1,0.0,-259.7,-20.0,0.0,-259.7,-20.3,0.0,-259.7,-20.1,0.0,
2025年12月13日 21:14:06.067,0.4,0.9,0.4,0.9,2278.0,2025.0, -259.7,-20.1,0.0,-259.7,-20.1,0.0,-259.7,-20.2,0.0,-259.7,-20.1,0.0,
2025年12月13日 21:14:07.067,0.4,0.9,0.4,1.0,2331.0,2012.0, -259.7,-20.1,0.0,-259.7,-20.0,0.0,-259.7,-20.3,0.0,-259.7,-20.1,0.0,
2025年12月13日 21:14:08.068,0.4,0.9,0.4,1.0,2246.0,2087.0, -259.7,-20.0,0.0,-259.7,-20.1,0.0,-259.7,-20.3,0.0,-259.7,-20.1,0.0,
2025年12月13日 21:14:09.069,0.4,1.0,0.4,1.0,2262.0,2033.0, -259.7,-20.0,0.0,-259.7,-20.0,0.0,-259.7,-20.3,0.0,-259.7,-20.1,0.0,
2025年12月13日 21:14:10.070,0.4,0.9,0.4,1.0,2312.0,1955.0, -259.7,-20.0,0.0,-259.7,-20.0,0.0,-259.7,-20.3,0.0,-259.7,-20.1,0.0,
2025年12月13日 21:14:11.070,0.4,0.9,0.4,1.0,2281.0,2029.0, -259.7,-20.0,0.0,-259.7,-20.0,0.0,-259.7,-20.2,0.0,-259.7,-20.1,0.0,
2025年12月13日 21:14:12.069,0.4,0.8,0.4,0.9,2344.0,1961.0, -259.7,-20.0,0.0,-259.7,-20.0,0.0,-259.7,-20.3,0.0,-259.7,-20.1,0.0,
2025年12月13日 21:14:13.069,0.4,0.9,0.4,0.9,2262.0,2014.0, -259.7,-20.0,0.0,-259.7,-20.0,0.0,-259.7,-20.3,0.0,-259.7,-20.1,0.0,
2025年12月13日 21:14:14.070,0.4,0.9,0.4,1.0,2256.0,2003.0, -259.7,-20.0,0.0,-259.7,-20.0,0.0,-259.7,-20.2,0.0,-259.7,-20.1,0.0,
2025年12月13日 21:14:15.070,0.4,0.9,0.4,1.0,2323.0,1994.0, -259.7,-20.1,0.0,-259.7,-20.1,0.0,-259.7,-20.3,0.0,-259.7,-20.1,0.0,
2025年12月13日 21:14:16.071,0.4,0.9,0.4,1.0,2314.0,1975.0, -259.7,-20.0,0.0,-259.7,-20.0,0.0,-259.7,-20.3,0.0,-259.7,-20.1,0.0,
2025年12月13日 21:14:17.071,0.4,0.9,0.4,0.9,2395.0,2010.0, -259.7,-20.1,0.0,-259.7,-20.1,0.0,-259.7,-20.3,0.0,-259.7,-20.1,0.0,
2025年12月13日 21:14:18.070,0.4,0.9,0.4,0.9,2315.0,1996.0, -259.7,-20.0,0.0,-259.7,-20.0,0.0,-259.7,-20.2,0.0,-259.7,-20.1,0.0,
2025年12月13日 21:14:19.071,0.4,0.9,0.4,1.0,2337.0,1996.0, -259.7,-20.1,0.0,-259.7,-20.1,0.0,-259.7,-20.3,0.0,-259.7,-20.1,0.0,
2025年12月13日 21:14:20.070,0.4,1.0,0.4,1.0,2345.0,1970.0, -259.7,-20.0,0.0,-259.7,-20.0,0.0,-259.7,-20.3,0.0,-259.7,-20.1,0.0,
2025年12月13日 21:14:21.069,0.4,0.9,0.4,1.0,2258.0,2008.0, -259.7,-20.0,0.0,-259.7,-20.1,0.0,-259.7,-20.3,0.0,-259.7,-20.1,0.0,
2025年12月13日 21:14:22.071,0.4,0.8,0.4,0.9,2217.0,1998.0, -259.7,-20.0,0.0,-259.7,-20.0,0.0,-259.7,-20.3,0.0,-259.7,-20.1,0.0,
2025年12月13日 21:14:23.071,0.4,0.9,0.4,1.0,2356.0,1977.0, -259.7,-20.0,0.0,-259.7,-20.0,0.0,-259.7,-20.2,0.0,-259.7,-20.1,0.0,
2025年12月13日 21:14:24.072,0.4,0.9,0.4,0.9,2333.0,1970.0, -259.7,-20.1,0.0,-259.7,-20.1,0.0,-259.7,-20.3,0.0,-259.7,-20.1,0.0,
2025年12月13日 21:14:27.074,0.4,0.9,0.4,0.9,2275.0,1959.0, -259.7,-20.1,0.0,-259.7,-20.0,0.0,-259.7,-20.3,0.0,-259.7,-20.1,0.0,
2025年12月13日 21:15:03.327,0.4,0.9,0.4,0.9,2230.0,2020.0, -259.7,-20.0,0.0,-259.7,-20.0,0.0,-259.7,-20.2,0.0,-259.7,-20.1,0.0,
2025年12月13日 21:15:03.334,0.5,1.2,0.5,1.2,2356.0,2193.0, -259.7,-20.0,0.0,-259.7,-19.9,0.0,-259.7,-20.2,0.0,-259.7,-20.1,0.0,
2025年12月13日 21:15:03.342,0.5,1.2,0.5,1.2,2356.0,2193.0, -259.7,-20.0,0.0,-259.7,-19.9,0.0,-259.7,-20.2,0.0,-259.7,-20.1,0.0,
2025年12月13日 21:15:03.342,0.5,1.2,0.5,1.2,2356.0,2193.0, -259.7,-20.0,0.0,-259.7,-19.9,0.0,-259.7,-20.2,0.0,-259.7,-20.1,0.0,
2025年12月13日 21:15:03.342,0.5,1.2,0.5,1.2,2356.0,2193.0, -259.7,-20.0,0.0,-259.7,-19.9,0.0,-259.7,-20.2,0.0,-259.7,-20.1,0.0,
2025年12月13日 21:15:04.090,0.5,1.1,0.5,1.1,2369.0,2155.0, -259.7,-20.0,0.0,-259.7,-19.9,0.0,-259.7,-20.2,0.0,-259.7,-20.1,0.0,
2025年12月13日 21:15:04.090,0.5,1.1,0.5,1.1,2369.0,2155.0, -259.7,-20.0,0.0,-259.7,-19.9,0.0,-259.7,-20.2,0.0,-259.7,-20.1,0.0,
2025年12月13日 21:15:04.090,0.5,1.1,0.5,1.1,2369.0,2155.0, -259.7,-20.0,0.0,-259.7,-19.9,0.0,-259.7,-20.2,0.0,-259.7,-20.1,0.0,
2025年12月13日 21:15:04.090,0.5,1.1,0.5,1.1,2369.0,2155.0, -259.7,-20.0,0.0,-259.7,-19.9,0.0,-259.7,-20.2,0.0,-259.7,-20.1,0.0,
2025年12月13日 21:15:06.084,0.5,1.1,0.5,1.1,2369.0,2155.0, -259.7,-20.0,0.0,-259.7,-19.9,0.0,-259.7,-20.2,0.0,-259.7,-20.1,0.0,
2025年12月13日 21:15:06.084,0.5,1.1,0.5,1.1,2369.0,2155.0, -259.7,-20.0,0.0,-259.7,-19.9,0.0,-259.7,-20.2,0.0,-259.7,-20.1,0.0,
2025年12月13日 21:15:07.097,0.4,1.0,0.4,1.0,2400.0,2036.0, -259.7,-20.0,0.0,-259.7,-19.9,0.0,-259.7,-20.2,0.0,-259.7,-20.1,0.0,
2025年12月13日 21:15:08.095,0.4,1.0,0.4,1.0,2366.0,2027.0, -259.7,-20.0,0.0,-259.7,-20.0,0.0,-259.7,-20.2,0.0,-259.7,-20.1,0.0,
2025年12月13日 21:15:08.097,0.4,1.0,0.4,1.1,2179.0,2056.0, -259.7,-20.0,0.0,-259.7,-19.9,0.0,-259.7,-20.2,0.0,-259.7,-20.1,0.0,
2025年12月13日 21:15:08.099,0.4,1.0,0.4,1.1,2179.0,2056.0, -259.7,-20.0,0.0,-259.7,-19.9,0.0,-259.7,-20.2,0.0,-259.7,-20.1,0.0,
2025年12月13日 21:15:08.118,0.4,0.9,0.4,1.1,2159.0,2052.0, -259.7,-20.0,0.0,-259.7,-20.0,0.0,-259.7,-20.2,0.0,-259.7,-20.0,0.0,
2025年12月13日 21:15:09.100,0.4,1.0,0.4,1.1,2260.0,2043.0, -259.7,-20.0,0.0,-259.7,-20.0,0.0,-259.7,-20.2,0.0,-259.7,-20.1,0.0,
2025年12月13日 21:15:10.100,0.4,1.0,0.4,1.0,2441.0,2021.0, -259.7,-20.0,0.0,-259.7,-20.0,0.0,-259.7,-20.2,0.0,-259.7,-20.1,0.0,
2025年12月13日 21:15:11.101,0.4,0.9,0.4,1.0,2255.0,2057.0, -259.7,-20.0,0.0,-259.7,-20.0,0.0,-259.7,-20.2,0.0,-259.7,-20.1,0.0,
2025年12月13日 21:15:12.102,0.4,0.9,0.4,1.0,2337.0,1975.0, -259.7,-20.0,0.0,-259.7,-20.0,0.0,-259.7,-20.2,0.0,-259.7,-20.1,0.0,
2025年12月13日 21:15:13.102,0.4,0.9,0.4,0.9,2326.0,2004.0, -259.7,-20.0,0.0,-259.7,-20.0,0.0,-259.7,-20.2,0.0,-259.7,-20.1,0.0,
2025年12月13日 21:15:14.103,0.4,0.9,0.4,0.9,2393.0,1988.0, -259.7,-20.0,0.0,-259.7,-20.0,0.0,-259.7,-20.2,0.0,-259.7,-20.1,0.0,
2025年12月13日 21:15:15.102,0.4,0.9,0.4,1.0,2288.0,1988.0, -259.7,-20.0,0.0,-259.7,-20.0,0.0,-259.7,-20.3,0.0,-259.7,-20.1,0.0,
2025年12月13日 21:15:16.102,0.4,0.9,0.4,1.0,2382.0,1967.0, -259.7,-20.0,0.0,-259.7,-20.0,0.0,-259.7,-20.3,0.0,-259.7,-20.1,0.0,
2025年12月13日 21:15:17.101,0.4,0.9,0.4,1.0,2322.0,2019.0, -259.7,-20.1,0.0,-259.7,-20.0,0.0,-259.7,-20.3,0.0,-259.7,-20.1,0.0,
2025年12月13日 21:15:18.102,0.4,0.9,0.4,1.0,2347.0,1996.0, -259.7,-20.0,0.0,-259.7,-20.0,0.0,-259.7,-20.2,0.0,-259.7,-20.1,0.0,
2025年12月13日 21:15:19.102,0.4,0.9,0.4,1.0,2321.0,1993.0, -259.7,-20.0,0.0,-259.7,-20.0,0.0,-259.7,-20.2,0.0,-259.7,-20.1,0.0,
2025年12月13日 21:15:20.103,0.4,0.9,0.4,1.0,2361.0,2009.0, -259.7,-20.0,0.0,-259.7,-20.0,0.0,-259.7,-20.2,0.0,-259.7,-20.1,0.0,
2025年12月13日 21:15:21.102,0.4,0.9,0.4,1.1,2366.0,1976.0, -259.7,-20.0,0.0,-259.7,-20.0,0.0,-259.7,-20.2,0.0,-259.7,-20.1,0.0,
2025年12月13日 21:15:22.102,0.4,0.9,0.4,1.0,2280.0,2019.0, -259.7,-20.1,0.0,-259.7,-20.1,0.0,-259.7,-20.3,0.0,-259.7,-20.1,0.0,
2025年12月13日 21:15:23.103,0.4,1.0,0.4,0.9,2364.0,1991.0, -259.7,-20.0,0.0,-259.7,-20.0,0.0,-259.7,-20.2,0.0,-259.7,-20.1,0.0,
2025年12月13日 21:15:24.103,0.4,0.9,0.4,1.0,2246.0,2083.0, -259.7,-20.0,0.0,-259.7,-20.0,0.0,-259.7,-20.2,0.0,-259.7,-20.1,0.0,
2025年12月13日 21:15:25.105,0.4,0.9,0.4,1.0,2317.0,2060.0, -259.7,-20.0,0.0,-259.7,-20.0,0.0,-259.7,-20.3,0.0,-259.7,-20.1,0.0,
2025年12月13日 21:15:26.104,0.4,0.9,0.4,1.0,2260.0,1991.0, -259.7,-20.0,0.0,-259.7,-20.0,0.0,-259.7,-20.2,0.0,-259.7,-20.1,0.0,
2025年12月13日 21:15:27.104,0.4,0.9,0.4,1.0,2237.0,2065.0, -259.7,-20.0,0.0,-259.7,-20.0,0.0,-259.7,-20.3,0.0,-259.7,-20.1,0.0,
2025年12月13日 21:15:28.106,0.4,0.9,0.4,1.0,2405.0,2008.0, -259.7,-20.0,0.0,-259.7,-20.0,0.0,-259.7,-20.3,0.0,-259.7,-20.1,0.0,
2025年12月13日 21:15:29.105,0.4,0.9,0.4,0.9,2271.0,2038.0, -259.7,-20.1,0.0,-259.7,-20.0,0.0,-259.7,-20.3,0.0,-259.7,-20.1,0.0,
2025年12月13日 21:15:30.104,0.4,0.9,0.4,1.0,2330.0,1984.0, -259.7,-20.1,0.0,-259.7,-20.1,0.0,-259.7,-20.2,0.0,-259.7,-20.0,0.0,
2025年12月13日 21:15:31.108,0.4,0.9,0.4,1.0,2387.0,1959.0, -259.7,-20.1,0.0,-259.7,-20.0,0.0,-259.7,-20.3,0.0,-259.7,-20.1,0.0,
2025年12月13日 21:15:32.106,0.4,0.9,0.4,0.9,2168.0,2055.0, -259.7,-20.0,0.0,-259.7,-20.0,0.0,-259.7,-20.2,0.0,-259.7,-20.1,0.0,
2025年12月13日 21:15:33.105,0.4,0.9,0.4,0.9,2266.0,2019.0, -259.7,-20.1,0.0,-259.7,-20.1,0.0,-259.7,-20.3,0.0,-259.7,-20.1,0.0,
2025年12月13日 21:15:34.106,0.4,0.9,0.4,1.0,2322.0,2002.0, -259.7,-20.0,0.0,-259.7,-20.0,0.0,-259.7,-20.3,0.0,-259.7,-20.1,0.0,
2025年12月13日 21:15:35.106,0.4,0.9,0.4,0.9,2327.0,1981.0, -259.7,-20.1,0.0,-259.7,-20.0,0.0,-259.7,-20.3,0.0,-259.7,-20.1,0.0,
2025年12月13日 21:15:36.106,0.4,0.9,0.4,1.0,2228.0,1967.0, -259.7,-20.1,0.0,-259.7,-20.0,0.0,-259.7,-20.3,0.0,-259.7,-20.1,0.0,
2025年12月13日 21:15:37.107,0.4,0.9,0.4,0.9,2359.0,1962.0, -259.7,-20.1,0.0,-259.7,-20.1,0.0,-259.7,-20.3,0.0,-259.7,-20.1,0.0,
2025年12月13日 21:15:38.107,0.4,1.0,0.4,1.0,2388.0,1983.0, -259.7,-20.0,0.0,-259.7,-20.1,0.0,-259.7,-20.3,0.0,-259.7,-20.1,0.0,
2025年12月13日 21:15:39.106,0.4,0.9,0.4,1.0,2349.0,2033.0, -259.7,-20.0,0.0,-259.7,-20.0,0.0,-259.7,-20.2,0.0,-259.7,-20.2,0.0,
2025年12月13日 21:15:40.107,0.4,0.9,0.4,1.0,2352.0,2002.0, -259.7,-20.1,0.0,-259.7,-20.0,0.0,-259.7,-20.3,0.0,-259.7,-20.1,0.0,
2025年12月13日 21:15:41.106,0.4,0.8,0.4,0.9,2281.0,2031.0, -259.7,-20.0,0.0,-259.7,-20.0,0.0,-259.7,-20.2,0.0,-259.7,-20.1,0.0,
2025年12月13日 21:15:42.107,0.4,0.9,0.4,0.9,2382.0,1978.0, -259.7,-20.1,0.0,-259.7,-20.1,0.0,-259.7,-20.2,0.0,-259.7,-20.1,0.0,
2025年12月13日 21:15:43.108,0.4,1.0,0.4,1.0,2412.0,2019.0, -259.7,-20.0,0.0,-259.7,-20.0,0.0,-259.7,-20.3,0.0,-259.7,-20.1,0.0,
2025年12月13日 21:15:44.108,0.4,0.9,0.3,1.0,2278.0,1976.0, -259.7,-20.1,0.0,-259.7,-20.0,0.0,-259.7,-20.3,0.0,-259.7,-20.1,0.0,
2025年12月13日 21:15:45.109,0.4,1.0,0.3,1.0,2348.0,1978.0, -259.7,-20.0,0.0,-259.7,-20.1,0.0,-259.7,-20.2,0.0,-259.7,-20.1,0.0,
2025年12月13日 21:15:46.109,0.4,0.9,0.4,1.0,2312.0,1975.0, -259.7,-20.1,0.0,-259.7,-20.0,0.0,-259.7,-20.3,0.0,-259.7,-20.1,0.0,
2025年12月13日 21:15:47.108,0.4,0.9,0.4,0.9,2326.0,1948.0, -259.7,-20.1,0.0,-259.7,-20.0,0.0,-259.7,-20.2,0.0,-259.7,-20.1,0.0,
2025年12月13日 21:15:48.109,0.4,0.9,0.4,0.9,2377.0,1982.0, -259.7,-20.1,0.0,-259.7,-20.1,0.0,-259.7,-20.3,0.0,-259.7,-20.1,0.0,
2025年12月13日 21:15:49.109,0.4,0.9,0.4,0.9,2355.0,1990.0, -259.7,-20.1,0.0,-259.7,-20.1,0.0,-259.7,-20.3,0.0,-259.7,-20.1,0.0,
2025年12月13日 21:15:50.109,0.4,0.9,0.4,0.9,2247.0,2022.0, -259.7,-20.0,0.0,-259.7,-20.0,0.0,-259.7,-20.3,0.0,-259.7,-20.1,0.0,
2025年12月13日 21:15:51.110,0.4,0.9,0.4,1.0,2324.0,2004.0, -259.7,-20.0,0.0,-259.7,-20.1,0.0,-259.7,-20.3,0.0,-259.7,-20.1,0.0,
2025年12月13日 21:15:52.109,0.4,0.9,0.4,1.0,2395.0,1992.0, -259.7,-20.1,0.0,-259.7,-20.0,0.0,-259.7,-20.3,0.0,-259.7,-20.1,0.0,
2025年12月13日 21:15:53.109,0.4,0.8,0.4,0.9,2239.0,2025.0, -259.7,-20.0,0.0,-259.7,-20.0,0.0,-259.7,-20.2,0.0,-259.7,-20.2,0.0,
2025年12月13日 21:15:54.110,0.4,0.9,0.4,0.9,2289.0,1954.0, -259.7,-20.1,0.0,-259.7,-20.1,0.0,-259.7,-20.3,0.0,-259.7,-20.1,0.0,
2025年12月13日 21:15:55.110,0.4,0.9,0.4,1.0,2382.0,2015.0, -259.7,-20.1,0.0,-259.7,-20.0,0.0,-259.7,-20.3,0.0,-259.7,-20.1,0.0,
2025年12月13日 21:15:56.110,0.4,0.9,0.4,0.9,2229.0,2108.0, -259.7,-20.0,0.0,-259.7,-20.1,0.0,-259.7,-20.3,0.0,-259.7,-20.1,0.0,
2025年12月13日 21:15:57.111,0.4,0.9,0.4,1.0,2385.0,1979.0, -259.7,-20.0,0.0,-259.7,-20.0,0.0,-259.7,-20.3,0.0,-259.7,-20.1,0.0,
2025年12月13日 21:15:58.112,0.4,0.9,0.4,1.0,2338.0,1988.0, -259.7,-20.1,0.0,-259.7,-20.1,0.0,-259.7,-20.3,0.0,-259.7,-20.1,0.0,
2025年12月13日 21:15:59.112,0.4,0.8,0.4,1.0,2323.0,2020.0, -259.7,-20.1,0.0,-259.7,-20.1,0.0,-259.7,-20.3,0.0,-259.7,-20.1,0.0,
2025年12月13日 21:16:00.112,0.4,0.9,0.4,1.0,2273.0,1939.0, -259.7,-20.1,0.0,-259.7,-20.0,0.0,-259.7,-20.3,0.0,-259.7,-20.1,0.0,
2025年12月13日 21:16:01.111,0.4,0.9,0.4,0.9,2312.0,1987.0, -259.7,-20.1,0.0,-259.7,-20.0,0.0,-259.7,-20.3,0.0,-259.7,-20.1,0.0,
2025年12月13日 21:16:09.092,0.4,0.9,0.4,1.0,2343.0,2021.0, -259.7,-20.1,0.0,-259.7,-20.1,0.0,-259.7,-20.3,0.0,-259.7,-20.1,0.0,
2025年12月13日 21:16:14.240,0.5,1.2,0.5,1.2,2299.0,2145.0, -259.7,-20.0,0.0,-259.7,-20.0,0.0,-259.7,-20.2,0.0,-259.7,-20.1,0.0,
2025年12月13日 21:16:14.241,0.5,1.2,0.5,1.3,2334.0,2129.0, -259.7,-20.0,0.0,-259.7,-19.9,0.0,-259.7,-20.2,0.0,-259.7,-20.1,0.0,
2025年12月13日 21:16:14.244,0.5,1.2,0.5,1.3,2334.0,2129.0, -259.7,-20.0,0.0,-259.7,-19.9,0.0,-259.7,-20.2,0.0,-259.7,-20.1,0.0,
2025年12月13日 21:16:14.245,0.5,1.2,0.5,1.3,2334.0,2129.0, -259.7,-20.0,0.0,-259.7,-19.9,0.0,-259.7,-20.2,0.0,-259.7,-20.1,0.0,
2025年12月13日 21:16:14.247,0.5,1.2,0.5,1.3,2334.0,2129.0, -259.7,-20.0,0.0,-259.7,-19.9,0.0,-259.7,-20.2,0.0,-259.7,-20.1,0.0,
2025年12月13日 21:16:14.249,0.5,1.2,0.5,1.3,2334.0,2129.0, -259.7,-20.0,0.0,-259.7,-19.9,0.0,-259.7,-20.2,0.0,-259.7,-20.1,0.0,
2025年12月13日 21:16:14.251,0.5,1.2,0.5,1.3,2334.0,2129.0, -259.7,-20.0,0.0,-259.7,-19.9,0.0,-259.7,-20.2,0.0,-259.7,-20.1,0.0,
2025年12月13日 21:16:14.253,0.5,1.2,0.5,1.3,2334.0,2129.0, -259.7,-20.0,0.0,-259.7,-19.9,0.0,-259.7,-20.2,0.0,-259.7,-20.1,0.0,
2025年12月13日 21:16:14.255,0.5,1.2,0.5,1.3,2334.0,2129.0, -259.7,-20.0,0.0,-259.7,-19.9,0.0,-259.7,-20.2,0.0,-259.7,-20.1,0.0,
2025年12月13日 21:16:14.257,0.5,1.2,0.5,1.3,2334.0,2129.0, -259.7,-20.0,0.0,-259.7,-19.9,0.0,-259.7,-20.2,0.0,-259.7,-20.1,0.0,
2025年12月13日 21:16:14.259,0.4,1.0,0.4,1.0,2338.0,2079.0, -259.7,-20.0,0.0,-259.7,-20.0,0.0,-259.7,-20.2,0.0,-259.7,-20.0,0.0,
2025年12月13日 21:16:14.261,0.4,1.0,0.4,1.0,2338.0,2079.0, -259.7,-20.0,0.0,-259.7,-20.0,0.0,-259.7,-20.2,0.0,-259.7,-20.0,0.0,
2025年12月13日 21:16:15.115,0.4,0.9,0.4,1.0,2378.0,2028.0, -259.7,-20.0,0.0,-259.7,-20.0,0.0,-259.7,-20.2,0.0,-259.7,-20.1,0.0,
2025年12月13日 21:16:17.125,0.4,1.0,0.4,1.0,2366.0,2007.0, -259.7,-20.0,0.0,-259.7,-20.0,0.0,-259.7,-20.2,0.0,-259.7,-20.1,0.0,
2025年12月13日 21:16:17.128,0.4,0.9,0.4,1.0,2383.0,2001.0, -259.7,-20.1,0.0,-259.7,-20.0,0.0,-259.7,-20.2,0.0,-259.7,-20.1,0.0,
2025年12月13日 21:16:18.115,0.4,0.9,0.4,1.0,2350.0,2014.0, -259.7,-20.0,0.0,-259.7,-20.0,0.0,-259.7,-20.3,0.0,-259.7,-20.1,0.0,
2025年12月13日 21:16:19.117,0.4,0.9,0.4,1.0,2323.0,2026.0, -259.7,-20.1,0.0,-259.7,-20.0,0.0,-259.7,-20.3,0.0,-259.7,-20.1,0.0,
2025年12月13日 21:16:20.116,0.4,0.9,0.4,1.0,2243.0,2019.0, -259.7,-20.0,0.0,-259.7,-20.1,0.0,-259.7,-20.2,0.0,-259.7,-20.0,0.0,
2025年12月13日 21:16:21.116,0.4,0.9,0.4,1.0,2256.0,1961.0, -259.7,-20.0,0.0,-259.7,-20.0,0.0,-259.7,-20.2,0.0,-259.7,-20.1,0.0,
2025年12月13日 21:16:22.117,0.4,0.9,0.4,0.9,2410.0,1968.0, -259.7,-20.0,0.0,-259.7,-20.0,0.0,-259.7,-20.3,0.0,-259.7,-20.1,0.0,
2025年12月13日 21:16:23.116,0.4,0.9,0.4,1.0,2369.0,2035.0, -259.7,-20.0,0.0,-259.7,-20.0,0.0,-259.7,-20.3,0.0,-259.7,-20.1,0.0,
2025年12月13日 21:16:24.116,0.4,0.9,0.4,0.9,2324.0,1934.0, -259.7,-20.0,0.0,-259.7,-20.0,0.0,-259.7,-20.3,0.0,-259.7,-20.1,0.0,
2025年12月13日 21:16:25.116,0.4,0.9,0.4,1.0,2362.0,2022.0, -259.7,-20.1,0.0,-259.7,-20.0,0.0,-259.7,-20.2,0.0,-259.7,-20.1,0.0,
2025年12月13日 21:16:26.117,0.4,0.8,0.4,1.0,2274.0,2020.0, -259.7,-20.1,0.0,-259.7,-20.1,0.0,-259.7,-20.3,0.0,-259.7,-20.1,0.0,
2025年12月13日 21:16:27.117,0.4,0.9,0.4,0.9,2426.0,2006.0, -259.7,-20.1,0.0,-259.7,-20.0,0.0,-259.7,-20.3,0.0,-259.7,-20.1,0.0,
2025年12月13日 21:16:28.118,0.4,1.0,0.4,0.9,2322.0,1978.0, -259.7,-20.0,0.0,-259.7,-20.0,0.0,-259.7,-20.3,0.0,-259.7,-20.1,0.0,
2025年12月13日 21:16:29.118,0.4,0.9,0.4,1.0,2309.0,2013.0, -259.7,-20.1,0.0,-259.7,-20.1,0.0,-259.7,-20.3,0.0,-259.7,-20.1,0.0,
2025年12月13日 21:16:30.118,0.4,0.9,0.4,1.0,2309.0,2016.0, -259.7,-20.1,0.0,-259.7,-20.0,0.0,-259.7,-20.3,0.0,-259.7,-20.1,0.0,
2025年12月13日 21:16:31.118,0.4,1.0,0.4,1.0,2282.0,2021.0, -259.7,-20.1,0.0,-259.7,-20.1,0.0,-259.7,-20.3,0.0,-259.7,-20.1,0.0,
2025年12月13日 21:16:32.117,0.4,0.9,0.4,0.9,2421.0,2011.0, -259.7,-20.1,0.0,-259.7,-20.0,0.0,-259.7,-20.3,0.0,-259.7,-20.1,0.0,
2025年12月13日 21:16:33.119,0.4,0.9,0.4,1.0,2421.0,1996.0, -259.7,-20.1,0.0,-259.7,-20.0,0.0,-259.7,-20.3,0.0,-259.7,-20.1,0.0,
2025年12月13日 21:16:34.119,0.4,0.8,0.4,0.9,2361.0,1986.0, -259.7,-20.1,0.0,-259.7,-20.0,0.0,-259.7,-20.2,0.0,-259.7,-20.1,0.0,
2025年12月13日 21:16:35.120,0.4,0.9,0.4,1.0,2381.0,2026.0, -259.7,-20.0,0.0,-259.7,-20.0,0.0,-259.7,-20.2,0.0,-259.7,-20.1,0.0,
2025年12月13日 21:16:36.119,0.4,0.8,0.3,0.9,2197.0,2025.0, -259.7,-20.1,0.0,-259.7,-20.1,0.0,-259.7,-20.3,0.0,-259.7,-20.1,0.0,
2025年12月13日 21:16:37.119,0.4,0.9,0.4,1.0,2368.0,2005.0, -259.7,-20.0,0.0,-259.7,-20.0,0.0,-259.7,-20.2,0.0,-259.7,-20.1,0.0,
2025年12月13日 21:16:38.119,0.3,0.8,0.4,0.9,2188.0,2053.0, -259.7,-20.1,0.0,-259.7,-20.0,0.0,-259.7,-20.2,0.0,-259.7,-20.1,0.0,
2025年12月13日 21:16:39.120,0.4,0.9,0.4,1.0,2301.0,1999.0, -259.7,-20.0,0.0,-259.7,-20.0,0.0,-259.7,-20.3,0.0,-259.7,-20.1,0.0,
2025年12月13日 21:16:40.120,0.4,0.9,0.4,1.0,2358.0,2008.0, -259.7,-20.1,0.0,-259.7,-20.0,0.0,-259.7,-20.3,0.0,-259.7,-20.1,0.0,
2025年12月13日 21:16:41.120,0.4,0.9,0.4,1.0,2244.0,2013.0, -259.7,-20.1,0.0,-259.7,-20.0,0.0,-259.7,-20.2,0.0,-259.7,-20.1,0.0,
2025年12月13日 21:16:42.120,0.4,0.9,0.4,1.0,2268.0,2019.0, -259.7,-20.0,0.0,-259.7,-20.0,0.0,-259.7,-20.3,0.0,-259.7,-20.1,0.0,
2025年12月13日 21:16:43.120,0.3,0.9,0.4,1.0,2390.0,1963.0, -259.7,-20.0,0.0,-259.7,-20.0,0.0,-259.7,-20.3,0.0,-259.7,-20.1,0.0,
2025年12月13日 21:16:44.120,0.4,0.9,0.4,0.9,2294.0,1987.0, -259.7,-20.0,0.0,-259.7,-20.0,0.0,-259.7,-20.2,0.0,-259.7,-20.1,0.0,
2025年12月13日 21:16:45.120,0.4,0.9,0.4,0.9,2332.0,1977.0, -259.7,-20.1,0.0,-259.7,-20.0,0.0,-259.7,-20.3,0.0,-259.7,-20.1,0.0,
2025年12月13日 21:16:46.122,0.4,0.9,0.4,0.9,2379.0,1954.0, -259.7,-20.1,0.0,-259.7,-20.0,0.0,-259.7,-20.2,0.0,-259.7,-20.1,0.0,
2025年12月13日 21:16:47.121,0.4,0.8,0.4,1.0,2316.0,1976.0, -259.7,-20.0,0.0,-259.7,-20.1,0.0,-259.7,-20.3,0.0,-259.7,-20.1,0.0,
2025年12月13日 21:16:48.121,0.4,1.0,0.4,1.0,2399.0,1989.0, -259.7,-20.0,0.0,-259.7,-20.0,0.0,-259.7,-20.3,0.0,-259.7,-20.1,0.0,
2025年12月13日 21:16:49.122,0.4,0.9,0.4,0.9,2370.0,1976.0, -259.7,-20.1,0.0,-259.7,-20.0,0.0,-259.7,-20.3,0.0,-259.7,-20.1,0.0,
2025年12月13日 21:16:50.122,0.4,0.9,0.4,1.0,2212.0,2046.0, -259.7,-20.0,0.0,-259.7,-20.0,0.0,-259.7,-20.2,0.0,-259.7,-20.1,0.0,
2025年12月13日 21:16:51.122,0.4,0.9,0.3,0.9,2293.0,2002.0, -259.7,-20.0,0.0,-259.7,-20.0,0.0,-259.7,-20.3,0.0,-259.7,-20.1,0.0,
2025年12月13日 21:16:52.124,0.4,0.9,0.4,1.0,2396.0,1945.0, -259.7,-20.0,0.0,-259.7,-20.1,0.0,-259.7,-20.3,0.0,-259.7,-20.1,0.0,
2025年12月13日 21:16:53.123,0.4,0.9,0.4,1.0,2338.0,1991.0, -259.7,-20.0,0.0,-259.7,-20.0,0.0,-259.7,-20.3,0.0,-259.7,-20.1,0.0,
2025年12月13日 21:16:58.124,0.4,0.8,0.4,0.9,2281.0,2018.0, -259.7,-20.1,0.0,-259.7,-20.1,0.0,-259.7,-20.3,0.0,-259.7,-20.2,0.0,
2025年12月13日 21:16:59.124,0.4,0.9,0.4,0.9,2319.0,2001.0, -259.7,-20.0,0.0,-259.7,-20.1,0.0,-259.7,-20.3,0.0,-259.7,-20.1,0.0,
2025年12月13日 21:17:00.125,0.4,0.9,0.3,0.9,2335.0,1997.0, -259.7,-20.1,0.0,-259.7,-20.1,0.0,-259.7,-20.3,0.0,-259.7,-20.1,0.0,
2025年12月13日 21:17:01.125,0.4,0.9,0.4,0.9,2246.0,1965.0, -259.7,-20.0,0.0,-259.7,-20.0,0.0,-259.7,-20.3,0.0,-259.7,-20.1,0.0,
2025年12月13日 21:17:02.125,0.4,0.9,0.4,0.9,2211.0,2066.0, -259.7,-20.1,0.0,-259.7,-20.0,0.0,-259.7,-20.3,0.0,-259.7,-20.1,0.0,
2025年12月13日 21:17:12.127,0.4,0.9,0.4,0.9,2300.0,1977.0, -259.7,-20.1,0.0,-259.7,-20.0,0.0,-259.7,-20.3,0.0,-259.7,-20.1,0.0,
2025年12月13日 21:17:13.127,0.4,0.9,0.4,0.9,2312.0,1927.0, -259.7,-20.1,0.0,-259.7,-20.0,0.0,-259.7,-20.3,0.0,-259.7,-20.1,0.0,
2025年12月13日 21:17:14.127,0.3,0.8,0.4,0.9,2352.0,2004.0, -259.7,-20.1,0.0,-259.7,-20.1,0.0,-259.7,-20.3,0.0,-259.7,-20.1,0.0,
2025年12月13日 21:17:15.130,0.4,1.0,0.4,1.0,2312.0,2029.0, -259.7,-20.0,0.0,-259.7,-20.0,0.0,-259.7,-20.3,0.0,-259.7,-20.1,0.0,
2025年12月13日 21:17:16.128,0.4,0.9,0.4,0.9,2359.0,1977.0, -259.7,-20.1,0.0,-259.7,-20.0,0.0,-259.7,-20.3,0.0,-259.7,-20.2,0.0,
2025年12月13日 21:17:17.128,0.4,0.9,0.3,0.9,2286.0,2008.0, -259.7,-20.0,0.0,-259.7,-20.0,0.0,-259.7,-20.3,0.0,-259.7,-20.1,0.0,
2025年12月13日 21:17:18.128,0.4,0.8,0.4,0.9,2341.0,1997.0, -259.7,-20.1,0.0,-259.7,-20.0,0.0,-259.7,-20.3,0.0,-259.7,-20.1,0.0,
2025年12月13日 21:17:19.129,0.4,0.9,0.4,0.9,2280.0,2018.0, -259.7,-20.0,0.0,-259.7,-20.0,0.0,-259.7,-20.3,0.0,-259.7,-20.1,0.0,
2025年12月13日 21:17:20.129,0.4,0.9,0.3,0.9,2311.0,2025.0, -259.7,-20.1,0.0,-259.7,-20.1,0.0,-259.7,-20.3,0.0,-259.7,-20.1,0.0,
2025年12月13日 21:17:21.128,0.4,0.9,0.4,0.9,2227.0,2029.0, -259.7,-20.0,0.0,-259.7,-20.0,0.0,-259.7,-20.3,0.0,-259.7,-20.1,0.0,
2025年12月13日 21:17:22.130,0.4,0.9,0.4,0.9,2385.0,1977.0, -259.7,-20.0,0.0,-259.7,-20.0,0.0,-259.7,-20.3,0.0,-259.7,-20.1,0.0,
2025年12月13日 21:17:23.130,0.4,0.9,0.4,1.0,2296.0,1998.0, -259.7,-20.1,0.0,-259.7,-20.1,0.0,-259.7,-20.3,0.0,-259.7,-20.1,0.0,
2025年12月13日 21:17:24.130,0.4,0.9,0.3,0.9,2184.0,2067.0, -259.7,-20.1,0.0,-259.7,-20.1,0.0,-259.7,-20.3,0.0,-259.7,-20.1,0.0,
2025年12月13日 21:17:25.130,0.4,0.9,0.4,0.9,2352.0,2010.0, -259.7,-20.0,0.0,-259.7,-20.0,0.0,-259.7,-20.3,0.0,-259.7,-20.1,0.0,
2025年12月13日 21:17:26.131,0.3,0.8,0.4,0.9,2328.0,1991.0, -259.7,-20.1,0.0,-259.7,-20.0,0.0,-259.7,-20.2,0.0,-259.7,-20.1,0.0,
2025年12月13日 21:17:27.130,0.4,0.9,0.4,1.0,2350.0,1992.0, -259.7,-20.0,0.0,-259.7,-20.1,0.0,-259.7,-20.3,0.0,-259.7,-20.1,0.0,
2025年12月13日 21:17:28.130,0.3,0.8,0.4,1.0,2173.0,2041.0, -259.7,-20.1,0.0,-259.7,-20.0,0.0,-259.7,-20.3,0.0,-259.7,-20.1,0.0,
2025年12月13日 21:17:29.130,0.4,0.9,0.4,1.0,2107.0,2057.0, -259.7,-20.1,0.0,-259.7,-20.0,0.0,-259.7,-20.3,0.0,-259.7,-20.1,0.0,
2025年12月13日 21:17:30.131,0.4,0.9,0.4,0.9,2321.0,1974.0, -259.7,-20.1,0.0,-259.7,-20.1,0.0,-259.7,-20.3,0.0,-259.7,-20.1,0.0,
2025年12月13日 21:17:31.131,0.4,0.8,0.4,0.9,2277.0,2001.0, -259.7,-20.1,0.0,-259.7,-20.0,0.0,-259.7,-20.3,0.0,-259.7,-20.1,0.0,
2025年12月13日 21:18:00.137,0.4,0.9,0.4,0.9,2336.0,1998.0, -259.7,-20.0,0.0,-259.7,-20.0,0.0,-259.7,-20.3,0.0,-259.7,-20.1,0.0,
2025年12月13日 21:18:01.138,0.4,0.9,0.4,0.9,2279.0,1990.0, -259.7,-20.0,0.0,-259.7,-20.1,0.0,-259.7,-20.3,0.0,-259.7,-20.2,0.0,
2025年12月13日 21:18:02.139,0.4,0.9,0.4,1.0,2363.0,2018.0, -259.7,-20.1,0.0,-259.7,-20.0,0.0,-259.7,-20.2,0.0,-259.7,-20.1,0.0,
2025年12月13日 21:18:03.138,0.4,0.9,0.4,1.0,2333.0,1971.0, -259.7,-20.0,0.0,-259.7,-19.9,0.0,-259.7,-20.3,0.0,-259.7,-20.1,0.0,
2025年12月13日 21:18:04.138,0.4,0.9,0.4,1.0,2222.0,2023.0, -259.7,-20.0,0.0,-259.7,-20.0,0.0,-259.7,-20.3,0.0,-259.7,-20.1,0.0,
2025年12月13日 21:18:05.139,0.4,0.9,0.4,0.9,2318.0,1979.0, -259.7,-20.1,0.0,-259.7,-20.1,0.0,-259.7,-20.3,0.0,-259.7,-20.1,0.0,
2025年12月13日 21:18:06.140,0.4,0.9,0.4,0.9,2319.0,1969.0, -259.7,-20.1,0.0,-259.7,-20.1,0.0,-259.7,-20.3,0.0,-259.7,-20.1,0.0,
2025年12月13日 21:18:07.139,0.4,0.9,0.4,1.0,2290.0,1994.0, -259.7,-20.0,0.0,-259.7,-20.1,0.0,-259.7,-20.3,0.0,-259.7,-20.1,0.0,
2025年12月13日 21:18:08.140,0.4,0.9,0.4,0.9,2326.0,1992.0, -259.7,-20.1,0.0,-259.7,-20.1,0.0,-259.7,-20.3,0.0,-259.7,-20.1,0.0,
2025年12月13日 21:18:09.140,0.4,0.9,0.4,1.0,2307.0,2045.0, -259.7,-20.0,0.0,-259.7,-20.0,0.0,-259.7,-20.2,0.0,-259.7,-20.1,0.0,
2025年12月13日 21:18:10.141,0.4,0.9,0.4,0.9,2270.0,2019.0, -259.7,-20.0,0.0,-259.7,-20.1,0.0,-259.7,-20.2,0.0,-259.7,-20.1,0.0,
2025年12月13日 21:18:11.139,0.4,0.9,0.4,1.0,2218.0,2052.0, -259.7,-20.1,0.0,-259.7,-20.0,0.0,-259.7,-20.2,0.0,-259.7,-20.1,0.0,
2025年12月13日 21:18:12.140,0.4,0.9,0.3,0.9,2316.0,1989.0, -259.7,-20.0,0.0,-259.7,-20.0,0.0,-259.7,-20.3,0.0,-259.7,-20.1,0.0,
2025年12月13日 21:18:13.140,0.4,0.9,0.4,0.9,2230.0,2051.0, -259.7,-20.1,0.0,-259.7,-20.1,0.0,-259.7,-20.3,0.0,-259.7,-20.1,0.0,
2025年12月13日 21:18:14.140,0.4,0.9,0.4,0.9,2268.0,1975.0, -259.7,-20.0,0.0,-259.7,-20.0,0.0,-259.7,-20.3,0.0,-259.7,-20.1,0.0,
2025年12月13日 21:18:15.140,0.4,0.9,0.4,1.0,2396.0,2028.0, -259.7,-20.1,0.0,-259.7,-20.1,0.0,-259.7,-20.2,0.0,-259.7,-20.1,0.0,
2025年12月13日 21:18:16.142,0.4,0.9,0.4,0.9,2359.0,1980.0, -259.7,-20.1,0.0,-259.7,-20.1,0.0,-259.7,-20.3,0.0,-259.7,-20.1,0.0,
2025年12月13日 21:18:17.141,0.4,0.9,0.4,0.9,2382.0,1977.0, -259.7,-20.0,0.0,-259.7,-20.1,0.0,-259.7,-20.3,0.0,-259.7,-20.1,0.0,
2025年12月13日 21:18:18.141,0.4,0.9,0.4,0.9,2314.0,1962.0, -259.7,-20.1,0.0,-259.7,-20.1,0.0,-259.7,-20.3,0.0,-259.7,-20.1,0.0,
2025年12月13日 21:18:19.142,0.4,0.9,0.4,0.9,2217.0,2020.0, -259.7,-20.1,0.0,-259.7,-20.1,0.0,-259.7,-20.3,0.0,-259.7,-20.1,0.0,
2025年12月13日 21:18:20.141,0.4,0.9,0.4,0.9,2236.0,2070.0, -259.7,-20.0,0.0,-259.7,-20.0,0.0,-259.7,-20.3,0.0,-259.7,-20.1,0.0,
2025年12月13日 21:18:21.143,0.4,0.8,0.4,1.0,2264.0,1968.0, -259.7,-20.1,0.0,-259.7,-20.1,0.0,-259.7,-20.2,0.0,-259.7,-20.1,0.0,
2025年12月13日 21:18:22.141,0.4,0.9,0.3,0.9,2341.0,1973.0, -259.7,-20.1,0.0,-259.7,-20.1,0.0,-259.7,-20.3,0.0,-259.7,-20.1,0.0,
2025年12月13日 21:18:23.144,0.4,0.8,0.4,0.9,2262.0,2004.0, -259.7,-20.1,0.0,-259.7,-20.1,0.0,-259.7,-20.3,0.0,-259.7,-20.1,0.0,
2025年12月13日 21:18:24.143,0.4,0.9,0.4,0.9,2359.0,1980.0, -259.7,-20.1,0.0,-259.7,-20.1,0.0,-259.7,-20.3,0.0,-259.7,-20.1,0.0,
2025年12月13日 21:18:25.144,0.4,0.9,0.4,0.9,2287.0,2030.0, -259.7,-20.1,0.0,-259.7,-20.1,0.0,-259.7,-20.3,0.0,-259.7,-20.1,0.0,
2025年12月13日 21:18:26.143,0.4,0.9,0.4,1.0,2332.0,1991.0, -259.7,-20.1,0.0,-259.7,-20.0,0.0,-259.7,-20.3,0.0,-259.7,-20.1,0.0,
2025年12月13日 21:18:27.144,0.4,0.8,0.3,0.9,2352.0,1967.0, -259.7,-20.1,0.0,-259.7,-20.0,0.0,-259.7,-20.3,0.0,-259.7,-20.1,0.0,
2025年12月13日 21:18:28.144,0.4,0.9,0.4,1.0,2347.0,2010.0, -259.7,-20.1,0.0,-259.7,-20.0,0.0,-259.7,-20.3,0.0,-259.7,-20.2,0.0,
2025年12月13日 21:18:29.144,0.4,0.8,0.4,1.0,2341.0,1966.0, -259.7,-20.0,0.0,-259.7,-20.0,0.0,-259.7,-20.3,0.0,-259.7,-20.1,0.0,
2025年12月13日 21:18:30.144,0.4,0.9,0.4,1.0,2312.0,2008.0, -259.7,-20.1,0.0,-259.7,-20.0,0.0,-259.7,-20.3,0.0,-259.7,-20.1,0.0,
2025年12月13日 21:18:31.144,0.4,0.8,0.4,0.9,2320.0,1976.0, -259.7,-20.1,0.0,-259.7,-20.1,0.0,-259.7,-20.3,0.0,-259.7,-20.1,0.0,
2025年12月13日 21:18:32.144,0.4,0.9,0.4,0.9,2333.0,1998.0, -259.7,-20.0,0.0,-259.7,-20.0,0.0,-259.7,-20.2,0.0,-259.7,-20.1,0.0,
2025年12月13日 21:18:33.145,0.4,0.9,0.3,0.9,2308.0,2005.0, -259.7,-20.0,0.0,-259.7,-20.0,0.0,-259.7,-20.3,0.0,-259.7,-20.1,0.0,
2025年12月13日 21:18:34.145,0.4,0.9,0.4,0.9,2330.0,2003.0, -259.7,-20.0,0.0,-259.7,-20.1,0.0,-259.7,-20.3,0.0,-259.7,-20.1,0.0,
2025年12月13日 21:18:35.146,0.4,0.9,0.4,1.0,2273.0,1974.0, -259.7,-20.0,0.0,-259.7,-20.0,0.0,-259.7,-20.2,0.0,-259.7,-20.1,0.0,
2025年12月13日 21:18:36.145,0.4,0.9,0.4,0.9,2299.0,1992.0, -259.7,-20.1,0.0,-259.7,-20.0,0.0,-259.7,-20.3,0.0,-259.7,-20.1,0.0,
2025年12月13日 21:18:37.145,0.4,0.9,0.4,0.9,2268.0,1977.0, -259.7,-20.1,0.0,-259.7,-20.1,0.0,-259.7,-20.3,0.0,-259.7,-20.1,0.0,
2025年12月13日 21:18:38.147,0.4,0.8,0.4,1.0,2230.0,2036.0, -259.7,-20.1,0.0,-259.7,-20.1,0.0,-259.7,-20.3,0.0,-259.7,-20.1,0.0,
2025年12月13日 21:18:39.146,0.4,0.9,0.4,1.0,2335.0,1988.0, -259.7,-20.1,0.0,-259.7,-20.0,0.0,-259.7,-20.3,0.0,-259.7,-20.1,0.0,
2025年12月13日 21:18:40.145,0.4,0.9,0.4,1.0,2363.0,1963.0, -259.7,-20.1,0.0,-259.7,-20.0,0.0,-259.7,-20.2,0.0,-259.7,-20.1,0.0,
2025年12月13日 21:18:41.146,0.4,0.9,0.4,0.9,2225.0,2044.0, -259.7,-20.1,0.0,-259.7,-20.0,0.0,-259.7,-20.3,0.0,-259.7,-20.1,0.0,
2025年12月13日 21:18:42.147,0.4,0.9,0.4,0.9,2309.0,1975.0, -259.7,-20.0,0.0,-259.7,-20.1,0.0,-259.7,-20.3,0.0,-259.7,-20.1,0.0,
2025年12月13日 21:18:43.147,0.4,0.9,0.4,0.9,2301.0,2004.0, -259.7,-20.0,0.0,-259.7,-20.0,0.0,-259.7,-20.3,0.0,-259.7,-20.1,0.0,
2025年12月13日 21:18:44.148,0.4,0.9,0.4,0.9,2317.0,1999.0, -259.7,-20.0,0.0,-259.7,-20.1,0.0,-259.7,-20.3,0.0,-259.7,-20.1,0.0,
2025年12月13日 21:18:45.147,0.4,0.8,0.3,0.9,2345.0,1955.0, -259.7,-20.0,0.0,-259.7,-20.0,0.0,-259.7,-20.3,0.0,-259.7,-20.1,0.0,
2025年12月13日 21:18:46.147,0.4,0.9,0.4,0.9,2341.0,2000.0, -259.7,-20.0,0.0,-259.7,-20.0,0.0,-259.7,-20.3,0.0,-259.7,-20.2,0.0,
2025年12月13日 21:18:47.147,0.4,0.8,0.4,0.9,2255.0,1987.0, -259.7,-20.1,0.0,-259.7,-20.1,0.0,-259.7,-20.3,0.0,-259.7,-20.1,0.0,
2025年12月13日 21:18:48.148,0.4,0.9,0.4,0.9,2382.0,1972.0, -259.7,-20.1,0.0,-259.7,-20.1,0.0,-259.7,-20.3,0.0,-259.7,-20.1,0.0,
2025年12月13日 21:18:49.148,0.3,0.8,0.4,0.9,2326.0,2013.0, -259.7,-20.0,0.0,-259.7,-20.1,0.0,-259.7,-20.3,0.0,-259.7,-20.1,0.0,
2025年12月13日 21:18:50.148,0.3,0.9,0.4,0.9,2358.0,1995.0, -259.7,-20.1,0.0,-259.7,-20.0,0.0,-259.7,-20.3,0.0,-259.7,-20.1,0.0,
2025年12月13日 21:18:51.149,0.4,0.9,0.4,1.0,2278.0,2026.0, -259.7,-20.1,0.0,-259.7,-20.0,0.0,-259.7,-20.3,0.0,-259.7,-20.1,0.0,
2025年12月13日 21:18:52.149,0.4,0.9,0.4,0.9,2312.0,1964.0, -259.7,-20.1,0.0,-259.7,-20.1,0.0,-259.7,-20.3,0.0,-259.7,-20.1,0.0,
2025年12月13日 21:18:53.150,0.3,0.9,0.3,0.9,2254.0,1966.0, -259.7,-20.1,0.0,-259.7,-20.0,0.0,-259.7,-20.3,0.0,-259.7,-20.1,0.0,
2025年12月13日 21:18:54.149,0.4,0.9,0.3,0.9,2357.0,1993.0, -259.7,-20.0,0.0,-259.7,-20.1,0.0,-259.7,-20.3,0.0,-259.7,-20.1,0.0,
2025年12月13日 21:18:55.149,0.4,0.9,0.4,0.9,2311.0,1996.0, -259.7,-20.1,0.0,-259.7,-20.1,0.0,-259.7,-20.3,0.0,-259.7,-20.1,0.0,
2025年12月13日 21:18:56.150,0.4,0.8,0.4,0.9,2378.0,2009.0, -259.7,-20.1,0.0,-259.7,-20.0,0.0,-259.7,-20.3,0.0,-259.7,-20.1,0.0,
2025年12月13日 21:18:57.150,0.4,0.8,0.4,0.9,2248.0,1934.0, -259.7,-20.0,0.0,-259.7,-20.1,0.0,-259.7,-20.3,0.0,-259.7,-20.1,0.0,
2025年12月13日 21:18:58.150,0.4,0.9,0.4,0.9,2295.0,1961.0, -259.7,-20.0,0.0,-259.7,-20.1,0.0,-259.7,-20.3,0.0,-259.7,-20.1,0.0,
2025年12月13日 21:18:59.150,0.4,0.9,0.4,0.9,2268.0,2020.0, -259.7,-20.1,0.0,-259.7,-20.0,0.0,-259.7,-20.3,0.0,-259.7,-20.1,0.0,
2025年12月13日 21:19:00.150,0.3,0.8,0.3,0.9,2410.0,1976.0, -259.7,-20.1,0.0,-259.7,-20.1,0.0,-259.7,-20.3,0.0,-259.7,-20.1,0.0,
2025年12月13日 21:19:01.151,0.4,0.8,0.4,0.9,2337.0,1983.0, -259.7,-20.0,0.0,-259.7,-20.1,0.0,-259.7,-20.3,0.0,-259.7,-20.1,0.0,
2025年12月13日 21:19:02.151,0.4,0.9,0.4,0.9,2224.0,1978.0, -259.7,-20.1,0.0,-259.7,-20.1,0.0,-259.7,-20.2,0.0,-259.7,-20.1,0.0,
2025年12月13日 21:19:03.152,0.4,0.9,0.4,0.9,2304.0,1973.0, -259.7,-20.0,0.0,-259.7,-20.0,0.0,-259.7,-20.3,0.0,-259.7,-20.1,0.0,
2025年12月13日 21:19:04.152,0.4,0.9,0.4,1.0,2286.0,1944.0, -259.7,-20.0,0.0,-259.7,-20.0,0.0,-259.7,-20.3,0.0,-259.7,-20.1,0.0,
2025年12月13日 21:19:05.152,0.4,0.9,0.4,0.9,2197.0,2044.0, -259.7,-20.1,0.0,-259.7,-20.1,0.0,-259.7,-20.3,0.0,-259.7,-20.2,0.0,
2025年12月13日 21:19:06.153,0.4,0.9,0.4,0.9,2305.0,1970.0, -259.7,-20.1,0.0,-259.7,-20.1,0.0,-259.7,-20.3,0.0,-259.7,-20.1,0.0,
2025年12月13日 21:19:07.153,0.4,0.8,0.4,0.9,2274.0,1961.0, -259.7,-20.1,0.0,-259.7,-20.1,0.0,-259.7,-20.3,0.0,-259.7,-20.1,0.0,
2025年12月13日 21:19:08.152,0.3,0.8,0.4,0.9,2241.0,2040.0, -259.7,-20.1,0.0,-259.7,-20.0,0.0,-259.7,-20.3,0.0,-259.7,-20.1,0.0,
2025年12月13日 21:19:09.153,0.4,0.9,0.4,0.9,2252.0,1989.0, -259.7,-20.1,0.0,-259.7,-20.1,0.0,-259.7,-20.3,0.0,-259.7,-20.1,0.0,
2025年12月13日 21:19:10.152,0.4,0.9,0.4,0.9,2249.0,2032.0, -259.7,-20.1,0.0,-259.7,-20.1,0.0,-259.7,-20.3,0.0,-259.7,-20.2,0.0,
2025年12月13日 21:19:11.153,0.4,0.9,0.4,0.9,2312.0,1982.0, -259.7,-20.1,0.0,-259.7,-20.1,0.0,-259.7,-20.3,0.0,-259.7,-20.1,0.0,
2025年12月13日 21:19:12.152,0.4,0.9,0.4,0.9,2307.0,1929.0, -259.7,-20.1,0.0,-259.7,-20.1,0.0,-259.7,-20.3,0.0,-259.7,-20.1,0.0,
2025年12月13日 21:19:13.153,0.4,0.9,0.4,0.9,2176.0,2076.0, -259.7,-20.1,0.0,-259.7,-20.1,0.0,-259.7,-20.3,0.0,-259.7,-20.1,0.0,
2025年12月13日 21:19:14.152,0.4,0.8,0.4,0.9,2285.0,1968.0, -259.7,-20.0,0.0,-259.7,-20.0,0.0,-259.7,-20.3,0.0,-259.7,-20.1,0.0,
2025年12月13日 21:19:15.154,0.4,0.8,0.4,1.0,2345.0,1960.0, -259.7,-20.1,0.0,-259.7,-20.1,0.0,-259.7,-20.3,0.0,-259.7,-20.1,0.0,
2025年12月13日 21:19:16.153,0.4,0.8,0.4,0.9,2213.0,2012.0, -259.7,-20.1,0.0,-259.7,-20.1,0.0,-259.7,-20.3,0.0,-259.7,-20.1,0.0,
2025年12月13日 21:19:17.154,0.4,0.8,0.4,0.9,2302.0,2030.0, -259.7,-20.1,0.0,-259.7,-20.0,0.0,-259.7,-20.3,0.0,-259.7,-20.1,0.0,
2025年12月13日 21:19:18.154,0.4,0.8,0.3,0.9,2265.0,1973.0, -259.7,-20.1,0.0,-259.7,-20.0,0.0,-259.7,-20.3,0.0,-259.7,-20.1,0.0,
2025年12月13日 21:19:19.155,0.4,0.8,0.3,0.9,2275.0,1986.0, -259.7,-20.1,0.0,-259.7,-20.1,0.0,-259.7,-20.3,0.0,-259.7,-20.1,0.0,
2025年12月13日 21:19:20.154,0.4,0.9,0.3,0.9,2305.0,1999.0, -259.7,-20.0,0.0,-259.7,-20.0,0.0,-259.7,-20.3,0.0,-259.7,-20.1,0.0,
2025年12月13日 21:19:21.155,0.3,0.9,0.4,0.9,2328.0,1937.0, -259.7,-20.1,0.0,-259.7,-20.1,0.0,-259.7,-20.3,0.0,-259.7,-20.1,0.0,
2025年12月13日 21:19:22.155,0.4,0.8,0.3,0.9,2227.0,2022.0, -259.7,-20.0,0.0,-259.7,-20.1,0.0,-259.7,-20.3,0.0,-259.7,-20.1,0.0,
2025年12月13日 21:19:23.157,0.4,0.9,0.4,0.9,2252.0,2016.0, -259.7,-20.1,0.0,-259.7,-20.1,0.0,-259.7,-20.3,0.0,-259.7,-20.2,0.0,
2025年12月13日 21:19:24.156,0.4,0.9,0.4,0.9,2302.0,2036.0, -259.7,-20.1,0.0,-259.7,-20.0,0.0,-259.7,-20.3,0.0,-259.7,-20.1,0.0,
2025年12月13日 21:19:25.156,0.4,0.9,0.3,0.9,2268.0,1993.0, -259.7,-20.1,0.0,-259.7,-20.0,0.0,-259.7,-20.3,0.0,-259.7,-20.2,0.0,
2025年12月13日 21:19:26.155,0.4,0.8,0.3,0.9,2223.0,2034.0, -259.7,-20.1,0.0,-259.7,-20.1,0.0,-259.7,-20.3,0.0,-259.7,-20.1,0.0,
2025年12月13日 21:19:27.157,0.4,0.8,0.4,0.9,2297.0,2021.0, -259.7,-20.0,0.0,-259.7,-20.1,0.0,-259.7,-20.3,0.0,-259.7,-20.1,0.0,
2025年12月13日 21:19:28.159,0.4,0.8,0.3,0.9,2326.0,1986.0, -259.7,-20.1,0.0,-259.7,-20.1,0.0,-259.7,-20.3,0.0,-259.7,-20.2,0.0,
2025年12月13日 21:19:29.157,0.4,0.8,0.4,0.9,2239.0,2021.0, -259.7,-20.0,0.0,-259.7,-20.0,0.0,-259.7,-20.3,0.0,-259.7,-20.1,0.0,
2025年12月13日 21:19:30.158,0.4,0.9,0.4,0.9,2293.0,1951.0, -259.7,-20.1,0.0,-259.7,-20.1,0.0,-259.7,-20.3,0.0,-259.7,-20.2,0.0,
2025年12月13日 21:19:31.157,0.4,0.8,0.3,0.9,2295.0,2022.0, -259.7,-20.1,0.0,-259.7,-20.1,0.0,-259.7,-20.2,0.0,-259.7,-20.1,0.0,
2025年12月13日 21:19:32.158,0.4,0.9,0.4,0.9,2248.0,1973.0, -259.7,-20.1,0.0,-259.7,-20.0,0.0,-259.7,-20.3,0.0,-259.7,-20.1,0.0,
2025年12月13日 21:19:33.159,0.4,0.9,0.3,0.9,2310.0,1959.0, -259.7,-20.1,0.0,-259.7,-20.1,0.0,-259.7,-20.3,0.0,-259.7,-20.1,0.0,
2025年12月13日 21:19:34.177,0.4,0.9,0.4,0.9,2263.0,2011.0, -259.7,-20.1,0.0,-259.7,-20.1,0.0,-259.7,-20.3,0.0,-259.7,-20.1,0.0,
2025年12月13日 21:19:35.158,0.4,0.8,0.4,0.9,2290.0,1970.0, -259.7,-20.1,0.0,-259.7,-20.1,0.0,-259.7,-20.2,0.0,-259.7,-20.1,0.0,
2025年12月13日 21:19:36.158,0.4,0.9,0.4,1.0,2326.0,1945.0, -259.7,-20.1,0.0,-259.7,-20.0,0.0,-259.7,-20.3,0.0,-259.7,-20.2,0.0,
2025年12月13日 21:19:37.160,0.4,0.9,0.3,0.9,2292.0,1991.0, -259.7,-20.1,0.0,-259.7,-20.1,0.0,-259.7,-20.3,0.0,-259.7,-20.2,0.0,
2025年12月13日 21:19:38.159,0.3,0.8,0.3,0.8,2338.0,1951.0, -259.7,-20.1,0.0,-259.7,-20.0,0.0,-259.7,-20.3,0.0,-259.7,-20.1,0.0,
2025年12月13日 21:19:39.158,0.3,0.8,0.3,0.9,2260.0,2000.0, -259.7,-20.1,0.0,-259.7,-20.1,0.0,-259.7,-20.3,0.0,-259.7,-20.1,0.0,
2025年12月13日 21:19:40.159,0.4,0.9,0.4,0.9,2257.0,1996.0, -259.7,-20.1,0.0,-259.7,-20.1,0.0,-259.7,-20.3,0.0,-259.7,-20.1,0.0,
2025年12月13日 21:19:41.159,0.3,0.9,0.4,0.9,2347.0,1996.0, -259.7,-20.0,0.0,-259.7,-20.1,0.0,-259.7,-20.3,0.0,-259.7,-20.1,0.0,
2025年12月13日 21:19:42.160,0.4,0.8,0.4,0.9,2303.0,2000.0, -259.7,-20.1,0.0,-259.7,-20.0,0.0,-259.7,-20.3,0.0,-259.7,-20.1,0.0,
2025年12月13日 21:19:43.160,0.4,0.8,0.3,0.9,2225.0,2043.0, -259.7,-20.1,0.0,-259.7,-20.1,0.0,-259.7,-20.3,0.0,-259.7,-20.2,0.0,
2025年12月13日 21:19:44.159,0.4,0.8,0.3,0.9,2237.0,2019.0, -259.7,-20.1,0.0,-259.7,-20.0,0.0,-259.7,-20.3,0.0,-259.7,-20.1,0.0,
2025年12月13日 21:19:45.160,0.4,0.8,0.4,0.8,2185.0,2040.0, -259.7,-20.1,0.0,-259.7,-20.1,0.0,-259.7,-20.3,0.0,-259.7,-20.1,0.0,
2025年12月13日 21:19:46.161,0.3,0.8,0.3,0.9,2290.0,1959.0, -259.7,-20.1,0.0,-259.7,-20.1,0.0,-259.7,-20.3,0.0,-259.7,-20.1,0.0,
2025年12月13日 21:19:47.161,0.4,0.9,0.4,0.9,2193.0,2120.0, -259.7,-20.1,0.0,-259.7,-20.1,0.0,-259.7,-20.3,0.0,-259.7,-20.1,0.0,
2025年12月13日 21:19:48.161,0.3,0.8,0.4,0.9,2280.0,1953.0, -259.7,-20.1,0.0,-259.7,-20.1,0.0,-259.7,-20.3,0.0,-259.7,-20.1,0.0,
2025年12月13日 21:19:49.162,0.4,0.8,0.4,0.9,2232.0,1949.0, -259.7,-20.1,0.0,-259.7,-20.0,0.0,-259.7,-20.3,0.0,-259.7,-20.1,0.0,
2025年12月13日 21:19:50.162,0.4,0.8,0.3,0.9,2284.0,1974.0, -259.7,-20.1,0.0,-259.7,-20.1,0.0,-259.7,-20.3,0.0,-259.7,-20.1,0.0,
2025年12月13日 21:19:51.163,0.4,0.9,0.4,0.9,2364.0,1959.0, -259.7,-20.0,0.0,-259.7,-20.0,0.0,-259.7,-20.2,0.0,-259.7,-20.1,0.0,
2025年12月13日 21:19:52.164,0.4,0.8,0.4,0.9,2198.0,2035.0, -259.7,-20.1,0.0,-259.7,-20.1,0.0,-259.7,-20.3,0.0,-259.7,-20.1,0.0,
2025年12月13日 21:19:53.167,0.4,0.9,0.4,0.9,2280.0,2003.0, -259.7,-20.1,0.0,-259.7,-20.0,0.0,-259.7,-20.3,0.0,-259.7,-20.1,0.0,
2025年12月13日 21:19:54.162,0.4,0.8,0.3,0.9,2204.0,1988.0, -259.7,-20.1,0.0,-259.7,-20.1,0.0,-259.7,-20.3,0.0,-259.7,-20.1,0.0,
2025年12月13日 21:19:55.162,0.4,0.9,0.3,0.9,2367.0,1999.0, -259.7,-20.1,0.0,-259.7,-20.1,0.0,-259.7,-20.2,0.0,-259.7,-20.1,0.0,
2025年12月13日 21:19:56.164,0.4,0.9,0.4,0.9,2328.0,1984.0, -259.7,-20.1,0.0,-259.7,-20.0,0.0,-259.7,-20.3,0.0,-259.7,-20.1,0.0,
2025年12月13日 21:19:57.164,0.4,0.9,0.4,0.9,2186.0,2015.0, -259.7,-20.0,0.0,-259.7,-20.0,0.0,-259.7,-20.3,0.0,-259.7,-20.1,0.0,
2025年12月13日 21:19:58.163,0.4,0.9,0.4,0.9,2264.0,2047.0, -259.7,-20.1,0.0,-259.7,-20.1,0.0,-259.7,-20.3,0.0,-259.7,-20.1,0.0,
2025年12月13日 21:19:59.166,0.4,0.8,0.3,0.9,2288.0,1964.0, -259.7,-20.1,0.0,-259.7,-20.1,0.0,-259.7,-20.3,0.0,-259.7,-20.1,0.0,
2025年12月13日 21:20:00.165,0.4,0.9,0.4,1.0,2319.0,1976.0, -259.7,-20.1,0.0,-259.7,-20.1,0.0,-259.7,-20.3,0.0,-259.7,-20.1,0.0,
2025年12月13日 21:20:01.164,0.3,0.8,0.3,0.9,2242.0,2011.0, -259.7,-20.0,0.0,-259.7,-20.1,0.0,-259.7,-20.3,0.0,-259.7,-20.1,0.0,
2025年12月13日 21:20:02.165,0.4,0.9,0.4,0.9,2332.0,1937.0, -259.7,-20.1,0.0,-259.7,-20.1,0.0,-259.7,-20.3,0.0,-259.7,-20.1,0.0,
2025年12月13日 21:20:03.165,0.4,0.8,0.4,0.9,2188.0,2060.0, -259.7,-20.1,0.0,-259.7,-20.1,0.0,-259.7,-20.3,0.0,-259.7,-20.1,0.0,
2025年12月13日 21:20:04.164,0.4,0.8,0.3,0.9,2261.0,1987.0, -259.7,-20.1,0.0,-259.7,-20.0,0.0,-259.7,-20.3,0.0,-259.7,-20.1,0.0,
2025年12月13日 21:20:05.165,0.4,0.9,0.4,0.9,2284.0,1948.0, -259.7,-20.1,0.0,-259.7,-20.1,0.0,-259.7,-20.3,0.0,-259.7,-20.1,0.0,
2025年12月13日 21:20:06.165,0.4,0.8,0.4,0.9,2232.0,1985.0, -259.7,-20.1,0.0,-259.7,-20.0,0.0,-259.7,-20.2,0.0,-259.7,-20.1,0.0,
2025年12月13日 21:21:06.983,0.4,0.9,0.4,1.0,2297.0,2014.0, -259.7,-19.9,0.0,-259.7,-20.0,0.0,-259.7,-20.2,0.0,-259.7,-20.1,0.0,
2025年12月13日 21:21:06.985,0.5,1.1,0.5,1.2,2353.0,2120.0, -259.7,-19.9,0.0,-259.7,-19.9,0.0,-259.7,-20.2,0.0,-259.7,-20.1,0.0,
2025年12月13日 21:21:06.987,0.5,1.1,0.5,1.2,2353.0,2120.0, -259.7,-19.9,0.0,-259.7,-19.9,0.0,-259.7,-20.2,0.0,-259.7,-20.1,0.0,
2025年12月13日 21:21:06.989,0.5,1.1,0.5,1.2,2353.0,2120.0, -259.7,-19.9,0.0,-259.7,-19.9,0.0,-259.7,-20.2,0.0,-259.7,-20.1,0.0,
2025年12月13日 21:21:06.990,0.5,1.1,0.5,1.2,2353.0,2120.0, -259.7,-19.9,0.0,-259.7,-19.9,0.0,-259.7,-20.2,0.0,-259.7,-20.1,0.0,
2025年12月13日 21:21:07.178,0.4,1.0,0.4,1.1,2279.0,2056.0, -259.7,-19.9,0.0,-259.7,-19.9,0.0,-259.7,-20.2,0.0,-259.7,-20.1,0.0,
2025年12月13日 21:21:08.177,0.4,1.0,0.4,1.0,2249.0,2064.0, -259.7,-20.0,0.0,-259.7,-20.0,0.0,-259.7,-20.2,0.0,-259.7,-20.1,0.0,
2025年12月13日 21:21:09.178,0.4,1.1,0.4,1.0,2387.0,2009.0, -259.7,-20.0,0.0,-259.7,-20.0,0.0,-259.7,-20.2,0.0,-259.7,-20.1,0.0,
2025年12月13日 21:21:10.178,0.4,0.9,0.4,1.0,2429.0,2019.0, -259.7,-20.1,0.0,-259.7,-20.0,0.0,-259.7,-20.2,0.0,-259.7,-20.1,0.0,
2025年12月13日 21:21:11.178,0.4,1.0,0.4,1.0,2331.0,1986.0, -259.7,-20.0,0.0,-259.7,-20.0,0.0,-259.7,-20.2,0.0,-259.7,-20.1,0.0,
2025年12月13日 21:21:12.179,0.4,0.9,0.4,1.0,2157.0,2056.0, -259.7,-20.0,0.0,-259.7,-20.0,0.0,-259.7,-20.2,0.0,-259.7,-20.1,0.0,
2025年12月13日 21:21:13.178,0.4,1.0,0.4,1.0,2271.0,2019.0, -259.7,-20.0,0.0,-259.7,-20.0,0.0,-259.7,-20.2,0.0,-259.7,-20.1,0.0,
2025年12月13日 21:21:17.180,0.4,1.0,0.4,0.9,2252.0,2025.0, -259.7,-20.0,0.0,-259.7,-20.0,0.0,-259.7,-20.2,0.0,-259.7,-20.1,0.0,
2025年12月13日 21:21:18.179,0.4,0.9,0.4,1.0,2327.0,2017.0, -259.7,-20.1,0.0,-259.7,-20.0,0.0,-259.7,-20.3,0.0,-259.7,-20.1,0.0,
2025年12月13日 21:21:19.178,0.4,1.0,0.4,1.0,2372.0,2020.0, -259.7,-20.0,0.0,-259.7,-20.0,0.0,-259.7,-20.3,0.0,-259.7,-20.1,0.0,
2025年12月13日 21:21:20.180,0.4,0.9,0.4,1.0,2361.0,2012.0, -259.7,-20.0,0.0,-259.7,-20.1,0.0,-259.7,-20.2,0.0,-259.7,-20.1,0.0,
2025年12月13日 21:21:21.179,0.4,0.9,0.4,1.0,2389.0,2003.0, -259.7,-20.1,0.0,-259.7,-20.0,0.0,-259.7,-20.3,0.0,-259.7,-20.1,0.0,
2025年12月13日 21:36:33.095,0.3,0.7,0.3,0.8,2084.0,2012.0, -259.7,-20.1,0.0,-259.7,-20.1,0.0,-259.7,-20.3,0.0,-259.7,-20.2,0.0,
2025年12月13日 21:36:34.095,0.3,0.7,0.3,0.7,2188.0,2013.0, -259.7,-20.1,0.0,-259.7,-20.1,0.0,-259.7,-20.3,0.0,-259.7,-20.2,0.0,
2025年12月13日 21:36:35.097,0.3,0.7,0.3,0.8,2127.0,2025.0, -259.7,-20.1,0.0,-259.7,-20.2,0.0,-259.7,-20.3,0.0,-259.7,-20.2,0.0,
2025年12月13日 21:36:36.096,0.3,0.7,0.3,0.8,2130.0,1991.0, -259.7,-20.2,0.0,-259.7,-20.1,0.0,-259.7,-20.3,0.0,-259.7,-20.2,0.0,
2025年12月13日 21:36:37.096,0.3,0.7,0.3,0.8,2166.0,1946.0, -259.7,-20.1,0.0,-259.7,-20.1,0.0,-259.7,-20.3,0.0,-259.7,-20.2,0.0,
2025年12月13日 21:36:38.095,0.3,0.7,0.3,0.8,2117.0,1966.0, -259.7,-20.0,0.0,-259.7,-20.1,0.0,-259.7,-20.3,0.0,-259.7,-20.2,0.0,
2025年12月13日 21:36:39.100,0.3,0.7,0.3,0.8,2191.0,1952.0, -259.7,-20.1,0.0,-259.7,-20.2,0.0,-259.7,-20.3,0.0,-259.7,-20.2,0.0,
2025年12月13日 21:36:40.095,0.3,0.7,0.3,0.8,2083.0,2038.0, -259.7,-20.1,0.0,-259.7,-20.1,0.0,-259.7,-20.3,0.0,-259.7,-20.2,0.0,
2025年12月13日 22:29:24.819,0.3,0.8,0.3,0.8,2206.0,1976.0, -259.7,-20.1,0.0,-259.7,-20.1,0.0,-259.7,-20.3,0.0,-259.7,-20.2,0.0,
2025年12月13日 22:29:25.820,0.3,0.8,0.3,0.8,2112.0,1980.0, -259.7,-20.1,0.0,-259.7,-20.1,0.0,-259.7,-20.3,0.0,-259.7,-20.1,0.0,
2025年12月13日 22:29:26.820,0.3,0.8,0.3,0.9,2064.0,2038.0, -259.7,-20.1,0.0,-259.7,-20.1,0.0,-259.7,-20.3,0.0,-259.7,-20.2,0.0,
2025年12月13日 22:29:27.819,0.3,0.8,0.3,0.8,2160.0,1994.0, -259.7,-20.1,0.0,-259.7,-20.1,0.0,-259.7,-20.3,0.0,-259.7,-20.2,0.0,
2025年12月13日 22:29:28.819,0.3,0.8,0.3,0.8,2158.0,1999.0, -259.7,-20.0,0.0,-259.7,-20.1,0.0,-259.7,-20.3,0.0,-259.7,-20.2,0.0,
2025年12月13日 22:29:29.820,0.3,0.7,0.3,0.8,2158.0,2068.0, -259.7,-20.1,0.0,-259.7,-20.1,0.0,-259.7,-20.3,0.0,-259.7,-20.2,0.0,
2025年12月13日 22:29:30.819,0.3,0.7,0.3,0.8,2094.0,2071.0, -259.7,-20.1,0.0,-259.7,-20.1,0.0,-259.7,-20.3,0.0,-259.7,-20.2,0.0,
2025年12月13日 22:29:42.820,0.3,0.8,0.3,0.8,2151.0,1957.0, -259.7,-20.1,0.0,-259.7,-20.0,0.0,-259.7,-20.3,0.0,-259.7,-20.2,0.0,
2025年12月13日 22:29:43.819,0.3,0.7,0.3,0.8,2075.0,2047.0, -259.7,-20.1,0.0,-259.7,-20.2,0.0,-259.7,-20.3,0.0,-259.7,-20.1,0.0,
2025年12月13日 22:29:44.820,0.3,0.8,0.3,0.8,2070.0,2040.0, -259.7,-20.1,0.0,-259.7,-20.1,0.0,-259.7,-20.3,0.0,-259.7,-20.1,0.0,
2025年12月13日 22:29:45.820,0.3,0.8,0.3,0.8,2087.0,1964.0, -259.7,-20.0,0.0,-259.7,-20.1,0.0,-259.7,-20.3,0.0,-259.7,-20.2,0.0,
2025年12月13日 22:29:46.820,0.3,0.8,0.3,0.8,2128.0,2030.0, -259.7,-20.0,0.0,-259.7,-20.1,0.0,-259.7,-20.3,0.0,-259.7,-20.2,0.0,
2025年12月13日 22:29:47.820,0.3,0.7,0.3,0.9,2141.0,1959.0, -259.7,-20.1,0.0,-259.7,-20.1,0.0,-259.7,-20.3,0.0,-259.7,-20.2,0.0,
2025年12月13日 22:29:57.820,0.3,0.8,0.3,0.8,2046.0,2102.0, -259.7,-20.0,0.0,-259.7,-20.1,0.0,-259.7,-20.3,0.0,-259.7,-20.2,0.0,
2025年12月13日 22:29:58.820,0.3,0.8,0.3,0.8,2181.0,1984.0, -259.7,-20.1,0.0,-259.7,-20.1,0.0,-259.7,-20.3,0.0,-259.7,-20.2,0.0,
2025年12月13日 22:29:59.819,0.3,0.8,0.3,0.8,2197.0,1947.0, -259.7,-20.1,0.0,-259.7,-20.1,0.0,-259.7,-20.3,0.0,-259.7,-20.2,0.0,
2025年12月13日 22:30:14.824,0.3,0.8,0.3,0.8,2175.0,2018.0, -259.7,-20.1,0.0,-259.7,-20.1,0.0,-259.7,-20.3,0.0,-259.7,-20.2,0.0,
2025年12月13日 22:30:15.821,0.3,0.8,0.3,0.8,2092.0,2000.0, -259.7,-20.1,0.0,-259.7,-20.1,0.0,-259.7,-20.3,0.0,-259.7,-20.2,0.0,
2025年12月13日 22:30:16.820,0.3,0.7,0.3,0.8,2278.0,1997.0, -259.7,-20.1,0.0,-259.7,-20.1,0.0,-259.7,-20.3,0.0,-259.7,-20.2,0.0,
2025年12月13日 22:30:26.822,0.3,0.7,0.3,0.9,2116.0,2058.0, -259.7,-20.0,0.0,-259.7,-20.1,0.0,-259.7,-20.3,0.0,-259.7,-20.2,0.0,
2025年12月13日 22:30:27.821,0.3,0.8,0.3,0.8,2152.0,1938.0, -259.7,-20.1,0.0,-259.7,-20.1,0.0,-259.7,-20.3,0.0,-259.7,-20.2,0.0,
2025年12月13日 22:30:28.823,0.3,0.8,0.3,0.8,2061.0,2063.0, -259.7,-20.1,0.0,-259.7,-20.1,0.0,-259.7,-20.3,0.0,-259.7,-20.1,0.0,
2025年12月13日 22:30:29.822,0.3,0.8,0.3,0.8,2142.0,1966.0, -259.7,-20.1,0.0,-259.7,-20.1,0.0,-259.7,-20.3,0.0,-259.7,-20.2,0.0,
2025年12月13日 22:30:44.822,0.3,0.8,0.3,0.8,2210.0,1938.0, -259.7,-20.0,0.0,-259.7,-20.1,0.0,-259.7,-20.3,0.0,-259.7,-20.2,0.0,
2025年12月13日 22:30:45.822,0.3,0.7,0.3,0.9,2101.0,1997.0, -259.7,-20.1,0.0,-259.7,-20.1,0.0,-259.7,-20.3,0.0,-259.7,-20.2,0.0,
2025年12月13日 22:30:46.822,0.3,0.7,0.3,0.8,2192.0,2012.0, -259.7,-20.1,0.0,-259.7,-20.1,0.0,-259.7,-20.3,0.0,-259.7,-20.2,0.0,
2025年12月13日 22:30:49.823,0.3,0.7,0.3,0.8,2080.0,1972.0, -259.7,-20.1,0.0,-259.7,-20.1,0.0,-259.7,-20.3,0.0,-259.7,-20.2,0.0,
2025年12月13日 22:30:50.822,0.3,0.8,0.3,0.9,2224.0,1951.0, -259.7,-20.0,0.0,-259.7,-20.0,0.0,-259.7,-20.3,0.0,-259.7,-20.2,0.0,
2025年12月13日 22:30:51.823,0.3,0.7,0.3,0.9,2087.0,2016.0, -259.7,-20.1,0.0,-259.7,-20.1,0.0,-259.7,-20.3,0.0,-259.7,-20.2,0.0,
2025年12月13日 22:31:14.823,0.3,0.7,0.3,0.8,2139.0,2003.0, -259.7,-20.0,0.0,-259.7,-20.1,0.0,-259.7,-20.3,0.0,-259.7,-20.2,0.0,
2025年12月13日 22:31:15.824,0.3,0.8,0.3,0.8,2067.0,2018.0, -259.7,-20.1,0.0,-259.7,-20.1,0.0,-259.7,-20.3,0.0,-259.7,-20.2,0.0,
2025年12月13日 22:31:16.826,0.3,0.8,0.3,0.8,2169.0,1982.0, -259.7,-20.0,0.0,-259.7,-20.1,0.0,-259.7,-20.3,0.0,-259.7,-20.2,0.0,
2025年12月13日 22:31:17.824,0.3,0.7,0.3,0.8,2095.0,1958.0, -259.7,-20.1,0.0,-259.7,-20.1,0.0,-259.7,-20.3,0.0,-259.7,-20.1,0.0,
2025年12月13日 22:31:18.823,0.3,0.8,0.3,0.8,2088.0,2052.0, -259.7,-20.1,0.0,-259.7,-20.1,0.0,-259.7,-20.3,0.0,-259.7,-20.2,0.0,
2025年12月13日 22:31:30.826,0.3,0.8,0.3,0.9,2054.0,2076.0, -259.7,-20.1,0.0,-259.7,-20.1,0.0,-259.7,-20.3,0.0,-259.7,-20.2,0.0,
2025年12月13日 22:31:31.824,0.3,0.8,0.3,0.8,2073.0,1972.0, -259.7,-20.1,0.0,-259.7,-20.1,0.0,-259.7,-20.3,0.0,-259.7,-20.2,0.0,
2025年12月13日 22:31:32.824,0.3,0.8,0.3,0.8,2106.0,2088.0, -259.7,-20.0,0.0,-259.7,-20.1,0.0,-259.7,-20.3,0.0,-259.7,-20.2,0.0,
2025年12月13日 22:31:33.825,0.3,0.8,0.3,0.8,2165.0,2027.0, -259.7,-20.1,0.0,-259.7,-20.1,0.0,-259.7,-20.3,0.0,-259.7,-20.2,0.0,
2025年12月13日 22:31:34.825,0.3,0.8,0.3,0.8,2182.0,1977.0, -259.7,-20.2,0.0,-259.7,-20.0,0.0,-259.7,-20.3,0.0,-259.7,-20.2,0.0,
2025年12月13日 22:31:51.826,0.3,0.8,0.3,0.9,2211.0,2017.0, -259.7,-20.1,0.0,-259.7,-20.0,0.0,-259.7,-20.3,0.0,-259.7,-20.2,0.0,
2025年12月13日 22:31:52.825,0.3,0.7,0.3,0.8,2128.0,1944.0, -259.7,-20.0,0.0,-259.7,-20.1,0.0,-259.7,-20.3,0.0,-259.7,-20.2,0.0,
2025年12月13日 22:31:53.825,0.3,0.8,0.3,0.8,2136.0,2042.0, -259.7,-20.1,0.0,-259.7,-20.1,0.0,-259.7,-20.3,0.0,-259.7,-20.1,0.0,
2025年12月13日 22:31:54.825,0.3,0.8,0.3,0.9,2119.0,2037.0, -259.7,-20.1,0.0,-259.7,-20.1,0.0,-259.7,-20.3,0.0,-259.7,-20.1,0.0,
2025年12月13日 22:31:55.827,0.3,0.8,0.3,0.8,2024.0,2059.0, -259.7,-20.1,0.0,-259.7,-20.0,0.0,-259.7,-20.3,0.0,-259.7,-20.2,0.0,
2025年12月13日 22:32:08.826,0.3,0.8,0.3,0.8,2140.0,2040.0, -259.7,-20.1,0.0,-259.7,-20.1,0.0,-259.7,-20.3,0.0,-259.7,-20.2,0.0,
2025年12月13日 22:32:09.826,0.3,0.8,0.3,0.8,2144.0,1948.0, -259.7,-20.1,0.0,-259.7,-20.1,0.0,-259.7,-20.3,0.0,-259.7,-20.2,0.0,
2025年12月13日 22:32:26.857,0.3,0.7,0.3,0.9,2168.0,1983.0, -259.7,-20.2,0.0,-259.7,-20.1,0.0,-259.7,-20.3,0.0,-259.7,-20.1,0.0,
2025年12月13日 22:32:26.862,0.3,0.7,0.3,0.9,2168.0,1983.0, -259.7,-20.2,0.0,-259.7,-20.1,0.0,-259.7,-20.3,0.0,-259.7,-20.1,0.0,
2025年12月13日 22:32:26.889,0.3,0.8,0.3,0.8,2181.0,1959.0, -259.7,-20.1,0.0,-259.7,-20.1,0.0,-259.7,-20.3,0.0,-259.7,-20.2,0.0,
2025年12月13日 22:32:26.916,0.3,0.8,0.3,0.8,2216.0,1945.0, -259.7,-20.1,0.0,-259.7,-20.1,0.0,-259.7,-20.3,0.0,-259.7,-20.2,0.0,
2025年12月13日 22:32:26.943,0.3,0.7,0.3,0.8,2216.0,1945.0, -259.7,-20.1,0.0,-259.7,-20.1,0.0,-259.7,-20.3,0.0,-259.7,-20.2,0.0,
2025年12月13日 22:32:26.970,0.3,0.8,0.3,0.8,2099.0,1979.0, -259.7,-20.1,0.0,-259.7,-20.1,0.0,-259.7,-20.3,0.0,-259.7,-20.2,0.0,
2025年12月13日 22:32:27.826,0.3,0.8,0.3,0.8,2153.0,2008.0, -259.7,-20.1,0.0,-259.7,-20.1,0.0,-259.7,-20.3,0.0,-259.7,-20.2,0.0,
2025年12月13日 22:32:28.828,0.3,0.8,0.3,0.8,2174.0,1980.0, -259.7,-20.1,0.0,-259.7,-20.1,0.0,-259.7,-20.3,0.0,-259.7,-20.2,0.0,
2025年12月13日 22:32:49.828,0.3,0.8,0.3,0.8,2209.0,2003.0, -259.7,-20.1,0.0,-259.7,-20.1,0.0,-259.7,-20.3,0.0,-259.7,-20.1,0.0,
2025年12月13日 22:32:50.828,0.3,0.8,0.3,0.8,2100.0,2041.0, -259.7,-20.1,0.0,-259.7,-20.0,0.0,-259.7,-20.3,0.0,-259.7,-20.2,0.0,
2025年12月13日 22:32:51.827,0.3,0.8,0.3,0.9,2114.0,1858.0, -259.7,-20.1,0.0,-259.7,-20.1,0.0,-259.7,-20.3,0.0,-259.7,-20.2,0.0,
2025年12月13日 22:32:52.828,0.3,0.8,0.3,0.8,2040.0,2061.0, -259.7,-20.1,0.0,-259.7,-20.1,0.0,-259.7,-20.3,0.0,-259.7,-20.2,0.0,
2025年12月13日 22:32:53.828,0.4,0.8,0.3,0.9,2132.0,1967.0, -259.7,-20.1,0.0,-259.7,-20.1,0.0,-259.7,-20.3,0.0,-259.7,-20.1,0.0,
2025年12月13日 22:32:54.827,0.3,0.8,0.3,0.8,2219.0,1979.0, -259.7,-20.0,0.0,-259.7,-20.1,0.0,-259.7,-20.3,0.0,-259.7,-20.1,0.0,
2025年12月13日 22:32:55.827,0.4,0.8,0.3,0.8,2069.0,1949.0, -259.7,-20.1,0.0,-259.7,-20.1,0.0,-259.7,-20.3,0.0,-259.7,-20.2,0.0,
2025年12月13日 22:33:06.831,0.3,0.8,0.3,0.8,2227.0,2016.0, -259.7,-20.0,0.0,-259.7,-20.1,0.0,-259.7,-20.3,0.0,-259.7,-20.1,0.0,
2025年12月13日 22:33:07.828,0.3,0.7,0.3,0.9,2229.0,2001.0, -259.7,-20.1,0.0,-259.7,-20.1,0.0,-259.7,-20.3,0.0,-259.7,-20.2,0.0,
2025年12月13日 22:33:08.828,0.3,0.8,0.3,0.8,2119.0,2041.0, -259.7,-20.1,0.0,-259.7,-20.1,0.0,-259.7,-20.3,0.0,-259.7,-20.2,0.0,
2025年12月13日 22:33:09.829,0.3,0.8,0.3,0.8,2100.0,2033.0, -259.7,-20.1,0.0,-259.7,-20.1,0.0,-259.7,-20.3,0.0,-259.7,-20.2,0.0,
2025年12月13日 22:33:10.828,0.3,0.8,0.3,0.8,2192.0,1999.0, -259.7,-20.1,0.0,-259.7,-20.1,0.0,-259.7,-20.3,0.0,-259.7,-20.1,0.0,
2025年12月13日 22:33:20.830,0.3,0.8,0.3,0.8,2142.0,1975.0, -259.7,-20.0,0.0,-259.7,-20.1,0.0,-259.7,-20.3,0.0,-259.7,-20.1,0.0,
2025年12月13日 22:33:21.830,0.3,0.8,0.3,0.8,2145.0,1939.0, -259.7,-20.0,0.0,-259.7,-20.1,0.0,-259.7,-20.3,0.0,-259.7,-20.2,0.0,
2025年12月13日 22:33:22.829,0.3,0.8,0.3,0.8,2073.0,2065.0, -259.7,-20.1,0.0,-259.7,-20.1,0.0,-259.7,-20.3,0.0,-259.7,-20.2,0.0,
2025年12月13日 22:33:39.830,0.3,0.8,0.3,0.9,2199.0,1984.0, -259.7,-20.1,0.0,-259.7,-20.1,0.0,-259.7,-20.3,0.0,-259.7,-20.1,0.0,
2025年12月13日 22:33:40.830,0.3,0.8,0.3,0.8,2038.0,2051.0, -259.7,-20.1,0.0,-259.7,-20.1,0.0,-259.7,-20.3,0.0,-259.7,-20.2,0.0,
2025年12月13日 22:33:41.830,0.3,0.7,0.3,0.8,2194.0,1978.0, -259.7,-20.1,0.0,-259.7,-20.1,0.0,-259.7,-20.3,0.0,-259.7,-20.2,0.0,
2025年12月13日 22:34:02.830,0.3,0.7,0.3,0.8,2130.0,1996.0, -259.7,-20.0,0.0,-259.7,-20.1,0.0,-259.7,-20.3,0.0,-259.7,-20.1,0.0,
2025年12月13日 22:34:03.830,0.3,0.8,0.3,0.9,2162.0,2001.0, -259.7,-20.1,0.0,-259.7,-20.1,0.0,-259.7,-20.3,0.0,-259.7,-20.1,0.0,
2025年12月13日 22:34:04.830,0.3,0.8,0.3,0.8,2193.0,1972.0, -259.7,-20.1,0.0,-259.7,-20.1,0.0,-259.7,-20.3,0.0,-259.7,-20.1,0.0,
2025年12月13日 22:34:05.831,0.3,0.8,0.3,0.8,2128.0,2020.0, -259.7,-20.1,0.0,-259.7,-20.1,0.0,-259.7,-20.3,0.0,-259.7,-20.2,0.0,
2025年12月13日 22:34:19.831,0.3,0.8,0.3,0.8,2121.0,1994.0, -259.7,-20.1,0.0,-259.7,-20.1,0.0,-259.7,-20.3,0.0,-259.7,-20.2,0.0,
2025年12月13日 22:34:20.831,0.3,0.7,0.3,0.8,2122.0,2000.0, -259.7,-20.1,0.0,-259.7,-20.0,0.0,-259.7,-20.3,0.0,-259.7,-20.1,0.0,
2025年12月13日 22:34:21.832,0.4,0.8,0.3,0.9,2252.0,1977.0, -259.7,-20.1,0.0,-259.7,-20.1,0.0,-259.7,-20.3,0.0,-259.7,-20.2,0.0,
2025年12月13日 22:34:38.832,0.3,0.8,0.3,0.8,2066.0,1964.0, -259.7,-20.1,0.0,-259.7,-20.1,0.0,-259.7,-20.3,0.0,-259.7,-20.2,0.0,
2025年12月13日 22:34:39.832,0.3,0.8,0.3,0.8,2169.0,1966.0, -259.7,-20.1,0.0,-259.7,-20.1,0.0,-259.7,-20.3,0.0,-259.7,-20.2,0.0,
2025年12月13日 22:34:40.833,0.3,0.8,0.3,0.8,2161.0,2050.0, -259.7,-20.1,0.0,-259.7,-20.1,0.0,-259.7,-20.3,0.0,-259.7,-20.1,0.0,
2025年12月13日 22:34:54.834,0.3,0.7,0.3,0.8,2119.0,2063.0, -259.7,-20.1,0.0,-259.7,-20.1,0.0,-259.7,-20.3,0.0,-259.7,-20.1,0.0,
2025年12月13日 22:34:58.833,0.4,0.8,0.3,0.8,2166.0,1966.0, -259.7,-20.1,0.0,-259.7,-20.1,0.0,-259.7,-20.3,0.0,-259.7,-20.1,0.0,
2025年12月13日 22:34:59.832,0.3,0.8,0.3,0.8,2171.0,2030.0, -259.7,-20.1,0.0,-259.7,-20.1,0.0,-259.7,-20.3,0.0,-259.7,-20.2,0.0,
2025年12月13日 22:35:36.835,0.3,0.8,0.3,0.8,2185.0,1943.0, -259.7,-20.0,0.0,-259.7,-20.1,0.0,-259.7,-20.3,0.0,-259.7,-20.2,0.0,
2025年12月13日 22:35:37.834,0.3,0.7,0.3,0.8,2127.0,1980.0, -259.7,-20.1,0.0,-259.7,-20.1,0.0,-259.7,-20.3,0.0,-259.7,-20.2,0.0,
2025年12月13日 22:35:38.842,0.3,0.7,0.3,0.8,2106.0,2028.0, -259.7,-20.1,0.0,-259.7,-20.1,0.0,-259.7,-20.3,0.0,-259.7,-20.2,0.0,
2025年12月13日 22:42:37.852,11.7,31.7,10.0,28.8,2356.0,2752.0, 753.1,6.0,0.0,-259.7,6.8,0.0,753.1,8.5,0.0,753.1,8.4,0.0,
2025年12月13日 22:42:38.851,11.6,31.3,9.8,28.3,2384.0,2730.0, 753.1,5.7,0.0,-259.7,6.6,0.0,753.1,8.3,0.0,753.1,8.1,0.0,
2025年12月13日 22:42:39.853,11.5,31.4,9.7,28.2,2450.0,2793.0, 753.1,5.6,0.0,753.1,6.4,0.0,753.1,8.2,0.0,753.1,8.0,0.0,
2025年12月13日 22:42:40.852,11.4,30.8,9.5,27.7,2394.0,2719.0, 753.1,5.3,0.0,753.1,6.1,0.0,753.1,7.9,0.0,753.1,7.8,0.0,
2025年12月13日 22:42:41.852,11.4,30.5,9.4,27.5,2421.0,2770.0, 753.1,5.3,0.0,753.1,6.1,0.0,753.1,7.9,0.0,753.1,7.8,0.0,
2025年12月13日 22:42:42.852,11.3,30.6,9.4,27.7,2375.0,2686.0, 753.1,5.1,0.0,753.1,5.9,0.0,753.1,7.6,0.0,753.1,7.7,0.0,
2025年12月13日 22:42:43.851,11.3,30.6,9.5,27.8,2443.0,2816.0, 753.1,5.1,0.0,753.1,5.8,0.0,753.1,7.6,0.0,753.1,7.6,0.0,
2025年12月13日 22:43:07.853,10.4,21.9,6.0,9.5,2233.0,1923.0, -259.7,-1.1,0.0,-259.7,-0.7,0.0,-259.7,0.3,0.0,-259.7,0.5,0.0,
2025年12月13日 22:43:08.853,10.3,22.3,6.2,10.2,2212.0,1959.0, -259.7,-1.6,0.0,-259.7,-1.2,0.0,-259.7,-0.1,0.0,-259.7,0.1,0.0,
2025年12月13日 22:43:09.854,10.3,24.2,6.7,12.2,2320.0,1952.0, -259.7,-1.4,0.0,-259.7,-1.0,0.0,-259.7,0.1,0.0,-259.7,0.3,0.0,
2025年12月13日 22:43:10.853,10.3,25.6,6.9,15.5,2206.0,1959.0, -259.7,-1.4,0.0,-259.7,-1.1,0.0,-259.7,0.0,0.0,-259.7,0.3,0.0,
2025年12月13日 22:44:34.856,10.3,19.5,4.9,7.6,2077.0,2058.0, -259.7,-1.0,0.0,-259.7,0.6,0.0,-259.7,2.0,0.0,-259.7,0.9,0.0,
2025年12月13日 22:44:35.856,10.8,22.1,5.5,8.5,2109.0,2003.0, -259.7,-1.5,0.0,-259.7,0.1,0.0,-259.7,1.7,0.0,-259.7,0.3,0.0,
2025年12月13日 22:44:36.856,11.3,23.9,6.1,9.5,2139.0,1954.0, -259.7,-1.6,0.0,-259.7,-0.1,0.0,-259.7,1.5,0.0,-259.7,0.1,0.0,
2025年12月13日 23:00:41.183,8.5,14.7,3.7,6.0,2391.0,1936.0, -259.7,-5.6,0.0,-259.7,-6.0,0.0,-259.7,-5.1,0.0,-259.7,-4.8,0.0,
2025年12月13日 23:00:42.181,8.8,16.3,4.3,7.2,2192.0,2046.0, -259.7,-5.6,0.0,-259.7,-6.0,0.0,-259.7,-5.1,0.0,-259.7,-4.8,0.0,
2025年12月13日 23:00:43.182,8.6,15.0,3.7,5.9,2116.0,2079.0, -259.7,-5.8,0.0,-259.7,-6.2,0.0,-259.7,-5.5,0.0,-259.7,-5.1,0.0,
2025年12月13日 23:00:44.182,8.4,14.3,3.5,5.4,2408.0,1960.0, -259.7,-5.7,0.0,-259.7,-6.1,0.0,-259.7,-5.3,0.0,-259.7,-4.8,0.0,
2025年12月13日 23:00:45.183,8.5,14.8,3.7,5.8,2096.0,2101.0, -259.7,-5.6,0.0,-259.7,-6.0,0.0,-259.7,-5.2,0.0,-259.7,-4.8,0.0,
2025年12月13日 23:01:07.183,8.5,14.6,3.6,5.5,2315.0,1985.0, -259.7,-5.4,37.6,-259.7,-6.1,0.0,-259.7,-4.9,0.0,-259.7,-4.6,0.0,
2025年12月13日 23:01:08.185,8.5,14.7,3.6,5.7,2307.0,2012.0, -259.7,-5.4,75.1,-259.7,-6.0,0.0,-259.7,-4.8,0.0,-259.7,-4.5,0.0,
2025年12月13日 23:01:09.183,8.7,15.1,3.9,6.1,2116.0,2068.0, -259.7,-5.3,102.6,-259.7,-5.9,0.0,-259.7,-4.8,0.0,-259.7,-4.4,0.0,
2025年12月13日 23:01:25.183,7.6,12.5,3.0,4.4,2208.0,1946.0, -259.7,-5.6,0.0,-259.7,-6.3,0.0,-259.7,-5.4,0.0,-259.7,-5.1,0.0,
2025年12月13日 23:01:26.184,7.5,12.7,3.0,4.6,2267.0,1928.0, -259.7,-5.6,0.0,-259.7,-6.3,0.0,-259.7,-5.5,0.0,-259.7,-5.2,0.0,
2025年12月13日 23:01:27.183,7.9,13.9,3.5,5.2,2192.0,2017.0, -259.7,-5.7,0.0,-259.7,-6.4,0.0,-259.7,-5.6,0.0,-259.7,-5.3,0.0,
2025年12月13日 23:01:28.184,8.2,13.8,3.4,5.1,2226.0,2036.0, -259.7,-5.7,0.0,-259.7,-6.4,0.0,-259.7,-5.5,0.0,-259.7,-5.3,0.0,
2025年12月13日 23:02:34.185,10.9,23.4,5.8,9.3,2113.0,2097.0, -259.7,6.0,0.0,-259.7,7.3,0.0,-259.7,10.5,0.0,-259.7,13.6,0.0,
2025年12月13日 23:02:35.186,10.7,22.6,5.6,8.8,2187.0,1961.0, -259.7,6.0,0.0,-259.7,7.2,0.0,-259.7,10.6,0.0,-259.7,13.6,0.0,
2025年12月13日 23:02:36.185,10.7,23.1,5.8,9.6,2086.0,2059.0, -259.7,6.0,0.0,-259.7,7.4,0.0,-259.7,10.7,0.0,-259.7,13.6,0.0,
2025年12月13日 23:02:37.185,10.7,23.3,5.9,9.6,2299.0,1950.0, -259.7,5.9,0.0,-259.7,7.2,0.0,-259.7,10.6,0.0,-259.7,13.6,0.0,
2025年12月13日 23:02:38.185,10.7,23.1,5.7,9.3,2213.0,1941.0, -259.7,5.9,0.0,-259.7,7.2,0.0,-259.7,10.6,0.0,-259.7,13.6,0.0,
2025年12月13日 23:02:39.185,10.7,22.8,5.5,8.6,2018.0,2131.0, -259.7,5.7,0.0,-259.7,7.0,0.0,-259.7,10.6,0.0,-259.7,13.8,0.0,
2025年12月13日 23:08:33.466,0.4,0.9,0.4,1.0,2302.0,1931.0, -259.7,-20.1,0.0,-259.7,-20.1,0.0,-259.7,-20.3,0.0,-259.7,-20.1,0.0,
2025年12月13日 23:08:34.467,0.4,0.9,0.4,1.0,2256.0,2016.0, -259.7,-20.1,0.0,-259.7,-20.0,0.0,-259.7,-20.3,0.0,-259.7,-20.1,0.0,
2025年12月13日 23:08:35.466,0.4,0.9,0.4,0.9,2245.0,1950.0, -259.7,-20.1,0.0,-259.7,-20.1,0.0,-259.7,-20.3,0.0,-259.7,-20.1,0.0,
