:020000040802F0
:10000000606100246D030208BD930208E1830208C9
:10001000BB930208590B020871B4020800000000EB
:10002000000000000000000000000000AD02020817
:10003000411202080000000009030208C59C0208E2
:100040008B0302088B0302088B0302088B03020850
:100050008B0302088B0302080D1302081B1302080E
:100060008B0302088B0302088B030208B50D0208FC
:10007000C10D0208CD0D02088B0302088B03020894
:100080008B0302088B03020815090208F11302080A
:100090008B0302088B0302088B0302088B03020800
:1000A0008B0302088B0302088B0302088B030208F0
:1000B000E5A00208F1A00208FDA002088B030208D7
:1000C0008B0302088B0302088B0302088B030208D0
:1000D0008B03020865B402088B0302088B03020835
:1000E000131302088B030208000000008B030208B0
:1000F0008B0302088B0302088B0302088B030208A0
:100100008B0302088B0302088B0302088B0302088F
:100110008B0302088B03020809A102088B03020863
:10012000D90D0208E50D0208F10D0208FD0D0208C7
:100130008B0302088B0302088B0302088B0302085F
:1001400000000000000000000000000000000000AF
:100150008B0302088B0302088B0302088B0302083F
:100160008B0302088B0302088B0302088B0302082F
:100170008B0302088B0302088B03020800000000B7
:100180008B0302088B0302088B0302088B0302080F
:100190008B0302088B0302088B0302088B030208FF
:1001A0008B0302088B0302088B0302088B030208EF
:1001B0008B0302088B0302088B0302088B030208DF
:1001C0008B0302088B0302088B0302088B030208CF
:1001D0008B0302088B0302088B0302088B030208BF
:1001E0008B0302088B0302088B0302088B030208AF
:1001F0008B0302088B0302088B0302088B0302089F
:100200008B0302088B0302088B0302088B0302088E
:100210008B0302088B0302088B0302088B0302087E
:100220008B0302088B0302088B0302080000000006
:100230008B0302088B03020800000000CD060208B1
:100240008B0302088B0302088B0302088B0302084E
:100250008B0302088B0302088B0302088B0302083E
:100260008B0302088B0302088B0302088B0302082E
:100270008B0302088B0302088B03020800000000B6
:100280008B0302088B0302088B03020800000000A6
:10029000000000008B030208DFF80CD000F07CF9AE
:1002A0000048004751D90208606100242C4B1968AE
:1002B0000868B0E8F04F80F30988BFF36F8F4FF004
:1002C000000080F3118870470000000008480068B3
:1002D000006880F308884FF0000080F3148862B64D
:1002E00061B6BFF34F8FBFF36F8F00DF00BF00BF5A
:1002F00008ED00E0DFF80C00016841F470010160D6
:10030000704700BF88ED00E0EFF30980BFF36F8F07
:10031000134B1A681EF0100F08BF20ED108A20E959
:10032000F04F106009B44FF0500080F31188BFF314
:100330004F8FBFF36F8F0EF057FE4FF0000080F32A
:10034000118809BC19680868B0E8F04F1EF0100F5A
:1003500008BFB0EC108A80F30988BFF36F8F704735
:10036000B4000024EFF30580704700000748804781
:100370000748804707480047FEE7FEE7FEE7FEE73D
:10038000FEE7FEE7FEE7FEE7FEE7FEE7D51302081D
:10039000899D0208990202082DE9F05F05460020B8
:1003A00092469B4688460646814640241BE02846E6
:1003B00041464746224600F053F853465A46C01A73
:1003C000914110D311461846224600F03AF82D1AF2
:1003D00067EB01084F4622460120002100F031F86A
:1003E00017EB00094E41201EA4F10104DFDC484652
:1003F00031462A464346BDE8F09F40EA01039B0789
:1004000003D009E008C9121F08C0042AFAD203E089
:1004100011F8013B00F8013B521EF9D27047D2B2ED
:1004200001E000F8012B491EFBD270470022F6E7DD
:1004300010B513460A4604461946FFF7F0FF20465A
:1004400010BD202A04DB203A00FA02F10020704798
:100450009140C2F1200320FA03F319439040704702
:10046000202A04DB203A21FA02F00021704721FA09
:1004700002F3D040C2F12002914008431946704770
:1004800070B521F0004303430CD0C1F30A5500249A
:10049000D5EB040564EB0403D617AD1AB34102DBB8
:1004A0000020014670BD201841EB025170BD0000D4
:1004B0002DE9F041054621F000400C46284309D0C3
:1004C000C4F30A5040F23341884205DD28462146F4
:1004D000BDE8F0812846FBE740F2FE31884210DC9F
:1004E0000CDB4FEA043040EA155050EA053105D0E4
:1004F000104804F0004101430020E9E700200146D4
:10050000E6E7A0F233404642C6F1400228462146C3
:10051000FFF797FF07468846284621463246FFF7F1
:100520009FFF43463A4600F049F83246BDE8F041A5
:10053000FFF787BF0000F03F70B5044601F00045AB
:100540000020054304D14FF00045644265EB0101F2
:1005500003F00045284305D118464FF000435242AE
:1005600063EB0003101B73EB010002D24FF000405D
:1005700009E082EA040283EA01034FF000501A43C3
:1005800001D14FF0C0404FEA2062EFF3008162F3E7
:100590001F6181F3008870BD064C074D06E0E068DE
:1005A00040F0010394E8070098471034AC42F6D3BA
:1005B000FFF776FE9CFD0208BCFD020810B5141E74
:1005C00073F1000408DA401C41F1000192185B410C
:1005D0001A4301D120F0010010BD2DE9F04D9246E3
:1005E0009B4611B1B1FA81F202E0B0FA80F22032FA
:1005F0009046FFF726FF04460F4640EA0A0041EA0C
:100600000B0153465A46084313D0114653EA0100E2
:1006100019D0C8F140025046FFF722FF05460E46AA
:10062000504659464246FFF70CFF084305D00120CB
:1006300004E020463946BDE8F08D0020054346EA37
:10064000E0762C4337430A986305E40AA0EB0800E0
:100650000022FD0A44EA47540A3002D50020014630
:10066000E9E7010510196941DDE90845001969410B
:10067000BDE8F04DA2E770B58C1810F8015B15F0DD
:10068000070301D110F8013B2A1106D110F8012B04
:1006900003E010F8016B01F8016B5B1EF9D12B0729
:1006A00005D40023521E0DD401F8013BFAE710F8DF
:1006B000013BCB1A921C03E013F8015B01F8015BCC
:1006C000521EF9D5A142D8D3002070BD014801F0D7
:1006D00001BB00001808002470B53A4905460068BF
:1006E000884202D0384A904202D1D1F8080302E091
:1006F0003648D0F8080310F4403F11D005F0D2FC82
:1007000004466868B0F5803F06D0B0F5003F03D0DE
:10071000B0F5403F27D101E0000C18E0A40822E02A
:1007200000214FF4002004F027FD0446686881038F
:10073000890B18D181140C2915D2DFE801F01406B9
:1007400006060606060B0D0F1113800C4000B4FBC5
:10075000F0F408E0240906E0640904E0A40902E0DA
:10076000E40900E0240A03F0BDFE41F203018842DF
:1007700008D8174884422868816813D821F480710A
:10078000816070BD13496008884204D82868816878
:1007900021F44071F4E71049884206D8286881683E
:1007A00021F4407141F48071EAE70C4988422868DD
:1007B000816804D821F4407141F40071E0E741F40C
:1007C0004071DDE700200240002102400060025835
:1007D000002D3101105E5F0020BCBE0040787D011D
:1007E00010B5846B616D11F0500F06D0616DC906B4
:1007F00025D5204601F06DFA10BD606D40F4007003
:10080000606520680168090707D508F01BF890B1FA
:100810002068C068800403D50DE0C06880070AD155
:10082000606D20F480706065606DC00403D4606DFD
:1008300040F001006065204601F0F0F910BDE16C68
:10084000C96CBDE81040084710B5806B416D41F0A0
:1008500040014165816D41F00401816501F039FA83
:1008600010BD10B5806B01F033FA10BD70B50446B1
:100870000068816811F0010F40D18168204A11425F
:100880002DD18168D5432940491C816003F030FE99
:100890001C49064620681C4B884201D0984201D171
:1008A0001A4A00E01A4A9268984202F01F0200D0E9
:1008B000014681421DD0E2B120E0816811F0010FB4
:1008C00003D181682940491C816003F011FE801B1F
:1008D00002280ED920680068C043C00709D0606DA7
:1008E00040F010006065A06D40F00100A06501209F
:1008F00070BD20680168C943C907DED1002070BD02
:100900003F000080002002400021024000230240FE
:1009100000630258044810B501F0DCF9BDE810404E
:10092000024801F0D7B9000050070024B4070024A2
:100930001CB5A52040F2FF34012269468DF8040061
:10094000204600F01EF89DF80000A52815D00A20CA
:100950000DF094F80122204601A900F047F80A2082
:100960000DF08CF801226946204600F00AF89DF847
:100970000000A52803D000201CBD01201CBD0220C2
:100980001CBD10B5012A0C4603D9BDE810400EF07D
:100990005DBB00F003F8207010BD00003EB5010AF9
:1009A00000228DF80410A0258DF8050001F0070045
:1009B000FF248DF808200123009445EA40010A48ED
:1009C0000DF1050203F0E2FE9DF80400012302AAE6
:1009D000009400F0070045EA4001034803F044FE9C
:1009E0009DF808003EBD0000C80A00242DE9F04132
:1009F0000F46054600F00F0100F00F00C1F1100492
:100A0000C0F11000A242A2EB000002D9C0F3071609
:100A100001E04FF0000605D9C6F1000100EB01101E
:100A2000C0B201E04FF00000012A804637D94FF4F0
:100A30008060824200D90246A918814201D96842E9
:100A4000C2B2A24228D93A462146284600F05AF8B6
:100A5000281985B2052027440DF010F800240CE079
:100A600010213A46284600F04DF81035ADB2052069
:100A700010370DF003F8641CE4B2B442F0D3052043
:100A80000CF0FCFFB8F1000012D03A4601462846AF
:100A9000BDE8F04100F036B8D1B23A46F7E7394642
:100AA000284600F01BF8BDE8F04105200CF0E6BF39
:100AB000BDE8F0812DE9F041002415460E460746B9
:100AC00008E0381980B2311900F008F805200CF060
:100AD000D5FF641CAC42F4D3BDE8F0813EB50125DE
:100AE0004FF0FF34C2B22B46C0F302200294CDE98E
:100AF0000015A02141EA4001014803F0EDFE3EBD92
:100B0000C80A00243EB5102913464FEA1024C2B289
:100B100000D910214518B5F5806F01D94142C9B2FD
:100B200000F00F050D44102D04D9084400F00F000B
:100B3000081AC1B24FF0FF3000930123CDE9011034
:100B400004F00700A02141EA4001024803F0C4FE7E
:100B50003EBD0000C80A0024FEE7000010B5294C85
:100B60004FF4FA739FED1D2B204894ED030A204AA1
:100B700000F108019FED1B4BB8EE400B0360B2F88B
:100B8000F9309FED1E3B80EE025B02EE103A9FEDC6
:100B9000191B25EE040BB8EE424B84EE002B83EEBE
:100BA000004B32EE012BBCEEC22B80ED012AB2F8D5
:100BB000F30002EE100AB8EE422B82EE003B33EE59
:100BC000010BBCEEC00B81ED000AB8EE400B34EE19
:100BD000000BBCEEC00B81ED010A10BD000000004F
:100BE000D01263410000000080842E417C0000246C
:100BF000DF0400240000000000407F4000000000EF
:100C000000005940780C00242DE9F04732490123B7
:100C1000324D4FF4FA780E4642460020B1F8F940C2
:100C2000B1F8F370C5F80080B6F8FB6020E010F171
:100C30000100624401EB400CBCF8FDC0A445F6D9AC
:100C400004EB840C02EB4C0A01EB400C45F823A0AA
:100C50005B1CBCF8FD20DBB203F1010C121B401C35
:100C600002EB82090AEB490245F823200CF0FF034E
:100C70008642DFD804EB8404581C02EB4404174A74
:100C800045F82340164C6032C3B207EB8707238038
:100C9000022308EB47001060002400F57A705060D2
:100CA00015E000BF01EB4405B5F8FD5005EB8505E7
:100CB00000EB4500A0F57A7042F823005D1CEBB212
:100CC0005D1C00F57A7042F82300641CEBB2A6426A
:100CD000E8D8BDE8F0870000DF0400244C0E0024B3
:100CE0007800002470B50A4DE86F01F0CBFE0024B7
:100CF00007E001200CF0C2FE641CE86FE4B201F0D2
:100D0000C1FE012802D0322CF3D3002070BD0000B8
:100D100024100024094B002110B50846997059771A
:100D20000246C0EB021404EB42121A44401C042891
:100D300082F83810F4D30248016010BDDF040024AB
:100D400028000024002805480A4603D04FF48051AB
:100D500003F0C2BB4FF48041FAE7000000040258E0
:100D6000090541EA021141F0407100F001B80000AC
:100D700038B50C4605460121FFF7E4FF002128465F
:100D8000FFF7E0FF200E8DF80000210C8DF8011018
:100D9000220A8DF802200648C823042269468DF8ED
:100DA000034005F04FFE01212846FFF7CBFF38BD79
:100DB0001C0B0024014801F069BE00007C080024DF
:100DC000014801F063BE0000F4080024014801F06E
:100DD0005DBE00006C090024014801F057BE000010
:100DE0004C110024014801F051BE0000C411002440
:100DF000014801F04BBE00005C0D0024014801F0E9
:100E000045BE0000D40D0024294A016891423AD021
:100E1000274A1832914236D0254A3032914232D098
:100E2000234A483291422ED0214A603291422AD040
:100E30001F4A7832914226D01D4A9032914222D0E8
:100E40001B4AA83291421ED01A4A91421BD0194A1D
:100E50001832914217D0174A3032914213D0154AB6
:100E6000483291420FD0134A603291420BD0114A5E
:100E70007832914207D00F4A9032914203D00D4A06
:100E8000A832914211D1CAB21823103AB2FBF3F240
:100E90006FF30901032A02F00703074AD25CC26517
:100EA00000D9091D81650846704721F0FF01F9E767
:100EB0001000024010040240A4FB020830B5224A90
:100EC000012301689142CAB21BD01F4C1434A142C5
:100ED00017D01D4C2834A14213D01B4C3C34A142E6
:100EE0000FD0194C5034A1420BD0174C6434A1429E
:100EF00007D0154C7834A14203D0134C8C34A14256
:100F00000CD11421114C083AB2FBF1F10F4A803296
:100F100001F01F0504EB8101AB4010E00C4D1824DB
:100F2000103A0D44B2FBF4F1A82D00D80831094A5B
:100F300001F01F0402EB8101064AA34080326030B9
:100F400080E80E0030BD00000854025800580258D6
:100F5000F0FBFDBF0008024010B50279531E072BBD
:100F60002DD8174C0168A1421BD0154C1434A14256
:100F700017D0134C2834A14213D0114C3C34A14259
:100F80000FD00F4C5034A1420BD00D4C6434A14211
:100F900007D00B4C7834A14203D0094C8C34A142C9
:100FA00003D10849074C443102E00749064C44315B
:100FB00004EB8202C0E91B2101219940416710BD69
:100FC00008540258FC580258FC08024010B58369C6
:100FD0004FF0C074826A0146002053B1B3F5005F40
:100FE00015D072B1012A0CD0022A0AD0032A09D1E5
:100FF00004E01AB1012A06D0022A03D1C96AC90144
:1010000000D5012010BDC96AA142FAD010BD002A46
:10101000F7D0012AF2D0022AF3D0032AF3D010BD70
:101020002DE9F04F804E804FDFF8FC911836DFF845
:10103000F8A148370468856D0AF1300ADFF8ECB191
:101040004C45DFF8ECC1DFF8ECE16DD0B4426BD079
:10105000544569D0BC4267D0DFF8D081A8F11808A8
:10106000444561D05C455FD064455DD074455BD03C
:10107000DFF8C481444557D0DFF8BC8108F1180877
:10108000444551D0DFF8B08108F1300844454BD0D9
:10109000DFF8A48108F14808444545D0DFF898817D
:1010A00008F1600844453FD0DFF88C8108F17808EA
:1010B000444539D0DFF8808108F19008444533D0A9
:1010C000DFF8748108F1A80844452DD0DFF86C8161
:1010D000444529D0DFF8648108F11408444523D041
:1010E000DFF8588108F1280844451DD0DFF84C810D
:1010F00008F13C08444517D0DFF8408108F150085A
:10110000444511D0DFF8348108F1640844450BD020
:10111000DFF8288108F17808444505D0DFF81C8104
:1011200008F18C08444509D1D0E91948C4F8048075
:10113000C46E1CB1D0E91C48C4F8048004684C4556
:101140002ED0B4422CD054452AD0BC4228D0374EA1
:10115000183EB44224D05C4522D0644520D074456A
:101160001ED0354EB4421BD0334E1836B44217D081
:10117000314E3036B44213D02F4E4836B4420FD0E1
:101180002D4E6036B4420BD02B4E7836B44207D089
:10119000294E9036B44203D0274EA836B44215D11A
:1011A00090F85C603F2406F01F06B440AC60046811
:1011B000256825F4802525602EE09A600068C160CE
:1011C000BDE8F08F99600068C260F9E71B4EB44239
:1011D0001BD01A4E1436B44217D0184E2836B442DB
:1011E00013D0164E3C36B4420FD0144E5036B44293
:1011F0000BD0124E6436B44207D0104E7836B4424B
:1012000003D00E4E8C36B442DAD190F85C600124E3
:1012100006F01F06B4406C60046863608368402B6E
:101220000368CFD1C9E700001000024088000240E7
:10123000A0000240B80002401004024008540258C6
:10124000704700002DE9F04300232E4855214FF050
:10125000A60C5FF0FA041D464FF07E5603EBC30266
:101260005B1C02EB42073A18022BC155A2F803504F
:10127000C2F80B60C2F80F50C2F81360C2F81750E2
:10128000A2F809C0A2F80740E8D3DFF87CC0C32762
:101290000023C8264FF07C591A46C3EB021808EB0E
:1012A000421202445B1C042B82F83610A2F83B70F9
:1012B000A2F83960C2F84590C2F849C0C2F84D5052
:1012C000EAD380F8F510642280F8F610AA23A0F87B
:1012D000F3200B2580F8F2304FF47A77A0F8FB501A
:1012E0005FF00002A0F8F770A0F8F96000EB42038D
:1012F000521C0B2AA3F8FD40F8D380F81F11BDE85B
:10130000F0830000DF040024CDCCCC3D012002F0AE
:10131000C1BF4FF4006002F0BDBF022002F0BABFAF
:101320002749962210B501F1980006F082FC254865
:101330002549006888423AD023491831884236D07E
:1013400021493031884232D01F49483188422ED05D
:101350001D49603188422AD01B497831884226D005
:1013600019499031884222D01749A83188421ED0AD
:10137000164988421BD015491831884217D01349A5
:101380003031884213D01149483188420FD00F497B
:10139000603188420BD00D497831884207D00B4923
:1013A0009031884203D00949A831884203D10168AD
:1013B00021F0080102E0016821F00401016010BD84
:1013C0008C0F00244C110024100002401004024035
:1013D00072B6FEE7054805490839026842F0020284
:1013E000026008688004FCD5704700000C48025871
:1013F000014802F08DBB0000E4090024F0B5036849
:101400004FF6FC716D4C426BD3F884508D4345EA26
:101410008205C3F88450036853F8845F068F25F46F
:101420007F0545EA06451D60836B654D9F18026880
:10143000D2F888308B4343EA8703C2F888300268C9
:1014400052F8883F868F23F4FE0343EA0643136075
:10145000066856F8A03FC26B8B4307EB420243EA93
:1014600082033360076857F8A03FB0F8406023F468
:10147000FE0343EA06433B60D0E9103603FB062235
:101480000368D3F8B0608E4346EA8206C3F8B060C2
:101490000368B0F84860D3F8B07027F4FE0747EA55
:1014A0000646C3F8B060D0E91267036806FB07225E
:1014B000D3F8AC608E4346EA8206C3F8AC60D0E94C
:1014C0001467036806FB0722D3F8F0608E4346EAF0
:1014D0008206C3F8F0600368B0F85860D3F8F07083
:1014E00027F47C1747EA0646C3F8F0600368876D67
:1014F00053F8C06F02EB47028E4346EA820119603F
:101500000168B0F85C20D1F8C03023F47C1343EAC2
:101510000242C1F8C020016890F86020D1F8C030C4
:1015200023F07C5343EA0262C1F8C020416B04EB14
:101530008101C166826B01EB82020267C36B02EB21
:10154000C3024267D0E91034634302EB830282672F
:10155000D0E91234634302EB8302C267D0E914344A
:10156000634302EB8302C0F88020836D02EBC30368
:10157000C0F88430C46D826E544303EB8403C0F81A
:101580008830046E544303EB8402C0F89020AA42D2
:101590000AD9D0F89C20032142F02002C0F89C20F8
:1015A00080F898100120F0BD002200E004C1D0F8BE
:1015B00090308B42FAD80020F0BD000000AC004013
:1015C000FCD30040F0B58E680C69D1E9005744EABD
:1015D0000604DFB145F080452C43866ED1E906C58F
:1015E0004F695E4391F8203045EA0C05B1F80CC014
:1015F000D0F884E0002047EA03630C4F1D430EEB54
:10160000860345EA0C45E3E802450AE044EA8544DE
:10161000E3E71418155C001DD4F8014045EA0424E2
:1016200010C3CC683C5D8442F3D8F0BDACFB02082B
:10163000002A10B509D0002305E000BF10F8014BC7
:101640005B1C01F8014B9342F8D310BD4FF00160D1
:1016500010B500F005F80149088010BD0000002415
:1016600070B55FF0000405464AF6AA262DED028B00
:101670009FED138B05EB4410006881B2B14215D188
:10168000000C001D00EE100AB8EE400B20EE080B17
:1016900009F01AFF01EE104AB8EE411B30EE010BC3
:1016A000BCEEC00B10EE100A84B2E3E7401C02D07F
:1016B000641CA4B2DEE7BDEC028B204670BD0000C6
:1016C000000000000000A03F70477047704770475F
:1016D000704700002DE9F0470F4690F850109AB07F
:1016E000044601294FF0000915D00026DFF8F880E4
:1016F000012084F8500015961696216841450ED1B8
:101700003A4D0095284607F099F88246206807F080
:1017100095F860B10EE002201AB0BDE8F087606D68
:1017200084F8506040F0200060650120F4E7BAF1D1
:10173000000F09D0616D4FF0010941F02000606594
:10174000484684F85060E7E720684146884201D067
:10175000A84201D1264800E0264840F61F72D7F87B
:1017600000C0254BBCF1000F23D0D0F808C0D7F83B
:1017700004802CF4404C4CEA080CC0F808C0D4F8A3
:1017800000C08C4501D0AC4507D18968AB6801F039
:10179000010103F00103194302E0996801F001011E
:1017A0000029CDD1BD683968836829439343194323
:1017B00017E0876827F44047876027688F4201D089
:1017C000AF4207D18968AB6801F0010103F0010362
:1017D000194302E0996801F001010029B0D1816844
:1017E00091438160ACE700000020024000210240EC
:1017F0000023024000630258006002582DE9F84FB0
:101800000446EB4E0020DFF8ACB30090002794F8BC
:1018100050000D46DFF8A0A3012808D04FF00109C1
:1018200084F85090206807F005F818B171E10220A3
:10183000BDE8F88F286800280EDB21680303CA6919
:1018400028D090FAA0F0B0FA80F000BF00F01F039B
:1018500009FA03F00243CA61D5E900124FF00C0CFB
:1018600020681F23C1F384610CEA921C02F01F025E
:10187000604493409140026B9A430A43026320689C
:1018800006F0D8FF8046206806F0D0FF58EA000036
:1018900003D08DE0C0F38460D8E72A680423206871
:1018A0004FF0070CA96803EAD25318444369C2F306
:1018B00004520CFA02FC914023EA0C030B434361EF
:1018C000BE490968B9EB117F06D121686869C9680A
:1018D000C1F38201490008E02068C168C906C168F7
:1018E0006869F5D501F01001490888402969042983
:1018F0002ED023682A6803EB810102F0F8420B6EB8
:10190000024303F0004010430866697E226828699C
:10191000012917D05FF0000102EB8000026E22F077
:1019200000420A430266297E20682A6901290CD0F8
:101930000021036902F01F02914023F4F0420A43A0
:10194000026135E04FF00041E6E74FF40061F0E757
:1019500020682978026E02F0F842B2EB816F03D161
:10196000016E21F00041016620682978426E02F084
:10197000F842B2EB816F03D1416E21F00041416624
:1019800020682978826E02F0F842B2EB816F03D1B1
:10199000816E21F00041816620682978C26E02F0D4
:1019A000F842B2EB816F03D1C16E21F00041C166F4
:1019B0002068816811F0010F72D150F8C03F2A7B76
:1019C000DFF8FCC1296802F018022CFA02FCC1F30E
:1019D000130823EA08030CEA010C43EA0C03036032
:1019E000E96859456CD177482268DFF8DCC1DFF837
:1019F000DCB18242DFF8D8E17648774BDFF8DC8152
:101A000022D12968614524D0B1EB4C0C38D0A1F12A
:101A1000496CBCF1080C35D0A1F1865CBCF1100C0E
:101A200032D0DFF8BCC1614528D071453AD081423F
:101A300030D0994232D06B48814201D16A4831E0BE
:101A400041452ED169482DE0B2422AD1296861452D
:101A500001D1012026E0A1F1066CBCF1040C0FD0ED
:101A6000A1F1496CBCF1080C0CD0A1F1865CBCF171
:101A7000100C09D0DFF868C1614507D15C4811E05E
:101A800058460FE05B480DE05B480BE0714509D01C
:101A9000814201D1184605E09942D1D1574801E071
:101AA0003CE00020D16903031AD090FAA0F0B0FA0C
:101AB00080F000BF00F01F0309FA03F00143D16179
:101AC000D5F800C0BCF1000F28DA3E4B20684C4925
:101AD000DFF83091984201D0B04203D10A4602E0CB
:101AE000800EE7E74A469268984202F0E07201D021
:101AF000B04209D19D68D6F8088005F0010508F0CC
:101B0000010845EA080503E0DAF8085005F0010588
:101B10004DB1606D012740F020006065002084F821
:101B20005000384684E6384DAC451CD115021AD415
:101B30005045F3D1984202D0B04200D049468B685C
:101B400042F4000023F0E07202438A6030492F48DB
:101B50000968B1FBF0F04000801C00E0401E0090DE
:101B60000028FBD1DAE72B4DAC450CD1D5010AD4C6
:101B70005045D3D1984202D0B04200D049468B683C
:101B800042F080700EE0244DAC45C7D15502C5D45B
:101B90005045C3D1984202D0B04200D049468B682C
:101BA00042F4800023F0E07202438A60B6E700004E
:101BB000002102400000FF47006002580010005C56
:101BC000FFFF0F00002002400200300440002019F7
:101BD0000004002A0008302E001060320000844B00
:101BE0002000F01400002143000052470000B84FCD
:101BF0000002B0258000501D000180210020903699
:101C00000023024000630258000084CB400D030013
:101C10009C000024000052C70000B8CF2DE9F0411D
:101C2000264980460068264E884212D1254F00255D
:101C30005FF0000404EB850104EB0410304437F836
:101C400011100AF097FC641C042CF3D36D1C072DB3
:101C5000EED31D49D8F80000884213D1194F383708
:101C60000025002404EBC50104EB0410304437F8D0
:101C7000111044300AF07EFC641C082CF2D36D1C59
:101C8000072DEED31149D8F80000884214D10D4F2A
:101C9000A83700255FF0000404EB850104EB041075
:101CA000304437F81110CC300AF064FC641C042C6A
:101CB000F2D36D1C072DEDD3BDE8F081002002406A
:101CC0009F02002470060024002102400060025898
:101CD000704770472DE9F05F044600680668456864
:101CE000DFF87082DFF870B2DFF87092404501D003
:101CF000484501D1584600E09948806800F01F0728
:101D0000B0070ED5A8070CD5606DC00603D4606D72
:101D100040F4006060652046FFF7D6FC2168022091
:101D20000860700701D5680703D4300737D5280746
:101D300035D5606DC00603D4606D40F400706065F9
:101D4000206806F07FFD20B32068484501D1424657
:101D500000E00246824208D03FB1052F05D0092F8E
:101D600003D0484503D1414602E0C16801E0014685
:101D7000C96889040DD4016809070AD506F05AFD1F
:101D800058B3606D40F010006065A06D40F0010038
:101D9000A0652046FFF742FF21680C200860B006CE
:101DA00001D5A80603D4700658D5680656D5606DCF
:101DB000C00603D4606D40F4005060652068C16CBB
:101DC00011F4C07F1AD000218A4606F03BFD02467E
:101DD0002068484514D1434613E02068416821F04B
:101DE0000C014160606D20F480706065606DC0041E
:101DF000CFD4606D40F001006065CAE70121E3E7E0
:101E00000346834208D03FB1062F05D0072F03D0E9
:101E1000484503D1414602E0C16801E00146C96876
:101E2000BAF1000F14D08B0102D58AB18A040FD405
:101E3000026852060CD589020AD406F0F7FCE8B312
:101E4000606D40F010006065A06D40F00100A0657D
:101E50002046FFF73AFC21686020086030060BD569
:101E6000280609D5606D40F480306065204600F09A
:101E70008DF9216880200860F0050CD5E8050AD5A9
:101E8000606D40F4003060652046FFF720FC21685B
:101E90004FF480700860B0050CD5A8050AD5606DB8
:101EA00040F4802060652046FFF712FC21684FF463
:101EB00000700860F00631D5E80600E00AE02DD594
:101EC000206BE8B12068EFB3404501D0484512D1FE
:101ED000584611E02068416821F060014160606D62
:101EE00020F480506065606DC005B1D4606D40F035
:101EF00001006065ACE71A48806800F4404050B1CA
:101F0000606D40F480606065A06D40F00200A065E7
:101F10002046FFF7DEFE216810200860700517D507
:101F2000680515D5616D4FF4806041F480416165AD
:101F3000A16D41F00801A165216808602046BDE857
:101F4000F05F00E001E0FFF7C1BBC0688007D6E7A3
:101F5000BDE8F09F00200240002302400021024023
:101F600000630258F8B54FF00006040035460096AD
:101F700002D0606D10B107E00120F8BD204600F0EE
:101F800007F9A66584F8506020688168C1F3407144
:101F900019B18168704A1140816020688168C1F37D
:101FA000007181B981686D4A114041F080518160B2
:101FB0006C496B480968B1FBF0F0401C00E0401E22
:101FC00000900028FBD120688168C1F3007141B9FD
:101FD000616D012541F010016165A16D41F00101C4
:101FE000A16506F027FC616DC90600D420B1606DC3
:101FF000012540F0100093E0606D20F4807040F007
:10200000020060652068816811F0010F1FD1564AF7
:10201000564B904201D0984207D191689E6801F0DA
:10202000010106F00106314303E05149896801F0DE
:10203000010161B9904201D0984201D14D4800E0C0
:102040004D488268616822F47C120A43826002F083
:1020500049FA41F20301884202D9A06810280CD045
:10206000617D227FA368206B490341EA0241184346
:102070000843217F01290CD010E0607D227F216B75
:10208000400340EA024241F01000104340F00C00CF
:10209000EFE7218C394A02EB41410843616A29B1DB
:1020A000A26A01F47871014342EA01002168344BCD
:1020B000CA681A400243CA60206806F0BBFB0646A5
:1020C000206806F0B3FB30431DD1216844F20303BE
:1020D000267DE26AC86842EA863298431043C860A7
:1020E00094F8380001281ED02068016921F0010110
:1020F00001612068626B016921F070411143016147
:102100002046FEF7E9FAE068012820681CD0016B40
:1021100021F00F010163606D20F0020040F001002A
:1021200060652846F8BD2068A28F164FD4E9101CC0
:10213000154E07EB0247A36C026941EA0C013B43D1
:10214000324019431143D3E7A269016B521E21F0BB
:102150000F011143DEE70000C0FFFF5FC0FFFF7FFC
:10216000400D03009C00002400200240002102409A
:102170000060025800230240006302580000FEFF86
:1021800003C0F0FF0100FFFF1EF800FC70470000D5
:102190002DE9F04F87B0064614216846FEF746F950
:1021A000754A002472480325DFF8D0C14FF48067D8
:1021B0003368083011684FF40069DFF8B481634573
:1021C000DFF8B0E14FF4005A4FF4807B01F10101D8
:1021D00035D1012911600AD1D8F8001041F0200151
:1021E000C8F80010D8F8001001F02001059101682E
:1021F00041F00101016000686946029400F00100AD
:1022000005900F20CDE90005704602F04FF85C4DB7
:102210004FF0090C5B4B05F10C0128462B60C5E91A
:1022200001C481E8900E2C626C6256E0F5640022D5
:102230000521AE63122002F049FD122092E0DFF882
:1022400048C1634550D1012911600AD1D8F8001066
:1022500041F02001C8F80010D8F8001001F020016A
:102260000591016841F001010160016801F001017F
:102270000591016841F004010160016801F0040169
:102280000591016841F0020101600068694602940D
:1022900000F002000590F020CDE90005704602F044
:1022A00005F830206946CDE900053848029401F070
:1022B000FDFF009569463648CDE9015401F0F6FF6F
:1022C0002F4D0A232F4A783518321CC5A5F10C0072
:1022D00085E8900E6C61AC610C3D00F04BFF00286E
:1022E000A4D0FFF775F8A1E72A498B423CD10168D9
:1022F00041F080710160016801F080710591016811
:1023000041F00401016000686946009500F0040096
:1023100005901E48CDE9015401F0C8FF4FF08060E0
:10232000014604F055FE4FF00060014604F050FEF7
:10233000134D73221349F035303116C5A5F10C0049
:1023400085E8900E6C61AC610C3D00F013FF08B1A4
:10235000FFF73EF8F56400220521AE637F2002F00E
:10236000B5FC7F2002F093FC07B0BDE8F08F0000C1
:10237000D8440258000002584400002400200240C3
:102380007C0800241000024000210240000802588E
:1023900000040258006002582DE9F047384E044608
:1023A00000689146DFF8DC808A46B04201D04045A3
:1023B00001D1354900E03549896801F01F0506F073
:1023C00039FA002859D194F85000012855D001203D
:1023D0004FF0000784F8500025B1052D02D0092DDB
:1023E00000D003E02046FEF741FA18B184F850709F
:1023F000BDE8F087616D40F6016320689943404570
:1024000041F48071616500D00646864200D01DB956
:10241000606D20F480106065606DC00404D5A06D0F
:1024200020F00600A06500E0A7651C20E16C184ABA
:10243000CA63E26C17491164E26C1749D1642168E0
:10244000086084F850702068416841F010014160D4
:102450002068E16AC26822F003020A43C260216870
:102460004B46E06C5246403101F066F821680B4B58
:102470008A681A40121D8A60BAE70220B8E7000095
:102480000020024000210240002302400063025865
:10249000E10702086308020849080208C0FFFF7F3D
:1024A0002DE9F84F044602F023F800903CB194F86F
:1024B0003500022806D0802161650020E4E001207B
:1024C000BDE8F88FC74DC74EC6491835206830366D
:1024D000DFF81483DFF814938842DFF814A3DFF8E1
:1024E00014B32ED0A8422CD0B0422AD0404528D0D8
:1024F000484526D0504524D0584522D0BD4A1832F0
:1025000090421ED0BC4A90421BD0BB4A1832904227
:1025100017D0B94A3032904213D0B74A483290426D
:102520000FD0B54A603290420BD0B34A7832904215
:1025300007D0B14A9032904203D0AF4AA8329042BD
:1025400009D1026822F01E0202602068426922F06E
:102550008002426103E0026822F00E0202602768F6
:102560008F4238464DD0A8424BD0B04249D040456A
:1025700047D0484545D0504543D0584541D09D4A65
:10258000183290423DD09C4A90423AD09A4A183232
:10259000904236D0984A3032904232D0964A4832F1
:1025A00090422ED0944A603290422AD0924A783299
:1025B000904226D0904A9032904222D08E4AA83241
:1025C00090421ED08D4A90421BD08C4A14329042C9
:1025D00017D08A4A2832904213D0884A3C3290421F
:1025E0000FD0864A503290420BD0844A64329042D7
:1025F00007D0824A7832904203D0804A8C32974288
:1026000004D1206E026822F480720260754920684D
:10261000884228D0A84226D0B04224D0404522D0BB
:10262000484520D050451ED058451CD0714918311E
:10263000884218D07049884215D06F4918318842B5
:1026400011D06D49303188420DD06B4948318842F4
:1026500009D069496031884205D06749783188429C
:1026600001D065499031016821F0010101600EE05F
:1026700001F03EFF0099401A052808D92022626522
:102680000321002084F8351084F8340017E73868F7
:10269000C007EDD1534A0121206890422ED0A842B4
:1026A0002CD0B0422AD0404528D0484526D05045AD
:1026B00024D0584522D04F4B183398421ED04E4B51
:1026C00098421BD04C4B1833984217D04A4B3033AA
:1026D000984213D0484B483398420FD0464B603352
:1026E00098420BD0444B7833984207D0424B9033FA
:1026F000984203D0404BA833984208D194F85C70BC
:102700003F23A06D07F01F07BB40836007E094F8EC
:102710005C30A06D03F01F0301FA03F343602068EF
:1027200090424DD0A8424BD0B04249D0404547D00E
:10273000484545D0504543D0584541D02D4A1832E0
:1027400090423DD02C4A90423AD02B4A18329042C7
:1027500036D0294A3032904232D0274A483290420D
:102760002ED0254A603290422AD0234A78329042B5
:1027700026D0214A9032904222D01F4AA83290425D
:102780001ED01E4A90421BD01C4A1432904217D0D1
:102790001A4A2832904213D0184A3C3290420FD045
:1027A000164A503290420BD0144A6432904207D0FD
:1027B000124A7832904203D0104A8C3290420BD1A8
:1027C000D4E919024260E06E30B1026822F48072EE
:1027D0000260D4E91C024260002084F8351084F8BD
:1027E00034006DE6100002405800024070000240C4
:1027F00088000240A0000240100402400854025821
:102800002DE9F05F28B190F83510022904D080211D
:1028100041650120BDE8F09F904C904B0168183C49
:1028200018338E4ADFF83C92A1428D4CDFF838E233
:102830008E4FDFF83CB2DFF83CA28F4D8F4E31D087
:1028400091422FD099422DD0A1422BD0494529D079
:10285000714527D0B94225D0DFF810C20CF1180C11
:1028600061451FD0DFF808C2ACF1600C614519D09A
:10287000DFF8FCC1ACF1480C614513D0DFF8F0C1C2
:10288000ACF1300C61450DD0DFF8E4C1ACF1180CAF
:10289000614507D0594505D0514503D0A94201D023
:1028A000B1422CD1DFF8B4C14FF0040880F8358074
:1028B000ACF1180C61451DD091421BD0994219D042
:1028C000A14217D0494515D0714513D0B94211D056
:1028D0006648183081420DD065486038814209D081
:1028E00063484838814205D061483038814201D080
:1028F0005F481838086820F001000860ABE0D1F8A4
:1029000000C02CF00E08DFF854C1C1F80080ACF113
:10291000180C0168614527D0914225D0994223D0F7
:10292000A14221D049451FD071451DD0B9421BD0CD
:10293000DFF838C10CF1180C614515D0DFF830C153
:10294000ACF1600C61450FD0DFF824C1ACF1480C4C
:10295000614509D0DFF818C1ACF1300C614503D0F6
:10296000DFF80CC1ACF1180CD1F800C02CF0010C50
:10297000C1F800C0DFF8E4804FF0010C0168A8F155
:102980001808414546D0914244D0994242D0A142D4
:1029900040D049453ED071453CD0B9423AD0334A47
:1029A0001832914236D0324A603A914232D0304A9F
:1029B000483A91422ED02E4A303A91422AD02C4A9F
:1029C000183A914226D0594524D0514522D0A942E7
:1029D00020D0B1421ED02A4A91421BD0284A14323C
:1029E000914217D0264A2832914213D0244A3C32D1
:1029F00091420FD0224A503291420BD0204A643289
:102A0000914207D01E4A7832914203D01C4A8C3240
:102A1000914218D1016E0A6822F480720A6090F81F
:102A20005C20816D02F01F020CFA02F24A60D0E9CC
:102A300019124A60C16E31B10A6822F480720A60CC
:102A4000D0E91C124A600022016D80F835C080F880
:102A5000342001B188470020DCE600002800024055
:102A6000580002407000024088000240A00002406E
:102A70007004024088040240A0040240B8040240EE
:102A80000854025890F83500704700002DE9FC5FAB
:102A90000446F74E0020DFF8D88300904FF416521A
:102AA000F44808F11808A56DDFF8C493DFF8C0A357
:102AB000016809F1300920680AF1480AB1FBF2F116
:102AC000B04201912F68D5F800C0DFF8ACB335D023
:102AD0004146884232D0484530D050452ED05845E6
:102AE0002CD0E5491831884228D0E349303188425A
:102AF00024D0E1494831884220D0E04988421DD0A5
:102B0000DE491831884219D0DC493031884215D06D
:102B1000DA494831884211D0DFF860E30EF1600EE7
:102B200070450BD0D54A7832904207D0D34B9033C2
:102B3000984203D0D149A83188427DD194F85C20D5
:102B4000082102F01F0201FA02F23A424AD0B042D2
:102B500032D0404530D048452ED050452CD0584535
:102B60002AD0C54A1832904226D0C34A3032904209
:102B700022D0C14A483290421ED0C04A90421BD057
:102B8000BE4A1832904217D0BC4A3032904213D01D
:102B9000BA4A483290420FD0B84A603290420BD0C5
:102BA000B64A7832904207D0B44A9032904203D06D
:102BB000B24AA832904203D1026802F0040202E055
:102BC000026802F008026AB1026822F004020260A0
:102BD00094F85C0000F01F008140A960606D40F037
:102BE0000100606594F85C00012100F01F00814045
:102BF000394240D02068B04234D0404532D04845B8
:102C000030D050452ED058452CD09B4A1832904297
:102C100028D0994A3032904224D0974A4832904284
:102C200020D0964A90421DD0944A1832904219D032
:102C3000924A3032904200E0AFE113D08F4A4832DE
:102C400090420FD08D4A603290420BD08B4A78323E
:102C5000904207D0894A9032904203D0874AA832E6
:102C600090427DD1406910F0800F04D0A960606D62
:102C700040F00200606594F85C00042100F01F0041
:102C8000814039423ED02068B04232D0404530D0F9
:102C900048452ED050452CD058452AD0764A183277
:102CA000904226D0744A3032904222D0724A483242
:102CB00090421ED0714A90421BD0704A1832904206
:102CC00017D06E4A3032904213D06C4A483290424C
:102CD0000FD06A4A603290420BD0684A78329042F4
:102CE00007D0664A9032904203D0644AA83290429C
:102CF0004ED1006810F0020F04D0A960606D40F062
:102D00000400606594F85C00102100F01F00814011
:102D1000394258D02068B04234D0404532D048457E
:102D200030D050452ED058452CD0534A18329042BE
:102D300028D0514A3032904224D04F4A48329042F3
:102D400020D04E4A90421DD04C4A1832904219D0A1
:102D50004A4A3032904215D0484A4832904200E008
:102D600014E00FD0454A603290420BD0434A78328B
:102D7000904207D0414A9032904203D03F4AA83255
:102D8000904207D1006800F0080006E0006872E792
:102D90000068B7E7006800F00400A0B1A9602068EF
:102DA0000168490304D50068000308D5A16C07E059
:102DB0000168C90503D4016821F008010160216C94
:102DC00009B12046884794F85C00202100F01F00DC
:102DD0008140394279D02068B04232D0404530D06D
:102DE00048452ED050452CD058452AD0224A18327A
:102DF000904226D0204A3032904222D01E4A483299
:102E000090421ED01D4A90421BD01C4A183290425C
:102E100017D01A4A3032904213D0184A48329042A2
:102E20000FD0164A603290420BD0144A783290424A
:102E300007D0124A9032904203D0104AA8329042F2
:102E400003D1006800F0100002E0006800F002000A
:102E5000B0B3A96094F835000428206801680FD049
:102E600049037ED5006800032BD4616C2AE0000082
:102E7000100002409C000024700002401004024038
:102E800021F0160101602068416921F08001416153
:102E9000206C08B9A06C20B12068016821F00801FD
:102EA000016094F85C303F21012003F01F030022F1
:102EB0009940A96084F8350084F83420216D65E0DC
:102EC00003E0E16B09B120468847606D00287DD0A2
:102ED000606DC00759D02068042184F83510B042D5
:102EE0002BD0404529D0484527D0504525D05845BE
:102EF00023D09D49884220D09B49183188421CD05C
:102F000099493031884218D09849884215D097495C
:102F10001831884211D09549303188420DD09349FB
:102F20004831884209D091496031884205D08F49A3
:102F30007831884201D08D499031016821F001013A
:102F4000016020680099019A491C0091914202D8C1
:102F50000168C907F6D10068C00710D003200FE050
:102F6000FFE70168C905ACD403680121002223F002
:102F70001003036084F8351084F83420A1E70120A1
:102F800084F83500002084F83400E16C00291DD05D
:102F900002B02046BDE8F05F0847754988421DD061
:102FA00073491431884219D071492831884215D0AB
:102FB0006F493C31884211D06D49503188420DD063
:102FC0006B496431884209D0694900E084E0783176
:102FD000884203D066498C3188427DD194F85C8068
:102FE0000427016808F01F0807FA08F717EA0C0F12
:102FF000009746D04F0744D500980F04686003D56A
:10300000C8033CD4A16CC1E7880638D42068B0421C
:103010002DD055496039884229D0484527D05045A0
:1030200025D0584523D05049884220D04E491831E8
:1030300088421CD04C493031884218D04B498842D4
:1030400015D04A491831884211D048493031884258
:103050000DD046494831884209D0704507D090428A
:1030600005D0984203D04149A831884203D1016874
:1030700021F0080102E0016821F004010160216CE7
:1030800084E7022707FA08F717EA0C0F00974ED0DB
:103090008F074CD500980F04686003D5C80344D44B
:1030A000616C73E7880640D42068B0422FD02E4967
:1030B000603988422BD0484529D0504527D0584503
:1030C00025D02949884222D02749183188421ED06C
:1030D00025493031884200E044E018D02349884235
:1030E00015D022491831884211D020493031884208
:1030F0000DD01E494831884209D0704507D0904212
:1031000005D0984203D01949A831884203D10168FB
:1031100021F0140102E0016821F00A01016001219F
:1031200084F83510002084F83400E16B2EE7082283
:1031300002FA08F212EA0C0F14D0090712D501683E
:1031400021F00E01016094F85C100120002201F0D2
:103150001F0100FA01F16960606584F8350084F8A8
:10316000342012E7BDE8FC9F8800024010040240B2
:10317000085402582DE9F05F044601F0B9F9002C1B
:1031800007467DD0E34E022120684FF00308DFF8A8
:1031900088934FF00005DFF884A3B042DFF880B3D6
:1031A00034D0DC4A1832904230D048452ED05045B9
:1031B0002CD058452AD0DA4A1832904226D0D84A24
:1031C0003032904222D0D64A483290421ED0D54A60
:1031D00090421BD0D34A1832904217D0D14A303295
:1031E000904213D0CF4A483290420FD0CD4A60323D
:1031F00090420BD0CB4A7832904207D0C94A9032E5
:10320000904203D0C74AA83290427DD184F835104D
:10321000B04284F834502ED0BE49183188422AD0AA
:10322000484528D0504526D0584524D0BC491831AF
:10323000884220D0BA49303188421CD0B849483140
:10324000884218D0B749884215D0B649183188420B
:1032500011D0B449303188420DD0B249483188424A
:1032600009D0B0496031884205D0AE4978318842F2
:1032700001D0AC499031016821F00101016008E002
:1032800027E100BF01F034F9C01B052801D9202136
:103290001CE120680068C007F4D104F1080021682F
:1032A000D4E9053C8E4685C809681043D4E907284F
:1032B0001F43636A38439C4F40EA0C001043394077
:1032C00040EA0800042B40EA010003D1D4E90B12C4
:1032D00011430843954909686FF30F01B1F1005F8D
:1032E0000FD36168A1F12902052A08D9163A032AE9
:1032F00005D9083A012A02D94F39032901D840F4E7
:103300008010CEF8000000E023E02068676A406982
:10331000042F20F0070047EA00070DD1D4E90A0185
:10332000074349B12046FDF751FE28B140206065B2
:10333000012184F83510CCE0206847612046FDF774
:1033400063FD94F85C203F2102F01F0291408160F0
:1033500054E0774A90421BD0754B1433984217D0F3
:10336000734B2833984213D0714B3C3398420FD0A3
:103370006F4B503398420BD06D4B6433984207D05B
:103380006B4B7833984203D0694B8C3398427DD194
:1033900084F8351084F83450664B0168A26801EA5D
:1033A000030E402A73D0802A72D00022D4E9037819
:1033B000D4E9053142EAD70242EAD8085C4AD4E9A6
:1033C000077C48EAD30848EAD10141EAD7015242D2
:1033D00041EA1C11142341EA0E01016020681044E7
:1033E000B0FBF3F08000E0652046FDF70DFD94F89A
:1033F0005C20012102F01F02914041602068B04230
:1034000057D044491831884253D0484551D050458F
:103410004FD058454DD042491831884249D0404993
:103420003031884245D03E494831884241D03D49FB
:1034300088423ED03B49183188423AD03949303130
:10344000884236D037494831884232D035496031D8
:1034500088422ED03349783188422AD03149903180
:10346000884226D02F49A831884222D0304988424C
:103470001FD02F49143188421BD02D492831884252
:1034800017D02B493C31884213D002E01DE017E0F1
:1034900018E02749503188420BD0254964318842D1
:1034A00007D023497831884203D021498C318842A2
:1034B00029D12046FDF702FDA06880280CD00CE041
:1034C000102273E74FF4804270E74021616584F871
:1034D00035800120BDE8F09F6560216E207908608D
:1034E000D4E9190141606068401E072808D82046C9
:1034F000FDF732FDE06E0560D4E91C01416002E099
:10350000E566256765670120656584F8350000205C
:10351000E0E7000010000240400002405800024076
:1035200070000240100402403F8010FE0010005C5A
:10353000085402580F00FEFF2DE9F84F04008C4696
:103540004FF00000009014D094F83400012812D0FD
:1035500094F835500120002184F83400012D0CD05E
:10356000C00260650120009084F834100098BDE826
:10357000F88F0120FBE70220F9E78C4D0226206836
:1035800084F83560A8428A4D61658A4E8A4FDFF81B
:103590002C82DFF82C92DFF82CA2DFF82CB226D098
:1035A000A84224D0B04222D0B84220D040451ED0FC
:1035B00048451CD050451AD0584518D083498842F8
:1035C00015D082491831884211D080493031884263
:1035D0000DD07E494831884209D07C49603188420B
:1035E00005D07A497831884201D078499031016814
:1035F00021F00101016061462046FDF711FD6B4994
:10360000206888422CD0A8422AD0B04228D0B842A4
:1036100026D0404524D0484522D0504520D058459A
:103620001ED06A4A90421BD0684A1832904217D086
:10363000664A3032904213D0644A483290420FD0EA
:10364000624A603290420BD0604A7832904207D092
:103650005E4A9032904203D05C4AA83290420CD12C
:10366000026822F01E0242F016020260206C88B14D
:103670002068026842F008020BE0026822F00E02A5
:1036800042F00A020260206C20B12068026842F019
:1036900004020260206888424BD0A84249D0B04260
:1036A00047D0B84245D0404543D0484541D0504529
:1036B0003FD058453DD0454A90423AD0434A18320F
:1036C000904236D0414A3032904232D03F4A48325E
:1036D00090422ED03D4A603290422AD03B4A783206
:1036E000904226D0394A9032904222D0374AA832AE
:1036F00090421ED0364A90421BD0354A1432904236
:1037000017D0334A2832904213D0314A3C3290428B
:103710000FD02F4A503290420BD02D4A6432904243
:1037200007D02B4A7832904203D0294A8C329042FB
:103730000DD1206E0268D20303D5026842F4807274
:103740000260E06E18B1026842F480720260206884
:10375000884226D0A84224D0B04222D0B84220D0FD
:1037600040451ED048451CD050451AD0584518D069
:103770001649884215D015491831884211D013498D
:10378000303188420DD011494831884209D00F4963
:103790006031884205D00D497831884201D00B490B
:1037A0009031016841F001010160DFE61000024044
:1037B00028000240400002405800024070000240D1
:1037C00088000240A0000240B800024010040240FD
:1037D0000854025810B590F89830012B09D0022BEC
:1037E00007D0D0F89C1041F00201C0F89C100120D5
:1037F00010BD03689C6D0C4203D1DC6D44F00104E4
:1038000004E09C6D31EA04041FD00324DC658B05C1
:1038100005D50368D3F8E0401443C3F8E0404B05F6
:1038200005D50368D3F8E4401443C3F8E4400068C6
:10383000084A01EA0203446D074A1C4344651068C4
:1038400040EA91701060002010BDDC6D44F002046D
:10385000DCE70000FFFFCF3F14A8004070B504462E
:1038600090F89800022804D0D4F89C0040F008009A
:103870000DE02068D0F8C03013F07C5F0BD0D0F89A
:10388000C4309B020CD5D4F89C0040F40070C4F8FE
:103890009C00012070BDD4F89C0040F02000F6E7A9
:1038A000D0F8C400C0F3044520462B46FDF78AFE3D
:1038B00021680120A840C1F8D000C4F8940000207D
:1038C00070BD704770B590F89820012A09D0022A7F
:1038D00007D0D0F89C1041F00201C0F89C100120E4
:1038E00070BD0B68CA6883B10B69072A43EA42734B
:1038F00025D00C7A4A6942EA84724968006F00EB6D
:10390000C100C0E90032002070BD072A0DD00C7A3A
:10391000D6060D8A4B6943EA847246EA0543C06EB7
:1039200049681A4340F82120EDE70B8A4FF06055B3
:10393000D1E9062442EA034245EA0423EFE78A6913
:10394000DBE730B590F89850039C012D07D0D0F8F4
:103950009C1041F00401C0F89C10012030BD0D0105
:10396000016845EA820040EA43002043C1F8800034
:10397000002030BD00F001B87047D0F89C007047BF
:10398000F0B590F898500024022D04D0D0F89C1087
:1039900041F0080129E0402905D0412929D0056DD1
:1039A0008D4219D942E00568D5F8A06016F4FE0FE3
:1039B00012D0D5F8A460760613D0D5F8A460F6012D
:1039C00005D5D5F8A06016F0004F00D50124D5F834
:1039D000A470466F456C24E0D0F89C1041F02001A3
:1039E00003E0D0F89C1041F48071C0F89C100120D5
:1039F000F0BD0568D5F8B06016F4FE0FECD0D5F830
:103A0000B4607606EDD0D5F8B460F60105D5D5F8EA
:103A1000B06016F0004F00D50124D5F8B470866F61
:103A2000C56CC7F305273C44654302E0456DC66F8E
:103A30004D4306EB85052E6816F0804656602E68CD
:103A400036D026F060461660D5F800C000262E4F0E
:103A50000CF0005CC2F808C0D5F800C00CF0004CB7
:103A6000C2F810C0B5F804C01FFA8CFCC2F81CC024
:103A7000D5F804C0CCF3034CC2F80CC0D5F804C090
:103A80000CF4801CC2F814C0D5F804C00CF4001C5F
:103A9000C2F818C0D5F804C0CCF3066CC2F820C038
:103AA000D5F804C008354FEADC7CC2F824C008E031
:103AB000C6F38A46C7E700BF15F806C003F806C07C
:103AC000761CD2F80CC017F80CC0B445F4D84029C5
:103AD0000AD041290CD020294FF001020CD20068F5
:103AE0008A40C0F898200DE00068C0F8A84009E0BE
:103AF0000068C0F8B84005E0006801F01F018A4086
:103B0000C0F89C200020F0BDACFB0208704700000C
:103B10002DE9FF5FDFF80CB304460BF10401DBF87D
:103B2000000025680F68AA468007D5F85090696D97
:103B3000D5F850806E6D2A6DD5F854C02B6D00EA13
:103B40008770009009F470496F6D286D01EA0901D2
:103B50000191DAF85410DAF85490DAF8505008F07D
:103B60000F0806EA0806029602F0F00203F071530D
:103B70006FEA09061F4000F060700CEA020CCDF8F5
:103B80000CC0F20501EA00090CD4E843C00509D4D1
:103B900000214FF48073CAF85030CBF80010204653
:103BA000FFF7B4FF700512D4E84340050FD4206836
:103BB00000234FF48068D0F8DC20D0F8E410C0F87F
:103BC0005080CBF800301140204600F0C7FADFF8F3
:103BD00058A2009850B12268830F00EA0A001065CD
:103BE000CBF8003020460099FFF76BFE019850B1EA
:103BF0002268830F00EA0A001065CBF800302046E7
:103C0000019900F0ADFA029850B12268830F00EAE2
:103C10000A001065CBF800302046029900F068FADF
:103C2000039850B12268830F00EA0A001065CBF8B0
:103C300000302046039900F071FA30050CD4E843B7
:103C4000000509D4236800204FF400621A65CBF800
:103C50000000204600F085FAB00512D4E843800544
:103C60000FD4206800234FF40078D0F8D820D0F883
:103C7000E010C0F85080CBF800301140204600F032
:103C80006EFA30030CD4E843000309D42368002003
:103C90004FF400221A65CBF80000204600F026FA07
:103CA000F0030CD4E843C00309D4236800204FF488
:103CB00080321A65CBF80000204600F04EFA7003FF
:103CC0000CD4E843400309D4226800204FF4802339
:103CD0001365CBF80000204600F03EFAB0030FD485
:103CE000E84380030CD4236800204FF400321A65A7
:103CF000CBF80000D4F89C0040F08000C4F89C0091
:103D0000B9F1000F0BD022684FEA997309EA0A0053
:103D10001065CBF8003049462046FFF72DFE5FB115
:103D20002268BB0F07EA0A001065CBF80030D4F810
:103D30009C003843C4F89C003C492068884268D104
:103D4000606881468068800763D0D9F82060D9F820
:103D50002410D9F82080D9F82400D9F820C0D9F847
:103D60002470D9F82030D9F82450D9F8202003F451
:103D7000FC4306F00F0AD9F824601D40D9F824B09E
:103D800008F030080CF4C07C02F4F02211EA0A01B9
:103D900000EA080807EA0C0706EA0206D9F820A09C
:103DA00004D0C9F82010204600F0D3F9B8F1000083
:103DB00005D0616808624146204600F0CCF96FEA00
:103DC0000B0040060ED46FEA0A0040060AD4606871
:103DD0004021C36BC26B01622046190C02F03F0206
:103DE00000F0B8F92FB1606807623946204600F04C
:103DF000AFF935B160680562D4F89C002843C4F877
:103E00009C0036B160680662D4F89C003043C4F868
:103E10009C00D4F89C00002802D02046FFF7AAFDA1
:103E2000BDE8FF9F10A80040FFFFCF3F00A000406B
:103E30002DE9F04194B08D494C2204466846FCF7C8
:103E4000DCFA64B18A4D2068A84202D100F5807086
:103E5000606094F898004FF0000820B108E001205D
:103E600014B0BDE8F081204684F8998000F002F992
:103E70002068816921F01001816100F039FB03277E
:103E8000064604E000F034FB801B0A2811D82068A5
:103E900080690007F6D42068816941F001018161E1
:103EA00000F026FB06460DE000F022FB801B0A28EE
:103EB00008D9D4F89C0040F00100C4F89C0084F8B4
:103EC0009870CCE720688069C007EDD020688169D0
:103ED00041F002018161207C01282068816937D08E
:103EE00041F040018161607C01282068816932D005
:103EF00021F480418161A07C0128206881692DD056
:103F000041F4805181612068A268816921F4407187
:103F1000114381612068816921F0A40181612068D9
:103F2000016921F010010161E068012819D010B386
:103F300002281BD02068816941F0800181612068DE
:103F4000016941F010010161E06803280ED012E020
:103F500021F04001C6E741F48041CBE721F48051D4
:103F6000D0E72068816941F0040103E0206881699D
:103F700041F020018161207E6FF0FF02D4E90773D8
:103F8000A68A1102400602EB0727A0F10070384311
:103F900027685B1E184301EB06463043F861A068B2
:103FA000B0F5407F11D104F12800A68C6FF00F0C02
:103FB00089C801EB0641401E02EB03221043226830
:103FC0000CEB071318430843D060206E30B1206813
:103FD000626ED0F8C0101143C0F8C010D4E91712B7
:103FE0006846D14209D02168A36E51F8C82F50F815
:103FF000233022F007021A430A60216C49B121687C
:10400000626C51F8BC3F50F8226023F00702324343
:104010000A60A16C51B12168E36C51F8BC2F50F8D3
:10402000233022F0700242EA03120A60216D51B17E
:104030002168626D51F8BC3F50F8220023F4E06221
:1040400042EA002008602068A84204D160688168C4
:1040500021F003018160C4F894800121C4F89C80A0
:1040600084F898102046FDF7C9F9F9E6BCFB020870
:1040700000A0004010B586B0044614216846FCF745
:10408000D5F917492068884228D11648016841F4BB
:1040900080710160006800F48070059011480C3850
:1040A000016841F00101016000680923022200F06B
:1040B0000100059000204FF4C05100916946CDE900
:1040C0000120CDE90303084800F0F0F800220521A3
:1040D000132000F0FBFD132000F0D9FD06B010BD49
:1040E00000A00040EC440258000002587047000055
:1040F000094B402110B5A3F13404221DFFF740FC09
:104100006068B0F5926F06D1208ABDE8104081B298
:1041100001480AF033BA10BDB80A0024704790F87D
:104120009810012907D0D0F89C1041F00401C0F884
:104130009C1001207047022180F89810002201682D
:104140008B6923F001038B61C0F89C2010467047F7
:1041500070477047704770477047704770477047A7
:104160007047704710B501282DED028B9FED3E8AF8
:1041700024D0B0F5006F73D13C4890F8F500AA2820
:104180006ED13B4CB4F80D00A4F81300D4F80F0026
:10419000C4F815000D340BF019FB3649C4F80200C1
:1041A0000968496A89B22180A2680D3C801A4128B9
:1041B00014D900EE100A9FED301B17E055210120A5
:1041C00005F0C0FA0120B0EE480A05F041FABDEC56
:1041D000028B0120BDE8104004F014BBB4F81300BA
:1041E0009FED271B081A80B200EE100A22780321E7
:1041F0004FF48023B8EE400B04EB820281EE002BDB
:10420000B7EEC20B10EE100AC2F801002078401C75
:10421000C0B2B0FBF1F201FB12001B4A207000207B
:1042200004EB8001D1F80110114499420FD91748CD
:1042300000224FF4004100F04FF9BDEC028B002248
:1042400013484FF48061BDE8104000F045B9401CB0
:104250000328E5D3BDEC028BBDE8104005F040BC5F
:10426000BDEC028B10BD000000000000DF04002444
:1042700040020024100D00240000000000408F4088
:104280000000000080842E410000BABD00000258EA
:10429000000402584FF0B04110B5D1F88820024216
:1042A00003D0C1F88800FFF75DFF10BD2DE9F84F7E
:1042B00003247D4D00234FF001094FF0B04B4FF028
:1042C0000F0AE9E009FA03F73A4076D00E7906F0D2
:1042D0000306012E01D0022E18D1D0F808C04FEAF3
:1042E000430ECE6804FA0EF82CEA080C06FA0EF615
:1042F00046EA0C068660D0F804C00E792CEA070C5A
:10430000C6F300169E4046EA0C0646600E79F64358
:10431000B6070BD0C6684FEA43088F6804FA08FC5A
:1043200026EA0C0607FA08F73743C7600E7906F04D
:104330000306022E12D1DE080F694FEA437C00EB20
:104340008606B646366A4FEADC6C0AFA0CF807FABB
:104350000CF726EA08063743CEF820700F79066876
:104360004FEA430807F0030704FA08FC07FA08F7C6
:1043700026EA0C06374307604E6816F4403F1CD00F
:104380004A4E376847F00207376036689F0706F0E5
:104390000206009623F0030606F1B046B6463F0F2C
:1043A000D6F80864DFF808810AFA07FC404526EAD7
:1043B0000C0603D14FF0000C41E06CE0DFF8F4C0D4
:1043C000604502D14FF0010C39E0DFF8ECC06045E8
:1043D00002D14FF0020C32E0DFF8E0C0604502D1BC
:1043E0004FF0030C2BE0DFF8D8C0604502D14FF04E
:1043F000040C24E0DFF8CCC0604502D14FF0050C7E
:104400001DE0DFF8C4C0604502D14FF0060C16E095
:10441000DFF8B8C0604502D14FF0070C0FE0DFF8BD
:10442000B0C0604502D14FF0080C08E0DFF8A4C02E
:10443000604502D14FF0090C01E04FF00A0C0CFA74
:1044400007FC4CEA060CCEF808C44F68DBF80060A5
:10445000FF0226EA020600D516435F46CBF800604D
:10446000D1F804C0DBF804605FEA8C2C26EA02066F
:1044700000D516437E606E684F6826EA0206BF03C9
:1044800000D516436E602E684F6826EA0206FF03C9
:1044900000D516432E605B1C0A6832FA03F67FF4DF
:1044A00011AFBDE8F88F000080000058F4440258B6
:1044B000000002580004025800080258000C02587C
:1044C000001002580014025800180258001C02582C
:1044D00000200258002402580AB181617047090483
:1044E000FBE7000001480068000C70470010005C0A
:1044F00001488068704700009000002430B590F8B3
:104500004120202A24D190F84020012A20D00123E4
:1045100080F84030242280F84120202300240268C3
:10452000156825F0010515600268156825F48055A9
:104530001560026815680D43156001680A6842F04D
:1045400001020A6080F8413080F84040002030BD10
:10455000022030BD30B590F84120202A22D190F8B9
:104560004020012A1ED0012380F84030242280F808
:104570004120202400250268136823F00103136002
:104580000268136823F4706343EA01211160016833
:104590000A6842F001020A6080F8414080F8405009
:1045A000002030BD022030BD70B5040004D094F866
:1045B0004100002510B106E0012070BD204684F8BE
:1045C000405000F035FA242084F84100206801684A
:1045D00021F001010160D4E9001020F07060086151
:1045E0002068816821F400418160E0682168012829
:1045F000A06830D040F404408860E0680228206859
:1046000041682BD021F40061416020682021154AC7
:104610004368134343602068C26822F40042C260CA
:1046200054F8106B0DCC104340EA0320F06054F8AE
:104630001C3CD4E900021043186054F81C0D0268B9
:1046400042F001020260656484F84110256384F839
:104650004250002070BD40F40040CDE741F40061BD
:10466000D2E70000008000022DE9F84F044690F8E0
:1046700041001F469046DDF828A08B4620287ED1B9
:1046800094F8400001287AD0012084F84000FFF718
:104690002FFF0122064619230090D103204603F084
:1046A00083FFE0BB0025222184F84110102084F80C
:1046B000420065646785618DFF2732484FF00079BD
:1046C000C4F82480FF294FF08078656303D92785DB
:1046D0003A46009039E0618D218500903AE05946D4
:1046E000204603F049FF13E003F09CFFB8B92068AF
:1046F000616A406A0870606A401C6062208D401EDA
:1047000081B22185608D401E6085608D00B169B1E8
:10471000608D3246514600282046E5D100E002E097
:1047200003F0D4FFD0B10120BDE8F88F002253463A
:1047300080212046009603F037FF0028F3D1608DDA
:10474000FF2804D927853A4600954346C7E7608D80
:10475000208500954B4694F82820C0E7206820214A
:10476000094AC161206843681340436084F84110DE
:1047700084F84250002084F84050D5E7FFE702203B
:10478000D2E700000024008000E800FE2DE9FF4F82
:1047900081B0044690F8410099469046DDF838B063
:1047A00020287BD194F84000012877D0012084F89C
:1047B0004000FFF79DFE0122064619230090D10319
:1047C000204603F0F1FE002853D141492122002563
:1047D000C4F82480102084F84120FF2784F8420088
:1047E0006564A4F82A90608D4FF080794FF0007ACC
:1047F0006563FF2802D94B46278505E0608D534647
:1048000020850004000C10D0226898F80000906207
:10481000606A401C6062608D401E6085208D401E75
:104820002085401C0091C2B201E000220091029953
:10483000204603F0A1FE13E003F074FFC8B9606ADC
:10484000216800788862606A401C6062608D401E4A
:104850006085208D401E80B22085618D01B160B1E0
:10486000608D3246594600282046E5D103F02EFFE0
:10487000E0B1012005B0BDE8F08F00225B46802149
:104880002046009603F090FE0028F2D1608DFF28AC
:1048900005D927853A464B460095C8E716E0608D56
:1048A00053462085009594F82820C0E721682020F1
:1048B000084AC86121684B6813404B6084F8410086
:1048C00084F84250002084F84050D3E70220D1E71A
:1048D0000020008000E800FE2DE9FF4F83B0044671
:1048E00090F841009A469346DDE91087DDF848903C
:1048F000202871D15FEA080014D09FB194F84000DD
:10490000012869D0012084F84000FFF7F1FD012261
:10491000064619230090D103204603F045FE0028E7
:104920006ED103E04FF40070606469E00025C4F8C4
:104930002480212184F84110402084F842006564DD
:104940006785534665635A4604992046CDE900962B
:1049500003F0E0FD10B184F8405051E0608DFF2776
:104960004FF08078FF284FF0007A04D927853A4627
:104970004346009505E0608D53462085009594F8E8
:1049800028202046049903F0F7FD32464946204688
:1049900003F0C8FEA0BB606A216800788862606A84
:1049A000401C6062608D401E6085208D401E80B27C
:1049B0002085618DD9B1D0B900224B468021204697
:1049C000009603F0F1FDD8B9608DFF2805D9278541
:1049D0003A464346009506E026E0608D5346208522
:1049E000009594F828202046049903F0C5FD608DB9
:1049F0000028CAD132464946204603F067FE18B166
:104A0000012007B0BDE8F08F20682021074AC1616E
:104A1000206843681340436084F8411084F8425092
:104A2000002084F84050ECE70220EAE700E800FEAE
:104A300010B5B6B00446142130A8FBF7F7FCC0212E
:104A40006846FBF7F3FC1849206888422AD1002009
:104A5000219008210446CDE90010684600F0F0FCE2
:104A600008B1FCF7B5FC1148016841F00201016092
:104A7000006830AB122100F002003590C020042203
:104A800083E813000A4830A9CDE93342FFF70EFC52
:104A900006480830016841F400110160006800F424
:104AA0000010359036B010BD00540040E04402586C
:104AB00000040258024881680278114481607047FE
:104AC00090000024032010B500F020F901F030FB25
:104AD0000F4A104914681368C4F3032203F00F034C
:104AE0008A5CC95C02F01F0201F01F01D0400A4A33
:104AF00020FA01F11160094908600F2000F010F858
:104B000008B1012010BD00F09FF8002010BD00008A
:104B10001844025830FC0208A00000249C00002425
:104B200010B5102804468AB02CD200220146362047
:104B300000F0CCF8362000F0AAF8174804601748B7
:104B4000016841F010010160006809A900F010003F
:104B50000890684601F078FA0598B0B101F0C4FAFF
:104B600040000F4900220F4CB0FBF1F10E4840F21B
:104B7000E7330460C0E90332491EC0E9011202F0C4
:104B8000D5FA28B101200AB010BD01F0ADFAE8E76E
:104B9000054802F03DFBF6E794000024E844025883
:104BA00040420F00001000403C120024154BF0B5AD
:104BB000083B427813491A600B680A1F23F001036F
:104BC0000B6043681360057BC67A827A437B2D07AE
:104BD000847B45EA0665C77B90F809C0067A90F8A1
:104BE00000E045EAC24040EA834040EA444040EAEF
:104BF000074040EA0C2040EA460040EA0E00086008
:104C0000F0BD0000A0ED00E0BFF35F8F044800217D
:104C10000368034A23F480330360703211607047E5
:104C200024ED00E0074A40F00100064970321060B0
:104C3000086840F480300860BFF34F8FBFF36F8F78
:104C40007047000024ED00E0074882B0016841F0A1
:104C500002010160006800220F2100F002000090B4
:104C6000901E02B000F032B8F444025800280DDB68
:104C7000410900F01F028900012001F1E02190406C
:104C8000C1F88001BFF34F8FBFF36F8F70470028CB
:104C900009DB410900F01F028900012001F1E02138
:104CA0009040C1F80001704700280DDB410900F079
:104CB0001F02890001F1E0210120D1F8001390408A
:104CC000014201D001207047002070470E4BF0B424
:104CD0001B680D46C3F30223C3F10706042E00D957
:104CE0000426191D072901D2002300E0DB1E012440
:104CF00004FA06F19C40491E2940641E9940144064
:104D00002143F0BC06F0CDBB0CED00E0064900F0FD
:104D1000070210B54FF6FF040868044B204040EA34
:104D200002201843086010BD0CED00E00000FA05F9
:104D3000134970B50A68D243520705D5096801F0D6
:104D40000701814213D118E00A6822F007020243EA
:104D50000A60FFF7CDFB0A4D4FF47A760446083D12
:104D600007E000BFFFF7C4FB001BB04201D90120E0
:104D700070BD2868C0438004F4D4002070BD0000DA
:104D80000C48025810B501F08DF905490968054A2B
:104D9000C1F30211515C01F01F01C84010BD0000B9
:104DA0002044025830FC02084A4930B5494C0B1DDA
:104DB0000A680C3409681D68246802F0030305F0D2
:104DC0000102C1F30511C4F3CC04002914FB02F263
:104DD00000EE102AF8EE400A76D0414A9FED3E1AC6
:104DE000DFED3E1AB7EE000A23B1012B5AD0022B99
:104DF00018D15CE0374C283C23689B0612D5394B10
:104E0000246801EE901A1168C4F3C104F8EE612A17
:104E1000E34001EE903AC1F30801F8EE611A81EE29
:104E2000A22A07E002EE101A1168F8EE422A81EE7B
:104E3000A22A45E001EE901A1168F8EE611A40EEE0
:104E4000811A71EE800A62EE200AC1F3462101EE5A
:104E5000101AB8EE411A31EE001AC0EE811ABCEEFB
:104E6000E11A80ED001A1168C1F3064101EE101A33
:104E7000B8EE411A31EE001AC0EE811ABCEEE11A0A
:104E800080ED011A1168C1F3066101EE101AB8EE47
:104E9000411A31EE000A80EE801ABCEEC10A80EDA4
:104EA000020A30BD01EE901ADFED0F2A03E001EE99
:104EB000901ADFED0E2A1168F8EE611A82EEA12A2F
:104EC000C1F30801B6E7FFE700210160416081609E
:104ED00030BD000028440258000000390024744C02
:104EE000304402580090D0030024744A20BCBE4BCA
:104EF000494930B5484C0B1D0A68143409681D68CF
:104F0000246802F00303C5F30012C1F30531C4F3B2
:104F1000CC04002914FB02F200EE102AF8EE400A3D
:104F200075D03F4A9FED3D1AB7EE000A6BB1DFED39
:104F30003D1A012B01D0022B64D002EE101A116829
:104F4000F8EE422A81EEA22A21E0334C283C236865
:104F50009B0612D5344B246801EE901A1168C4F3F5
:104F6000C104F8EE612AE34001EE903AC1F3080172
:104F7000F8EE611A81EEA22A0BE001EE901ADFED45
:104F80002B2A00BFF8EE611A116882EEA12AC1F344
:104F9000080101EE901A1168F8EE611A40EE811ACC
:104FA00071EE800A62EE200AC1F3462101EE101A6A
:104FB000B8EE411A31EE001AC0EE811ABCEEE11AC9
:104FC00080ED001A1168C1F3064101EE101AB8EE27
:104FD000411A31EE001AC0EE811ABCEEE11A80EDE2
:104FE000011A1168C1F3066101EE101AB8EE411AF8
:104FF00031EE000A80EE801ABCEEC10A80ED020A92
:1050000030BD04E001EE901ADFED092ABAE7002175
:10501000016041608160F3E72844025800000039D4
:10502000384402580024744A0090D0030024744C81
:1050300020BCBE4B494930B5484C0B1D0A681C3496
:1050400009681D68246802F00303C5F30022C1F358
:105050000551C4F3CC04002914FB02F200EE102A1F
:10506000F8EE400A75D03F4A9FED3D1AB7EE000AB0
:105070006BB1DFED3D1A012B01D0022B64D002EEA3
:10508000101A1168F8EE422A81EEA22A21E0334C70
:10509000283C23689B0612D5344B246801EE901AF5
:1050A0001168C4F3C104F8EE612AE34001EE903ABE
:1050B000C1F30801F8EE611A81EEA22A0BE001EEBD
:1050C000901ADFED2B2A00BFF8EE611A116882EE0C
:1050D000A12AC1F3080101EE901A1168F8EE611AD5
:1050E00040EE811A71EE800A62EE200AC1F3462179
:1050F00001EE101AB8EE411A31EE001AC0EE811A14
:10510000BCEEE11A80ED001A1168C1F3064101EE10
:10511000101AB8EE411A31EE001AC0EE811ABCEE38
:10512000E11A80ED011A1168C1F3066101EE101A4F
:10513000B8EE411A31EE000A80EE801ABCEEC10AC8
:1051400080ED020A30BD04E001EE901ADFED092A7D
:10515000BAE70021016041608160F3E7284402580A
:1051600000000039404402580024744A0090D003E3
:105170000024744C20BCBE4B2DE9F04FAC4A0546D0
:10518000DFF8A8A280F48070DFF8AC9289B0131128
:10519000AA4C0843A748AAF104064FF0805C4FF0E0
:1051A00000582CD085F400770F4357D0DFF87CB23D
:1051B00085F480670F430BF1080B61D085F400671D
:1051C0000F4374D085F480570F436ED085F4005799
:1051D0000F434FF480394FF4003E67D085F4002729
:1051E0000F4371D085F480370F436ED085F480462D
:1051F0000E436BD085F400420A4368D02AE0DAF807
:10520000001001F00701052924D2DFE801F075BC88
:105210007D25B10006A8FFF7C7FD079809B0BDE8D6
:10522000F08F6846FFF764FE0098F7E703A8FFF7E2
:1052300001FF0398F2E72068C0F3C10022FA00F0F2
:10524000ECE72268D20571D561456FD11846E5E7D4
:105250004145E3D00020E1E74846DFE7DAF80010F7
:1052600001F4E07180294FD004DC002944D04029AA
:10527000F0D188E0C029EFD0B1F5807FEAD177E0A6
:10528000DBF8001001F46001B1F5800F3CD004DCC4
:1052900091B3B1F5001FDDD175E0B1F5C00FDBD0E2
:1052A000B1F5000FD6D163E001E018E030E0DBF8A3
:1052B000001001F0E061B1F1007F25D008DCD9B128
:1052C000B1F1807FC6D15EE049E06CE079E09CE01E
:1052D000B1F1407FC0D0B1F1806FBBD148E0DAF8C6
:1052E000001001F4E041B1F5005F0DD005DC19B10B
:1052F000B1F5805FAED146E094E0B1F5405FABD050
:10530000B1F5804FA6D133E020688000A2D58DE7AB
:10531000DAF8001001F4E021B1F5403F6CD006DC72
:1053200061B149457AD0714594D157E037E0B1F584
:10533000802F65D0B1F5A02F8CD10CE000F0D4FE09
:105340006CE76846FFF7D4FD019867E703A8FFF70D
:1053500071FE049862E721688903F1D47AE7DBF8EB
:10536000001011F440310ED0494510D07145F5D1EF
:105370003168256801F040516D077FF562AF002963
:105380007FF45FAF57E720680001E7D549E7206861
:105390008000E3D503A8FFF74DFE05983EE722689D
:1053A0009203DBD554E7306810F480303AD048459A
:1053B000D4D120680001D1D56846FFF799FD029845
:1053C0002CE7DBF8001001F0E041B1F1405F13D0B1
:1053D00008DC71B1614521D04145BFD12068800012
:1053E000B4D437E7B1F1804F0AD0B1F1A04FB2D0B9
:1053F00030E7FFF7C7FC11E720684007AED51AE792
:105400002068C005AAD521E708E0DAF8001011F0FD
:105410004051A0D0614505D041459FD12068000191
:105420008FD417E72068800198D5F3E650440258DE
:105430000090D00340787D010080BB0000440258FA
:105440002DE9FE4F0546DFF8E48350F8081B0024E1
:10545000F64FC943019005F12800264608F12408BB
:10546000009008011DD4A86E50B1B0F5801F0CD07B
:10547000B0F5001F0ED0B0F5401F1ED001240FE084
:10548000386840F40030386017E00198022103F0DA
:10549000B9FF03E00098022104F044F804000CD0A6
:1054A00026462888C043C00523D4A86D05281ED2EF
:1054B000DFE800F00C11161B1B00AA6ED8F80010D4
:1054C00021F440111143C8F80010EAE7386840F4AD
:1054D0000030386009E00198002103F093FF03E0F9
:1054E0000098002104F01EF8044674B100E0012485
:1054F00026462888C043800528D4E86D80281ED021
:105500000CDC90B140280ED114E0AA6DD8F8001040
:1055100021F007011143C8F80010EAE7C02813D0B2
:10552000B0F5807F10D001240FE0386840F40030DF
:10553000386009E00198002103F064FF03E000985F
:10554000002103F0EFFF04469CB126462888DFF8CF
:10555000DC92C04309F12C0940052CD4D5F8A800F1
:10556000B0F5800F20D00DDCA0B1B0F5001F0FD139
:1055700015E0EA6DD8F8001021F4E0711143C8F885
:105580000010E3E7B0F5C00F13D0B0F5000F10D056
:1055900001240FE0386840F40030386009E00198D9
:1055A000002103F02FFF03E00098002103F0BAFF71
:1055B00004467CB126462888C04300052DD4D5F882
:1055C000AC00B0F1007F21D00EDCA8B1B0F1807F3B
:1055D00010D116E0D5F8A820D9F8001021F4600108
:1055E0001143C9F80010E6E7B0F1407F13D0B0F1E5
:1055F000806F10D001240FE0386840F4003038602C
:1056000009E00198002103F0FDFE03E0009800216D
:1056100003F088FF044674B126462868C043800121
:105620001FD4E86CD8B110280FD0202812D0302811
:1056300015D0012414E0D5F8AC20D9F8001021F0E1
:10564000E0611143C9F80010E7E7386840F4003022
:10565000386004E00198022103F0D4FE044674B1DE
:1056600026462888C043C0042BD4286EB0F5005FBE
:1056700020D00DDCA0B1B0F5805F0FD115E06B48F4
:10568000EA6C2030016821F0300111430160E8E745
:10569000B0F5405F13D0B0F5804F10D001240FE07B
:1056A000386840F40030386009E00198002103F0C8
:1056B000A9FE03E00098002103F034FF04468CB1FA
:1056C00026462888C043800429D4686EB0F5403F40
:1056D00023D010DC08B3B0F5803F14D0B0F5003F04
:1056E0000FD115E02A6ED8F8001021F4E0411143E3
:1056F000C8F80010E5E7B0F5802F0ED0B0F5A02F68
:105700000BD001240AE00198012103F07BFE03E0A5
:105710000098012103F006FF044694B1264628882C
:10572000C04340042AD4D5F8B000B0F1405F23D084
:1057300010DC08B3B0F1805F14D0B0F1005F0FD17E
:1057400015E06A6ED8F8001021F4E0211143C8F882
:105750000010E4E7B0F1804F0ED0B0F1A04F0BD0B5
:1057600001240AE00198012103F04CFE03E00098B7
:10577000012103F0D7FE044674B126462888C043B1
:1057800000041FD4286FD8B1B0F1805F0ED0B0F103
:10579000005F10D0012414E0D5F8B020D9F8001033
:1057A00021F0E0411143C9F80010E7E7386840F400
:1057B0000030386004E00198012103F023FE044624
:1057C00074B126462868C043C0011ED4A86CD0B16D
:1057D00001280ED0022811D0032814D0012413E090
:1057E0002A6FD8F8001021F040511143C8F800107A
:1057F000E8E7386840F40030386004E0019802219E
:1058000003F000FE0446ACB126462868DFF81CB061
:10581000C043ABF11C0B400252D40548016841F46F
:1058200080710160FEF764FE824611E02C4402584C
:1058300000480258FA48AA6C016821F0030111439C
:105840000160E2E7FEF754FEA0EB0A00642835D8B9
:10585000F4480068C005F5D58CBBDFF8C4A3B5F8E3
:10586000B4100AF1240ADAF8000001F4407100F4DF
:105870004070884211D0DAF80010DAF8002021F4E4
:10588000407142F48032CAF80020DAF8002022F495
:105890008032CAF80020CAF80010D5F8B400B0F57C
:1058A000807F1AD1FEF724FE029012E0FEF720FE60
:1058B0000299411A41F2883081420AD903242646CE
:1058C0002878DFF85CA3C0430AF1080AC00721D09A
:1058D0003CE0DAF800008007E8D5D5F8B410C1F351
:1058E0000120032858460DD0016821F47C51016045
:1058F000B5F8B420DAF80010C2F30B021143CAF86D
:105900000010DDE7C84A036802EA111223F47C5153
:105910001143ECE7E86F182816D005DCA0B1082881
:1059200008D0102804D10AE020280DD028280BD058
:1059300001240AE00198012103F064FD03E00098CE
:10594000012103F0EFFD044664B126462878C043E8
:1059500080071ED4A86F062819D2DFE800F0160CC5
:1059600011161616EA6FDAF8001021F0380111430B
:10597000CAF80010EAE70198012103F043FD03E0B3
:105980000098012103F0CEFD04467CB100E0012423
:1059900026462878C04340071FD4D5F8940006282F
:1059A00019D2DFE800F0160C11161616AA6FDAF8F5
:1059B000001021F007011143CAF80010E9E701982F
:1059C000012103F01FFD03E00098012103F0AAFD6F
:1059D0000446A4B100E0012426462878C04380068E
:1059E0002BD4D5F89000B0F1405F24D011DC10B377
:1059F000B0F1805F15D0B0F1005F10D116E0D5F89E
:105A00009420D9F8001021F007011143C9F80010C3
:105A1000E3E7B0F1804F0ED0B0F1A04F0BD00124DE
:105A20000AE00198002103F0EDFC03E00098022158
:105A300003F078FD044694B126462878C04340061A
:105A40002BD4D5F89C00B0F5406F24D011DC10B3F6
:105A5000B0F5806F15D0B0F5006F10D116E0D5F815
:105A60009020DAF8001021F0E0411143CAF800104C
:105A7000E3E7B0F5805F0ED0B0F5A05F0BD0012456
:105A80000AE00198002103F0BDFC03E00098022128
:105A900003F048FD044694B126462878C04300062A
:105AA0002BD4D5F8A000B0F5C04F24D011DC10B332
:105AB000B0F5005F15D0B0F5804F10D116E0D5F8E5
:105AC0009C20D9F8001021F4E0511143C9F80010CE
:105AD000E3E7B0F5004F0ED0B0F5204F0BD0012416
:105AE0000AE00198002103F08DFC03E000980221F8
:105AF00003F018FD044654B126462878C043000739
:105B00001ED4D5F88400B0F5805F0AD00FE0D5F838
:105B1000A020D9F8001021F460411143C9F8001009
:105B2000EBE70098022103F0FDFC00B10126D5F857
:105B30008420DAF8001021F440511143CAF8001013
:105B40002878C043C00613D4D5F89800B0F5807FFC
:105B500005D10098022103F0E5FC00B10126D5F83B
:105B60009820D9F8001021F440711143C9F80010B1
:105B70002868C043000316D4D5F8A40038B1B0F5A6
:105B8000803F09D0B0F5003F0BD001240AE0019816
:105B9000002103F037FC03E00098022103F0C2FC6F
:105BA00004468CB126462868C043400322D4D5F869
:105BB0008800B0F5801F11D0B0F5001F13D0B0F5EC
:105BC000401F15D0012414E0D5F8A420D9F8001006
:105BD00021F440311143C9F80010E4E7386840F47B
:105BE0000030386004E00098012103F09BFC04467B
:105BF0005CB126462868C043C00323D4286DA8B1F1
:105C0000B0F5803F17D001241BE0D5F88820DAF8E2
:105C1000001021F440111143CAF80010EAE7000017
:105C20004C44025800480258CFFFFF00386840F447
:105C30000030386004E00198022103F0E3FB0446E1
:105C4000E4B126462868C043800005D400980221AC
:105C500003F068FC00B101262868C04380031BD410
:105C6000D5F88000B0B1B0F5807F0FD0B0F5007FDF
:105C700010D0B0F5407F0DD001240CE05A482A6DB9
:105C8000016821F4803111430160DBE7386840F49A
:105C900000303860ECB326462868C043C00207D401
:105CA0006A6FD8F8001021F000411143C8F80010C5
:105CB0002868C043C00008D4D5F8B820DBF800102D
:105CC00021F480411143CBF800102868C0438002C2
:105CD00007D4EA6ED8F8001021F080711143C8F89B
:105CE00000102868C04340000CD4DBF8001021F4F9
:105CF0000041CBF80010DBF80010D5F8BC201143B0
:105D0000CBF800102868C04308D437486A6D016892
:105D100000E018E021F04051114301602868C043C1
:105D2000000208D4D5F88C20DAF8001021F44001E4
:105D30001143CAF8001028790024C04300F0010084
:105D400020430AD00FE0D5F88020DAF8001021F4C3
:105D500040711143CAF800109EE70198002103F03A
:105D600051FB00B106462879C04300F002002043F1
:105D700005D10198012103F045FB00B106462879C1
:105D8000C04300F00400204305D10198022103F034
:105D900039FB00B106462879C04300F008002043D3
:105DA00005D10098002103F0BDFB00B1064628791B
:105DB000C04300F01000204305D10098012103F0FA
:105DC000B1FB00B106462879C04300F0200004432F
:105DD00004D10098022103F0A5FB00B916B10120FF
:105DE000BDE8FE8F0020FBE74C4402582DE9F05F30
:105DF00004000F467ED0DFF83882D8F8000000F0AB
:105E00000F00B8420CD2D8F8001021F00F0139432E
:105E1000C8F80010D8F8000000F00F00B84269D1AF
:105E20002078844D40070AD52069296801F0700167
:105E3000884204D9296821F0700101432960207843
:105E40007C4E361D00070AD56069316801F070018B
:105E5000884204D9316821F0700101433160207813
:105E6000C0060AD5A069316801F4E061884204D90E
:105E7000316821F4E061014331602078DFF8B4B18A
:105E800080060BF1080B0CD5E1695846DBF80020C1
:105E900002F07002914204D9026822F070020A43B3
:105EA0000260207880070AD5E068296801F00F01B8
:105EB000884204D9296821F00F0101432960207824
:105EC000C0073ED05B49A2682868183920F470608A
:105ED000104328606068022818D0032819D0096888
:105EE000012819D0490700294ADADFF848A1AAF1A8
:105EF000080A00E044E0DAF8002022F0070202433A
:105F0000CAF80020FEF7F4FA814612E00968890316
:105F1000E9E709688901E6E7C905E4E7FEF7E8FA79
:105F2000A0EB090141F28830814202D90320BDE88B
:105F3000F09F6168DAF8000000F03800B0EBC10FA4
:105F4000ECD1207880070AD5E068296801F00F01BC
:105F5000884204D2296821F00F0101432960D8F852
:105F60000010404601F00F01B9420BD9016821F041
:105F70000F0139430160006800F00F00B84201D002
:105F80000120D4E7207840070AD52069296801F06C
:105F90007001884204D2296821F070010143296010
:105FA000207800070AD56069316801F070018842E5
:105FB00004D2316821F07001014331602078C006BD
:105FC0000AD5A069316801F4E061884204D23168E1
:105FD00021F4E06101433160207880060CD5E1694D
:105FE0005846DBF8002002F07002914204D20268A9
:105FF00022F070020A43026000F09AF80E492A6803
:106000002B68C2F3032203F00F038A5CC95C02F021
:106010001F0201F01F01D040084A20FA01F111606F
:106020000749086007480068BDE8F05FFEF778BDE3
:10603000002000521844025830FC0208A00000243E
:106040009C0000249400002470B5144C3F22026090
:10605000124A24680832131D114D04F007044460ED
:1060600016681C1D06F470668660166806F00F063A
:10607000C660126802F0700202611A6802F07002D3
:1060800042611A6802F4E0628261226802F07002E2
:10609000C261286800F00F00086070BD104402580B
:1060A0000020005230B500F043F80B4A0B490C4B6E
:1060B00015681468C5F3032204F00F048A5C095DB7
:1060C00002F01F0201F01F01D040064A20FA01F140
:1060D00019601060084630BD1844025830FC0208B0
:1060E000A00000249C00002400B5FFF7DBFF054959
:1060F0000968054AC1F30211515C01F01F01C84053
:1061000000BD00001C44025830FC020800B5FFF737
:10611000C9FF05490968054AC1F30221515C01F034
:106120001F01C84000BD00001C44025830FC02089A
:10613000454970B545480968434B103B11F038029A
:1061400008D00111082A03D0102A0BD0182A0BD02E
:10615000084670BD19688906FBD51968C1F3C101ED
:10616000C84070BD3A4870BD3749374D18310C1DD5
:1061700024350A68096826682D6802F0030406F0D1
:106180000102C1F30511C5F3CC0515FB02F200EEC7
:10619000102AB8EE400AE9B32F4ADFED2E0AB7EE17
:1061A000001A6CB1DFED2D1A012C01D0022C43D066
:1061B00002EE101A1068F8EE422A81EEA22A1EE0C2
:1061C0001C68A40611D51B6801EE901A1168C3F370
:1061D000C103F8EE612AD84001EE900AC1F308002D
:1061E000F8EE611A81EEA22A0BE001EE901ADFEDC3
:1061F0001C2A00BFF8EE611A106882EEA12AC0F3D3
:10620000080001EE900AF8EE611A40EE201A31EE15
:10621000810A00E015E022EE000A1068C0F3462073
:10622000401C00EE900AF8EE600A80EE201ABCEEE8
:10623000C10A10EE100A70BD01EE901ADFED092AB6
:10624000D8E7002070BD0000104402580090D00331
:1062500040787D0100000039304402580024744A1F
:106260000024744C20BCBE4B2DE9F05F04007DD0AF
:10627000FF4F2078FE4D1837DFF8F493103DC0072C
:1062800048D0D9F80000396800F03800102815D03F
:10629000182803D101F0030002280FD06068B0F580
:1062A000803F12D010B1B0F5A02F18D0286820F48C
:1062B00080302860286820F4802009E02868800366
:1062C00028D560680028D2D024E0286840F48030C7
:1062D0002860606888B1FEF70BF9064609E0286877
:1062E00040F480202860F0E7FEF702F9801B642864
:1062F0006FD828688003F7D50CE0FEF7F9F806465A
:1063000005E000BFFEF7F4F8801B6428F0D8286889
:106310008003F7D4207841F20308D54E0C3E800765
:1063200069D5D9F80000396810F038000ED0182867
:1063300001D188070AD0E06890B3296821F01901DB
:1063400001432960FEF7D4F8824631E0286840070F
:1063500002D5E06800288AD0E168286820F019009A
:1063600008432860FEF7C4F8824607E0DFE000BF7C
:10637000FEF7BEF8A0EB0A000228B9D8286840074B
:10638000F6D500BFFEF7AEF840451BD8206940287F
:1063900012D0316821F47C3141EA003030602AE0CB
:1063A00018E000BFFEF7A4F8A0EB0A0002289FD86F
:1063B00028684007F6D5E5E7306820F47C3040F4E3
:1063C0000030EBE7207C316821F0FE4141EA0060BB
:1063D000E4E70DE1286820F001002860FEF788F866
:1063E000824605E0FEF784F8A0EB0A0002288DD86B
:1063F00028684007F6D42078C0065DD5D9F800009B
:10640000DFF86CB2396800F03800ABF1040B0828F3
:1064100010D0182803D101F0030001280AD0E06948
:106420000028286838D040F080002860FEF760F827
:10643000824623E02868C00523D5E069802876D10C
:106440001FE0206A202821D0316821F0F84141EA7C
:106450008060306030E000BF94F82010DBF800204E
:1064600022F07C5242EA0161CBF8001024E000BF28
:10647000FEF73EF8A0EB0A00022898D82868C0056D
:10648000F6D5FEF72FF84045E6D8DAE7306820F079
:10649000F84040F08040DCE720F080002860FEF704
:1064A00027F8064605E000BFFEF722F8801B022809
:1064B0009DD82868C005F7D42078000729D56C48F6
:1064C0006169643000298046016811D041F0010102
:1064D0000160FEF70DF8064605E000BFFEF708F87C
:1064E000801B0228C9D8D8F800008007F6D510E034
:1064F00021F001010160FDF7FBFF064605E000BF4A
:10650000FDF7F6FF801B022872D8D8F8000080073C
:10651000F6D42078800623D5A0690028286810D0FA
:1065200040F480502860FDF7E3FF064605E036E1C1
:10653000FDF7DEFF801B02285AD828688004F7D5B3
:106540000EE020F480502860FDF7D2FF064604E0FC
:10655000FDF7CEFF801B02284AD828688004F7D4B4
:10656000207840074FD5DFF80C81D8F8001041F4AF
:106570008071C8F80010FDF7BBFF064605E000BFBC
:10658000FDF7B6FF801B642832D8D8F80000C0059C
:10659000F6D5374EA068603601280AD008B1052824
:1065A00013D0306820F001003060306820F0040023
:1065B00002E0306840F001003060A06841F2883AA3
:1065C00090B1FDF795FF80460AE0306840F0040086
:1065D0003060EEE7FDF78CFFA0EB0801514507D8CE
:1065E00030688007F6D50EE0FDF782FF804607E0B1
:1065F00084E000BFFDF77CFFA0EB080151457DD88A
:1066000030688007F6D4606AB0B3DFF86480D9F8E8
:10661000001008F120084FF6F87B08F10409C1F3D7
:10662000C2010329A8F1040A69D00228286820F0D1
:106630008070286003D0FDF75BFF044684E0FDF71F
:1066400057FF064605E000BFFDF752FF801B0228FA
:1066500077D828688001F7D4E26A40F2F3313868CD
:1066600054F8283F884340EA02101843386004E099
:106670001044025800480258B5E0217B4346228965
:106680004FF4FE0C208A4FF0FE474902267D521E31
:10669000401EA1F50071C2F308088AB2761E0CEA0A
:1066A000004042EA08020243504607EA06610A43F4
:1066B0001A60DAF8002022F00102CAF80020D9F8A6
:1066C0000020266A22EA0B0242EAC602C9F800202C
:1066D000DAF80010A26921F00C011143CAF8001089
:1066E0000168E26921F0020111430160016841F48F
:1066F00080310160016841F4003101E021E027E0D0
:106700000160016841F480210160016841F00101EC
:106710000160286840F080702860FDF7E9FE0446BB
:1067200005E000BFFDF7E4FE001B022809D8286839
:106730008001F7D557E000BFFDF7DAFE001B022805
:1067400002D90320BDE8F09F28688001F4D44AE014
:1067500039680128D8F8000021D0A26A01F00303AB
:1067600093421CD1E26AC1F305118A4217D1216B11
:10677000C0F30802491E8A4211D1616BC0F3462260
:10678000491E91420BD1A16BC0F30642491E9142B2
:1067900005D1E16BC0F30660491E814201D00120A2
:1067A000D0E7A16C4E46D9F80000C0F3CC0081427E
:1067B00019D0DAF80000554620F00100CAF80000B0
:1067C000FDF796FE4FEA0007FDF792FEB842FBD0B8
:1067D000A26C306820EA0B0040EAC20030602868F2
:1067E00040F0010028600020ACE700002DE9F047F0
:1067F000040029D0594A4FF000092068584B594DE0
:106800009042C4F8289006D0984204D0A84202D002
:10681000E1680F2918D8E1684FF0010AE76B0831E9
:10682000C9080AEB57167143904205D0984203D02D
:10683000A84201D0082907D8904203D0984201D03D
:10684000A84204D1102902D90120BDE8F08794F8AC
:10685000810020B9204684F8809000F085F802205D
:1068600084F881002068016821F00101016020683E
:10687000A1698268B1F1806F02F4F81110D16268E9
:10688000B2F5800F01D01AB10AE0A26B22B107E085
:10689000A26BB2F1805F03D1026842F480520260C1
:1068A0006068400209D5E068072806D32068236D98
:1068B000026822F480721A4303E02068026822F41E
:1068C00080720260A66AE069E26B25683043E36883
:1068D0000A4310431843A860D4E90D02D4E90581A6
:1068E000636A25691843D4F820C00A432668104318
:1068F0002843A56DD4E90172D4E9123140EA0800B9
:1069000040EA0C0038430843104318432843F06022
:10691000606868B92068816821F4C05141F4006161
:1069200081602068816821F4C06141F480618160E8
:106930002068016D21F0010101656068400206D503
:106940002068626DC16821F000411143C160C4F844
:10695000849084F881A0002077E700000030014097
:1069600000380040003C0040F0B5B7B004461421A8
:1069700030A8F9F75BFDC0216846F9F757FD2D49AE
:106980000226206805272A4D0024884224D181143C
:1069900018940020CDE900106846FEF751FD08B1BB
:1069A000FAF716FD22480830016841F48041016081
:1069B000006800F480403590286840F002002860AC
:1069C000286830A900F0020035904FF42040309044
:1069D0001948CDE9316425E01849884226D141148F
:1069E00019940020CDE900106846FEF729FD08B192
:1069F000FAF7EEFC0E481030016841F400510160D6
:106A0000006800F400503590286840F010002860BD
:106A1000286830A900F010003590642030900848B4
:106A2000CDE93164CDE93347FDF740FC37B0F0BD27
:106A3000E04402580038004000040258003401408D
:106A4000001002582DE9F84F044600689946174691
:106A500000F1200B8A46FDF74BFD064694F88100B5
:106A6000012839D1BAF1000F7ED0002FFCD094F864
:106A70008000012830D0A26800254FF0010884F87A
:106A80008080032184F88110C4F88450C4F85CA08D
:106A90006566A4F86850656725672C34B2F5C02F89
:106AA000A786E786E58754F82C0D18D0C16821F435
:106AB000C02141F40031C160206841686FF30F01CB
:106AC000394341602068016841F00101016060685C
:106AD000B0F5800F08D00CE00220BDE8F88F016807
:106AE00041F400610160E7E72068016841F400714A
:106AF0000160E0680F281CD820E020684169890700
:106B00000BD5E16D09680162E06D001DE065B4F828
:106B10006200401EA4F862000BE0FDF7E9FC811B57
:106B2000494503D3B9F1FF3F03D09DE0B9F1000F10
:106B300032D0B4F862000028DFD179E007282FD8DE
:106B400072E02068416989071ED5B4F862100129F6
:106B50000DD9E16B59B1E16D09680162E06D001D6D
:106B6000E065B4F8620000E07CE0801E09E0E06DC2
:106B70000188ABF80010E06D801CE065B4F862009D
:106B8000401EA4F862000BE0FDF7B2FC811B4945F2
:106B900003D3B9F1FF3F03D066E0B9F1000F63D032
:106BA000B4F862000028CCD142E02068416989072E
:106BB0002ED5B4F8621003290CD9E16B402909D90C
:106BC000E16D09680162E06D001DE065B4F86200E6
:106BD000001F1AE0B4F8621001290CD9E16B51B121
:106BE000E06D0188ABF80010E06D801CE065B4F842
:106BF0006200801E09E0E16D097880F82010E06DE8
:106C0000401CE065B4F86200401EA4F862000BE08E
:106C1000FDF76EFC811B494503D3B9F1FF3F03D05B
:106C200022E0B9F1000F1FD0B4F862000028BCD1F7
:106C300000224B4608212046009602F0EDFE28B1C6
:106C4000D4F8840040F02000C4F88400204602F00C
:106C500085FE84F88180D4F8840084F88050002870
:106C60003FF43BAF012038E7204602F077FED4F82E
:106C7000841084F8805041F48071C4F8841084F842
:106C80008180032029E700002DE9FF4F0446C06BF7
:106C900017461D4683B042092068521C00F12001AE
:106CA00030301FFA82FBCDE90001FDF721FC82465E
:106CB00094F881002E46012835D1049800287CD014
:106CC000002FFCD0002DFAD094F8800001282AD0A3
:106CD0004FF0010984F8809005224FF0000884F8F5
:106CE0008120C4F884806766A4F86A50A4F86850CC
:106CF0000499E165A4F86250A4F86050C4F870806B
:106D0000C4F874802068C16821F4C021C160AD4915
:106D10002068884205D0AC49884202D0AB498842FD
:106D200005D1102704E0022007B0BDE8F08F082746
:106D300041686FF30F01294341602068016841F009
:106D4000010101606068B0F5800F04D1206801681E
:106D500041F400710160E0680F284CD9BF0838E0A9
:106D600020684169890710D57EB1F119A9420CD973
:106D7000E16D09680162E06D001DE065B4F8620034
:106D8000401EA4F86200B4F862602068416905B34F
:106D90004269D20703D15D4510D209040ED5006BBC
:106DA000616E0860606E001D6066B4F86A00401E87
:106DB000A4F86A00B4F86A500BE0F0E0FDF798FB25
:106DC000A0EB0A011098814202D3401C01D004E0DC
:106DD00018B156EA0500C3D1C8E0204602F0BEFD56
:106DE000D4F8840084F8808040F48070C4F8840073
:106DF00084F88190E2E007287BD97F084EE0206884
:106E00004069800711D586B1F019A8420DD9E06D0F
:106E1000018801980180E06D801CE065B4F8620093
:106E2000401EA4F86200B4F86260216848692DB37E
:106E30004969C9070AD000980088616E0880606EB1
:106E4000801C6066B4F86A00401E13E05D4516D2EF
:106E5000010414D500980088616E0880606E801C63
:106E60006066009909880180606E801C6066B4F8D5
:106E70006A00801EA4F86A00B4F86A500EE0012D82
:106E800001D18004D7D4FDF733FBA0EB0A011098A1
:106E9000814202D3401C01D083E058B356EA05007A
:106EA000ADD163E020684169890711D586B1F11938
:106EB000A9420DD9E16D097880F82010E06D401CE1
:106EC000E065B4F86200401EA4F86200B4F86260A5
:106ED000206841696DB14269D2070CD090F830004A
:106EE000616E0870606E401C6066B4F86A00401EF7
:106EF00024E038E055E05D4525D20A0423D590F81A
:106F00003000616E0870606E401C6066216891F808
:106F100030100170606E401C6066216891F830107E
:106F20000170606E401C6066216891F8301001703D
:106F3000606E401C6066B4F86A00001FA4F86A0026
:106F4000B4F86A500FE0042D02D211F4C04FC5D13D
:106F5000FDF7CEFAA0EB0A011098814202D3401C43
:106F600001D01EE0E8B156EA05009BD1109B00223B
:106F700008212046CDF800A002F04EFD28B1D4F83B
:106F8000840040F02000C4F88400204602F0E6FCB3
:106F900084F88190D4F8841084F8808081B1012035
:106FA000C2E6204602F0DAFCD4F8842084F880801F
:106FB00042F48072C4F8842084F881900320B3E600
:106FC0000020B1E60030014000380040003C0040A5
:106FD000024A136883430B4313607047040400584C
:106FE00070477047704700002DE9F04390F83C204F
:106FF000012A42D0012280F83C2051F80C4BDFF8E6
:1070000080804FF0000991E8680051E9022723F4DD
:107010004073B1F80CC03B43CF6923F48063134342
:10702000026823F40063234323F4805343EA0503F7
:1070300023F4005343EA060323F4804343EA07039F
:107040000C3923F47023424543EA0C4302D00D4C23
:10705000A2420CD18D8C23F47006D1E9073446EAA4
:10706000055121F08071194321F0007323435364CB
:1070700080F83C900020BDE8F0830220FBE7000090
:107080000000014000040140F0B590F83C20012AC6
:107090003BD01F4E012480F83C40022280F83D2066
:1070A00002681C4D5368B242D2F808C001D0AA420F
:1070B00003D14F6823F470033B430F6823F0700340
:1070C0001F4357600268B24213D0B2F1804F10D014
:1070D000114B9A420DD0114B9A420AD0104B9A4252
:1070E00007D0AA4205D00F4B9A4202D00E4B9A42CB
:1070F00004D189682CF0800319439160002180F845
:107100003D4080F83C100846F0BD0220F0BD000074
:10711000000001400004014000040040000800405D
:10712000000C0040001800400040014010B5040071
:1071300003D094F83D0010B107E0012010BD0020FD
:1071400084F83C00204600F022F8022084F83D003C
:107150002068211D02F0DEFF012084F8480084F839
:107160003E0084F83F0084F8400084F8410084F831
:10717000420084F8430084F8440084F8450084F811
:10718000460084F8470084F83D00002010BD704799
:1071900090F83D10012901D001207047144B0222C4
:1071A000016880F83D20994214D0B1F1804F11D090
:1071B000104881420ED0104881420BD00F488142C6
:1071C00008D00F48814205D00E48814202D00E48B7
:1071D000814207D188680D4A1040062806D0B0F5D4
:1071E000803F03D0086840F001000860002070472D
:1071F000000001400004004000080040000C004076
:107200000004014000180040004001400700010058
:1072100090F83D10012901D001207047174A022142
:1072200080F83D100168CB6843F00103CB60006833
:10723000904214D0B0F1804F11D0114988420ED045
:10724000104988420BD01049884208D00F49884223
:1072500005D00F49884202D00E49884207D1816883
:107260000D4A1140062906D0B1F5803F03D00168D0
:1072700041F0010101600020704700000000014062
:107280000004004000080040000C004000040140E1
:10729000001800400040014007000100016841F271
:1072A00011130A6A1A4207D10A6A9B101A4203D1C3
:1072B0000A6822F001020A60012180F83D100020D6
:1072C0007047016841F21113CA6822F00102CA60D6
:1072D00001680A6A1A4207D10A6A9B101A4203D14E
:1072E0000A6822F001020A60012180F83D100020A6
:1072F0007047704770472DE9F04104460068002749
:10730000C6680569A90713D5B10711D5FA1E026130
:1073100001212177206880698007204602D0FFF78D
:10732000E9FF04E000F0D6F9204600F029FC2777B9
:10733000680716D5700714D5226802206FF0040183
:10734000116120772068806910F4407F204602D0C8
:10735000FFF7D0FF04E000F0BDF9204600F010FC7C
:107360002777280715D5300713D5226804206FF03A
:107370000801116120772068C0698007204602D08B
:10738000FFF7B8FF04E000F0A5F9204600F0F8FB95
:107390002777E80616D5F00614D5226808206FF086
:1073A0001001116120772068C06910F4407F2046E9
:1073B00002D0FFF79FFF04E000F08CF9204600F0B8
:1073C000DFFB2777E80708D0F00706D021686FF0C9
:1073D00001000861204600F0F5FB280601D4A8044E
:1073E00008D5300606D521686FF4025008612046A2
:1073F000FFF7F7FDE80508D5300606D521686FF4DC
:10740000807008612046FFF7EBFD680608D570061E
:1074100006D521686FF040000861204600F0E8FBC7
:10742000A8060AD5B00608D521686FF020000861CB
:107430002046BDE8F041FFF7D5BDBDE8F081000072
:1074400070B586B0054614216846F8F7EFFF286846
:107450000024214A02251F49012690420ED10868C6
:1074600040F0100008600868694600F010000590C0
:10747000501500901948CDE9015424E0B0F1804F37
:1074800025D1086840F002000860086800F002009A
:107490000590086840F0010008600868694600F03F
:1074A000010005904FF480600090CDE901540C4834
:1074B000CDE90346FCF7FAFE4FF40040009009487E
:1074C0006946CDE90154CDE90346FCF7EFFE06B06D
:1074D00070BD0000E0440258000001400010025856
:1074E000000402580000025870B5044690F83C00B1
:1074F000002501280BD0012084F83C000C2A1ED066
:1075000007DC82B1042A12D0082A06D113E0022037
:1075100070BD102A17D0142A19D00125002084F834
:107520003C00284670BD206802F0DCFEF6E72068CB
:1075300002F02AFFF2E7206802F072FFEEE720680F
:1075400002F0BAFFEAE7206802F0F2FFE6E72068FF
:1075500003F028F8E2E700002DE9F0410D0017469E
:1075600004464FF0000610D0042D15D0082D1AD077
:107570000C2D1FD0102D24D094F84300022827D0C2
:1075800094F84300012826D07DE094F83E000228BC
:107590001ED094F83E00F5E794F83F00022817D07B
:1075A00094F83F00EEE794F84000022810D094F8D9
:1075B0004000E7E794F84100022809D094F8410020
:1075C000E0E794F84200022802D094F84200D9E79C
:1075D0000220BDE8F081A7B39BB33B494FF0020006
:1075E0003A4ADFF8ECC055B1042D19D0082D29D046
:1075F0000C2D38D0102D48D084F8430047E084F893
:107600003E00606AC1633946606A0264606AC0F81D
:107610004CC02268606A3432FBF78EFF88B939E0CB
:1076200084F83F00A06AC1633946A06A0264A06A78
:10763000C0F84CC02268A06A3832FBF77DFF00B961
:107640002DE020E084F84000E06AC1633946E06A3A
:107650000264E06AC0F84CC02268E06A3C32FBF782
:107660006BFF80B920E084F84100206BC16339468C
:10767000206B0264206BC0F84CC02268206B403243
:10768000FBF75AFFA8B10120A3E784F842000126C6
:1076900030469EE72068C16841F400710DE0206823
:1076A000C16841F4806108E02068C16841F400616C
:1076B00003E02068C16841F48051C1602068012264
:1076C000294602F08DFDE3E7FBA1020859A202085A
:1076D00091A20208114A10B501681268914218D1AE
:1076E000007F012815D10E4C94F8F500552810D1D3
:1076F00094F8F60055280DD094F82201002808D1FE
:1077000002F0AEF994F8220120F00C00001D84F87C
:10771000220110BDBDE8104002F0E2B9100D0024B6
:10772000DF04002410B5040003D094F83D0010B12C
:1077300007E0012010BD002084F83C00204600F046
:1077400023F8022084F83D002068211D02F0E2FCAD
:10775000012084F8480084F83E0084F83F0084F853
:10776000400084F8410084F8420084F8430084F823
:10777000440084F8450084F8460084F8470084F803
:107780003D00002010BD00002DE9F84F01680746BC
:107790003A48B1F1804F11D0394A914256D101682F
:1077A00041F00201016000680022052100F00200A2
:1077B00000901D20FDF78AFA1D2058E0016841F075
:1077C00001010160006800262E4D4FF4806900F031
:1077D0000100009005F10C014FF040084FF4805A71
:1077E0004FF0120C4FF4804BC5F8088081E8400E32
:1077F000EE6128462E62244C6E62C5E9004CFBF710
:10780000B9FC08B1F9F7E4FD1E4C4FF0140C7D6291
:107810007834AF6304F10C001B4BC4F808801833B4
:1078200080E8400EE661204626626662C4E9003CBC
:10783000FBF7A0FC08B1F9F7CBFDFC6200220521A3
:10784000A7631C20FDF742FA1C2010E00F4A91426A
:1078500011D1016841F00401016000680022052196
:1078600000F0040000901E20FDF730FA1E20BDE855
:10787000F84FFDF70CBABDE8F88F0000E844025855
:10788000000400405C0D0024400402400008004059
:1078900070B504464FF002024FF0000569B10429AB
:1078A00016D008295BD00C2964D0102969D094F82F
:1078B000430001286CD0012070BD94F83E000128DF
:1078C000F9D184F83E202068C26842F0020209E043
:1078D00094F83F000128EED184F83F202068C26868
:1078E00042F00402C2602068012202F079FC2E49B5
:1078F00020682E4A2E4B884209D0904207D09842E9
:1079000005D02C4EB04202D02B4EB04203D1466C73
:1079100046F4004646642068884212D0B0F1804F99
:107920000FD0264988420CD02549884209D02549E4
:10793000884206D0904204D02349884201D0984220
:1079400007D18168214A1140062906D0B1F5803F50
:1079500003D0016841F001010160284670BD94F830
:1079600040000128A7D184F840202068C26842F076
:107970000802B7E794F8410001289CD184F841201F
:1079800008E094F84200012895D184F8422003E0F1
:1079900084F843200C2901D00125DEE72068C26865
:1079A00042F010029EE70000000001400004014088
:1079B00000400140004401400048014000040040F4
:1079C00000080040000C00400018004007000100C3
:1079D00070B5044690F83C0000260D4601280BD0F7
:1079E000012084F83C000C2A4AD007DC82B1042A2A
:1079F00020D0082A06D131E0022070BD102A53D0D1
:107A0000142A63D00126002084F83C00304670BD63
:107A1000206802F067FC2068816941F008018161FB
:107A20002068816921F00401816120682A698169E7
:107A3000114311E0206802F0A7FC2068816941F43D
:107A4000006181612068816921F480618161206821
:107A50002969826942EA01218161D4E7206802F044
:107A6000DFFC2068C16941F00801C1612068C1697B
:107A700021F00401C16120682A69C169114311E044
:107A8000206802F019FD2068C16941F40061C161FC
:107A90002068C16921F48061C16120682969C269D7
:107AA00042EA0121C161AEE7206802F041FD206891
:107AB000416D41F0080141652068416D21F00401EC
:107AC000416520682A69416D114311E0206802F088
:107AD00069FD2068416D41F4006141652068416D98
:107AE00021F48061416520682969426D42EA0121E3
:107AF000416588E710B5040003D094F83D0010B14B
:107B000007E0012010BD002084F83C00204600F072
:107B100023F8022084F83D002068211D02F0FAFAC3
:107B2000012084F8480084F83E0084F83F0084F87F
:107B3000400084F8410084F8420084F8430084F84F
:107B4000440084F8450084F8460084F8470084F82F
:107B50003D00002010BD000008B5006806498842BD
:107B600008D10648016841F001010160006800F099
:107B70000100009008BD000000000140F0440258E0
:107B80000C4910B5044600680968884211D1207F6D
:107B9000012804D10022C1030748FCF79DFC207F87
:107BA000042806D10022BDE8104001020348FCF77A
:107BB00093BC10BD780C0024000002580004025849
:107BC0007047000010B5084904460068884201D19A
:107BD000FCF770FF054920680968884203D1BDE8B9
:107BE000104006F09FBC10BD00100040780C00242F
:107BF000704730B590F88410012918D0012280F820
:107C000084202421C0F888100022202401680B68F9
:107C10000D6823F0005325F001050D6042660168F0
:107C20000B60C0F8884080F88420104630BD0220E8
:107C300030BD10B50446D0F88C00202801D00220B9
:107C400010BD61B15AB10123E366002020672046D0
:107C500003F0E2FA0028F3D1E16E012901D00120FE
:107C600010BD226810211162226852E8001F41F005
:107C7000100142E80013002BF6D110BD0F4AF0B4FA
:107C800000681268904217D10C4C4FF496750C4A5C
:107C9000983C002009E01388AB4208D21388265C88
:107CA0005F1C17801344401C1E718842F3D30120CF
:107CB0009070F0BCF9F734BBF0BC7047241000247E
:107CC000AF030024704770B5044690F88400012883
:107CD0001DD0012284F884202420C4F88800206864
:107CE0000568026822F0010202602068826822F0C2
:107CF00060620A438260204602F08EFC22682021E6
:107D000000201560C4F8881084F8840070BD02203B
:107D100070BD70B5044690F8840001281DD0012282
:107D200084F884202420C4F888002068056802684C
:107D300022F0010202602068826822F060420A4359
:107D40008260204602F068FC226820210020156035
:107D5000C4F8881084F8840070BD022070BD70479C
:107D600070470000044900680968884203D1022175
:107D70000162F9F7D5BA7047241000242DE9F041CB
:107D800007680025044640F60F030226F8693968A3
:107D9000BA6818420AD183067ED501F0200302F0AA
:107DA000805C53EA0C0377D0616F7EE1D44BDFF83F
:107DB00054C3134001EA0C0C53EA0C0C6CD05FEA7C
:107DC000C07C0CD05FEAC15C09D54FF0010CC7F84C
:107DD00020C0D4F8907047F00107C4F8907087076E
:107DE00009D5D70707D027683E62D4F8906046F0DF
:107DF0000406C4F8906046070AD5D60708D027685D
:107E000004263E62D4F8906046F00206C4F8906002
:107E100006070CD501F020061E4308D0266808236B
:107E20003362D4F8903043F00803C4F8903003056F
:107E30000BD54B0109D526684FF400633362D4F8A3
:107E4000903043F02003C4F89030D4F89030002BE9
:107E50003DD0800609D501F0200002F08051084392
:107E600003D0616F09B1204688472168D4F890009B
:107E70008968490602D410F0280F2AD0204602F063
:107E80004BFD2068806840061ED52068083050E809
:107E9000001F21F0400100E021E040E80012002A2C
:107EA000F3D1D4F8800078B197490165D4F8800007
:107EB000FAF7A6FC00280AD0D4F88000016D00E093
:107EC0002046BDE8F04108472046FFF74BFFBDE8DC
:107ED000F0812046FFF746FFC4F89050F7E7D4F84A
:107EE0006CC02023BCF1010F7ED15FEAC06C7BD552
:107EF0005FEAC16C78D5102038622068806840063F
:107F000073D5D4F8802081491068884234D07F49E5
:107F10001831884230D07D49303188422CD07B499D
:107F20004831884228D079496031884224D0774945
:107F30007831884220D07549903188421CD07349ED
:107F4000A831884218D07249884215D0704918313A
:107F5000884211D06E49303188420DD06C49483189
:107F6000884209D06A496031884205D06849783131
:107F7000884201D06649903140684FF48077000410
:107F8000000C40D0B4F85C1081423CD9A4F85E00EB
:107F9000D069B8422FD0216851E8000F20F48070DA
:107FA00041E80002002AF6D12068083050E8001F9E
:107FB00021F0010140E80012002AF5D120680830C4
:107FC00050E8001F21F0400140E80012002AF5D1DE
:107FD000C4F88C30E566206850E8001F21F01001DD
:107FE00040E80012002A01E04AE019E0F3D1D4F899
:107FF0008000FAF755FA2667B4F85C00B4F85E1012
:10800000401A81B208E0B4F85C1081427FF466AF98
:10801000D069B842FAD126672046FFF72FFE56E70F
:10802000B4F85C00B4F85E10B4F85E20401A81B277
:10803000002AF4D00029F2D0226852E8000F20F480
:10804000907042E80007002FF6D1324F206800F10F
:10805000080050E8002F02EA070240E8002CBCF1BB
:10806000000FF3D1C4F88C30E5666567226852E8EA
:10807000000F20F0100042E80003002BF6D1CAE701
:10808000C60209D5560207D54FF480103862204643
:10809000BDE8F041FFF764BE06060AD501F0800690
:1080A00002F40002164304D0A16F00297FF408AF48
:1080B0000DE7420611D54A060FD52046016851E862
:1080C000002F22F0400241E80024002CF6D1C0F835
:1080D0008830856700F082F9F9E6020206D54A0089
:1080E00004D52046BDE8F041FFF739BEC00196D562
:1080F000002994DA2046BDE8F041FFF7E3BD000017
:108100000100001020010004CFA702081000024067
:1081100010040240FEFFFFEF10B5040003D0D4F8B6
:10812000880010B107E0012010BD002084F8840011
:10813000204600F027F82420C4F888002068016851
:1081400021F001010160A06A10B1204602F086FA18
:10815000204602F08BFE0128E6D02068416821F419
:10816000904141602068816821F02A018160206887
:10817000016841F0010101602046BDE8104002F0B5
:10818000D1BA00002DE9F041B6B00746142130A85D
:10819000F8F74CF9C0216846F8F748F94A49022532
:1081A00038680024474E4FF0070888425ED100200F
:1081B0001F940121CDE900106846FDF741F908B18F
:1081C000F9F706F93F481030016841F010010160ED
:1081D000006800F010003590306840F00100306019
:1081E00030684FF4C061309130A900F00100CDE952
:1081F00031543394CDE934803448FCF757F8344E89
:10820000292234494FF48068304686E81600C6E9D2
:1082100003487461B461F46134627462FAF7AAFFCE
:1082200008B1F9F7D5F82A4D2A222A494023783592
:10823000C7F880601831B763284685E81E016C6175
:10824000AC61EC612C626C62FAF794FF08B1F9F74B
:10825000BFF8FD6700220521AF632520FCF736FD3E
:108260002520FCF714FD36B0BDE8F0811A4988429C
:10827000F9D100201E940221CDE900106846FDF7D7
:10828000DFF808B1F9F7A4F80E480830016841F4A6
:1082900000310160006800F400303590306840F033
:1082A0000800306030686021309130A900F008008B
:1082B000CDE931543394CDE934800848FBF7F6FF1B
:1082C000D1E70000E04402580010014000000258CD
:1082D0004C1100241004024000440040000C0258DD
:1082E00030B4D0F88C30202B02D0022030BC704744
:1082F000A9B1A2B10B4D00240368C466AB420BD0F8
:108300005B681B0208D5046854E8003F43F08063B3
:1083100044E80035002DF6D130BC02F0D1BF012079
:10832000E4E70000000C005805490068096888422D
:1083300004D1044901220248FFF7D2BF7047000070
:10834000B81000248C0000247047000070B504466B
:10835000D0F88800202801D0022070BD39B332B394
:10836000E06F002321652125A4F85420A4F85620AD
:10837000C4F89030C4F88850D8B11549C163E16F92
:1083800014480864E16F1448C864E06F036513463D
:108390002068E56F00F12802216D2846FBF7CCF834
:1083A00038B11021C4F890102020C4F888000120B2
:1083B00070BD2168402008622068083050E8001F26
:1083C00041F0800140E80012002AF5D1002070BD84
:1083D000CFA802080FA90208DFA70208704770475C
:1083E000FEE701688A69D243920701D400228A62BB
:1083F00000688169C943C90703D0816941F001015F
:10840000816170472DE9F0470446006800268946DF
:1084100017464FF0200835468169C90641D510211D
:10842000C1612FE0B9F1FF3F2CD0FCF761F8C11B0F
:10843000494502D8B9F1000F24D12068426894F868
:108440004210836902F48042DB431B0415D4B2F569
:10845000804F12D0202910D0416841F48041416002
:10846000FCF746F8074608E0FCF742F8C01B19285D
:1084700003D9012645F0200504E020688069C04347
:108480008006F1D420688069C043800602D5002EA2
:10849000C8D003E016B92168C1F81C80012645F058
:1084A000040521688869C20505D54FF48072CA6148
:1084B00045F00105012641050AD5216880054FF4E4
:1084C000806245F00805CA614FF0010602D40AE057
:1084D000800507D5206801264FF4007145F002059C
:1084E000C16100E08EB12046FFF77BFF20680021CC
:1084F000074F43683B404360606C2843606484F8E6
:10850000418084F8421084F840103046BDE8F0877E
:1085100000E800FE2DE9F8430446164817461E46BB
:10852000DAB20090C3022046DDE9089800F024F892
:1085300042464946204600F0F5F8B8B9012EFDB292
:1085400008D02068390A816242464946204600F038
:10855000E9F858B920688562002280214B46204600
:10856000CDF8008000F020F8002800D00120BDE800
:10857000F88300000020008070B50068C1F3090195
:1085800041EA0241074D049C19434FF4806642685A
:10859000214306EA54532B439A4321F000410A43F6
:1085A000426070BDFF63FF032DE9F0411D46174691
:1085B0000E460446DDF8188028E04246294620464B
:1085C000FFF720FF10B10120BDE8F081681C1DD02D
:1085D000FBF78EFFA0EB0800A84200D8B5B92068D1
:1085E000806936EA00000FD00020B8420ED1626CDC
:1085F000002084F84000202142F02002626484F8C8
:10860000411084F84200DEE70120EEE7206880692F
:1086100036EA000004D00020B842CED00020D3E7D4
:108620000120F9E72DE9F0470026914620278846EA
:10863000044635463DE04A4641462046FFF7E2FE05
:1086400000B1012520688169C943890619D4C5B9DB
:1086500081698169C943C90612D41021C16104220C
:108660001949626401252068C761206842680A4090
:10867000426084F8417084F8426084F8406000E011
:108680006664FBF735FFA0EB0901414502D8B8F15C
:10869000000F0ED16DB920688069C043400708D52E
:1086A000606C012584F8406040F02000606484F82C
:1086B000417020688069C043400701D5002DBAD0C1
:1086C0002846BDE8F087000000E800FE70B51646B9
:1086D0000D4604461FE0324629462046FFF792FE2B
:1086E00008B1012070BDFBF703FF801BA84200D832
:1086F0008DB920688069C04380060CD5626C00206B
:1087000084F84000202142F02002626484F8411085
:1087100084F84200E5E720688069C0438006DAD427
:10872000002070BD70B516460D46044621E0324665
:1087300029462046FFF766FE08B1012070BD681C7F
:1087400017D0FBF7D5FE801BA84200D88DB9206852
:108750008069C04380070CD5626C002084F840001B
:10876000202142F02002626484F8411084F8420023
:10877000E3E720688069C0438007D8D4002070BD3B
:1087800070B5054608780C46AA2822D1A07800BB0F
:10879000607802281DD1B4F80300D0B1AA21284680
:1087A00000F0D0FFB4F80500B4F80310884224D0DC
:1087B00000EE101AB2EE041B2846A4F80510B8EE1D
:1087C000400BBDE8704080EE012BB7EEC20B00F00D
:1087D0003FBFB4F8050000280FD05521284600F00F
:1087E000B1FF002628469FED050AA4F8056000F0B9
:1087F0002FFF034905EB85000E5470BD00000000FB
:108800005902002400EBC000074A552300EB40004A
:10881000002113541044827842F001028270A0F8C3
:108820000510A0F803107047DF0400248068C0F32F
:10883000C00070478068C0F3800070478068C0F354
:1088400080007047C06810F4406F01D0002070476E
:10885000012070470C4B60B101280DD00B4B022852
:108860000DD003280FD10A464FF400411846FBF7FC
:1088700033BE0A460821F9E70A461021F6E70A4600
:108880004FF48041F2E77047001002580008025888
:1088900010B500240721E0B200F012F80021E0B288
:1088A00000F00EF840F002020021E0B200F05EF8A5
:1088B0000721E0B200F004F8641C042CEAD310BDD8
:1088C0003EB505460C460020012101902846FFF7E1
:1088D000C1FF00212846FFF7BDFFC821009104F029
:1088E0007F008DF804000648022302AA01A9FEF7C2
:1088F000CBF901212846FFF7ADFF9DF809003EBDE9
:10890000A40B00243EB505460C4600200121019031
:108910002846FFF79FFF00212846FFF79BFFC8214D
:10892000009104F07F008DF804000748022302AA9A
:1089300001A9FEF7A9F901212846FFF78BFFBDF831
:10894000090040BA3EBD0000A40B002470B500240D
:10895000054600212A46E0B200F008F80021E0B206
:10896000FFF7AEFF641C042CF3D370BDF8B51546B9
:108970000C4601210646FFF76DFF00213046FFF748
:1089800069FF44F080008DF8000007482C43C8239D
:10899000694602228DF80140FEF754F80121304665
:1089A000FFF758FFF8BD0000A40B002430B58BB0D2
:1089B000002468461C21079408940994F7F736FDB3
:1089C0002F484FF4101201212C4B04250561C0E9FA
:1089D0000032C0E902410475032241750B03856131
:1089E00004774462C0E90A42C0E90C3480F8384098
:1089F000C163F9F7B7FA08B1F8F7EAFC204807A90C
:108A00000794F8F767FE08B1F8F7E2FC06201D4965
:108A100040F2FF72CDE90010CDE902021848694624
:108A2000CDE904548DF81940F8F7E8FE08B1F8F7DD
:108A3000CFFC0C211448CDE9000111486946F8F734
:108A4000DDFE08B1F8F7C4FC12211048CDE90001A1
:108A50000B486946F8F7D2FE08B1F8F7B9FC1821BF
:108A60000B48CDE9000106486946F8F7C7FE002823
:108A700001D0F8F7ADFC0BB030BD00000020024083
:108A80005007002400002143000052470040C03A34
:108A90000080F03E70B588B01C216846F7F7C6FC30
:108AA00044480024424A042501214FF41013026077
:108AB0000822C0E90134C0E9031504750323417598
:108AC0000E03826104774462C0E90A43C0E90C6482
:108AD00080F83840C163F9F745FA08B1F8F778FC37
:108AE0000620354940F2FF72CDE90010CDE90202BF
:108AF00030486946CDE904548DF81940F8F77EFEF8
:108B000008B1F8F765FC0C212C48CDE90001294893
:108B10006946F8F773FE08B1F8F75AFC12212848A5
:108B2000CDE9000123486946F8F768FE08B1F8F777
:108B30004FFC18212348CDE900011E486946F8F78B
:108B40005DFE08B1F8F744FC4FF480711E48CDE992
:108B5000000118486946F8F751FE08B1F8F738FCEB
:108B60004FF483711948CDE9000112486946F8F7BE
:108B700045FE08B1F8F72CFC4FF486711448CDE996
:108B800000010C486946F8F739FE08B1F8F720FCF7
:108B90004FF489710F48CDE9000106486946F8F79E
:108BA0002DFE002801D0F8F713FC08B070BD0000BE
:108BB00000210240B40700240000844B0000B84F9D
:108BC0000800900C8000501D1000C0100001802192
:108BD0000002B0252000F01470B588B01C21684652
:108BE000F7F724FC2A480024284A012504264FF4DC
:108BF000101104C02A0380E8720004740321457434
:108C0000466104760462C0E90941C0E90B2480F89A
:108C100034408563001FF9F7A5F908B1F8F7D8FBD0
:108C200006201C4940F2FF72CDE90010CDE9020296
:108C300017486946CDE904648DF81940F8F7DEFD60
:108C400008B1F8F7C5FB0C211348CDE90001104825
:108C50006946F8F7D3FD08B1F8F7BAFB1220694668
:108C6000CDE900500A48F8F7C9FD08B1F8F7B0FBA4
:108C700018210A48CDE9000105486946F8F7BEFD0C
:108C8000002801D0F8F7A4FB08B070BD00600258BE
:108C9000180800240004002A0008302E02003004C6
:108CA000254808B5016841F001010160016801F043
:108CB00001010091016841F0020101600068002299
:108CC000052100F0020000900B20FBF7FFFF0B20B6
:108CD000FBF7DDFF002205210C20FBF7F7FF0C203E
:108CE000FBF7D5FF002205210D20FBF7EFFF0D203C
:108CF000FBF7CDFF002205213820FBF7E7FF3820E6
:108D0000FBF7C5FF002205213920FBF7DFFF3920E3
:108D1000FBF7BDFF002205213A20FBF7D7FF3A20E1
:108D2000FBF7B5FF002205213B20FBF7CFFFBDE895
:108D300008403B20FBF7ABBFD84402582B48042126
:108D4000F0B5294F002489B0846007601422C46004
:108D50001B2304740225447401268474C361C0E992
:108D60000521C0E9081200F13002C0E90A1382E8C7
:108D70005200C0E90F45C0E91114C0E91314C0E95D
:108D80001514C0E91745C0E91941FBF751F808B1BE
:108D9000F8F71EFB02A901944FF4926081E870007D
:108DA000CDE90504114801A9FAF78CFD08B1F8F7DF
:108DB0000FFB02220D48002311460094FAF7C1FD73
:108DC00008B1F8F705FB094800220121FAF702FD76
:108DD00008B1F8F7FDFA0548FBF7A1F9002801D022
:108DE000F8F7F6FA09B0F0BD00A00040E40900244D
:108DF000094810B504F07EFE084C2061064810308A
:108E000004F078FE044A0021606105486C3A04F0E1
:108E1000A9FE606010BD000084FB02082C00002445
:108E2000C19B02082DE9F04F87B014216846F7F77F
:108E3000FDFA5648016841F010010160016801F037
:108E400010010591016841F004010160016801F021
:108E500004010591016841F080010160016801F0A1
:108E600080010591016841F001010160016801F094
:108E700001010591016841F002010160016801F002
:108E800002010591016841F008010160006840F2AB
:108E90001B16DFF8FC90002200F008003146059018
:108EA0004846FBF719FBDFF8ECA000224CF240111A
:108EB0005046FBF711FBDFF8E0B045F238370022EF
:108EC00039465846FBF708FB48F280083348002231
:108ED0004146FBF701FB0024009601256946484600
:108EE000CDE901540394FBF7E1F94FF441400090C0
:108EF000CDE90154694650460394FBF7D7F94FF486
:108F000088166946E8020294CDE900065846FBF748
:108F1000CDF900976946CDE9015458460394FBF713
:108F2000C5F9CDF800806946CDE901541B4803948A
:108F3000FBF7BCF940206946CDE90005CDE90254B4
:108F40005046FBF7B3F903206946CDE90006134804
:108F50000294FBF7ABF9002205210620FBF7B6FED1
:108F60000620FBF794FE002205210720FBF7AEFE4A
:108F70000720FBF78CFE002205212820FBF7A6FE28
:108F80002820FBF784FE07B0BDE8F08FE0440258CC
:108F9000001002580008025800040258000C025841
:108FA0001348002110B5114C0123124A0460C0E996
:108FB0000121C0E9033141618161C1610162FBF7B7
:108FC000F3FA08B1F8F704FA09480021FBF796FA1A
:108FD00008B1F8F7FDF906480021FBF7BBFA0028B5
:108FE00003D0BDE81040F8F7F3B910BD00540040BD
:108FF000C80A0024EE3A30704FF0804215482DE93F
:10900000F0411311124C00211512C0E90513C0E9FB
:1090100007214162072781624FF4C026C1624FF0E9
:10902000007CC0E90D21C163016441648164C164B5
:1090300001654165816580E8F010FDF7D7FB0028E8
:1090400003D0BDE8F041F8F7C3B9BDE8F0810000F6
:10905000003800401C0B00242DE9F041164807267B
:109060004FF08042DFF84CC000215511056113110B
:10907000C0E90216C0E9072141621712816294110A
:10908000C162C0E90D21C163016441648164C164AE
:10909000016541658165C0E90543C0E900C7FDF789
:1090A000A5FB002803D0BDE8F041F8F791B9BDE871
:1090B000F081000000340140A40B002410B596B0EC
:1090C00000241C210BA8129413941494F7F7AEF902
:1090D0002C216846F7F7AAF92248EF2220494FF6DB
:1090E000FF7380E81600C0E9033444618461FEF731
:1090F00001FD08B1F8F76CF91A4812A912941394FB
:109100001494FDF7C1FF08B1F8F762F96020CDE9CA
:109110000B04144800220BA90D940E940F94109484
:109120001194FEF755FC08B1F8F752F94FF40050CE
:109130000094019401030294CDE904400394069441
:10914000CDE907410748694609940A94FDF74CFFA9
:1091500008B1F8F73DF90348FEF772F916B010BDF3
:10916000000001402C0C002410B58AB00024684691
:109170001C21079408940994F7F758F91948611EBF
:1091800017224FF08043C0E9024104618461C0E9C5
:109190000032FEF7C7FA08B1F8F71AF9114807A923
:1091A00007940994FDF770FF08B1F8F711F9302022
:1091B000049402210291CDE900040A480022694684
:1091C000FEF792F908B1F8F703F906480822694654
:1091D000FEF78AF908B1F8F7FBF80248FEF730F914
:1091E0000AB010BD780C002410B58AB0002468467F
:1091F0001C21079408940994F7F718F9144863217F
:10920000124AC0E90021C0E9024104618461FEF70D
:1092100089FA08B1F8F7DCF80D4807A90794099412
:10922000FDF732FF08B1F8F7D3F8022000940022CE
:109230006946CDE9014006480494FEF755F9002837
:1092400001D0F8F7C5F80AB010BD000000040040D6
:10925000C40C002410B58AB0002468461C21079471
:1092600008940994F7F7E2F818484FF6FF71EF22D7
:10927000154BC0E9024104618461C0E90032FEF788
:1092800051FA08B1F8F7A4F8104807A9079409940F
:10929000FDF7FAFE08B1F8F79BF80C480022694682
:1092A0000094019402940494FEF71EF908B1F8F7B3
:1092B0008FF8064804226946FEF716F9002801D007
:1092C000F8F786F80AB010BD00080040100D002421
:1092D000194800212DE9F041164A0C24C0E9054146
:1092E000C1614FF461230162951441625614171550
:1092F000816280E8EC00FEF70FFF08B1F8F768F82C
:109300000D480021FEF705FD08B1F8F761F80A489D
:109310000021FEF7D8FC08B1F8F75AF80648FEF726
:1093200068FC002803D0BDE8F041F8F751B8BDE86B
:10933000F081000000100140241000241848002192
:1093400010B5164C0C224FF4E1330460C0E9013132
:10935000C160C0E904128161C16101624162816240
:10936000FEF7DAFE08B1F8F733F80D480021FEF7F2
:10937000D0FC08B1F8F72CF809480021FEF7A3FC4F
:1093800008B1F8F725F80648FEF733FC002803D0AB
:10939000BDE81040F8F71CB810BD000000440040C4
:1093A000B810002410B501210446FFF7ABFA21469E
:1093B000BDE81040400803F09FBAFEE7FEE7F0B5B5
:1093C000B1B0C0216846F7F731F8002304240A251C
:1093D0004FF408228DE83C0002202993C026049017
:1093E00002071C9220270590CDE90606CDE90873F7
:1093F0006846FCF725F8002801D072B6FEE731B0C8
:10940000F0BD00002DE9F047454D044689464FF078
:10941000000A2868C04380070AD0414E283E3068C1
:1094200020F080603060FBF763F80746B04608E044
:109430000120BDE8F08700BFFBF75AF8C01B0228E7
:1094400067D8D8F800000001F6D4206829684FF4E6
:10945000FE0721F47C313E0241EA00302860207A88
:10946000A389B4F804C040022D4D2D495B1E227C17
:10947000ACF1010C1035091DA0F5007080B2521E30
:10948000CCF3080C07EA034340EA0C00184306EA51
:109490000262104328600868626920F0C00010432F
:1094A00008600A68A06922F0200202430A60281DB1
:1094B0000A6822F010020A6002684FF6F873E46945
:1094C0009A4342EAC40202600868B9F1000F40F012
:1094D00010020A6011D00868B9F1010F11D040F4F0
:1094E00000100860D8F80000444640F08060C8F8DA
:1094F0000000FAF7FDFF05460DE0086840F4002083
:10950000EFE740F48010ECE7FAF7F2FF401B022887
:1095100001D903208DE720680001F5D5504688E782
:10952000284402582DE9F047454D044689464FF03E
:10953000000A2868C04380070AD0414E283E3068A0
:1095400020F080503060FAF7D3FF0746B04608E0BD
:109550000120BDE8F08700BFFAF7CAFFC01B022850
:1095600067D8D8F800008000F6D4208829684FF426
:10957000FE0721F07C713E0241EA00502860207A0B
:10958000A389B4F804C040022D4D2D495B1E227CF6
:10959000ACF1010C1835091DA0F5007080B2521E07
:1095A000CCF3080C07EA034340EA0C00184306EA30
:1095B0000262104328600868626920F4406010432A
:1095C00008600A68A06922F4007202430A60281D3C
:1095D0000A6822F480720A6002684FF6F873E46940
:1095E0009A4342EAC40202600868B9F1000F40F4ED
:1095F00080720A6011D00868B9F1010F11D040F0F3
:1096000080700860D8F80000444640F08050C8F8E8
:109610000000FAF76DFF05460DE0086840F4800091
:10962000EFE740F40000ECE7FAF762FF401B022886
:1096300001D903208DE720688000F5D5504688E7E2
:109640002844025800214161C16001617047000057
:1096500000EBC0021A4902EB42021144D1F80F207C
:10966000D1F80B1000EE902A01EE101A40EE010A1C
:10967000F5EEC00AF1EE10FA01D2DFED120A9FED0D
:10968000120AB0EE041B9FED112B20EE800A9FED15
:10969000113BB7EEC00A80EE014B24EE020B20EE28
:1096A000030BBCEEC00B10EE101A8AB228B10128D1
:1096B00005D103210120F7F753BB0221FAE77047D8
:1096C000DF0400240000000000FF7F47FA7E6ABC30
:1096D0007493683F0000000000004940B5EEC00AE6
:1096E000F1EE10FA01D29FED110ADFED110AB0EE92
:1096F000042B9FED103B20EE200A9FED101BB7EED0
:10970000C00A80EE024B24EE030B20EE010BBCEEF0
:10971000C00B10EE101A8AB228B1012805D105211C
:109720000120F7F71DBB0421FAE770470000000095
:1097300000FF7F47FA7E6ABC7493683F0000000018
:109740000000494070B5154DAA29154C0DD04FF0B9
:109750000102E0B180212846FAF7BEFE0022102166
:109760002046BDE87040FAF7B7BE4FF0010238B1AD
:1097700010212046FAF7B0FE002228468021F0E7AB
:1097800020212046FAF7A8FE00220821E8E7082158
:109790002046FAF7A1FE00222021E1E7000C025842
:1097A00000040258B7EEC03A9FED1C1B9FED1D0B45
:1097B0009FED1E2B1F4A33EE413B83EE004B34EEF0
:1097C000410B80EE023B31EE430BB7EEC00BB5EE22
:1097D000C00AF1EE10FA02D29FED170A05E010EE72
:1097E000101A914201DDB0EE040ADFED140AB0EE6A
:1097F000041B20EE200AB7EEC00A80EE012BBCEE5F
:10980000C20B10EE101A8AB228B1012805D101212D
:109810000120F7F7A5BA0021FAE770479A999999BC
:109820009999E93F00000000000042403333333390
:1098300033331B40000020400000000000FF7F4742
:10984000B5EEC00A10B5F1EE10FA02DDF0EE400AF6
:1098500001E0F1EE400A9FED2B1BB7EEE05ADFED81
:109860002B0AB5EEC00AB2EE0C3BB7EE084BB0EED9
:10987000042BF1EE10FA35EE415B4FF6FF7185EEE9
:10988000036B36EE413B83EE045B31EE451BB7EED6
:10989000C10B20EE200AB7EEC00A80EE021BBCEE20
:1098A000C10B10EE102A94B202DD22460C4600E0F5
:1098B0000A4680B1012815D002281AD003281FD1EA
:1098C00007210020F7F74CFA05212246BDE8104099
:1098D0000020F7F745BA02210020F7F741FA0021EE
:1098E0002246F3E706210020F7F73AFA0421224640
:1098F000ECE703210020F7F733FA01212246E5E7E0
:1099000010BD00009A9999999999E93F00FF7F4706
:10991000AA29034630B40AD000220E4C4BB1012BC9
:109920000AD00D4C022B0AD003280FD10BE00122E4
:10993000F3E70221204609E00121204606E04FF42A
:109940000071204602E04FF48071204630BCFAF7E7
:10995000C3BD0000001002580004025810B5026890
:1099600040F26F335169946944F0080494610268CD
:10997000946944F0100494610268146824F00104AE
:109980001460026814699C4314610268936823F4AC
:109990004043936090F88120042A0CD08A060AD5AF
:1099A000D0F8842042F08002C0F8842002689369D5
:1099B00043F02003936190F88120032A0CD04A06DB
:1099C0000AD5D0F8842042F00402C0F8842002684E
:1099D000936943F0400393618A050AD5D0F8842047
:1099E00042F00102C0F884200268936943F40073D6
:1099F0009361C9050AD5D0F8841041F00801C0F878
:109A0000841001688A6942F480728A610021A0F89A
:109A10006210A0F86A1010BD2DE9F0411C461646F0
:109A20000D460746DDF818800AE000BFFAF760FD32
:109A3000A0EB0800A04202D3601C01D00BE054B19F
:109A40003868406935EA000007D00020B042EDD008
:109A50000020BDE8F0810320FBE70120F6E70000CD
:109A6000114810B5FDF71AFC0F4900209FED0F1BA0
:109A70000A6850620F480A68B0F8F70000EE100A52
:109A8000B8EE400B81EE002BBCEEC20B10EE100ABC
:109A9000401ED062C860F7F761F800F00DF8BDE82D
:109AA00010400148FDF7B4BB780C00240000000012
:109AB000D0126341DF040024074A02230748002133
:109AC00010B5FDF749FD044A0223BDE810400832F5
:109AD00002480821FDF740BD7C000024780C0024DA
:109AE00070B5234C94F8220100282DD1214E00217D
:109AF000214AA2F5EA703388FDF72EFD94F8F200B2
:109B00001E4DAA2821D028680022082100F068FBF9
:109B1000318819482A6800EB810050F8041C633131
:109B2000D16250F8040C6330E8601448FDF770FB14
:109B300094F8F500552894F8220115D020F0300053
:109B400010F1100084F8220170BD0B4A18230B4855
:109B500008216032FDF700FD07482A686030C16DBA
:109B60006331D162C06DDEE720F00300401CE9E7FD
:109B7000DF040024780000244C0E0024780C00241C
:109B8000044A0021044810B503F0ECFF0349C86003
:109B900010BD000060FB0208819C02082C0000241C
:109BA000044A0021044810B503F0DCFF0349886033
:109BB00010BD00003CFB0208F99B02082C000024A9
:109BC00003F0B6FE00F064F8C120FEF7BFFEFEF71A
:109BD0005FFE02F081FDF7F7A3FBFFF7D1FF1E2028
:109BE000FBF762F8034C20603620FBF75DF820603D
:109BF00003F0B4FF2C0000241F4A8AB01F4C022639
:109C000002F11000099004F1360008905E300490D3
:109C1000793802F11C09009004F1650A02F1280864
:109C200002F1340502F1080704F1C30B03F066FCEE
:109C30000020DDE9081200F05BF901204A46514698
:109C400000F056F904990220424600F051F9032031
:109C50002A46594600F04CF966700020064A07492A
:109C60002677FEF78DFD009901203A46FEF788FD24
:109C7000012003F003FFD9E702060024DF040024DB
:109C800002F094FC03F0B6FF012003F0F7FEF7E7C3
:109C90000B491C2210B501F1E000F8F77DFB0849E3
:109CA0003822383101F58670F8F776FB04491C221A
:109CB000BDE81040A83101F58070F8F76DBB0000D9
:109CC000700600244FF0E02010B5006905F070FD2B
:109CD000012803D0BDE8104005F05CBA10BD0000BB
:109CE00070B59CB04C216846F6F7A0FB202113A864
:109CF000F6F79CFB0220FBF71BF8214800242149C2
:109D0000026842F44042026002680A6842F00102BE
:109D10000A60096801F001011B9101688904FCD502
:109D200002200090402504950121039104220B920A
:109D30003C23CDE90904CDE90C300FAB05260E9686
:109D40000C2183E8130068461294FCF78DFA08B1E1
:109D500072B6FEE708221A95CDE91625D30113AA9B
:109D60003F200321CDE9185382E81300042113A8F2
:109D7000FCF73CF8002801D072B6FEE71CB070BDBD
:109D8000184802582C0400583348F0B5334A01688B
:109D900041F470010160106800F00F00072804D240
:109DA000106820F00F00C01D10602D4900202C4CC1
:109DB00010340B682B4D43F001030B6020600B68DF
:109DC0002B400B60136803F00F03072B04D91368B3
:109DD00023F00F03DB1D1360214C234A1834234B5F
:109DE000261D371D20601E4C214D28343060261D55
:109DF0003860371D23603B1D35601C1D3A60251DF2
:109E00002E1D1860331D22602860326018600A68B9
:109E1000134B184C22F4802260330A6018602068CB
:109E20006FF30F00B0F1005F03D213490120C1F8B6
:109E300008010B48D4300168C9040BD4026843F20E
:109E4000D2010E4B42F4805202601960016821F485
:109E500080510160F0BD000088ED00E0002000525C
:109E6000004402587FEDF6EA80020101000202027E
:109E70000000FF010010005C008000510040005213
:109E8000B0F90300B2EE042B00EE100A0968F0EE00
:109E9000080AB8EEC03B00EE101A83EE021B30EE4B
:109EA000200AB7EEC00AB4EEC01BF1EE10FA01DDD5
:109EB0000120704700207047B0F90300B2EE042B78
:109EC00000EE100A0968F0EE080AB8EEC03B00EE9A
:109ED000101A83EE021B30EE200AB7EEC00AB4EE71
:109EE000C01BF1EE10FA01D201207047002070472C
:109EF0002DE9F04792460C46054600F07DF83D4BB3
:109F00000022207805EB850503F12806552803F18A
:109F1000140702D172555A557A55705D30B1012837
:109F20004FF003080DD002285AD12FE02078AA283C
:109F300056D10120705505F049FCA919C1F801005E
:109F40004EE051462046FFF79BFF20B95146204680
:109F5000FFF7B2FFB8B1274849F2E031283004F0EA
:109F6000BAFD03283CD151462046FFF789FF00285F
:109F7000A07802D040F0020001E040F00400A070A0
:109F800006F805802CE00220705529E05146204655
:109F9000FFF776FF4EF6602958B11648494604F09F
:109FA0009AFD03281CD106F80580A07840F0020035
:109FB00015E05A55A078514620F00200A0702046C6
:109FC000FFF77AFF80B10B484946143004F083FD57
:109FD000032805D106F80580A07840F00400A070A1
:109FE000785D6070BDE8F0877A55A07820F00400B5
:109FF000F5E70000630200242DE9F0410C460978E2
:10A0000004F10F071646AA29054601D1A07880B1B0
:10A0100055212846FFF77CFC0020C4F82B009FED5B
:10A020002E0A2846FFF70CFC3846BDE8F041FFF742
:10A0300009BBAA212846FFF76BFC34F9030FB2EEE7
:10A04000041B00EE100A3168B8EEC03B00EE101A97
:10A0500083EE012BB7EEC00A30EE420BB7EEC00B19
:10A0600010EE100A2062384603F02EFEA06A00EEC1
:10A07000900A30EE200A10EE100AA062284603F083
:10A080005BF8B7EEC01A9FED150B01F0C9FBB7EEF8
:10A09000C00BA06AE41E01EE100AF1EE400AB4EE15
:10A0A000E01AF1EE10FA02D210EE900A0BE000EE88
:10A0B000900AF4EEC00AF1EE10FA02DCD4F82B009C
:10A0C00003E010EE100AC4F82B0000EE100A284638
:10A0D000BDE8F041FFF7B4BB000000000000000045
:10A0E000008033400148FDF706B90000780C0024D9
:10A0F0000148FDF700B90000C40C00240148FDF739
:10A10000FAB80000100D00240148FDF7F4B8000073
:10A110003C1200242DE9F047294B4FF0804A294D8D
:10A1200002689842284E294F294C09D0504507D043
:10A13000A84205D0B04203D0B84201D0A04205D118
:10A14000D1F804C022F070024CEA0202DFF884C0A9
:10A15000DFF884809842DFF884900FD050450DD00E
:10A16000A8420BD0B04209D0B84207D0A04205D0D7
:10A17000604503D0404501D0484503D1CD6822F465
:10A1800040722A438E684D6922F08002C6620E68D2
:10A190002A439842866207D0A04205D0604503D08A
:10A1A000404501D0484501D1096901630368012197
:10A1B00043F00403036041610260BDE8F0870000E2
:10A1C000000001400004004000080040000C004076
:10A1D00000040140004001400044014000480140AB
:10A1E00010B5046A012301F01F018B409C430462F7
:10A1F0008A40016A1143016210BD10B5846B0121D0
:10A20000626A824205D12177C069F8B984F83E10AC
:10A210001CE0A26A824206D102222277C069A8B954
:10A2200084F83F1012E0E26A824206D104222277CB
:10A23000C06958B984F8401008E0226B824205D109
:10A2400008222277C06908B984F841102046FDF73A
:10A2500097FC0020207710BD10B5846B616A8142A5
:10A2600001D101200DE0A16A814201D1022008E064
:10A27000E16A814201D1042003E0216B814201D1D6
:10A28000082020772046FDF79BFC0020207710BD9A
:10A2900010B5846B0121626A824203D1217784F870
:10A2A0003E1019E0A26A824204D10220207784F88D
:10A2B0003F1011E0E26A824204D10420207784F842
:10A2C000401009E0226B824204D10820207784F8F4
:10A2D000411001E084F83D102046FDF70AF8002007
:10A2E000207710BD2DE9F04FDFF88480214EDFF894
:10A2F0008890DFF888B0026A036AB042DFF880A075
:10A3000022F0020C1F4F23F00102026242688569AD
:10A310008B680C6805EA080525F0030543EA0C0381
:10A3200044EA050407D0484505D0584503D05045B8
:10A3300001D0B84205D1CD6823F008031D4325F0B4
:10A340000403B04207D0484505D0584503D05045D6
:10A3500001D0B84205D122F44076D1E90552354307
:10A360002A4342608461496841630362BDE8F08F1B
:10A370008FFFFEFF0000014000040140004001404B
:10A380000044014000480140F0B5DFF87CE01F4C7C
:10A390001F4D026A036AA04222F0200623F0100338
:10A3A000036242688369D1F808C00F6803EA0E03AC
:10A3B00023F4407E46EA0C134EEA072601D0A84259
:10A3C00006D1CF6823F0800343EA071323F040034C
:10A3D000A0420AD0A84208D00E4CA04205D00E4C94
:10A3E000A04202D00D4CA04207D1D1E9054522F48C
:10A3F000406242EA840242EA85024260866149681C
:10A4000081630362F0BD0000FF8FFFFE000001408A
:10A410000004014000400140004401400048014068
:10A42000F0B5DFF87CE01F4D1F4E026A036AA842B8
:10A4300022F4007723F4807303624368C269D1F881
:10A4400008C002EA0E020C6822F0030E47EA0C2252
:10A4500044EA0E0401D0B04206D1CF6822F4006273
:10A4600042EA072222F48062A8420AD0B04208D011
:10A470000E4DA84205D00E4DA84202D00D4DA84267
:10A4800007D1D1E9055623F4405343EA051343EAC3
:10A4900006134360C4614968C1630262F0BD0000F5
:10A4A0008FFFFEFF0000014000040140004001401A
:10A4B0000044014000480140F0B5046A026A22F4F9
:10A4C000805202624268C36924F40054DFF848C035
:10A4D0008E680D6803EA0C03104F23F4407344EABE
:10A4E0000634B84243EA05230BD00D4DA84208D0EC
:10A4F0000C4DA84205D00C4DA84202D00B4DA842ED
:10A5000004D14D6922F4804242EA85124260C3615F
:10A51000496801640462F0BDFF8FFFFE0000014046
:10A520000004014000400140004401400048014057
:10A53000F0B5164F164B026A046A984222F40035B1
:10A5400024F4803303624268436D0E890C6803EA89
:10A55000070344EA030445EA06430BD00D4DA84225
:10A5600008D00D4DA84205D00C4DA84202D00C4D8C
:10A57000A84204D14D6922F4803242EA05224260A9
:10A580004465496881650362F0BD00008FFFFEFFEE
:10A59000000001400004014000400140004401402F
:10A5A00000480140F0B5164F164B026A046A984203
:10A5B00024F48013036222F400144268436D0E8970
:10A5C0000D6803EA070344EA065443EA05230BD067
:10A5D0000D4DA84208D00D4DA84205D00C4DA84203
:10A5E00002D00C4DA84204D14D6922F4802242EAE7
:10A5F0008522426043654968C1650462F0BD000080
:10A60000FF8FFFFE000001400004014000400140B8
:10A61000004401400048014030B5416EB9B10168C5
:10A620000D4B03F108048A688968C2F34262490F3E
:10A630005D5C615C2D01B5FBF1F1A0F86A10995CDD
:10A64000A25C0901B1FBF2F1A0F8681030BD012154
:10A65000A0F86A10F8E7000020FC020890F8281023
:10A66000090706D50168836B4A6822F400421A4341
:10A670004A6090F82810C90706D00168C36A4A6882
:10A6800022F400321A434A6090F82810890706D550
:10A690000168036B4A6822F480321A434A6090F8DA
:10A6A0002810490706D50168436B4A6822F48022C6
:10A6B0001A434A6090F82810C90606D50168C36B92
:10A6C0008A6822F480521A438A6090F8281089061A
:10A6D00006D50168036C8A6822F400521A438A6026
:10A6E00090F82810490611D50168436C4A6822F495
:10A6F00080121A434A60416CB1F5801F06D101688F
:10A70000836C4A6822F4C0021A434A6090F8281009
:10A71000090606D50168C26C486820F40020104381
:10A72000486070472DE9F84300250446C0F8905072
:10A73000F9F7DEFE8046206820266FF07E4700682D
:10A74000000713D50022434631042046009700F04D
:10A750003FFE58B1216851E8000F20F0800041E829
:10A760000002002AF6D1C4F8886021E02068006861
:10A77000400722D5002243464FF48001204600972F
:10A7800000F026FEC8B1206850E8001F21F4907147
:10A7900040E80012002AF6D12068083050E8001F77
:10A7A00021F0010140E80012002AF5D1C4F88C60C4
:10A7B000032084F88450BDE8F883C4F88860C4F8A6
:10A7C0008C60E5662567002084F88450F3E710B5B7
:10A7D000806B0021A0F85E10FDF7C4FA10BD70B5C3
:10A7E000846B00252168D4F88800D4F88C608968CF
:10A7F000090606D5212804D1A4F85650204600F0B9
:10A80000B5F820688068400606D5222E04D1A4F849
:10A810005E50204600F080F8D4F8900040F0100020
:10A82000C4F890002046FDF79DFA70BD10B5C169CF
:10A830000022806BB1F5807F2DD0A0F85E200368E8
:10A8400053E8001F21F4807143E80014002CF6D176
:10A850000168083151E8003F23F0010341E800346A
:10A86000002CF5D10168083151E8003F23F0400386
:10A8700041E80034002CF5D12021C0F88C10C16EC5
:10A88000012908D1016851E8003F23F0100341E895
:10A890000034002CF6D10267C16E012902D0FDF709
:10A8A00043FD10BDB0F85C10FDF7E8F910BD10B520
:10A8B000806B01210167C16E012902D0FDF744FDC3
:10A8C00010BDB0F85C104908FDF7D8F910BD10B5FF
:10A8D000C169806BB1F5807F16D00021A0F85610B9
:10A8E0000168083151E8002F22F0800241E800237E
:10A8F000002BF5D1026852E8001F41F0400142E808
:10A900000013002BF6D110BDFDF768FD10BD10B58A
:10A91000806BFDF764FD10BD10B5026852E8001FA2
:10A9200021F4907142E80013002BF6D10E4B02681F
:10A93000083252E8001F194042E80014002CF6D1FA
:10A94000C16E012908D1026852E8001F21F01001F0
:10A9500042E80013002BF6D100212022C0F88C2001
:10A96000C166416710BD0000FEFFFFEF026852E8BC
:10A97000001F21F0C00142E80013002BF6D101684E
:10A98000083151E8002F22F4000241E80023002B97
:10A99000F5D12021C0F888107047000010B5D0F81C
:10A9A0008C10B0F860202229016804D0886940F03A
:10A9B0000800886110BD496A836D11401980816D5E
:10A9C000891C8165B0F85E10491EA0F85E10B0F8D1
:10A9D0005E100029EED1016851E8002F22F4907238
:10A9E00041E80023002BF6D10168083151E8002F1F
:10A9F00022F0010241E80023002BF5D1184B002181
:10AA000002682024C0F88C40416701679A420BD04D
:10AA10005268120208D5036853E8002F22F08062C2
:10AA200043E80024002CF6D1C26E012A02D0FDF7C3
:10AA30007BFC10BDC166026852E8001F21F01001C6
:10AA400042E80013002BF6D10168CA69D243D2064E
:10AA500001D410220A62B0F85C10FDF70FF910BDA6
:10AA6000000C00582DE9F04704460068C569D0F88D
:10AA700000A0D0F80890D4F88C10B4F860602229B7
:10AA800005D0816941F008018161BDE8F087B4F823
:10AA900068704FF0000844E02068A16D406A3040C3
:10AAA0000880A06D801CA065B4F85E00401EA4F86C
:10AAB0005E002068C569690730D0E9070AD05FEAFF
:10AAC000CA5107D501210162D4F8900040F001007D
:10AAD000C4F89000A8070BD55FEAC97008D02168B8
:10AAE00002200862D4F8900040F00400C4F89000FE
:10AAF00068070BD55FEAC97008D021680420086296
:10AB0000D4F8900040F00200C4F89000D4F890000F
:10AB100020B12046FDF726F9C4F89080B4F85E0015
:10AB200000B30FB1A806B7D4B4F85E000028ACD0CB
:10AB3000B4F868108142A8D92068083050E8001F96
:10AB400021F0805140E80012002AF5D12A486067C0
:10AB5000216851E8000F40F0200041E80002002A7F
:10AB6000F6D192E7216851E8000F20F4807041E8A7
:10AB70000002002AF6D1214A2068083050E8001F60
:10AB8000114040E80013002BF6D11D4A2023216814
:10AB90004046C4F88C30C4F87480C4F87080914288
:10ABA0000BD04968090208D5226852E8001F21F03D
:10ABB000806142E80013002BF6D1E16E012903D039
:10ABC0002046FDF7B1FBAFE7E066216851E8000FD2
:10ABD00020F0100041E80002002AF6D12068C16987
:10ABE000C943C90601D410210162B4F85C102046A3
:10ABF000FDF744F898E700009DA90208FEFFFFEF6B
:10AC0000000C005810B5D0F88C10B0F86020222944
:10AC1000016804D0886940F00800886110BD496A65
:10AC2000836D11401970816D491C8165B0F85E100B
:10AC3000491EA0F85E10B0F85E100029EED102683F
:10AC400052E8001F21F4907142E80013002BF6D166
:10AC50000168083151E8002F22F0010241E8002389
:10AC6000002BF5D1184B002102682024C0F88C403D
:10AC7000416701679A420BD05268120208D50268F8
:10AC800052E8003F23F0806342E80034002CF6D104
:10AC9000C26E012A02D0FDF747FB10BDC1660268F3
:10ACA00052E8001F21F0100142E80013002BF6D1FA
:10ACB0000168CA69D243D20601D410220A62B0F8F0
:10ACC0005C10FCF7DBFF10BD000C00582DE9F047CD
:10ACD00004460068C569D0F800A0D0F80890D4F800
:10ACE0008C10B4F86060222905D0816941F0080118
:10ACF0008161BDE8F087B4F868704FF0000844E067
:10AD00002068A16D406A30400870A06D401CA065AD
:10AD1000B4F85E00401EA4F85E002068C5696907AB
:10AD200030D0E9070AD05FEACA5107D50121016294
:10AD3000D4F8900040F00100C4F89000A8070BD5AB
:10AD40005FEAC97008D0216802200862D4F8900038
:10AD500040F00400C4F8900068070BD55FEAC970A2
:10AD600008D0216804200862D4F8900040F0020066
:10AD7000C4F89000D4F8900020B12046FCF7F2FF10
:10AD8000C4F89080B4F85E0000B30FB1A806B7D441
:10AD9000B4F85E000028ACD0B4F868108142A8D99D
:10ADA0002068083050E8001F21F0805140E8001270
:10ADB000002AF5D12A486067206850E8001F41F05A
:10ADC000200140E80012002AF6D192E7216851E8FC
:10ADD000000F20F4807041E80002002AF6D1214AD9
:10ADE0002068083050E8001F114040E80013002B95
:10ADF000F6D11D4A202321684046C4F88C30C4F89F
:10AE00007480C4F8708091420BD04968090208D55B
:10AE1000226852E8001F21F0806142E80013002BF5
:10AE2000F6D1E16E012903D02046FDF77DFAAFE7A8
:10AE3000E066206850E8001F21F0100140E8001291
:10AE4000002AF6D12068C169C943C90601D410217E
:10AE50000162B4F85C102046FCF710FF98E7000090
:10AE600005AC0208FEFFFFEF000C00582DE9F0438F
:10AE700004468068D84E87B0D84B2168D4E90427AF
:10AE8000D4F81CC010430A68002547EA0C07384371
:10AE9000324002430A602068E268416821F4405170
:10AEA000114341602268A1699A4201D0206A01439E
:10AEB0009768DFF82CC3CB4ECB4807EA0C070F434B
:10AEC00097602168676ACA6A22F00F023A43CA6231
:10AED0002268B2420ED1006800F03800182873D002
:10AEE00047DCB8B3082879D010286FD178E028283B
:10AEF0007ED17BE0BD498A4209D1006800F007009D
:10AF0000062875D2DFE800F0546A6C6E7072B8499A
:10AF10008A4209D1006800F00700062868D2DFE8FD
:10AF200000F0475D5F616365B2498A4209D10068FC
:10AF300000F0070006285BD2DFE800F03A505254D8
:10AF40005658AD498A420BD1006800F00700062828
:10AF50004ED200E010E0DFE800F02B4143454749C6
:10AF6000A6498A420AD1006800F03800182839D072
:10AF7000B7DD2028BBD13CE001203AE0A0498A425D
:10AF800009D1006800F00700062831D2DFE800F0A0
:10AF90001026282A2C2E9B498A420BD1006800F0EB
:10AFA0000700062824D2DFE800F003191B1D1F212B
:10AFB00000201EE09A421BD18B48001D006800F063
:10AFC0000700062814D202E00CE007E010E0DFE8FA
:10AFD00000F0030507090B0D02200AE0042008E039
:10AFE000082006E0102004E0202002E0402000E0DD
:10AFF00080208549DFF814829A42854A4FF4004345
:10B000004FEA21174FF000064ED110281AD006DC67
:10B01000022809D004280BD008287CD10DE0202874
:10B020003ED0402877D13DE0F9F7ACFE014610E074
:10B030006846F9F75DFF01990BE003A8F9F7FAFFFD
:10B04000049906E01068800605D51068C0F3C100B9
:10B05000C140002970D0606A676838F8102007EB9B
:10B060004703B1FBF2F0834255D8B0EB073F52D80B
:10B07000002308461946F5F78FF902467808130EA3
:10B08000120243EA012110183A4671410023F5F7F4
:10B0900083F9604AA0F5407191423CD821688FE065
:10B0A0003946D8E71946D6E7D4F81CC04FF6EF79F1
:10B0B0009C4546D1082819D005DC58B101280CD090
:10B0C000042875D10DE0102815D0202835D040284F
:10B0D0006ED134E0FBF708F801E0FBF717F8014602
:10B0E00010E06846F9F704FF01990BE003A8F9F7AF
:10B0F000A1FF049906E01068800604D51068C0F32B
:10B10000C100C140C1B1636A606838F81330B1FB57
:10B11000F3F1490000E04BE001EB5001B1FBF0F02E
:10B12000A0F11001494543D84FF6F0732168C0F3F0
:10B1300042021840104343E043E03946E3E7194632
:10B14000E1E7082819D005DC58B101280CD0042803
:10B150002ED10DE0102815D020282BD0402827D143
:10B160002AE0FAF7C1FF01E0FAF7D0FF014610E04C
:10B170006846F9F7BDFE01990BE003A8F9F75AFFFD
:10B18000049906E01068800604D51068C0F3C10079
:10B19000C140B1B1636A606838F81330B1FBF3F1B4
:10B1A00001EB5001B1FBF0F0A0F11001494505D9C8
:10B1B000012506E03946EDE71946EBE7216880B244
:10B1C000C8600120A4F86A00A4F8680028466667F1
:10B1D000A66707B0BDE8F083F369FFCF000C005805
:10B1E000FFF4FF1100100140544402580044004095
:10B1F00000480040004C0040005000400014014056
:10B2000000780040007C00400090D00308FC020859
:10B2100000440258FFFC0F0070B50446D0F88000CF
:10B2200000232225A165A4F85C20C4F89030C4F85E
:10B230008C50F0B11F49C163D4F880101E480864D7
:10B24000D4F880101D48C864D4F880000365134604
:10B25000A56D2168D4F880002A462431F8F76CF9EE
:10B2600038B11021C4F890102020C4F88C000120BF
:10B2700070BD206940B1216851E8000F40F4807032
:10B2800041E80002002AF6D12068083050E8001F8B
:10B2900041F0010140E80012002AF5D12068083091
:10B2A00050E8001F41F0400140E80012002AF5D1AB
:10B2B000002070BD2DA80208AFA80208DFA7020871
:10B2C00070B58368002481654FF48056A0F85C2037
:10B2D000B342A0F85E204FF0FF01446704D1036938
:10B2E00003BB40F2FF111DE04FF07F05C3B1B3F186
:10B2F000805F1AD0A0F860402221C0F89040C0F8CA
:10B300008C100168083151E8003F43F0010341E827
:10B310000034002CF5D1416EB1F1005F0CD02FE06C
:10B32000036933B9A0F86010E6E7016909B13F216C
:10B33000F8E7A0F86050DFE7B0F8681091421FD836
:10B340008168B14201D10169B9B11D490269416702
:10B3500042B1026852E8001F41F4807142E80013D4
:10B36000002BF6D10168083151E8002F42F08052DD
:10B3700041E80023002BF5D120E012494167F1E7B5
:10B380008168B14201D1016969B10F490269416720
:10B390005AB1016851E8002F42F4907241E800234D
:10B3A000002BF6D10AE009494167026852E8001F04
:10B3B00041F0200142E80013002BF6D1002070BDBF
:10B3C000CDAC020865AA020805AC02089DA90208D6
:10B3D0002DE9F047994617460D460446089E4FF062
:10B3E000000833E0701C31D0F9F782F8A0EB0900B7
:10B3F000B04218D8BEB120680168490726D5802D13
:10B4000024D0402D22D0C169C94309070DD4082595
:10B4100005622046FFF780FAC4F89050012084F8B6
:10B420008480BDE8F0870320FBE7C069C0430005C6
:10B430000CD421684FF4006008622046FFF76CFAD4
:10B440002021C4F8901084F88480ECE72068C0695B
:10B4500035EA000004D00020B842C3D00020E0E765
:10B460000120F9E70148FCF789BC00002410002402
:10B47000FEE703B401984100009850EAC12018BFCC
:10B4800004204A0D18BF40F0010040F2FF72B2EBF9
:10B49000515F08BF40F00200012808BF052002B03C
:10B4A0007047090700284FEA116104DB00F1E02032
:10B4B00080F80014704700F00F0000F1E02080F8E1
:10B4C000141D7047000000002DED020B9FED340BA2
:10B4D000DDE90010C0F30A529FED331BA2F2FF32E8
:10B4E000142A2DDA9DED002B9FED2D0B002A32EE54
:10B4F000000B10DAB4EEC01BF1EE10FA49D20028AE
:10B50000BCBF4FF00040002143DB50EA010218BFEE
:10B51000274813D13DE0274BD34000EA030C5CEAF7
:10B52000010C17D0B4EEC10BF1EE10FA31DD00289A
:10B5300003DD4FF48011D14008449843002128E0F6
:10B54000332A07DCA2F114034FF0FF3C2CFA03F37B
:10B55000194203D19DED000B02B070479DED002B09
:10B5600030EE420BB4EEC10BF1EE10FA11DD002803
:10B570000EDD142A08BF401C0AD0C2F134024FF07D
:10B58000010C0CFA02F20A448A4238BF401C1146F0
:10B590009943CDE900109DED000B02B0704700000B
:10B5A0009C7500883CE4377E00000000000000002D
:10B5B0000000F03FFFFF0F0010B5794A2DED020BA0
:10B5C0002DED088B82B00B99C80F21F000419142FC
:10B5D00042D3744A8A4219D80A9AC1F3130111431B
:10B5E00009D09DED0A0B02B0BDEC088B02B0BDE89E
:10B5F000104000F07DBF002814BF9FED6B0B9DED48
:10B600000A0B02B0BDEC088B02B010BD9DED0A0B19
:10B610009FED671BB4EEC10BF1EE10FA0ADD0220BC
:10B6200000F0A2FF02B0BDEC088B02B0BDE81040F4
:10B6300000F072BF9FED601BB4EEC10BF1EE10FA8B
:10B640000AD2022000F090FF02B0BDEC088B02B0DD
:10B65000BDE8104000F06CBF594A9FED5B9B8A42E9
:10B6600039D25B4A914213D25A49794401EBC00165
:10B670009DED0A1B91ED000B574931EE408B79444B
:10B6800001EBC00191ED00ABC0F101010C1A1DE00E
:10B690005249794401EBC0009DED0A1B90ED000B6F
:10B6A0009FED4F2B9DED0A8B01EE020BBDEEC00B03
:10B6B00010EE104A00EE104AB8EEC00B9FED4A1B88
:10B6C00000EE418B9FED4A1B20EE01AB38EE4A0B9A
:10B6D0008DED0A0B15E0484888420FD99DED0A0B05
:10B6E0009FED471B30EE010BB4EEC90BF1EE10FAE3
:10B6F000C4BF9DED0A0B30EE090B82DC9DED0A0BF9
:10B7000000244148052120EE00BBB0EE4B0B7844ED
:10B7100000F0A6FE9DED0A1B9DED0A2B0BEE401BD3
:10B720009FED3B0B22EE012BBCB130EE411B6FF4C1
:10B730007F70844282EE010B3AEE400B30EE480BF4
:10B7400039EE400B10EE900A8DED000B10DB00EB94
:10B75000045001909DED000B53E731EE401B82EE4B
:10B76000010B9DED0A1B30EE410B39EE400B48E713
:10B770004FF07A5101EB0451084401909DED001BFC
:10B780009FED250B21EE008B51EC180BFFF771FE9E
:10B79000042808BF00F0CCFEB0EE480B31E70000F3
:10B7A000422E86400000F07F0000000000000000F4
:10B7B000EF39FAFE422E864051302DD5104987C010
:10B7C000422ED63F00000000000000000000F03FC5
:10B7D000B2A2F03FE2450000DE450000AA450000AD
:10B7E000FE822B654715F73F0000E0FE422EE63F44
:10B7F000763C7935EF39EA3D0000303E000000002C
:10B800009C7500883CE4377E5E4500000000000027
:10B810000000000000000040000000000000700177
:10B8200000B52DED048BB0EE418BB0EE409B83B0A4
:10B8300053EC182B51EC190BF4F77EFE00F070401E
:10B84000B0F1004F17D018EE101A18EE900A8DEDD7
:10B85000008B002918BF0121084320F00040C0F1EF
:10B860007F6000F1E040C00F01BFB0EE480B03B0B5
:10B87000BDEC048B00BDB0EE490B03B0BDEC048BF6
:10B8800000BD00000000000070B5DFF8DCC1002240
:10B890002DED020B2DED108BDDE91010604505DA62
:10B8A00020F00043634501D809D141B19DED100B53
:10B8B000BDEC108B02B0BDE8704000F019BEB0F5D1
:10B8C000801F24DA19430BD0002814DA012000F07D
:10B8D0004BFEBDEC108B02B0BDE8704000F010BE16
:10B8E000022000F041FE00F0F3FDB1EE400BBDEC94
:10B8F000108B02B070BD9DED100B6FF035029FED07
:10B900005C1B20EE010B10EE900A8DED100B02EB8C
:10B910002051A1F2FF325849C0F31300014401F451
:10B92000801181F07F6383F04053034311939DEDB9
:10B93000100B02EB21549FED521B811CC1F313012C
:10B9400030EE418B9FED50BB9FED51CB032931D29F
:10B950005148784490ED000BB4EE408BF1EE10FAB4
:10B960000ED1002C02BFBDEC108B02B070BD00EEFA
:10B97000104AB8EEC01B21EE0B0B01EE0C0BB6E724
:10B9800028EE081B9FED462B9FED470B002C08EE81
:10B99000420B21EE000B08BF38EE400BA7D001EEA2
:10B9A000104AB8EEC11B01EE4C0B30EE480B11EE05
:10B9B0000B0B9CE79FED3E0B3F49C0F1510638EE63
:10B9C000000B45183D4806F5D726032188EE009B5D
:10B9D00000EE104AB8EEC0AB29EE09DB2DEE0DEB00
:10B9E000B0EE4E0B784400F03BFD20EE0EFB3448E9
:10B9F000B0EE4E0B0421784400F032FD20EE0D0B2A
:10BA000045EA0600002830EE0F1B1ADD002C9FEDE2
:10BA1000260B28EE000B20EE080B30EE011B04BFB6
:10BA200009EE410B38EE400B3FF461AF21EE091BEC
:10BA30000AEE0C1B30EE410B30EE480B1AEE0B0BEE
:10BA400055E754B138EE410B20EE090B0AEE4C0BD2
:10BA500030EE480B1AEE0B0B49E738EE411BB0EE07
:10BA6000480B09EE410B42E70000F07F00000000A8
:10BA70000000000000005043645F09000000000067
:10BA8000000000000000F03F0000E0FE422EE63F14
:10BA9000763C7935EF39EA3D0244000000000000B1
:10BAA000555555555555D53F000000000000E03F65
:10BAB000000000000000004086EBF9FFB0420000EB
:10BAC000B6420000000000002DE9F04D2DED040B02
:10BAD0002DED0A8B9AB0DDE92550279CDDF890A06A
:10BAE00025F0004624F00048BAF1000F14BF0121F0
:10BAF000002101EB4502F84953184A1093422AD31A
:10BB0000002814BF0123002303EB44030B44F34933
:10BB10008B4220D358EA00019FEDF19B72D0DFF8F1
:10BB2000C8B35D4503D1BAF1000F05D184E0BAF185
:10BB3000000F08BF002100D0012101EB450111F5E4
:10BB4000001F08D8002814BF0121002101EB440187
:10BB500011F5001F0BD99DED261B9DED240B1AB08E
:10BB6000BDEC0A8B04B0BDE8F04D00F0C4BC00276A
:10BB7000002DBCBFDD49884521DADD498845A8BFD5
:10BB800002271CDAC3451ADCDA4901EB28511429D3
:10BB900008DDC1F1340220FA02F101FA02F2824218
:10BBA0000DD108E058B9C1F1140228FA02F101FAE6
:10BBB00002F2424503D101F00101C1F1020756EA48
:10BBC0000A0120D1002C1EDA002D18BF022F01D04F
:10BBD000012F0AD0022000F0C7FC1AB0BDEC0A8B7E
:10BBE00004B0BDE8F04D00F073BC022000F0BCFCD6
:10BBF00000F06EFCB1EE400B1AB0BDEC0A8B04B045
:10BC0000BDE8F08D18E09FEDBCAB9FEDBD8B00282B
:10BC10007DD1B64880451CD105F1804010F58010DB
:10BC200008BFBAF1000F07D0B34508DC002CA8BF4D
:10BC30009DED260BE0DA07E0B0EE490BDCE7002CC7
:10BC4000B8BF9DED260BD5DBAF48784490ED000BD7
:10BC5000D2E7D84548D1002C43DA2EB186423AD1FA
:10BC6000BAF1000F3DD126E0BAF1000F13D0022047
:10BC700000F07AFC00F050FC8DED020B9DED240BE2
:10BC80008DED000B10EE900A039961F31E000390F6
:10BC90009DED020BB0E78DED02AB9DED240B1AEE8E
:10BCA000901A10EE900A8DED000B61F31E000390C8
:10BCB0009DED020BA0E78DED028B9DED240B18EEA0
:10BCC000901A10EE900A8DED000B61F31E000390A8
:10BCD0009DED020B90E704DA9DED241B89EE010B2C
:10BCE0008AE79DED240B87E786421ADAB4F1804F8C
:10BCF00004BF9DED240B20EE000B3FF47DAFA4F1BB
:10BD00000050B0F1FF500CD1002D0ADB00E008E03C
:10BD10009DED240B51EC100B02F0A8FE41EC100B32
:10BD20006AE79DED240B51EC100B01F0C9F9BAF153
:10BD3000000FCDE90E0140D19FED750B46B3A6F182
:10BD4000E040B0F17F600ED05E4536D1002D00DAC4
:10BD500097B3022F0CBF01204FF0FF3000EE100A06
:10BD6000B8EEC00B48E7002D01DD002C0DDA002DE8
:10BD700001DD002C1DDB002D14DA002C12DB012F5D
:10BD800008BF9FED650B3FF437AFB0EE4A0B33E7CA
:10BD9000022F18BF002D0CD0012F0AD1002DFFF665
:10BDA0002BAF06E0002DB8BF002C06DA012F3FF4C0
:10BDB00023AFB0EE480B1FE719E0012000EBE57060
:10BDC00050EA070113D0791EB0EE498B084308BF33
:10BDD0009FED538B5448002580457ADD53495448E4
:10BDE000884514DDB0420DDB002C19DB2CE001206E
:10BDF00000F0BAFB1AB0BDEC0A8B04B0BDE8F04D00
:10BE000000F07EBBB34502DC002C09DC1CE086425E
:10BE100002DA002C18DA03E05E4528DD002C13DD81
:10BE2000022000F0A1FB00F077FB8DED020B28EE65
:10BE30000A0B8DED000B10EE900A039961F31E00C2
:10BE400003909DED020BD7E6022000F08DFB00F081
:10BE50006FFB10EE901A18EE900A8DED020B8DED2F
:10BE6000008B61F31E0003909DED020BC4E69DED77
:10BE70000E0B9FED313B30EE490B8DED040B20EEA8
:10BE8000002B9DED041B9FED2E0B01EE430B9DED52
:10BE9000043B9FED2D1B03EE401B9DED040B9FED1E
:10BEA0002E3B22EE012B9FED2A1B20EE011B20EEE4
:10BEB000030B9FED2B3B02EE430B31EE002B8DED80
:10BEC000022B02959DED022B32EE411B30EE411B01
:10BED00021E149E000000000FFFF1F00FFFF0F000D
:10BEE000000000000000F03F0000F03F0000F07F85
:10BEF0000000404301FCFFFF000000000000F07F55
:10BF000000000000000000000A41000000000000E6
:10BF10000000000000000080000000000000F0FFB2
:10BF2000000000000000F0BF0000E0410000F0430E
:10BF3000FFFFEF3F00000000000000000000D03FC6
:10BF4000555555555555D53F000000000000E03FC0
:10BF5000000000604715F73F44DF5DF80BAE543E2C
:10BF6000FE822B654715F73F0020B6F5801F0BDAE0
:10BF70009DED0E0B9FEDEC1B6FF0340020EE010BDE
:10BF800010EE906A8DED0E0BE94A00EB2650C6F3D9
:10BF90001301A0F2FF3741F07F6040F04050914222
:10BFA000D8BF002408DDE34A8A42C8BF012403DC6D
:10BFB0000024A0F580107F1CDF49794401EBC40107
:10BFC0000F9091ED001B9DED0E2B9DED0E0BDB49AF
:10BFD00031EE023B30EE410B89EE032B20EE02AB3B
:10BFE0008DED02AB7944029591ED003B4FF000518D
:10BFF00041EA600000EB84408DED043B00F5002039
:10C0000005909DED043B9DED044B2AEE0ACB33EEEB
:10C01000411B9DED0E3BCA48062133EE411B9DEDB1
:10C02000023B03EE440B03EE410B20EE02BBB0EEED
:10C030004C0B784400F014FA2CEE0C1B20EE010B94
:10C040009DED021B31EE0A1B0BEE010B9DED021B59
:10C0500021EE011B9FEDBC2B31EE023B33EE003B8A
:10C060008DED043B04959DED043B33EE422B32EE07
:10C07000411B30EE412B9DED020B9DED041B20EE8C
:10C08000011B9DED040B2BEE000B02EE0A0B31EEB3
:10C09000002B8DED022B02959DED022B32EE411B04
:10C0A00030EE410B9DED021B9FEDA92B21EE021BF3
:10C0B0009DED022B9FEDA83B22EE032B9FEDA83BAD
:10C0C000A94800EE032B784400EBC40090ED000B70
:10C0D000A64832EE000B02EE107AB8EEC22B8DEDC0
:10C0E000042B31EE003B784400EBC4009DED044B83
:10C0F00090ED002B33EE023B33EE043B8DED023B23
:10C1000002959DED023B33EE443B33EE422B32EE83
:10C11000411B30EE411B9DED260B954A8DED000B2A
:10C1200000959DED260B9DED002B30EE420B9DED15
:10C13000022B20EE020B9DED262B02EE010B9DED56
:10C14000001B9DED022B21EE021B8DED021B30EE3C
:10C15000011B11EE900A11EE101A8DED001B90429A
:10C1600024DB821A11430ED19FED831B9DED002B22
:10C170009DED023B30EE011B32EE432BB4EEC21BB1
:10C18000F1EE10FA26DD022000F0EEF900F0C4F91D
:10C1900010EE901A18EE900A8DED020B8DED008BCB
:10C1A00061F31E0003909DED020B25E5744B20F01A
:10C1B00000429A420ED3734A024411437FF444AEC4
:10C1C0009DED022B31EE421BB4EEC01BF1EE10FAD6
:10C1D000BFF63AAE20F000416B4A6C4B002402EBF4
:10C1E00021529942D8BF9DED021B27DD511C4FF40F
:10C1F000801222FA01F10144654BC1F30A527B44DB
:10C20000A2F2FF3293ED001B624B8DED041BD34075
:10C2100021EA0303C1F3130141F48011C2F11402B6
:10C2200021FA02F405930028B8BF64429DED021B79
:10C230009DED042B31EE421B8DED021B30EE011BF8
:10C240008DED041B04959DED041B9FED532B9DED7F
:10C25000023B21EE021B9DED042B32EE432B30EE10
:10C26000420B9FED4F2B20EE020B9DED042B9FED1B
:10C270004E3B4F48052102EE030B31EE002B8DEDB6
:10C28000002B32EE411B30EE41AB9DED000B20EE5A
:10C29000000B8DED040B784400F0E2F89DED001BDF
:10C2A0009DED042B02EE401B8DED021B9DED000B5E
:10C2B00020EE010B9FED402B31EE422B80EE021B56
:10C2C0009DED002BB0EE4A0B02EE0A0B31EE400B57
:10C2D0009DED001B30EE410B39EE400B10EE900A45
:10C2E0008DED000B00EB045001150029C8BF019033
:10C2F00013DC224651EC100BF4F7C2F8FFF7B9F843
:10C30000042808BF00F014F922469DED000B51EC03
:10C31000100BF4F7B5F8CDE900019DED000B28EE08
:10C32000000B69E400000000000000000000404332
:10C330008E9803007AB60B00123D0000703D00009D
:10C34000CA3C00000000000000000000000008409F
:10C35000000000E009C7EE3FF5015B14E02F3EBE90
:10C36000FD033ADC09C7EE3F263C0000F63B000027
:10C370000000904000000000FE822B654715973CAE
:10C3800000CC904000346F3F01FCFFFF0000E03F15
:10C39000563B0000FFFF0F0000000000432EE63F69
:10C3A000EF39FAFE422EE63F396CA80C615C20BEE4
:10C3B000963A00000000000000000000000000406D
:10C3C00010B52DED020B84B09DED040B51EC100B5C
:10C3D000F4F76EF841EC100B9DED041B05989FEDF2
:10C3E0001A2B31EE401B9FED1A3B9FED1B4B10F0BB
:10C3F000004F0AD0B4EEC41BF1EE10FA0AD9B4EE25
:10C40000C31BF1EE10FA0FDD0CE0B4EEC41BF1EE2D
:10C4100010FA02D230EE420B06E0B4EEC31BF1EE8E
:10C4200010FA01DB30EE020B8DED020B9DED040BDB
:10C430008DED000B10EE900A039961F31E0003903E
:10C440009DED020B06B010BD000000000000F03FA3
:10C45000000000000000E03F000000000000E0BF1E
:10C46000491E00EBC102B0EE401B92ED000B31F013
:10C4700006020DD0491E00EBC102B0EE403B92ED2A
:10C48000002B31F00602B0EE420B03EE010BF1D1AE
:10C49000022914D004290AD0062918BF704790ED4C
:10C4A0000A2B00EE012B90ED080B02EE010B90ED34
:10C4B000062B00EE012B90ED040B02EE010B90ED2C
:10C4C000022B00EE012B90ED000B02EE010B7047EA
:10C4D0009FED031B9FED042B81EE020B70470000C4
:10C4E000000000000000F03F00000000000000001D
:10C4F00030EE000B704730EE010B7047000000007B
:10C500009FED031B81EE010B70470000000000004F
:10C5100000000000000000009FED030B20EE000B68
:10C5200070470000000000000000000000000070E4
:10C530009FED030B20EE000B704700000000000091
:10C54000000000000000001002E008C8121F08C12F
:10C55000002AFAD170477047002001E001C1121F84
:10C56000002AFBD1704700000149086070470000B5
:10C570003C01002410B5837B072200EB43031980A4
:10C58000837B017C5B1CB3FBF2F4072902FB1433B1
:10C59000837302D2491C017410BDC17B491CB1FBDD
:10C5A000F2F302FB1311C17310BD0000484A494861
:10C5B000F0B592F836308178AA2B6DD021F00801C1
:10C5C000817092F86530AA2B69D021F0100181703A
:10C5D00092F89430AA2B65D021F02001817092F856
:10C5E000C330AA2B61D021F040013A4B81701478FE
:10C5F000DB78AA2C5CD023F00103C370D47EAA2C74
:10C6000059D023F00203C37092F8F240AA2C55D0FF
:10C6100021F08001817092F8F510AA2951D023F001
:10C620000401C17092F8F630AA2B4DD021F0080118
:10C63000C17093780178547F5D0865F30001650847
:10C6400063F3410165F3820164F3C301017092F861
:10C650003840417892F867304FEA940C92F896503F
:10C66000640892F8C5206CF300019E0864F3410150
:10C670005B0866F382014FEA950C63F3C3016D0812
:10C680006CF30411970865F34511520867F386119E
:10C6900062F3C7114170F0BD41F0080190E741F02D
:10C6A000100194E741F0200198E741F040019CE738
:10C6B00043F00103A1E743F00203A4E741F0800146
:10C6C000A8E743F00401ACE741F00801B0E700003F
:10C6D000DF0400242800002470B501252DED028B15
:10C6E00002F016F806460720F8F7C0FA0620F8F719
:10C6F000BDFA2820F8F7BAFA454801224021F7F799
:10C70000EBFE55210020FDF71DF855210120FDF716
:10C7100019F800245521E0B2FDF7FAF8641C042C46
:10C72000F8D316B1022E09D00CE0F4F78BFD39488E
:10C730000025817841F00101817003E0F4F782FD6A
:10C7400002F02CF8344C55225FF0000000EBC001E1
:10C7500001EB4101635CAA2B00D06254401C02280B
:10C76000F4D30021C1EB011000EB4110204490F8FC
:10C770003630AA2B01D080F83620491C0429F1D389
:10C78000B4F80900B2EE048B00EE100A0020B8EEF7
:10C79000400B80EE081BB7EEC10BFCF79FFFA08C8F
:10C7A00000EE100A0120B8EE400B80EE081BB7EE39
:10C7B000C10BFCF793FFB4F8070000EE100A00204D
:10C7C000B8EE400AFCF7EEFF608C00EE100A012084
:10C7D000B8EE400AFCF7E6FFF4F716FAF4F7BEF9F4
:10C7E00001F086FE012084F82101FDF7D9F900202F
:10C7F00084F821010720F8F74AFA0620F8F747FAEB
:10C800002820F8F744FABDEC028B284670BD0000E2
:10C810000008025828000024DF040024F0B54C1E54
:10C82000002314E0CE1A0022761E0CE000EB420733
:10C8300030F81250B7F802C0654502D920F812C08E
:10C840007D80521CD2B29642F0DC5B1CDBB2A3426C
:10C85000E8DBF0BD70B505462DED028B047C5CB1C4
:10C860009FED248A072C00D30724600001F0D0F844
:10C8700000210646A87B0DE00020BDEC028B70BDB8
:10C8800098B1401EC0B24A1C05EB40031B8826F835
:10C890001130D1B2A142F3D321463046FFF7BEFF9B
:10C8A000201FC1B20220A41E0CE00620EAE700BF50
:10C8B00036F81020401CC0B200EE102AB8EE400A34
:10C8C00030EE088AA042F3DB79B100EE101AB8EE20
:10C8D000400AC8EE000ABCEEE00A10EE100A84B26C
:10C8E000304600F001FC2046C7E7304600F0FCFB74
:10C8F000C2E700000000000000EE100A0D48DFED66
:10C900000A1AB8EE400A00EB8100DFED080A9FED3D
:10C91000081A20EE210AD0ED001A20EE210A70EE4E
:10C92000600A80EE810A70470000003800007A44F7
:10C93000696F7640A40000242DE9FC5FCD4B0A46C8
:10C94000CD499828B2EE040A04467DD07DDCC94862
:10C95000552C00F1360500F1650077D037DC392C15
:10C9600075D021DC332C73D016DC302C71D00ADC6E
:10C97000102C6FD0112C6ED0122C0BD11046BDE8AC
:10C98000FC5F01F0E3BF312C04D0322C02D11088BF
:10C99000A3F8F700BDE8FC9F343C052CFAD2DFE891
:10C9A00004F0D7DBF0F7E5003F2C6FD007DCA4F1F3
:10C9B0003A04032CEED2DFE804F0F5F4F300503C27
:10C9C000052CE7D2DFE804F0F3F2F1F0EF00712C70
:10C9D0007ED045DC5B2C7CD008DCA4F15604052C11
:10C9E000D8D2DFE804F0E9E8E7E6E5005E2C71D094
:10C9F00016DC5C2CCED05D2CCCD1086C00EE900AFD
:10CA000020EE800AB7EEC00AFFF7DAFCBDEEC00BDD
:10CA10000222694610EE100AADF80000C020A8E21C
:10CA20005F2C5ED0702CB5D1886900EE900A20EEA4
:10CA3000800AB7EEC00AFFF7C3FCBDEEC00B10EED4
:10CA4000100AADF8000007E0C7E02BE00EE1BCE003
:10CA50007AE072E022E326E302226946C32088E2FC
:10CA6000772C3FD007DCA4F17204042C92D2DFE8CB
:10CA700004F0F2F1F0EF7A2C76D008DC782C74D048
:10CA8000792C87D101227B49A62002E3C8E0902CB3
:10CA900057D0962CB0D11078552801D0AA28ABD108
:10CAA000D87677E7A0F19904724800F194050195D2
:10CAB0002F3500957E3D00F10B0E00F1260900F1A7
:10CAC000130C00F12E0700F2131600F1740B02E0B4
:10CAD00092E145E16AE100F1A30AD2304E2CE0D2A6
:10CAE00001E076E145E0DFE804F0808D902727271C
:10CAF00027272727272727272727272727272727C6
:10CB000027272727B727F8FCF1F027EFEE2727275D
:10CB1000EDECEBEAE9E8E7E6E5E4E3E2E1E0DF2774
:10CB200027DEDDDCDBDAD9D8D7D6D5D4D3D2D1D045
:10CB300027CFCECDCCCBCAC92CE71088A3F80300F1
:10CB400028E71088D88325E71088A3F8F90021E7A3
:10CB50001088A3F8F3001DE71078552801D0AA2803
:10CB60009FD183F8F50015E71BE215E225E00FE001
:10CB700007E01078552801D0AA2892D183F8F60052
:10CB800008E71078552801D0AA288AD1187001E743
:10CB90001078552801D0AA28CED183F8F200F9E602
:10CBA00039E02DE029E05CE04EE048E042E03CE086
:10CBB000B0E0A9E09CE098E08BE01078552801D027
:10CBC000AA28B9D183F83600E4E61078552801D0B8
:10CBD000AA28B1D183F86500DCE61078552801D089
:10CBE000AA28A9D183F89400D4E61078552801D05A
:10CBF000AA28A1D183F8C300CCE61146284606E056
:10CC0000114604E00198114601E000981146BDE884
:10CC1000FC5F01F01FBF1046BDE8FC5F01F0EEBEF7
:10CC200014490222F731A22033E212490222F931DB
:10CC3000A3202EE20F490222F331A42029E20D495C
:10CC40000122F531A52024E20222D91CA02020E2F5
:10CC50009CE195E190E1E2E0064902221E31F020DC
:10CC600017E204490122F231A72012E201222946EB
:10CC7000A8200EE2DF0400240206002467E153E14D
:10CC80003FE12BE117E103E1EFE0FEE1F9E1F2E141
:10CC9000EEE1EAE1E6E1DFE1DBE1D7E1D3E1CFE19B
:10CCA000C9E1C3E1BDE1B8E1B2E1ACE1A8E1A4E1D1
:10CCB000A0E199E195E191E18DE189E182E17EE1F7
:10CCC00077E173E1BEE05EE037E017E013E008E0F3
:10CCD00003E001220146A920DBE101220199F820AD
:10CCE000D7E101220099F920D3E1AA20294607E0E3
:10CCF0000146AB2004E00199FA2001E00099FB20F5
:10CD0000BDE8FC5F00F0F8BDBDE8FC5FE849AC2081
:10CD100000F0AABC086800EE900A20EE800AB7EE88
:10CD2000C00AFFF74DFBBCEEC00B0222694610EEB5
:10CD3000100AADF80000AD201BE1886800EE900AF3
:10CD400020EE800AB7EEC00AFFF73AFBBCEEC00B3C
:10CD50000222694610EE100AADF80000FD2008E13D
:10CD6000486800EE900A20EE800AB7EEC00AFFF78E
:10CD700027FBBCEEC00B0222694610EE100AADF88C
:10CD80000000AE20F5E0C86800EE900A20EE800AB0
:10CD9000B7EEC00AFFF714FBBCEEC00B02226946D7
:10CDA00010EE100AADF80000EE20E2E0486C00EE54
:10CDB000900A20EE800AB7EEC00AFFF701FBBDEE35
:10CDC000C00B0222694610EE100AADF80000C12027
:10CDD000CFE0086900EE900A20EE800AB7EEC00AA4
:10CDE000FFF7EEFABDEEC00B0222694610EE100A04
:10CDF000ADF80000C220BCE0C86900EE900A20EE49
:10CE0000800AB7EEC00AFFF7DBFABDEEC00B0222C4
:10CE1000694610EE100AADF80000C420A9E0486A87
:10CE200000EE900A20EE800AB7EEC00AFFF7C8FABB
:10CE3000BDEEC00B0222694610EE100AADF80000EC
:10CE4000C52096E0886A00EE900A20EE800AB7EED0
:10CE5000C00AFFF7B5FABDEEC00B0222694610EE1C
:10CE6000100AADF80000122083E0086B00EE900A73
:10CE700020EE800AB7EEC00AFFF7A2FABDEEC00BA3
:10CE80000222694610EE100AADF80000132070E08F
:10CE9000486B00EE900A20EE800AB7EEC00AFFF75A
:10CEA0008FFABDEEC00B0222694610EE100AADF8F3
:10CEB000000014205DE0C86B00EE900A20EE800AAE
:10CEC000B7EEC00AFFF77CFABDEEC00B022269463E
:10CED00010EE100AADF8000015204AE0486900EE97
:10CEE000900A20EE800AB7EEC00AFFF769FABDEE9D
:10CEF000C00B0222694610EE100AADF800001620A1
:10CF000037E0086A00EE900A20EE800AB7EEC00A09
:10CF1000FFF756FABDEEC00B0222694610EE100A6A
:10CF2000ADF80000172024E0C86A00EE900A20EE59
:10CF3000800AB7EEC00AFFF743FABDEEC00B02222B
:10CF4000694610EE100AADF80000182011E0886B59
:10CF500000EE900A20EE800AB7EEC00AFFF730FA22
:10CF6000BDEEC00B0222694610EE100AADF80000BB
:10CF7000192000F099FE0DE504224E49C62088E0F4
:10CF8000BDE8FC5F4A49C72000F0DEB9BDE8FC5FA0
:10CF90004949CF2000F0E6B845490122F631D120B9
:10CFA00077E0434901221B31F62072E00020114650
:10CFB00001E001201146BDE8FC5F01F09FBC0020AC
:10CFC000114601E001201146BDE8FC5F01F06ABC9A
:10CFD000114670460AE01146484607E01146604691
:10CFE00004E01146384601E011463046BDE8FC5FDA
:10CFF00001F0B4BC1146284606E01146584603E04D
:10D000001146504600E01146BDE8FC5F01F0C8BC87
:10D010001046BDE8FC5F01F0E9BB0222D91D2020CB
:10D0200037E0234902222231212032E02049022226
:10D03000093122202DE01E4902222431232028E03C
:10D04000242071460AE02520494607E02620614653
:10D0500004E02720394601E028203146BDE8FC5F86
:10D0600000F0B4B92920294607E02A20594604E0F7
:10D070002B20514601E001462C20BDE8FC5F00F06A
:10D08000B3BA06220D492D2003E00B490922643171
:10D090002E2002B0BDE8F05F00F006BEBDE8FC5FE8
:10D0A000E02001F093BBBDE8FC5FF3F733BE000066
:10D0B000DF0400242800002402060024FA050024CE
:10D0C00082B0CDE9000121F0004001909DED000B00
:10D0D00002B051EC100B70470368011D00F12802EB
:10D0E0001846F6F7BBBB000010B5002821D0114B45
:10D0F0000022001F196803E0814203D80A464968EC
:10D100000029F9D152B11368841A9C4204D10068F5
:10D1100018441060104602E0506000E0186039B119
:10D1200002680B1A934203D10B681A4402604968E3
:10D13000416010BD34010024C0EB001101EB401030
:10D140000749B2EE041B0844B0F83B0000EE100A99
:10D15000B8EE400B80EE012BB7EEC20B704700001B
:10D16000DF0400242DE9F04782460C462DED028BAA
:10D17000B2EE048A08688EB000EE100A20EE080AAB
:10D18000B7EEC00AFFF71CF9BCEEC00B10EE100A98
:10D19000ADF80000A06800EE100A20EE080AB7EE15
:10D1A000C00AFFF70DF9BCEEC00B10EE100AADF887
:10D1B0000200606800EE100A20EE080AB7EEC00A0E
:10D1C000FFF7FEF8BCEEC00B10EE100AADF804003D
:10D1D000E06800EE100A20EE080AB7EEC00AFFF77A
:10D1E000EFF8BCEEC00B10EE100AADF80600206D93
:10D1F00000EE100A5FF0010004EB8001096D00EE03
:10D20000901AF4EEC00AF1EE10FA01DD00EE101AE9
:10D21000401C0428F0D320EE080AB7EEC00AFFF73E
:10D22000CFF8BDEEC00B10EE100AADF80800206C70
:10D2300000EE100A20EE080AB7EEC00AFFF7C0F8A9
:10D24000BCEEC00B10EE100AADF80A00606C00EEE8
:10D25000100A20EE080AB7EEC00AFFF7B1F8BDEEDB
:10D26000C00BDFF8DC905FF00005E84610EE100A16
:10D27000ADF80C0005EB450604EB8607386900EEB7
:10D28000100A20EE080AB7EEC00AFFF799F8BDEEC3
:10D29000C00B08EB460610EE100AF081B86900EEEC
:10D2A000100A20EE080AB7EEC00AFFF789F8BDEEB3
:10D2B000C00B10EE100A3082786900EE100A20EEE2
:10D2C000080AB7EEC00AFFF77BF8BDEEC00B10EE00
:10D2D000100A708208EB050019F805106D1C042D6A
:10D2E00080F82E10C6D3E06C00EE100A20EE080A7B
:10D2F000B7EEC00AFFF764F8BCEEC00B10EE100AE0
:10D30000ADF82600A06C00EE100A20EE080AB7EE79
:10D31000C00AFFF755F8BCEEC00B3222694610EE8A
:10D32000100AADF8280007480068CDF82A005046DA
:10D3300000F0BAFC0EB0BDEC028BBDE8F087000037
:10D34000020000242800002470B590B0B1F803203A
:10D350006B46ADF80020CA8BADF80220B1F8F7207B
:10D36000ADF80620B1F8F920ADF80820B1F8F320A7
:10D37000ADF80A205FF00002C2EB021505EB421582
:10D3800002EB42040D4403EB4404521C35F8396FA0
:10D39000A681042A6D88E581EED3B1F8FB20ADF8B3
:10D3A0002420002208E000BF01EB420503EB420409
:10D3B000521CB5F8FD50E584BDF824409442F3D8E2
:10D3C0003C22194600F070FC10B070BD30B5054627
:10D3D0000C462DED028B81B008689FED148A00EE9B
:10D3E000100A20EE080AB7EEC00AFEF7E9FFBDEE0C
:10D3F000C00B10EE101AADF80010606800EE100AB5
:10D4000020EE080AB7EEC00AFEF7DAFFBDEEC00B49
:10D410000422694610EE100AADF80200284600F01A
:10D4200043FC01B0BDEC028B30BD00000000C842DF
:10D4300010B50446164900EB041001EB4000FFF75D
:10D4400009FA00EE100AB0EE044B9FED121BB8EE85
:10D45000400B9FED122B9FED133B04EBC4011348CF
:10D4600020EE044B01EB41010844D0F81710D0F82E
:10D47000130084EE010B80EE021B00EE101A81EE09
:10D48000032B01EE100AF7EEC20B00EE810A10BD6D
:10D490009F02002400000000E0FFEF40FA7E6ABC1B
:10D4A0007493683F0000000000004940DF0400243E
:10D4B0000D4900EB001010B501EB40001130FFF7F3
:10D4C000C9F900EE100AB0EE041B9FED082BB8EE70
:10D4D000400B9FED083B20EE010B80EE021B21EE7E
:10D4E000030BB7EEC00B10BD9F020024000000002C
:10D4F000E0FFEF4000000000000041402DE9F04156
:10D500002B4F00242B4DE0B2FBF74CFF04EB440102
:10D5100010EE100A05EB81063061E0B200F0BEF9B2
:10D52000C4EB041101EB441110EE100A3944706190
:10D5300000EE100AD1F8611000EE901A20EE200AD9
:10D54000B0EEC00A10EE100AB061E0B200F0D2F8FE
:10D5500005EB840110EE100A641C042C0865D2D37C
:10D560000024E0B2FFF764FF05EBC40610EE100ADA
:10D570003060E0B2FFF79CFF10EE100A641C022C32
:10D580007060EED300F018F810EE100A286400F076
:10D590001FF810EE100A686400F082F810EE100A0E
:10D5A000A86400F055F910EE100AE864BDE8F081B7
:10D5B000DF04002402060024044810B5FFF74AF9EE
:10D5C00000EE100AB8EE400A10BD00002703002448
:10D5D000044810B5FFF73EF900EE100AB8EE400A15
:10D5E00010BD00003803002430B505460C462DED73
:10D5F000028B83B008689FED1B8A00EE100A20EEB4
:10D60000080AB7EEC00AFEF7DBFEBDEEC00B10EE57
:10D61000101AADF80010606800EE100A20EE080A3B
:10D62000B7EEC00AFEF7CCFEBDEEC00B10EE100A3E
:10D63000ADF80200A06800EE100A20EE080AB7EE6E
:10D64000C00AFEF7BDFEBDEEC00B0622694610EE15
:10D65000100AADF80400284600F026FB03B0BDEC2C
:10D66000028B30BD0000C84230B587B0B1F8FB2056
:10D670006B46ADF80020002208E000BF01EB420538
:10D6800003EB4204521CB5F8FD506580BDF8004024
:10D690009442F3D81822194600F006FB07B030BDBB
:10D6A0000D4810B5FFF7D6F800EE100AB0EE042BC7
:10D6B0009FED0A3BB8EE400B9FED0A4B9FED0B1B15
:10D6C00020EE020B80EE032B22EE040B80EE012BEA
:10D6D000B7EEC20B10BD000049030024000000009B
:10D6E000E0FFEF400000000000407F40000000002D
:10D6F0000000494010B53D4900EB001008442DEDF5
:10D70000068B4430FFF7A6F800EE100ADFED380A6A
:10D71000B0EE043AB8EE400A9FED361BB0EE042B93
:10D72000C0EE203A23EE830AB7EEC00A20EE011BBA
:10D7300032EE400B81EE002BB7EEC20BB7EEC00A03
:10D74000B0EE40ABFEF7A0F89FED2C9B9FED2D2B8C
:10D750009FED2E3B9FED2F1B00EE092B83EE020B5E
:10D7600030EE410BB7EEC00BB7EEC08A38EE010BBE
:10D77000B0EE001BFEF7A8F99FED283B9FED291B9B
:10D780009FED2A2B20EE030B08EE010B30EE020B6F
:10D79000B7EEC08BB0EE4A0BFEF776F820EE099B91
:10D7A000B7EE000BFDF708FFFEF76EF889EE002BD1
:10D7B000B7EEC83A9FED1F1A9FED1F4B9FED206BF0
:10D7C00028EE010A9FED205BB7EEC00ABDEC068B88
:10D7D00032EE031B31EE441B80EE012B32EE460B82
:10D7E00080EE051BB7EEC10B10BD00009F020024A8
:10D7F00000FF7F470000000000E7E84066666666BD
:10D8000066A2724067B8019FBFCF924000000080BF
:10D810005CF8314166666666661271407BA3569875
:10D82000BED780BF492EFF21FDB61C40166A4DF3BE
:10D830008E64B14000EEE846D6C56D342074A54034
:10D8400000000000C0ACDA400000000000005940B9
:10D850000D4810B5FEF7FEFF00EE100AB0EE042BE7
:10D860009FED0A3BB8EE400B9FED0A4BB6EE001B56
:10D8700020EE020B80EE032B22EE040B20EE010BB8
:10D88000B7EEC00B10BD00005A03002400000000DA
:10D89000E0FFEF409A99999999193C40114900EBA2
:10D8A000001010B50844CC30FEF7D4FF00EE100A8B
:10D8B000B0EE043B9FED0C4BB8EE400BB7EE045BB3
:10D8C0009FED0B1BB3EE042B20EE030B80EE043B0D
:10D8D00033EE453B83EE010B80EE021BB7EEC10B2E
:10D8E00010BD00009F02002400000000E0FFEF4098
:10D8F000FA7E6ABC7493683F1CB5B1F80320ADF89A
:10D9000000200622B1F80510ADF80210694600F0BB
:10D91000CBF91CBD00218173C1734FEA0102017470
:10D9200000EB4203521C072A1980F9DB7047000004
:10D9300030B5064D5FF0000404EB04102844FFF7F7
:10D94000E9FF641C102CF7D330BD00009F020024B7
:10D950001FB5002080F3108800F0F2FE2A4801680D
:10D960002A4841F00061016000240094019402946F
:10D970000394F7F749F901208DF80C001F218DF869
:10D98000081087228DF809208DF80D008DF8000011
:10D9900068468DF80A408DF80E408DF801400194DC
:10D9A0008DF80B408DF80F40F7F700F90420F7F7DA
:10D9B00039F9F7F787F8FCF793F9FBF700FDFBF768
:10D9C00031FAFBF76DF9FBF783FCFBF7B7F9FAF7D0
:10D9D000EDFFFBF711FBFBF73FFBFBF76FFBFBF7E3
:10D9E00003FCFBF7ABFCFBF755F8FBF7D9FAFBF7A9
:10D9F000F3F8FBF7B9FBFBF72DFC00F04DF8FBF754
:10DA0000F7F900F05BF8FEE71400002408ED00E0F1
:10DA1000F0B50B30154D20F007010024144A0FE03B
:10DA200003688B420BD38B4205D95E1A43184768B3
:10DA3000C3E9006700E04368136002C004E0021D10
:10DA400010680028ECD12046002802D1286808B1CF
:10DA50000020F0BD064A07481060074A121A22F05B
:10DA60000702C0E9002401202860D7E7380100241C
:10DA700034010024645B0024605D002410B5EFF3E2
:10DA8000058111B16FF0050404E04FF0000408B106
:10DA900001F0AEF9204610BDEFF3058010B16FF034
:10DAA000050070470449086810B14FF0FF30704717
:10DAB00001220A60002070470401002410B5EFF332
:10DAC000058010B16FF0050010BD084801680129FC
:10DAD00002D04FF0FF3010BD054A002182F8141D1E
:10DAE0000221016001F034FA002010BD040100247D
:10DAF0000BE000E070B505464FF00004EFF3058041
:10DB000050BB0DB1686800E00020C10701D00126BC
:10DB100000E0002600071FD46DB1D5E9021021B145
:10DB2000502819D31EB1042002E020B114E00120D6
:10DB300001F051FB05E00EB1042000E0012001F0EE
:10DB40003FFB040008D00DB1296800E0002101F07E
:10DB500019F90EB144F00104204670BD002001F017
:10DB60006DF9FEE72DE9FF414FEA01034FF0000593
:10DB7000EFF30581039561BB58B34FF080064FF07A
:10DB800018014FF000044AB3176807B13C46976983
:10DB90001FB139467F1E382F02D21779FF0703D0F5
:10DBA000002004B0BDE8F081576907B1BE08D2F883
:10DBB00008C0BCF1000F0DD0D5685C2D18D31269D8
:10DBC0003AB137B18DE806103246214601F0C5FD65
:10DBD00003900DE0D7685FB912694AB903AACDE98D
:10DBE0000012B2B2214601F08BFD012800D003954E
:10DBF0000398D6E72DE9F0412A4FB87800284ED097
:10DC0000388809284BD3002635462EE07819041DA4
:10DC10008288A2F5A8415A3926D1A178142923D1A6
:10DC2000E1781C2920D161793B8801F109029B1B15
:10DC3000934219D30A3000F06BFF627905F10A03B1
:10DC4000D119CB5C98420FD105F10B00085AA0F511
:10DC50007E435A3B08D12079A11DFEF76DFE607905
:10DC600008350544681C86B26D1C3888A842CDD89A
:10DC7000388800253C46B0420AD92088A119091DE0
:10DC8000821B201DF2F7B9FB2088801B208000E05A
:10DC900025802088B0F5967F00D12580A570BDE84D
:10DCA000F0810000AF03002470B514460D4606460F
:10DCB000F3F718F8002806D0224629463046BDE87A
:10DCC000704000F031BF70BDF0B50269416900EEEF
:10DCD000102A00EE901A30EE201A11EE102A02617E
:10DCE0000468456800EE104AC36801EE102A20EE71
:10DCF000200A02EE105A02EE903A866802EE010AFD
:10DD000070EEE20A01EE906A876901EE107A01EE88
:10DD1000A00AF0EEC00AF4EEC10AF1EE10FA0BD23E
:10DD200000EE102A00EE901A30EE600A10EE101A83
:10DD30009FED020A0161F0BDC160F0BD000000006E
:10DD40002DE9F041134C0F460546E6682068001D9A
:10DD500000F018FF681C07D137B12168BDE8F04119
:10DD60000D48091D00F060BF20683544B54245608C
:10DD7000216805D2A06B091DBDE8F04100F03CBF51
:10DD8000606B091D00F038FFA06A854200D2A562D1
:10DD9000BDE8F081B4000024781700242DE9F0419B
:10DDA000054600F04DFF2D4C2D4FA068401CA06093
:10DDB000206810B1606930B32BE02560A0680128AD
:10DDC00027D1002606EB860007EB800000F006FF57
:10DDD000761C382EF6D3234800F000FF214814307B
:10DDE00000F0FCFE1F48283000F0F8FE1D483C30D3
:10DDF00000F0F4FE1B48503000F0F0FE194860635C
:10DE00001430A06305E0E86A2168C96A814200D83D
:10DE10002560606A401C60626864E86A2169884223
:10DE200000D9206100EB8000291D07EB800000F085
:10DE3000FBFE00F025FF606900280CD02068E96A2D
:10DE4000C06A884207D208494FF080500860BFF38B
:10DE50004F8FBFF36F8FBDE8F0810000B400002446
:10DE6000C81200242817002404ED00E038B500F0A3
:10DE7000E7FE104C2068C8B90F4800F0AFFE0E480E
:10DE8000143000F0ABFE0C490020E1601431216138
:10DE9000A1F582730090A1F1B40210210A2001F0D3
:10DEA000C8F9206010B105A100F06CFFBDE8384052
:10DEB00000F0E6BEF00000247C180024546D72517E
:10DEC0000000000030B4026C0B46002A0BD0D0E9F1
:10DED00002411144C160A14201D30168C1601846EA
:10DEE00030BCF2F78ABA30BC70472DE9F041856B3F
:10DEF0001746026C0446002682B1C7B1E068F2F70B
:10DF00007CFAE168206C2268091AE160914202D231
:10DF1000A168081AE060022F16D017E02068A8B99F
:10DF2000A06801F0BDFC06460020A0600EE060681D
:10DF3000F2F763FAD4E90101226C10446060884270
:10DF400004D32068606001E005B16D1E6D1CA563FF
:10DF50003046BDE8F08110B5044690F8590058B13C
:10DF600001280CD002280FD0502080F31188BFF375
:10DF70004F8FBFF36F8FFEE7206B00F095FE2046BA
:10DF8000BDE8104000F090BE10BD000011484FF4F5
:10DF9000705110B5420706D00E49C01D20F0070091
:10DFA000411AC1F570510C4C002301440839A4F109
:10DFB000180221F00701C4E900030C1A11604B603C
:10DFC0000B60C0E9001494604FF00041546051614F
:10DFD00010BD00005C1F002420010024144E4FF0EF
:10DFE0008058144CDFF85090A6F29C4712E000BF16
:10DFF00000F026FEF068C568281D00F0C3FDA0688B
:10E00000401EA0606068401E606000F039FE284637
:10E01000FFF7A1FF60680028EAD138680128F9D924
:10E02000C9F80080BFF34F8FBFF36F8FF2E7000096
:10E0300064170024B400002404ED00E0002807D099
:10E040000021816001600B460A46C16001F06EB993
:10E050007047000070B51D46049C51B1C4F8002003
:10E06000C4E90F010121204601F016F984F84C5053
:10E0700070BD2460F4E72DE9F05F88469A46910070
:10E080001546DDE90B940A9EA5228346206BF2F724
:10E09000C6F9206B6FF0030101EB8501084420F005
:10E0A0000707780707D0502080F31188BFF34F8F00
:10E0B000BFF36F8FFEE7B8F1000F4FF000050ED0F1
:10E0C0000020221818F8001082F8341018F80010F8
:10E0D00011B1401C1028F4D384F8435001E084F8B7
:10E0E0003450382E00D33726E662201DC4E913656C
:10E0F00000F07FFD04F1180000F07BFD6565C6F1BE
:10E100003800A06184F85850524624615946384678
:10E11000646200F0E5FAB9F1000F206001D0C9F89F
:10E120000040BDE8F09F000030B5114900E0114605
:10E130000A688242FBD34B685C18844203D144686E
:10E14000084623444B6043681D18954209D1084C8A
:10E15000183C2468A24209D052681A4442600A68F6
:10E1600012680260814200D0086030BD0460F9E7A7
:10E170002001002470B50D4D914241604FF0000424
:10E18000006106D88169D21A8A4206D2011D286927
:10E1900007E09A4203D2994201D3012403E0011D12
:10E1A000E86800F029FD204670BD0000F000002462
:10E1B00010B5044600F044FDA06B28B15FF00004E8
:10E1C00000F05EFD204610BD0124F9E730B53C4D5E
:10E1D00089B06BE00498002806DA059ADDE90601AB
:10E1E00090470498002861DB069C606910B1201DEF
:10E1F00000F0C8FC03A800F0D5F8024604980A28ED
:10E2000054D2DFE800F00505052D304705052D3017
:10E2100094F8280040F0010084F82800A0690599CE
:10E220000B4601442046FFF7A5FF50B3216A204664
:10E23000884794F82800400738D5002000900598BA
:10E240000023A16942181946204601F031FCC0B9EB
:10E25000502080F31188BFF34F8FBFF36F8FFEE71D
:10E2600094F828001EE094F8280040F0010084F89B
:10E2700028000598A06128B1811813462046FFF7B1
:10E2800079FF13E0502080F31188BFF34F8FBFF365
:10E290006F8FFEE794F82800810703D4204600F032
:10E2A00003FD03E020F0010084F828002868002224
:10E2B00004A901F04BF900288CD109B030BD000051
:10E2C000F00000242DE9FC410F46054600F084FED5
:10E2D00001A800F067F80446019818B101F056FB58
:10E2E000BDE8FC81254EAFB130690068D0B300278E
:10E2F0003068291B3A4600F059FD01F047FB002821
:10E30000EED11F494FF080500860BFF34F8FBFF32D
:10E310006F8FE5E7A542EBD801F038FBF0682746A0
:10E32000C068C468201D00F02DFC94F82800410747
:10E3300019D5A0692B463A4641192046FFF71AFF26
:10E34000A8B100202A46034601460090204601F06D
:10E35000AFFB60B9502080F31188BFF34F8FBFF33C
:10E360006F8FFEE707E020F0010084F82800216AA3
:10E3700020468847B4E70127BAE70000F0000024F0
:10E3800004ED00E00648416B096829B1416BC9689A
:10E39000C9684968816270474FF0FF31FAE70000B1
:10E3A000B400002470B5054601F010FA064E04468C
:10E3B000B068844203D200F009F8012000E0002098
:10E3C00028602046B46070BDF0000024F8B5194DF7
:10E3D00020E0C068C4680668201D00F0D3FB216AF5
:10E3E0002046884794F82800400713D5A069304498
:10E3F000B04206D92461211D6060E86800F0FCFB92
:10E4000008E000203246034601460090204601F015
:10E410004FFB38B1E86801680029DAD12969C5E9FC
:10E420000310F8BD502080F31188BFF34F8FBFF366
:10E430006F8FFEE7F000002408484068401C4FF052
:10E44000500080F3118804D0BFF34F8FBFF36F8F5C
:10E45000FEE7BFF34F8FBFF36F8FFEE72801002465
:10E46000074CE068016841B1C0680021D0F80000A5
:10E47000FFF728FFFFF7AAFEF3E701210020F7E7E7
:10E48000F00000242DE9F041044600F0D9FB94F996
:10E49000455004F1240609E0606A48B1304601F0B5
:10E4A0003DFA08B100F01AFD6D1E6DB2002DF3DCCF
:10E4B0004FF0FF3684F8456000F0E2FB00F0C0FB4F
:10E4C00094F9445004F1100709E0206948B1384636
:10E4D00001F024FA08B100F001FD6D1E6DB2002DAF
:10E4E000F3DC84F84460BDE8F04100F0C9BB0000F3
:10E4F0000B4B00210948642210B583F8221144F621
:10E500001F6103685A630268D162C1600021F9F794
:10E51000BFF9BDE810400148F8F73ABE100D0024DD
:10E52000DF04002410B5134C204694F8F51090F841
:10E530002201552920F00C0003D194F8F610AA29E5
:10E5400012D084F822010C48F8F7BBFE94F8F600CC
:10E55000552808D10848F8F7B4FE0749002084F888
:10E5600022010968486210BD001D84F82201FBF7F2
:10E57000A3FAEBE7DF040024780C0024F0B50829A7
:10E5800023D31349028853BA0B8082788A70012AF8
:10E59000B0F8032052BAA1F8032044794C7190F9E5
:10E5A00006608E71C579CD7110D05527094806EBEC
:10E5B000860180F86470A0F8653080F86940A0F8A2
:10E5C0006720A0F86A1080F86C50F0BDAA27EDE72C
:10E5D0000600002402060024094900228A62CA6259
:10E5E0000288120A81F82820027881F8292082788E
:10E5F00081F82A20C07881F82F000846FEF76CBD0C
:10E60000480000242DE9F0410027044600F0E4FC16
:10E61000324E306808B9FFF7B9FC706904424ED138
:10E62000C4B3083460070ED004F00700C0F108003E
:10E630000444600707D0502080F31188BFF34F8F48
:10E64000BFF36F8FFEE72CB37068844237D823483E
:10E65000183001460D6801E028460D466968A14260
:10E6600002D229680029F7D131688D4227D0076886
:10E670002968016008376868011B10290FD928191B
:10E68000420708D0502080F31188BFF34F8FBFF3AB
:10E690006F8FFEE713E041606C60FFF745FD69682E
:10E6A0007068401A7060B268904200D2B06000207A
:10E6B00072691143C5E90001F068401CF06001F087
:10E6C00065F9780707D0502080F31188BFF34F8F8A
:10E6D000BFF36F8FFEE73846BDE8F08108010024E4
:10E6E00070B5041F094E231F4FF0807521F0010102
:10E6F00025601C1F1960A0F120010B1F2660443803
:10E700000A606FF002051D6070BD000039E4020868
:10E7100070B5F2F70DF9012804460BD140F223152C
:10E72000054900202A46F2F72CF90449042228461C
:10E73000F2F727F9204670BDDF0400240200002410
:10E7400010B5F2F783FF07480088002808D0064973
:10E750001422BDE8104001EB4010044900F008B855
:10E7600010BD000000000024E0FF0F08140000248A
:10E77000001D00B5F2F75CFF002000BD10B5F2F7F8
:10E78000D7F8002806D00449042240F22310F2F7FB
:10E7900091F9012010BD00000200002410B5F2F72D
:10E7A000C7F800280CD040F2231406490020224666
:10E7B000F2F780F9044904222046F2F77BF90120A0
:10E7C00010BD0000DF0400240200002438B5044618
:10E7D00000208DF80000FFF7E1FF012269468DF867
:10E7E00000002046FFF760FA38BD00001CB5026843
:10E7F0005524284B4FF4004100928088ADF8040066
:10E800009DF80000AA2803D000228DF8004000E007
:10E8100001221846F5F760FE9DF804101E48AA294B
:10E8200003D001228DF8044000E000224021F5F7DA
:10E8300053FE9DF80100AA2801D08DF8014047F24F
:10E840003050BDF80210814201D9ADF802009DF8A8
:10E850000500FA2802D9FA208DF805000F48009922
:10E86000C0F81B11BDF80410A0F81F119DF801009D
:10E87000AA280CD000210A4881709DF80510C170AB
:10E88000BDF802100180BDE81C40FFF7A5BE0121C4
:10E89000F1E70000000C025800080258DF040024D1
:10E8A0000E0000240A8800EBC0039FED121B00EE4F
:10E8B000102A0F4903EB4303B8EE400B1944B4EEA2
:10E8C000C10BA1F80920F1EE10FA02DDA622A1F891
:10E8D0000920B1F80910B2EE041B00EE101AB8EED0
:10E8E000400B80EE012BB7EEC20BFAF7F7BE00002B
:10E8F000DF0400243333333333D3644030B400EBCC
:10E90000C005114B0A884FF4A97405EB4501194461
:10E91000A242A1F8072002D9A1F8074004E0CE2ABC
:10E9200002D2CE22A1F80720B1F80710B2EE041BE4
:10E9300000EE101A30BCB8EE400B80EE012BB7EEA3
:10E94000C20BFAF72FBF0000DF0400240168024861
:10E950000160FFF713BF000002000024B1F900209E
:10E960009FED0D0B01EE102AB8EEC11B81EE002BBE
:10E97000B7EEC21B11EE102A0260B1F9021001EECF
:10E98000101AB8EEC11B81EE002BB7EEC20B10EED1
:10E99000101A41607047000000000000000059405C
:10E9A000B1F900209FED130B01EE102AB8EEC11B48
:10E9B00081EE002BB7EEC21B11EE102A0260B1F9F6
:10E9C000022001EE102AB8EEC11B81EE002BB7EE3B
:10E9D000C21B11EE102A4260B1F9041001EE101AA8
:10E9E000B8EEC11B81EE002BB7EEC20B10EE101A71
:10E9F00081607047000000000000594030B4038877
:10EA000000220B2B22D8002106E000BF00EB4104BE
:10EA1000491C6488224492B28B42F7D841F2883173
:10EA20008A4213D80A4A0021A2F8FB3008E000BF4E
:10EA300000EB410402EB4103491C6488A3F8FD404C
:10EA400003888B42F4D830BCF2F7DEB830BC704794
:10EA5000DF0400240A88963AB2F5FA7F02D80A88C1
:10EA6000A0F803204988A0F80510704700B541ECD4
:10EA7000100B2DED028B83B0B1EEC08B18EE100A97
:10EA800018EE901A8DED008B002818BF0120084366
:10EA900020F00040C0F17F6000F1E040C00F14D0D2
:10EAA00010EE101A10EE900A8DED000B002918BF21
:10EAB0000121084320F00040C0F17F6000F1E040F8
:10EAC000C00F04BF0120FDF74FFD51EC180B03B040
:10EAD000BDEC028B00BD70B50446007801250E46E2
:10EAE00020B1012809D00325284670BD01202070DF
:10EAF00000F06CFEC4F80100F6E700F067FED4F801
:10EB00000110401AB042EFD9032020700546EBE710
:10EB100003460020024610B503E09C5C521C2044D2
:10EB2000C0B28A42F9D310BD70B50D46134945F203
:10EB30005A464FF01C0314004FF014020E800E468C
:10EB400008718B70CA704C7104D0B01D22462946E2
:10EB5000F1F753FC21462846FFF7DAFF31195A2313
:10EB600004F109028871FE24CB71D2B20C72BDE8A7
:10EB7000704002490248F9F7E9BB00004001002457
:10EB800024100024D0E9013201699A60D0E9012300
:10EB90005A604A68824201D182684A60002202615A
:10EBA0000868401E086008687047000010B5044CF3
:10EBB0008023046004F15C000860136010BD000055
:10EBC000A418002410B5044C4FF48073046004F1C1
:10EBD0005C000860136010BD001B00244FF0FF3381
:10EBE00000F108010022C0E901130260C160016167
:10EBF000704700210161704730B50B685A1C02D084
:10EC000000F1080202E0026904E022465468256827
:10EC10009D42FAD953684B6099608A6051600861DF
:10EC20000168491C016030BD42684A6093688B608E
:10EC300093685960916008610168491C01607047E0
:10EC4000502080F31188BFF34F8FBFF36F8F0A49B5
:10EC50004868401C486001280CD10848006810F042
:10EC6000FF0F07D0502080F31188BFF34F8FBFF301
:10EC70006F8FFEE7704700002801002404ED00E0DC
:10EC80000849486828B1401E486001D180F31188C6
:10EC90007047502080F31188BFF34F8FBFF36F8F01
:10ECA000FEE700002801002470B500282AD0164D88
:10ECB000A0F1080461686869014207D1502080F31F
:10ECC0001188BFF34F8FBFF36F8FFEE722683AB111
:10ECD000502080F31188BFF34F8FBFF36F8FFEE793
:10ECE0008143616000F078F9606869680844686091
:10ECF0002046FFF719FA2869401C2861BDE87040DA
:10ED000000F044BE70BD0000080100244FF0E02078
:10ED1000002101614FF47A72816107230349096878
:10ED2000B1FBF2F1491E4161036170479C00002470
:10ED300010B5F1F717FB114910280ED300F1E020B0
:10ED40000A7890F8F003904207D2502080F311889F
:10ED5000BFF34F8FBFF36F8FFEE7094889680068E4
:10ED600000F4E060884207D9502080F31188BFF397
:10ED70004F8FBFF36F8FFEE710BD00002801002406
:10ED80000CED00E0084B5FF0000210B553F8324084
:10ED90001CB1521C082AF9D310BD03EBC20443F87E
:10EDA0003210606010BD00008812002470B5154656
:10EDB0000E460446FFF744FF94F944100020491C16
:10EDC00001D184F8440094F94510491C01D184F81C
:10EDD0004500FFF755FFA06B28B904F124002A462F
:10EDE000314600F099F82046BDE87040FFF74ABB75
:10EDF000020010B514D00F48006B38B1502080F3DA
:10EE00001188BFF34F8FBFF36F8FFEE700F0E4F878
:10EE100000211046FEF794FF00F0B8FD002807D14E
:10EE200005494FF080500860BFF34F8FBFF36F8FDD
:10EE300010BD0000B400002404ED00E070B50546EC
:10EE4000FFF7FEFE1E4C05B92568281DFFF79AFE48
:10EE5000A86A18B105F11800FFF794FE606A401C1B
:10EE600060622068854207D11648291DFFF7DCFE45
:10EE70006068401C606007E0A068401EA0602846F3
:10EE8000FFF769F8FFF77EFAFFF7FAFE60690028DE
:10EE900014D02068854211D1206B38B1502080F306
:10EEA0001188BFF34F8FBFF36F8FFEE706494FF016
:10EEB00080500860BFF34F8FBFF36F8F70BD0000AD
:10EEC000B40000246417002404ED00E002490A6A3B
:10EED0000260C96841607047B40000240149012004
:10EEE000C8617047B400002410B50C4650B1094900
:10EEF00009681831FFF780FE2046BDE81040012167
:10EF0000FEF71EBF502080F31188BFF34F8FBFF371
:10EF10006F8FFEE7B400002470B514460D4668B14B
:10EF20000A4909681831FFF77FFE0CB14FF0FF3531
:10EF300021462846BDE87040FEF702BF502080F30E
:10EF40001188BFF34F8FBFF36F8FFEE7B40000242B
:10EF500030B587B0002405AA04A9039403A804943B
:10EF6000FFF724FEDDE9030100940023CDE9011041
:10EF7000174815A1059A00F0F0FB164D0028E8622D
:10EF80001FD000F065FD012809D0401C19D1502088
:10EF900080F31188BFF34F8FBFF36F8FFEE75020D0
:10EFA00080F31188BFF34F8FBFF36F8F01214FF0B4
:10EFB000FF30A8626961EC6007B0BDE8304000F046
:10EFC0006FB807B030BD000049444C450000000058
:10EFD000DDDF0208B40000240248016B491C016314
:10EFE00070470000B4000024164810B5016B11B141
:10EFF0000121C16110BD0021C161134A016901E015
:10F00000B9B1491E01EB810352F82330002BF7D030
:10F0100001EB810302EB830202F1080453685B6891
:10F020005360A34201D15B685360DA6802600161FA
:10F0300010BD502080F31188BFF34F8FBFF36F8F47
:10F04000FEE70000B4000024C81200247CB514467A
:10F050000D46A022C0F302218DF805004FF4806315
:10F060009C4242EA41018DF8041000D91C46021965
:10F070009A4201D94042C4B20848FF2600960123B3
:10F080000DF10502F5F782FB9DF8041023460348B5
:10F090002A460096F5F7E8FA7CBD0000C80A00246D
:10F0A00037481CB5374902688A4207D1502080F39F
:10F0B0001188BFF34F8FBFF36F8FFEE731490068B0
:10F0C000491E884207D1502080F31188BFF34F8F2B
:10F0D000BFF36F8FFEE72C49FF200A78019208707A
:10F0E00008788DF800009DF800209DF8000002F0DF
:10F0F000F002824207D0502080F31188BFF34F8F77
:10F10000BFF36F8FFEE79DF8002007201F4C02F031
:10F1100050022270A06005E09DF8002052008DF89A
:10F120000020401E9DF800201206F5D40328A060A0
:10F1300007D0502080F31188BFF34F8FBFF36F8F3C
:10F14000FEE74FF44070A060019808700C48203032
:10F15000016841F470010160016841F07041016093
:10F16000FFF7D4FD00206060F1F7C4F8084801689B
:10F1700041F040410160F1F7A9F800201CBD0000FA
:10F1800000ED00E071C20F4100E400E0280100241E
:10F1900034EF00E0502010B580F31188BFF34F8F9B
:10F1A000BFF36F8F00F018FB18B104494FF0805087
:10F1B0000860002080F3118810BD000004ED00E01D
:10F1C00000210246012010B500F012F80446FEF7B7
:10F1D00035FF204610BD38B500220B461146009081
:10F1E000012000F026F80446FEF728FF204638BD2F
:10F1F000F8B5050017460E4613D005FB06F0503053
:10F20000FFF700FA04000AD0002084F8460004F159
:10F2100050023B46314628460094FEF71BFF20462D
:10F22000F8BD502080F31188BFF34F8FBFF36F8F6D
:10F23000FEE7F8B5069D18B153B1CAB181B120E01F
:10F24000502080F31188BFF34F8FBFF36F8FFEE71D
:10F25000502080F31188BFF34F8FBFF36F8FFEE70D
:10F26000502080F31188BFF34F8FBFF36F8FFEE7FD
:10F2700039B1502080F31188BFF34F8FBFF36F8FE8
:10F28000FEE750241C46012683F8466000932B4677
:10F29000FEF7E0FE2046F8BD2DE9F04704008A465F
:10F2A00029D0FFF7CDFC21680025D4E90F23D4F83D
:10F2B00040C004F1100810460E46401E4FF0FF39C2
:10F2C00002FB031200FB0C10BAF1000FA56366608D
:10F2D00084F8449084F84590C4E9022013D0404655
:10F2E000FFF77CFC04F12400FFF778FCFFF7C8FC73
:10F2F0000120BDE8F087502080F31188BFF34F8FC5
:10F30000BFF36F8FFEE720690028EFD0404600F082
:10F3100005FB0028EAD004494FF080500860BFF395
:10F320004F8FBFF36F8FE1E704ED00E02DE9FF475A
:10F3300004001D4682B08A464FF0000803D0BAF19F
:10F34000000F08D011E0502080F31188BFF34F8FD9
:10F35000BFF36F8FFEE7206C38B1502080F3118827
:10F36000BFF34F8FBFF36F8FFEE7022D0AD1E06B23
:10F37000012807D0502080F31188BFF34F8FBFF3CF
:10F380006F8FFEE700F014FA3F4F4FF080564FF0BA
:10F39000000948B9049838B1502080F31188BFF3B0
:10F3A0004F8FBFF36F8FFEE7FFF74AFCA06BE16B57
:10F3B000884207D3022D05D00498D0B1B8F1000FD0
:10F3C0001AD01EE02A4651462046FEF78EFD616A9D
:10F3D00019B104F1240000F0A1FA20B13E60BFF39E
:10F3E0004F8FBFF36F8FFFF74BFC012006B0BDE8D6
:10F3F000F087FFF745FC22E06846FFF767FD4FF016
:10F400000108FFF73DFCFFF7E7FDFFF719FC94F952
:10F410004400401C01D184F8449094F94500401CFC
:10F4200001D184F84590FFF72BFC04A9684600F051
:10F430002BF930B12046FFF725F800F0A7FA00209D
:10F44000D4E7FFF7FDFBA06BE16B884213D1FFF718
:10F4500017FC049904F11000FFF746FD2046FFF762
:10F4600011F800F093FA00289ED13E60BFF34F8F51
:10F47000BFF36F8F98E7FFF703FC2046FFF702F812
:10F4800000F084FA90E7000004ED00E02DE9F04779
:10F4900004001F469046894603D0B9F1000F08D0FA
:10F4A00011E0502080F31188BFF34F8FBFF36F8FAF
:10F4B000FEE7206C38B1502080F31188BFF34F8FE6
:10F4C000BFF36F8FFEE7022F0AD1E06B012807D050
:10F4D000502080F31188BFF34F8FBFF36F8FFEE78B
:10F4E000FFF726FC5020EFF3118680F31188BFF35D
:10F4F0004F8FBFF36F8FA06BE16B884206D3022F53
:10F5000004D0002086F31188BDE8F08794F94550B7
:10F51000A06B3A4649462046FEF7E7FC681C04D03B
:10F520006D1C84F845500120ECE7606A0028FAD091
:10F5300004F1240000F0F2F90028F4D0B8F1000F33
:10F54000F1D00121C8F80010EDE700002DE9F747E0
:10F5500004008A4683B04FF0000603D0BAF1000FD2
:10F5600008D011E0502080F31188BFF34F8FBFF314
:10F570006F8FFEE7206C38B1502080F31188BFF305
:10F580004F8FBFF36F8FFEE700F012F9DFF8F480C2
:10F590004FF080574FF0000948B9059838B1502016
:10F5A00080F31188BFF34F8FBFF36F8FFEE7FFF734
:10F5B00047FBA56BC5B151462046FEF783FC6D1E87
:10F5C000A563206950B104F1100000F0A7F928B13B
:10F5D000C8F80070BFF34F8FBFF36F8FFFF750FB7A
:10F5E000012006B0BDE8F087059808B11EB106E01D
:10F5F000FFF746FB27E06846FFF768FC0126FFF7A8
:10F600003FFBFFF7E9FCFFF71BFB94F94400401CAC
:10F6100001D184F8449094F94500401C01D184F84C
:10F620004590FFF72DFB05A9684600F02DF800284E
:10F6300020460AD0FEF726FF00F0A8F92046FEF784
:10F64000B7FD0028B3D00020CBE7FEF7B1FD90B1A5
:10F65000059904F12400FFF747FC2046FEF712FF4E
:10F6600000F094F90028A2D1C8F80070BFF34F8FC2
:10F67000BFF36F8F9BE72046FEF704FF00F086F98B
:10F6800095E7000004ED00E02DE9F04105000C468F
:10F6900012D0CCB1FFF7D4FA184E2068F268471C9C
:10F6A0006B68A2EB030117D02F68366AB74215D0FA
:10F6B000934213D801251CE0502080F31188BFF33A
:10F6C0004F8FBFF36F8FFEE7502080F31188BFF399
:10F6D0004F8FBFF36F8FFEE700250AE0884205D900
:10F6E000401A20602846FFF7F1FBF5E70020206074
:10F6F0000125FFF7C5FA2846BDE8F081B4000024D3
:10F700002DE9FF5F994616468A4683469000DDE95B
:10F710000E87FEF777FF05001CD05C20FEF772FF16
:10F72000040014D00020256384F859004B46CDE92D
:10F730000087CDE90240324651465846FEF79BFC11
:10F740002046FEF72BFB012004B0BDE8F09F2846C1
:10F75000FFF7AAFA4FF0FF30F6E7F0B585B0DDE924
:10F760000B740A9DA7B1DCB15C262763022684F8DE
:10F770005960002703970DF1100C0095CDE901C4E5
:10F78000FEF779FC2046FEF709FB049805B0F0BDB2
:10F79000502080F31188BFF34F8FBFF36F8FFEE7C8
:10F7A000502080F31188BFF34F8FBFF36F8FFEE7B8
:10F7B0000548416919B1006B18B10020704701205C
:10F7C0007047022070470000B40000240148C06860
:10F7D00070470000B40000242DE9F0412E4C206B4E
:10F7E000002728B1A069401CA0613846BDE8F0811F
:10F7F000E668761CE66013D1606B006838B1502073
:10F8000080F31188BFF34F8FBFF36F8FFEE7606BFC
:10F81000A16B6163A063206A401C2062FEF7B2FD09
:10F82000DFF87880A06A864209D3606B0068A0B1D7
:10F83000606BC068C5686868864211D2A0622068A3
:10F84000C06A00EB800158F82100012800D9012787
:10F85000E0690028C9D00127C7E74FF0FF30EDE786
:10F86000281DFFF78FF9A86A18B105F11800FFF7F6
:10F8700089F9E86A2169884200D9206100EB80019A
:10F8800008EB8100291DFFF7CFF92068E96AC06AFB
:10F890008142CAD30127C8E7B4000024C81200245B
:10F8A00070B504464FF0000190B31A4D28688442A9
:10F8B00007D0502080F31188BFF34F8FBFF36F8FB5
:10F8C000FEE7206D38B1E36C401EE26A20659A4283
:10F8D0001ED040B11CE0502080F31188BFF34F8F41
:10F8E000BFF36F8FFEE7201DFFF74CF9E06CC0F10E
:10F8F0003801A161E0622969884200D9286100EBE2
:10F900008000054901EB8000211DFFF78DF90121E1
:10F91000084670BDB4000024C812002470B5C06849
:10F92000C46854B104F118000646FFF72BF9144DD2
:10F93000286B50B11348314615E0502080F31188F0
:10F94000BFF34F8FBFF36F8FFEE7201DFFF71AF94C
:10F95000E06A2969884200D9286100EB80000A49E1
:10F9600001EB8000211DFFF75FF9E06A2968C96A91
:10F97000884203D90121E961084670BD002070BDAD
:10F98000B400002450170024C81200242DE9F047C9
:10F990002C4D286B0024274638B1FFF751F9286B0E
:10F9A000401E2863286B40B147E0502080F3118847
:10F9B000BFF34F8FBFF36F8FFEE7234E0120A9687F
:10F9C000D9B3A6F5916980463068E0B1F068C468A3
:10F9D00004F11800FFF7D6F8201DFFF7D3F8E06A0E
:10F9E0002969884200D9286100EB800109EB810078
:10F9F000211DFFF719F9E06A2968C96A8842E3D333
:10FA0000C5F81C80E0E70CB1FEF7BCFCAC694CB15A
:10FA10004FEA0806FFF7E0FE00B1EE61641EF9D17F
:10FA20000020A861E86940B1084901274FF08050E3
:10FA30000860BFF34F8FBFF36F8FFFF721F9384690
:10FA4000BDE8F087B40000245017002404ED00E066
:10FA500010B586B0FEF70AFA114C2068B8B1002044
:10FA6000039005AA049004A903A8FFF7ABF8DDE909
:10FA70000321022000238DE807000C4809A1059A04
:10FA8000FFF76BFE606010B106B0012010BD502082
:10FA900080F31188BFF34F8FBFF36F8FFEE7000035
:10FAA000F0000024546D72205376630061E4020874
:10FAB0002DE9FF411E46134602004FF000000A9D4B
:10FAC00016D0144C2768002F0FD006290292CDE9DA
:10FAD000001317DAFFF76CFE02284FF000030FD077
:10FAE000002220686946FFF721FC04B0BDE8F081E0
:10FAF000502080F31188BFF34F8FBFF36F8FFEE765
:10FB00002A46EEE70023324669463846FFF7BEFC38
:10FB1000EBE70000F000002490FD02080000000068
:10FB200000000000000000000000000000020000D3
:10FB30001800000000000000000000006CFD02083A
:10FB400000000000000000000000000000000000B5
:10FB5000000200001800000000000000000000008B
:10FB600084FD02080000000000000000000000000A
:10FB7000000000000002000018000000000000006B
:10FB80000000000060FD020800000000000000000E
:10FB90000000000078FD02080000000000000000E6
:10FBA00000000000000610160006101600010203F7
:10FBB00004050607080C101418203040000000004F
:10FBC0000000000000000000000000000000000035
:10FBD000010000000200000003000000040000001B
:10FBE0000000000005000000000000000000000010
:10FBF00000000000060000000000000000000000FF
:10FC000000000000070000000100020004000600E0
:10FC100008000A000C0010002000400080000001D5
:10FC200001010103070100000804020408010101A9
:10FC30000000000001020304010203040607080992
:10FC4000000000000000E03F000000000000E0BFF6
:10FC50000000E0FE422EE63F0000E0FE422EE6BF3E
:10FC6000763C7935EF39EA3D763C7935EF39EABDB6
:10FC70003E5555555555C53F93BDBE166CC166BF23
:10FC80002CDE25AF6A56113FF16BD2C541BDBBBE1C
:10FC9000D0A4BE726937663E04FA97999999D93F04
:10FCA000AF788E1DC571CC3F9FC678D0099AC33FEF
:10FCB000935555555555E53F599322942449D23FC4
:10FCC000DE03CB966446C73F44523EDF12F1C23F8B
:10FCD000000000000000F03F000000000000F83FBE
:10FCE00000000000000000000000004003B8E23FF8
:10FCF000000000000000000006D0CF43EBFD4C3EAA
:10FD0000033333333333E33FFFAB6FDBB66DDB3F9E
:10FD10004D268F515555D53F01411DA96074D13FE6
:10FD200065DBC9934A86CD3FEF4E454A287ECA3FE0
:10FD30003E5555555555C53F93BDBE166CC166BF62
:10FD40002CDE25AF6A56113FF16BD2C541BDBBBE5B
:10FD5000D0A4BE726937663E0000000000000000BB
:10FD60006D794D7574657830310000006D7954619E
:10FD7000736B3032000000006D794D75746578301A
:10FD8000320000006D795461736B30330000000065
:10FD900064656661756C745461736B00BCFD020828
:10FDA000000000244001000076060208ECFD020875
:10FDB000400100242060000058C5020851021501CE
:10FDC00022081A02041A12041A1004011E13E4096C
:10FDD000BC2495043D0135298B82103C90D003044E
:0CFDE000BCC073450401771AAA01011091
:040000050802029952
:00000001FF
