:020000040812E0
:10000000586300246D031208A99B12084D8B120837
:10001000A79B1208590B1208D5BE12080000000059
:10002000000000000000000000000000AD02120807
:1000300035121208000000000903120889A61208F0
:100040008B0312088B0312088B0312088B03120810
:100050008B0312088B031208411312084F13120866
:100060008B0312088B0312088B031208A90D1208C8
:10007000B50D1208C10D12088B0312088B0312086C
:100080008B0312088B031208150912082914120891
:100090008B0312088B0312088B0312088B031208C0
:1000A0008B0312088B0312088B0312088B031208B0
:1000B00049AB120855AB120861AB12088B0312084A
:1000C0008B0312088B0312088B0312088B03120890
:1000D0008B031208C9BE12088B0312088B03120887
:1000E000471312088B031208000000008B0312084C
:1000F0008B0312088B0312088B0312088B03120860
:100100008B0312088B0312088B0312088B0312084F
:100110008B0312088B0312086DAB12088B031208B5
:10012000CD0D1208D90D1208E50D1208F10D1208B7
:100130008B0312088B0312088B0312088B0312081F
:1001400000000000000000000000000000000000AF
:100150008B0312088B0312088B0312088B031208FF
:100160008B0312088B0312088B0312088B031208EF
:100170008B0312088B0312088B0312080000000087
:100180008B0312088B0312088B0312088B031208CF
:100190008B0312088B0312088B0312088B031208BF
:1001A0008B0312088B0312088B0312088B031208AF
:1001B0008B0312088B0312088B0312088B0312089F
:1001C0008B0312088B0312088B0312088B0312088F
:1001D0008B0312088B0312088B0312088B0312087F
:1001E0008B0312088B0312088B0312088B0312086F
:1001F0008B0312088B0312088B0312088B0312085F
:100200008B0312088B0312088B0312088B0312084E
:100210008B0312088B0312088B0312088B0312083E
:100220008B0312088B0312088B03120800000000D6
:100230008B0312088B03120800000000CD06120881
:100240008B0312088B0312088B0312088B0312080E
:100250008B0312088B0312088B0312088B031208FE
:100260008B0312088B0312088B0312088B031208EE
:100270008B0312088B0312088B0312080000000086
:100280008B0312088B0312088B0312080000000076
:10029000000000008B031208DFF80CD000F07CF99E
:1002A0000048004731E51208586300242C4B1968B8
:1002B0000868B0E8F04F80F30988BFF36F8F4FF004
:1002C000000080F3118870470000000008480068B3
:1002D000006880F308884FF0000080F3148862B64D
:1002E00061B6BFF34F8FBFF36F8F00DF00BF00BF5A
:1002F00008ED00E0DFF80C00016841F470010160D6
:10030000704700BF88ED00E0EFF30980BFF36F8F07
:10031000134B1A681EF0100F08BF20ED108A20E959
:10032000F04F106009B44FF0500080F31188BFF314
:100330004F8FBFF36F8F0FF00BFD4FF0000080F376
:10034000118809BC19680868B0E8F04F1EF0100F5A
:1003500008BFB0EC108A80F30988BFF36F8F704735
:10036000E4000024EFF30580704700000748804751
:100370000748804707480047FEE7FEE7FEE7FEE73D
:10038000FEE7FEE7FEE7FEE7FEE7FEE70D141208D4
:100390004DA71208990212082DE9F05F05460020CA
:1003A00092469B4688460646814640241BE02846E6
:1003B00041464746224600F053F853465A46C01A73
:1003C000914110D311461846224600F03AF82D1AF2
:1003D00067EB01084F4622460120002100F031F86A
:1003E00017EB00094E41201EA4F10104DFDC484652
:1003F00031462A464346BDE8F09F40EA01039B0789
:1004000003D009E008C9121F08C0042AFAD203E089
:1004100011F8013B00F8013B521EF9D27047D2B2ED
:1004200001E000F8012B491EFBD270470022F6E7DD
:1004300010B513460A4604461946FFF7F0FF20465A
:1004400010BD202A04DB203A00FA02F10020704798
:100450009140C2F1200320FA03F319439040704702
:10046000202A04DB203A21FA02F00021704721FA09
:1004700002F3D040C2F12002914008431946704770
:1004800070B521F0004303430CD0C1F30A5500249A
:10049000D5EB040564EB0403D617AD1AB34102DBB8
:1004A0000020014670BD201841EB025170BD0000D4
:1004B0002DE9F041054621F000400C46284309D0C3
:1004C000C4F30A5040F23341884205DD28462146F4
:1004D000BDE8F0812846FBE740F2FE31884210DC9F
:1004E0000CDB4FEA043040EA155050EA053105D0E4
:1004F000104804F0004101430020E9E700200146D4
:10050000E6E7A0F233404642C6F1400228462146C3
:10051000FFF797FF07468846284621463246FFF7F1
:100520009FFF43463A4600F049F83246BDE8F041A5
:10053000FFF787BF0000F03F70B5044601F00045AB
:100540000020054304D14FF00045644265EB0101F2
:1005500003F00045284305D118464FF000435242AE
:1005600063EB0003101B73EB010002D24FF000405D
:1005700009E082EA040283EA01034FF000501A43C3
:1005800001D14FF0C0404FEA2062EFF3008162F3E7
:100590001F6181F3008870BD064C074D06E0E068DE
:1005A00040F0010394E8070098471034AC42F6D3BA
:1005B000FFF776FE140B1308340B130810B5141E46
:1005C00073F1000408DA401C41F1000192185B410C
:1005D0001A4301D120F0010010BD2DE9F04D9246E3
:1005E0009B4611B1B1FA81F202E0B0FA80F22032FA
:1005F0009046FFF726FF04460F4640EA0A0041EA0C
:100600000B0153465A46084313D0114653EA0100E2
:1006100019D0C8F140025046FFF722FF05460E46AA
:10062000504659464246FFF70CFF084305D00120CB
:1006300004E020463946BDE8F08D0020054346EA37
:10064000E0762C4337430A986305E40AA0EB0800E0
:100650000022FD0A44EA47540A3002D50020014630
:10066000E9E7010510196941DDE90845001969410B
:10067000BDE8F04DA2E770B58C1810F8015B15F0DD
:10068000070301D110F8013B2A1106D110F8012B04
:1006900003E010F8016B01F8016B5B1EF9D12B0729
:1006A00005D40023521E0DD401F8013BFAE710F8DF
:1006B000013BCB1A921C03E013F8015B01F8015BCC
:1006C000521EF9D5A142D8D3002070BD014801F0D7
:1006D00035BD00006409002470B53A49054600683C
:1006E000884202D0384A904202D1D1F8080302E091
:1006F0003648D0F8080310F4403F11D006F03AF81D
:1007000004466868B0F5803F06D0B0F5003F03D0DE
:10071000B0F5403F27D101E0000C18E0A40822E02A
:1007200000214FF4002005F08FF80446686881032B
:10073000890B18D181140C2915D2DFE801F01406B9
:1007400006060606060B0D0F1113800C4000B4FBC5
:10075000F0F408E0240906E0640904E0A40902E0DA
:10076000E40900E0240A04F037FA41F20301884268
:1007700008D8174884422868816813D821F480710A
:10078000816070BD13496008884204D82868816878
:1007900021F44071F4E71049884206D8286881683E
:1007A00021F4407141F48071EAE70C4988422868DD
:1007B000816804D821F4407141F40071E0E741F40C
:1007C0004071DDE700200240002102400060025835
:1007D000002D3101105E5F0020BCBE0040787D011D
:1007E00010B5846B616D11F0500F06D0616DC906B4
:1007F00025D5204601F0A1FC10BD606D40F40070CD
:10080000606520680168090707D508F02DFC90B1E4
:100810002068C068800403D50DE0C06880070AD155
:10082000606D20F480706065606DC00403D4606DFD
:1008300040F001006065204601F020FC10BDE16C35
:10084000C96CBDE81040084710B5806B416D41F0A0
:1008500040014165816D41F00401816501F06DFC4D
:1008600010BD10B5806B01F067FC10BD70B504467B
:100870000068816811F0010F40D18168204A11425F
:100880002DD18168D5432940491C816004F0AAF923
:100890001C49064620681C4B884201D0984201D171
:1008A0001A4A00E01A4A9268984202F01F0200D0E9
:1008B000014681421DD0E2B120E0816811F0010FB4
:1008C00003D181682940491C816004F08BF9801BA9
:1008D00002280ED920680068C043C00709D0606DA7
:1008E00040F010006065A06D40F00100A06501209F
:1008F00070BD20680168C943C907DED1002070BD02
:100900003F000080002002400021024000230240FE
:1009100000630258044810B501F010FCBDE8104017
:10092000024801F00BBC00009C08002400090024D0
:100930001CB5A52040F2FF34012269468DF8040061
:10094000204600F01EF89DF80000A52815D00A20CA
:100950000DF08CFE0122204601A900F047F80A2084
:100960000DF084FE01226946204600F00AF89DF849
:100970000000A52803D000201CBD01201CBD0220C2
:100980001CBD10B5012A0C4603D9BDE810400FF07C
:1009900019BA00F003F8207010BD00003EB5010A3E
:1009A00000228DF80410A0258DF8050001F0070045
:1009B000FF248DF808200123009445EA40010A48ED
:1009C0000DF1050204F05CFA9DF80400012302AA6F
:1009D000009400F0070045EA4001034804F0BEF926
:1009E0009DF808003EBD0000140C00242DE9F041E4
:1009F0000F46054600F00F0100F00F00C1F1100492
:100A0000C0F11000A242A2EB000002D9C0F3071609
:100A100001E04FF0000605D9C6F1000100EB01101E
:100A2000C0B201E04FF00000012A804637D94FF4F0
:100A30008060824200D90246A918814201D96842E9
:100A4000C2B2A24228D93A462146284600F05AF8B6
:100A5000281985B2052027440DF008FE00240CE07B
:100A600010213A46284600F04DF81035ADB2052069
:100A700010370DF0FBFD641CE4B2B442F0D3052046
:100A80000DF0F4FDB8F1000012D03A4601462846B8
:100A9000BDE8F04100F036B8D1B23A46F7E7394642
:100AA000284600F01BF8BDE8F04105200DF0DEBD42
:100AB000BDE8F0812DE9F041002415460E460746B9
:100AC00008E0381980B2311900F008F805200DF05F
:100AD000CDFD641CAC42F4D3BDE8F0813EB50125E8
:100AE0004FF0FF34C2B22B46C0F302200294CDE98E
:100AF0000015A02141EA4001014804F067FA3EBD1B
:100B0000140C00243EB5102913464FEA1024C2B23B
:100B100000D910214518B5F5806F01D94142C9B2FD
:100B200000F00F050D44102D04D9084400F00F000B
:100B3000081AC1B24FF0FF3000930123CDE9011034
:100B400004F00700A02141EA4001024804F03EFA07
:100B50003EBD0000140C0024FEE700001E4810B546
:100B60009FED1E4B9FED1F2BB0F8F7304FF4FA743A
:100B70001E4A00EE103A9FED1E1B02F10801B8EE6E
:100B8000400B1460B0F8F930B1EE043B84EE005B2A
:100B900085EE020B02EE103AB8EE424BB0EE412B5E
:100BA00004EE002BBCEEC22B82ED012AB0F8F3005C
:100BB00002EE100AB8EE422B02EE001BBCEEC11B87
:100BC00081ED001AB8EE411B00EE031BBCEEC10B19
:100BD00081ED010A10BD00002C0600240000000079
:100BE000D01263410000000000408F40AC000024A0
:100BF0000000000000407F402DE9F047324901230A
:100C0000324D4FF4FA780E4642460020B1F8F940D2
:100C1000B1F8F370C5F80080B6F8FB6020E010F181
:100C20000100624401EB400CBCF8FDC0A445F6D9BC
:100C300004EB840C02EB4C0A01EB400C45F823A0BA
:100C40005B1CBCF8FD20DBB203F1010C121B401C45
:100C500002EB82090AEB490245F823200CF0FF035E
:100C60008642DFD804EB8400DFF864C05C1C02EB32
:100C70004002164845F82320603007EB8707E3B2AF
:100C8000ACF8003008EB47020260022332324260C7
:100C9000002412E001EB4405B5F8FD5005EB850595
:100CA00002EB4502323A40F823205D1CEBB23232AF
:100CB0005D1C40F82320641CEBB2A642EAD8ACF8D5
:100CC0000230BDE8F08700002C060024980F0024B5
:100CD000A800002470B50A4DE86F02F007F900245F
:100CE00007E001200DF0C2FC641CE86FE4B202F0E2
:100CF000FDF8012802D0322CF3D3002070BD000093
:100D0000041200240A4B002130B408469970597728
:100D10000246C0EB021404EB42121A44401C0428A1
:100D200082F83810F4D30348016030BC0EF0C8BD1F
:100D30002C0600245B000024002805480A4603D046
:100D40004FF4805103F043BF4FF48041FAE70000B5
:100D500000040258090541EA021141F0407100F017
:100D600001B8000038B50C4605460121FFF7E4FF45
:100D700000212846FFF7E0FF200E8DF80000210C2F
:100D80008DF80110220A8DF802200648C82304229B
:100D900069468DF8034006F0BDF901212846FFF7AA
:100DA000CBFF38BD680C0024014802F0A3B8000056
:100DB000C8090024014802F09DB80000400A002440
:100DC000014802F097B80000B80A0024014802F078
:100DD00091B800002C130024014802F08BB80000E9
:100DE000A4130024014802F085B80000A80E0024D6
:100DF000014802F07FB80000200F0024294A016852
:100E000091423AD0274A1832914236D0254A3032A0
:100E1000914232D0234A483291422ED0214A603248
:100E200091422AD01F4A7832914226D01D4A9032F0
:100E3000914222D01B4AA83291421ED01A4A9142B6
:100E40001BD0194A1832914217D0174A30329142BA
:100E500013D0154A483291420FD0134A6032914262
:100E60000BD0114A7832914207D00F4A903291420A
:100E700003D00D4AA832914211D1CAB21823103AB8
:100E8000B2FBF3F26FF30901032A02F00703074AEA
:100E9000D25CC26500D9091D81650846704721F002
:100EA000FF01F9E710000240100402401C0913087A
:100EB00030B5224A012301689142CAB21BD01F4CAF
:100EC0001434A14217D01D4C2834A14213D01B4C1E
:100ED0003C34A1420FD0194C5034A1420BD0174CD6
:100EE0006434A14207D0154C7834A14203D0134C8E
:100EF0008C34A1420CD11421114C083AB2FBF1F10F
:100F00000F4A803201F01F0504EB8101AB4010E075
:100F10000C4D1824103A0D44B2FBF4F1A82D00D862
:100F20000831094A01F01F0402EB8101064AA3407F
:100F30008032603080E80E0030BD00000854025856
:100F400000580258F0FBFDBF0008024010B50279BE
:100F5000531E072B2DD8174C0168A1421BD0154CEE
:100F60001434A14217D0134C2834A14213D0114C91
:100F70003C34A1420FD00F4C5034A1420BD00D4C49
:100F80006434A14207D00B4C7834A14203D0094C01
:100F90008C34A14203D10849074C443102E007498F
:100FA000064C443104EB8202C0E91B210121994027
:100FB000416710BD08540258FC580258FC08024012
:100FC00010B583694FF0C074826A0146002053B1A6
:100FD000B3F5005F15D072B1012A0CD0022A0AD0F5
:100FE000032A09D104E01AB1012A06D0022A03D14A
:100FF000C96AC90100D5012010BDC96AA142FAD051
:1010000010BD002AF7D0012AF2D0022AF3D0032A19
:10101000F3D010BD2DE9F04F804E804FDFF8FC91EA
:101020001836DFF8F8A148370468856D0AF1300AF0
:10103000DFF8ECB14C45DFF8ECC1DFF8ECE16DD046
:10104000B4426BD0544569D0BC4267D0DFF8D08140
:10105000A8F11808444561D05C455FD064455DD077
:1010600074455BD0DFF8C481444557D0DFF8BC81BC
:1010700008F11808444551D0DFF8B08108F1300874
:1010800044454BD0DFF8A48108F14808444545D0D9
:10109000DFF8988108F1600844453FD0DFF88C8183
:1010A00008F17808444539D0DFF8808108F19008CC
:1010B000444533D0DFF8748108F1A80844452DD0A9
:1010C000DFF86C81444529D0DFF8648108F1140809
:1010D000444523D0DFF8588108F1280844451DD045
:1010E000DFF84C8108F13C08444517D0DFF8408117
:1010F00008F15008444511D0DFF8348108F1640844
:1011000044450BD0DFF8288108F17808444505D024
:10111000DFF81C8108F18C08444509D1D0E9194851
:10112000C4F80480C46E1CB1D0E91C48C4F8048023
:1011300004684C452ED0B4422CD054452AD0BC4231
:1011400028D0374E183EB44224D05C4522D06445A6
:1011500020D074451ED0354EB4421BD0334E1836C5
:10116000B44217D0314E3036B44213D02F4E4836E9
:10117000B4420FD02D4E6036B4420BD02B4E783691
:10118000B44207D0294E9036B44203D0274EA83639
:10119000B44215D190F85C603F2406F01F06B440BD
:1011A000AC600468256825F4802525602EE09A60EF
:1011B0000068C160BDE8F08F99600068C260F9E71F
:1011C0001B4EB4421BD01A4E1436B44217D0184EE0
:1011D0002836B44213D0164E3C36B4420FD0144ECB
:1011E0005036B4420BD0124E6436B44207D0104E83
:1011F0007836B44203D00E4E8C36B442DAD190F831
:101200005C60012406F01F06B4406C6004686360F3
:101210008368402B0368CFD1C9E70000100002406B
:1012200088000240A0000240B800024010040240C2
:1012300008540258704700002DE9F04300232E485F
:1012400055214FF0A60C5FF0FA041D464FF07E5674
:1012500003EBC3025B1C02EB42073A18022BC15599
:10126000A2F80350C2F80B60C2F80F50C2F8136026
:10127000C2F81750A2F809C0A2F80740E8D3DFF877
:101280007CC0C3270023C8264FF07C591A46C3EB05
:10129000021808EB421202445B1C042B82F8361041
:1012A000A2F83B70A2F83960C2F84590C2F849C074
:1012B000C2F84D50EAD380F8F510642280F8F61099
:1012C000AA23A0F8F3200B2580F8F2304FF47A77A8
:1012D000A0F8FB505FF00002A0F8F770A0F8F960EA
:1012E00000EB4203521C0B2AA3F8FD40F8D380F810
:1012F0001F11BDE8F08300002C060024CDCCCC3DAE
:101300000D4900200D4A08604FEA0001C1EB0113AE
:1013100003EB41131344491C042983F83800F5D327
:101320005FF0000101EBC103491C03EB43031344CD
:1013300002299870F6D370475B0000242C06002425
:10134000012003F01DBB4FF4006003F019BB022025
:1013500003F016BB28494FF4967210B501F596704C
:1013600007F01BF825482649006888423AD02449EE
:101370001831884236D022493031884232D0204953
:10138000483188422ED01E49603188422AD01C49FB
:101390007831884226D01A499031884222D01849A3
:1013A000A83188421ED0174988421BD015491831F0
:1013B000884217D013493031884213D0114948313F
:1013C00088420FD00F49603188420BD00D497831E7
:1013D000884207D00B499031884203D00949A8318F
:1013E000884203D1016821F0080102E0016821F080
:1013F0000401016010BD0000D81000242C1300244B
:10140000100002401004024072B6FEE7054805498C
:101410000839026842F00202026008688004FCD5C4
:10142000704700000C480258014802F0A5BD0000BA
:10143000300B0024F0B503684FF6FC716D4C426B25
:10144000D3F884508D4345EA8205C3F8845003687D
:1014500053F8845F068F25F47F0545EA06451D6035
:10146000836B654D9F180268D2F888308B4343EA3E
:101470008703C2F88830026852F8883F868F23F4C9
:10148000FE0343EA06431360066856F8A03FC26BAA
:101490008B4307EB420243EA82033360076857F845
:1014A000A03FB0F8406023F4FE0343EA06433B60EC
:1014B000D0E9103603FB06220368D3F8B0608E43F0
:1014C00046EA8206C3F8B0600368B0F84860D3F813
:1014D000B07027F4FE0747EA0646C3F8B060D0E9CB
:1014E0001267036806FB0722D3F8AC608E4346EA16
:1014F0008206C3F8AC60D0E91467036806FB0722D4
:10150000D3F8F0608E4346EA8206C3F8F0600368C1
:10151000B0F85860D3F8F07027F47C1747EA064615
:10152000C3F8F0600368876D53F8C06F02EB4702A1
:101530008E4346EA820119600168B0F85C20D1F858
:10154000C03023F47C1343EA0242C1F8C020016892
:1015500090F86020D1F8C03023F07C5343EA026257
:10156000C1F8C020416B04EB8101C166826B01EBC5
:1015700082020267C36B02EBC3024267D0E91034F8
:10158000634302EB83028267D0E91234634302EBC8
:101590008302C267D0E91434634302EB8302C0F8CC
:1015A0008020836D02EBC303C0F88430C46D826E6B
:1015B000544303EB8403C0F88830046E544303EBB8
:1015C0008402C0F89020AA420AD9D0F89C200321B6
:1015D00042F02002C0F89C2080F898100120F0BD55
:1015E000002200E004C1D0F890308B42FAD80020ED
:1015F000F0BD000000AC0040FCD30040F0B58E68A8
:101600000C69D1E9005744EA0604DFB145F0804592
:101610002C43866ED1E906C54F695E4391F82030B0
:1016200045EA0C05B1F80CC0D0F884E0002047EA88
:1016300003630C4F1D430EEB860345EA0C45E3E8BC
:1016400002450AE044EA8544E3E71418155C001DEE
:10165000D4F8014045EA042410C3CC683C5D8442C0
:10166000F3D8F0BD2409130830B587B0054600242F
:10167000009400F0B9F901460120B5F1016FCDE900
:10168000021000D30220059405A90190684602F0DB
:101690009DFF07B030BD000030B584240D4BCD0751
:1016A00044EA002007D0DC6824F4E664DC60DC68EF
:1016B00014430443DC6089070BD5D3F80C1121F4E3
:1016C000E661C3F80C11D3F80C1111430143C3F8C0
:1016D0000C1130BD00200052CB431D4A9B0720D087
:1016E000CB070AD0D36823F03003D360D368034319
:1016F000D360D36843F08803D360890710D5D2F84C
:101700000C1121F03001C2F80C11D2F80C11014378
:10171000C2F80C11D2F80C0140F08800C2F80C019C
:101720007047D16821F03001D160D2F80C1121F05E
:101730003001C2F80C11D1680143D160D2F80C110C
:101740000143C2F80C11906940F01000906170479D
:1017500000200052002A10B509D0002305E000BF88
:1017600010F8014B5B1C01F8014B9342F8D310BDFC
:101770002DE9F04704250E46804603F033FA022E89
:10178000814600D1274DDFF8A0A0284C05EA0A07C2
:1017900077B3D4F8100125EA00004000D0B1012E43
:1017A0002AD02349D4F81001084040F000404100FD
:1017B00026D020498A6910EA0A0F42EA00028A61AB
:1017C00001D1606103E020F00040C4F81401012061
:1017D000BDE8F087B8F1FF3FDAD003F003FAA0EBE1
:1017E0000901414502D8B8F1000FD1D10320EFE73C
:1017F000206925EA0000D1E70F4920690840D6E7B3
:10180000012E4FF4803007D0D4F81011C90301D550
:10181000C4F814010020DBE72169C903FAD560612F
:10182000F8E7000004000080F0FF10E00020005204
:101830000000EE97681400240000EE172DE9F04137
:1018400088B016460F468046012080F31088002598
:1018500002F0BEFF4FF0FF3420B1002080F310886B
:1018600025462EE0404607F08FFB30B14046FFF79B
:10187000FBFE10B102F034FFEFE700241FE020214F
:101880006846FEF7D3FD301B00EE100AB8EEC01B11
:101890009FED130B0AF0F4FCBCEEC00B391968463F
:1018A00010EE102AFEF7A9FD01206A4608EB04019C
:1018B00002F02EFF10B16FF0010502E02034A642C5
:1018C000DDDC02F00DFF18B1002080F31088C51E8A
:1018D000002080F3108808B02846BDE8F0810000A1
:1018E00000000000000040402DE9F04701201546AF
:1018F00088B08A4680F31088002602F069FF08B19C
:10190000761E55E0304C4FF001672088B0F5805FBF
:1019100004D93846FFF7A8FE002020804AF6AA2006
:1019200000EE105A60F30F08B3EE0C1B65F31F486E
:10193000CDF80080B8EE400B0AF0A2FCBCEEC00B64
:1019400001A8514610EE102AFEF757FDB8461C2795
:10195000218801206A4608EB411102F0D9FE28B126
:1019600020886FF00106401C208021E0A5EB0709CC
:10197000B9F1000F14DD20216846FEF757FD00EE97
:10198000109AB8EEC01B9FED110B0AF079FCBCEE6B
:10199000C00B0AEB0701684610EE102AFEF72DFD7A
:1019A00020882037E91B401C208020310029CFDC13
:1019B00002F096FE08B16FF00206002080F3108856
:1019C00008B03046BDE8F0870000002400000000A9
:1019D000000040404FF0016010B500F071F801497F
:1019E000088010BD000000240021A0F100634FF426
:1019F0000032934245D3A0F10163934241D322497F
:101A00000144914203D321490144914201D2012171
:101A100037E01F490144914203D31E4901449142DA
:101A200001D202212DE01C490144914203D31B49FC
:101A30000144914201D2032123E01949014491421A
:101A400003D318490144914201D2042119E01649F7
:101A50000144914203D315490144914201D2052129
:101A60000FE013490144914203D3124901449142CA
:101A700001D2062105E010490144914200D30F49EB
:101A800007210846704700000000FEF70000EEF74F
:101A90000000FCF70000ECF70000FAF70000EAF79E
:101AA0000000F8F70000E8F70000F6F70000E6F79E
:101AB0000000F4F70000E4F70000F2F700001E0851
:101AC00070B55FF0000405464AF6AA262DED028B9C
:101AD0009FED138B05EB4410006881B2B14215D124
:101AE000000C001D00EE100AB8EE400B20EE080BB3
:101AF0000AF01AFA01EE104AB8EE411B30EE010B63
:101B0000BCEEC00B10EE100A84B2E3E7401C02D01A
:101B1000641CA4B2DEE7BDEC028B204670BD000061
:101B2000000000000000A03F7047704770477047FA
:101B3000704700002DE9F0470F4690F850109AB01A
:101B4000044601294FF0000915D00026DFF8F8807F
:101B5000012084F8500015961696216841450ED153
:101B60003A4D0095284607F07BFA8246206807F038
:101B700077FA60B10EE002201AB0BDE8F087606D20
:101B800084F8506040F0200060650120F4E7BAF16D
:101B9000000F09D0616D4FF0010941F02000606530
:101BA000484684F85060E7E720684146884201D003
:101BB000A84201D1264800E0264840F61F72D7F817
:101BC00000C0254BBCF1000F23D0D0F808C0D7F8D7
:101BD00004802CF4404C4CEA080CC0F808C0D4F83F
:101BE00000C08C4501D0AC4507D18968AB6801F0D5
:101BF000010103F00103194302E0996801F00101BA
:101C00000029CDD1BD6839688368294393431943BE
:101C100017E0876827F44047876027688F4201D024
:101C2000AF4207D18968AB6801F0010103F00103FD
:101C3000194302E0996801F001010029B0D18168DF
:101C400091438160ACE70000002002400021024087
:101C50000023024000630258006002582DE9F84F4B
:101C60000446EB4E0020DFF8ACB30090002794F858
:101C700050000D46DFF8A0A3012808D04FF001095D
:101C800084F85090206807F0E7F918B171E102205C
:101C9000BDE8F88F286800280EDB21680303CA69B5
:101CA00028D090FAA0F0B0FA80F000BF00F01F0337
:101CB00009FA03F00243CA61D5E900124FF00C0C97
:101CC00020681F23C1F384610CEA921C02F01F02FA
:101CD000604493409140026B9A430A430263206838
:101CE00007F0BAF98046206807F0B2F958EA000018
:101CF00003D08DE0C0F38460D8E72A68042320680D
:101D00004FF0070CA96803EAD25318444369C2F3A1
:101D100004520CFA02FC914023EA0C030B4343618A
:101D2000BE490968B9EB117F06D121686869C968A5
:101D3000C1F38201490008E02068C168C906C16892
:101D40006869F5D501F0100149088840296904291E
:101D50002ED023682A6803EB810102F0F8420B6E53
:101D6000024303F0004010430866697E2268286938
:101D7000012917D05FF0000102EB8000026E22F013
:101D800000420A430266297E20682A6901290CD094
:101D90000021036902F01F02914023F4F0420A433C
:101DA000026135E04FF00041E6E74FF40061F0E7F3
:101DB00020682978026E02F0F842B2EB816F03D1FD
:101DC000016E21F00041016620682978426E02F020
:101DD000F842B2EB816F03D1416E21F000414166C0
:101DE00020682978826E02F0F842B2EB816F03D14D
:101DF000816E21F00041816620682978C26E02F070
:101E0000F842B2EB816F03D1C16E21F00041C1668F
:101E10002068816811F0010F72D150F8C03F2A7B11
:101E2000DFF8FCC1296802F018022CFA02FCC1F3A9
:101E3000130823EA08030CEA010C43EA0C030360CD
:101E4000E96859456CD177482268DFF8DCC1DFF8D2
:101E5000DCB18242DFF8D8E17648774BDFF8DC81ED
:101E600022D12968614524D0B1EB4C0C38D0A1F1C6
:101E7000496CBCF1080C35D0A1F1865CBCF1100CAA
:101E800032D0DFF8BCC1614528D071453AD08142DB
:101E900030D0994232D06B48814201D16A4831E05A
:101EA00041452ED169482DE0B2422AD129686145C9
:101EB00001D1012026E0A1F1066CBCF1040C0FD089
:101EC000A1F1496CBCF1080C0CD0A1F1865CBCF10D
:101ED000100C09D0DFF868C1614507D15C4811E0FA
:101EE00058460FE05B480DE05B480BE0714509D0B8
:101EF000814201D1184605E09942D1D1574801E00D
:101F00003CE00020D16903031AD090FAA0F0B0FAA7
:101F100080F000BF00F01F0309FA03F00143D16114
:101F2000D5F800C0BCF1000F28DA3E4B20684C49C0
:101F3000DFF83091984201D0B04203D10A4602E066
:101F4000800EE7E74A469268984202F0E07201D0BC
:101F5000B04209D19D68D6F8088005F0010508F067
:101F6000010845EA080503E0DAF8085005F0010524
:101F70004DB1606D012740F020006065002084F8BD
:101F80005000384684E6384DAC451CD115021AD4B1
:101F90005045F3D1984202D0B04200D049468B68F8
:101FA00042F4000023F0E07202438A6030492F4877
:101FB0000968B1FBF0F04000801C00E0401E00907A
:101FC0000028FBD1DAE72B4DAC450CD1D5010AD462
:101FD0005045D3D1984202D0B04200D049468B68D8
:101FE00042F080700EE0244DAC45C7D15502C5D4F7
:101FF0005045C3D1984202D0B04200D049468B68C8
:1020000042F4800023F0E07202438A60B6E70000E9
:10201000002102400000FF47006002580010005CF1
:10202000FFFF0F0000200240020030044000201992
:102030000004002A0008302E001060320000844B9B
:102040002000F01400002143000052470000B84F68
:102050000002B0258000501D000180210020903634
:102060000023024000630258000084CB400D0300AF
:10207000CC000024000052C70000B8CF2DE9F04189
:10208000284980460068284E884213D1274F0025F2
:102090005FF0000404EB850104EB440037F81110F5
:1020A00006EBC0000AF096FF641C042CF2D36D1CF2
:1020B000072DEDD31E49D8F80000884215D11B4FDB
:1020C000383700255FF0000404EBC50104EB440041
:1020D00006EBC00037F8111060300AF07BFF641C7B
:1020E000082CF1D36D1C072DECD31249D8F8000051
:1020F000884215D10D4FA8370025002404EB850137
:1021000004EB440006EBC00037F8111000F59070A6
:102110000AF060FF641C042CF0D36D1C072DECD377
:10212000BDE8F08100200240F4020024BC07002436
:102130000021024000600258704770472DE9F05FAF
:102140000446006806684568DFF87082DFF870B200
:10215000DFF87092404501D0484501D1584600E073
:102160009948806800F01F07B0070ED5A8070CD566
:10217000606DC00603D4606D40F400606065204669
:10218000FFF7D2FC216802200860700701D56807BC
:1021900003D4300737D5280735D5606DC00603D482
:1021A000606D40F400706065206806F05DFF20B34C
:1021B0002068484501D1424600E00246824208D0EC
:1021C0003FB1052F05D0092F03D0484503D1414623
:1021D00002E0C16801E00146C96889040DD40168C4
:1021E00009070AD506F038FF58B3606D40F01000BB
:1021F0006065A06D40F00100A0652046FFF73EFF3E
:1022000021680C200860B00601D5A80603D470062A
:1022100058D5680656D5606DC00603D4606D40F48D
:10222000005060652068C16C11F4C07F1AD0002195
:102230008A4606F019FF02462068484514D14346F5
:1022400013E02068416821F00C014160606D20F4CA
:1022500080706065606DC004CFD4606D40F0010097
:102260006065CAE70121E3E70346834208D03FB136
:10227000062F05D0072F03D0484503D1414602E081
:10228000C16801E00146C968BAF1000F14D08B01A2
:1022900002D58AB18A040FD4026852060CD589028D
:1022A0000AD406F0D5FEE8B3606D40F0100060651A
:1022B000A06D40F00100A0652046FFF736FC2168C4
:1022C0006020086030060BD5280609D5606D40F403
:1022D00080306065204600F08DF92168802008601C
:1022E000F0050CD5E8050AD5606D40F40030606556
:1022F0002046FFF71CFC21684FF480700860B00591
:102300000CD5A8050AD5606D40F480206065204694
:10231000FFF70EFC21684FF400700860F00631D51D
:10232000E80600E00AE02DD5206BE8B12068EFB3A5
:10233000404501D0484512D1584611E02068416817
:1023400021F060014160606D20F480506065606D37
:10235000C005B1D4606D40F001006065ACE71A487B
:10236000806800F4404050B1606D40F4806060656A
:10237000A06D40F00200A0652046FFF7DEFE216858
:1023800010200860700517D5680515D5616D4FF4EC
:10239000806041F480416165A16D41F00801A16553
:1023A000216808602046BDE8F05F00E001E0FFF72B
:1023B000BDBBC0688007D6E7BDE8F09F00200240A3
:1023C000002302400021024000630258F8B54FF09C
:1023D000000604003546009602D0606D10B107E09B
:1023E0000120F8BD204600F007F9A66584F850608A
:1023F00020688168C1F3407119B18168704A114049
:10240000816020688168C1F3007181B981686D4A7B
:10241000114041F0805181606C496B480968B1FB03
:10242000F0F0401C00E0401E00900028FBD1206826
:102430008168C1F3007141B9616D012541F010015E
:102440006165A16D41F00101A16506F005FE616DB8
:10245000C90600D420B1606D012540F0100093E062
:10246000606D20F4807040F0020060652068816833
:1024700011F0010F1FD1564A564B904201D098429D
:1024800007D191689E6801F0010106F00106314311
:1024900003E05149896801F0010161B9904201D01E
:1024A000984201D14D4800E04D488268616822F4AD
:1024B0007C120A43826002F08FFB41F203018842E2
:1024C00002D9A06810280CD0617D227FA368206B00
:1024D000490341EA024118430843217F01290CD0F6
:1024E00010E0607D227F216B400340EA024241F010
:1024F0001000104340F00C00EFE7218C394A02EB4A
:1025000041410843616A29B1A26A01F4787101432B
:1025100042EA01002168344BCA681A400243CA608B
:10252000206806F099FD0646206806F091FD3043CC
:102530001DD1216844F20303267DE26AC86842EA9D
:10254000863298431043C86094F8380001281ED0A2
:102550002068016921F0010101612068626B016955
:1025600021F07041114301612046FEF7B5F8E068A3
:10257000012820681CD0016B21F00F010163606D00
:1025800020F0020040F0010060652846F8BD206898
:10259000A28F164FD4E9101C154E07EB0247A36C0F
:1025A000026941EA0C013B43324019431143D3E72E
:1025B000A269016B521E21F00F011143DEE70000FA
:1025C000C0FFFF5FC0FFFF7F400D0300CC00002471
:1025D0000020024000210240006002580023024017
:1025E000006302580000FEFF03C0F0FF0100FFFF80
:1025F0001EF800FC704700002DE9F04F87B006463A
:1026000014216846FDF712FF754A0024724803251D
:10261000DFF8D0C14FF480673368083011684FF499
:102620000069DFF8B4816345DFF8B0E14FF4005A88
:102630004FF4807B01F1010135D1012911600AD1EC
:10264000D8F8001041F02001C8F80010D8F80010A8
:1026500001F020010591016841F00101016000686D
:102660006946029400F0010005900F20CDE90005B5
:10267000704602F091F95C4D4FF0090C5B4B05F18F
:102680000C0128462B60C5E901C481E8900E2C623C
:102690006C6256E0F56400220521AE63122002F060
:1026A0007DFE122092E0DFF848C1634550D1012938
:1026B00011600AD1D8F8001041F02001C8F80010CC
:1026C000D8F8001001F020010591016841F00101E6
:1026D0000160016801F001010591016841F0040108
:1026E0000160016801F004010591016841F00201F7
:1026F000016000686946029400F002000590F02035
:10270000CDE90005704602F047F930206946CDE971
:1027100000053848029402F03FF9009569463648B2
:10272000CDE9015402F038F92F4D0A232F4A7835AC
:1027300018321CC5A5F10C0085E8900E6C61AC61E7
:102740000C3D00F04BFF0028A4D0FEF75DFEA1E792
:102750002A498B423CD1016841F0807101600168D7
:1027600001F080710591016841F004010160006889
:102770006946009500F0040005901E48CDE901541B
:1027800002F00AF94FF08060014604F089FF4FF033
:102790000060014604F084FF134D73221349F035A5
:1027A000303116C5A5F10C0085E8900E6C61AC6166
:1027B0000C3D00F013FF08B1FEF726FEF564002281
:1027C0000521AE637F2002F0E9FD7F2002F0D9FDF4
:1027D00007B0BDE8F08F0000D8440258000002584E
:1027E0007400002400200240C809002410000240A8
:1027F00000210240000802580004025800600258FC
:102800002DE9F047384E044600689146DFF8DC8039
:102810008A46B04201D0404501D1354900E03549F2
:10282000896801F01F0506F017FC002859D194F8BB
:102830005000012855D001204FF0000784F85000C7
:1028400025B1052D02D0092D00D003E02046FEF76A
:102850000DF818B184F85070BDE8F087616D40F64E
:10286000016320689943404541F48071616500D05F
:102870000646864200D01DB9606D20F48010606568
:10288000606DC00404D5A06D20F00600A06500E0D6
:10289000A7651C20E16C184ACA63E26C17491164F1
:1028A000E26C1749D1642168086084F85070206890
:1028B000416841F0100141602068E16AC26822F07D
:1028C00003020A43C26021684B46E06C5246403125
:1028D00001F066F821680B4B8A681A40121D8A6065
:1028E000BAE70220B8E700000020024000210240C1
:1028F0000023024000630258E1071208630812082F
:1029000049081208C0FFFF7F2DE9F84F044602F086
:1029100069F900903CB194F83500022806D0802176
:1029200061650020E4E00120BDE8F88FC74DC74E87
:10293000C649183520683036DFF81483DFF8149361
:102940008842DFF814A3DFF814B32ED0A8422CD0AD
:10295000B0422AD0404528D0484526D0504524D002
:10296000584522D0BD4A183290421ED0BC4A9042EF
:102970001BD0BB4A1832904217D0B94A303290422D
:1029800013D0B74A483290420FD0B54A60329042D5
:102990000BD0B34A7832904207D0B14A903290427D
:1029A00003D0AF4AA832904209D1026822F01E0239
:1029B00002602068426922F08002426103E00268FE
:1029C00022F00E02026027688F4238464DD0A8429E
:1029D0004BD0B04249D0404547D0484545D05045FE
:1029E00043D0584541D09D4A183290423DD09C4A30
:1029F00090423AD09A4A1832904236D0984A3032B1
:102A0000904232D0964A483290422ED0944A603258
:102A100090422AD0924A7832904226D0904A903200
:102A2000904222D08E4AA83290421ED08D4A9042C7
:102A30001BD08C4A1432904217D08A4A28329042D6
:102A400013D0884A3C3290420FD0864A503290428E
:102A50000BD0844A6432904207D0824A7832904246
:102A600003D0804A8C32974204D1206E026822F44F
:102A70008072026075492068884228D0A84226D01A
:102A8000B04224D0404522D0484520D050451ED0E9
:102A900058451CD071491831884218D07049884275
:102AA00015D06F491831884211D06D4930318842B4
:102AB0000DD06B494831884209D06949603188425C
:102AC00005D067497831884201D065499031016865
:102AD00021F0010101600EE002F084F80099401A33
:102AE000052808D9202262650321002084F83510CA
:102AF00084F8340017E73868C007EDD1534A012144
:102B0000206890422ED0A8422CD0B0422AD0404516
:102B100028D0484526D0504524D0584522D04F4B88
:102B2000183398421ED04E4B98421BD04C4B183352
:102B3000984217D04A4B3033984213D0484B483311
:102B400098420FD0464B603398420BD0444B7833B9
:102B5000984207D0424B9033984203D0404BA83361
:102B6000984208D194F85C703F23A06D07F01F07CE
:102B7000BB40836007E094F85C30A06D03F01F0356
:102B800001FA03F34360206890424DD0A8424BD035
:102B9000B04249D0404547D0484545D0504543D044
:102BA000584541D02D4A183290423DD02C4A90428F
:102BB0003AD02B4A1832904236D0294A30329042CD
:102BC00032D0274A483290422ED0254A6032904275
:102BD0002AD0234A7832904226D0214A903290421D
:102BE00022D01F4AA83290421ED01E4A90421BD0CB
:102BF0001C4A1432904217D01A4A2832904213D0FD
:102C0000184A3C3290420FD0164A503290420BD0B4
:102C1000144A6432904207D0124A7832904203D06C
:102C2000104A8C3290420BD1D4E919024260E06E16
:102C300030B1026822F480720260D4E91C02426062
:102C4000002084F8351084F834006DE6100002404E
:102C5000580002407000024088000240A00002407C
:102C600010040240085402582DE9F05F28B190F892
:102C70003510022904D0802141650120BDE8F09F74
:102C8000904C904B0168183C18338E4ADFF83C9208
:102C9000A1428D4CDFF838E28E4FDFF83CB2DFF80E
:102CA0003CA28F4D8F4E31D091422FD099422DD0E2
:102CB000A1422BD0494529D0714527D0B94225D012
:102CC000DFF810C20CF1180C61451FD0DFF808C204
:102CD000ACF1600C614519D0DFF8FCC1ACF1480CD7
:102CE000614513D0DFF8F0C1ACF1300C61450DD077
:102CF000DFF8E4C1ACF1180C614507D0594505D0A7
:102D0000514503D0A94201D0B1422CD1DFF8B4C162
:102D10004FF0040880F83580ACF1180C61451DD0E7
:102D200091421BD0994219D0A14217D0494515D0E4
:102D3000714513D0B94211D06648183081420DD088
:102D400065486038814209D063484838814205D0DF
:102D500061483038814201D05F481838086820F057
:102D600001000860ABE0D1F800C02CF00E08DFF8DD
:102D700054C1C1F80080ACF1180C0168614527D03E
:102D8000914225D0994223D0A14221D049451FD05C
:102D900071451DD0B9421BD0DFF838C10CF1180CB9
:102DA000614515D0DFF830C1ACF1600C61450FD042
:102DB000DFF824C1ACF1480C614509D0DFF818C137
:102DC000ACF1300C614503D0DFF80CC1ACF1180C4C
:102DD000D1F800C02CF0010CC1F800C0DFF8E4808D
:102DE0004FF0010C0168A8F11808414546D0914206
:102DF00044D0994242D0A14240D049453ED071458D
:102E00003CD0B9423AD0334A1832914236D0324A95
:102E1000603A914232D0304A483A91422ED02E4AFE
:102E2000303A91422AD02C4A183A914226D059453C
:102E300024D0514522D0A94220D0B1421ED02A4AE6
:102E400091421BD0284A1432914217D0264A283288
:102E5000914213D0244A3C3291420FD0224A503240
:102E600091420BD0204A6432914207D01E4A7832F8
:102E7000914203D01C4A8C32914218D1016E0A68EB
:102E800022F480720A6090F85C20816D02F01F02CB
:102E90000CFA02F24A60D0E919124A60C16E31B1EF
:102EA0000A6822F480720A60D0E91C124A6000228B
:102EB000016D80F835C080F8342001B188470020CA
:102EC000DCE600002800024058000240700002408A
:102ED00088000240A00002407004024088040240C2
:102EE000A0040240B80402400854025890F835008B
:102EF000704700002DE9FC5F0446F74E0020DFF824
:102F0000D88300904FF41652F44808F11808A56DC4
:102F1000DFF8C493DFF8C0A3016809F13009206825
:102F20000AF1480AB1FBF2F1B04201912F68D5F8DD
:102F300000C0DFF8ACB335D04146884232D04845B6
:102F400030D050452ED058452CD0E5491831884214
:102F500028D0E3493031884224D0E14948318842C1
:102F600020D0E04988421DD0DE491831884219D06E
:102F7000DC493031884215D0DA494831884211D0D5
:102F8000DFF860E30EF1600E70450BD0D54A783261
:102F9000904207D0D34B9033984203D0D149A83107
:102FA00088427DD194F85C20082102F01F0201FACA
:102FB00002F23A424AD0B04232D0404530D0484581
:102FC0002ED050452CD058452AD0C54A18329042B0
:102FD00026D0C34A3032904222D0C14A4832904271
:102FE0001ED0C04A90421BD0BE4A1832904217D021
:102FF000BC4A3032904213D0BA4A483290420FD085
:10300000B84A603290420BD0B64A7832904207D02C
:10301000B44A9032904203D0B24AA832904203D1CF
:10302000026802F0040202E0026802F008026AB1DB
:10303000026822F00402026094F85C0000F01F00B5
:103040008140A960606D40F00100606594F85C000B
:10305000012100F01F008140394240D02068B04279
:1030600034D0404532D0484530D050452ED0584518
:103070002CD09B4A1832904228D0994A3032904244
:1030800024D0974A4832904220D0964A90421DD090
:10309000944A1832904219D0924A3032904200E05D
:1030A000AFE113D08F4A483290420FD08D4A603240
:1030B00090420BD08B4A7832904207D0894A9032A6
:1030C000904203D0874AA83290427DD1406910F0E7
:1030D000800F04D0A960606D40F00200606594F834
:1030E0005C00042100F01F00814039423ED020687E
:1030F000B04232D0404530D048452ED050452CD03B
:1031000058452AD0764A1832904226D0744A303236
:10311000904222D0724A483290421ED0714A904268
:103120001BD0704A1832904217D06E4A303290420B
:1031300013D06C4A483290420FD06A4A60329042B3
:103140000BD0684A7832904207D0664A903290425B
:1031500003D0644AA83290424ED1006810F0020FAA
:1031600004D0A960606D40F00400606594F85C00D4
:10317000102100F01F008140394258D02068B04231
:1031800034D0404532D0484530D050452ED05845F7
:103190002CD0534A1832904228D0514A30329042B3
:1031A00024D04F4A4832904220D04E4A90421DD0FF
:1031B0004C4A1832904219D04A4A3032904215D0C7
:1031C000484A4832904200E014E00FD0454A60324D
:1031D00090420BD0434A7832904207D0414A903215
:1031E000904203D03F4AA832904207D1006800F0D5
:1031F000080006E0006872E70068B7E7006800F0C2
:103200000400A0B1A96020680168490304D50068E2
:10321000000308D5A16C07E00168C90503D4016863
:1032200021F008010160216C09B12046884794F81B
:103230005C00202100F01F008140394279D02068D5
:10324000B04232D0404530D048452ED050452CD0E9
:1032500058452AD0224A1832904226D0204A30328D
:10326000904222D01E4A483290421ED01D4A9042BF
:103270001BD01C4A1832904217D01A4A3032904262
:1032800013D0184A483290420FD0164A603290420A
:103290000BD0144A7832904207D0124A90329042B2
:1032A00003D0104AA832904203D1006800F0100009
:1032B00002E0006800F00200B0B3A96094F83500A5
:1032C0000428206801680FD049037ED500680003F8
:1032D0002BD4616C2AE0000010000240CC000024D6
:1032E000700002401004024021F0160101602068C5
:1032F000416921F080014161206C08B9A06C20B1C6
:103300002068016821F00801016094F85C303F21D9
:10331000012003F01F0300229940A96084F83500C2
:1033200084F83420216D65E003E0E16B09B12046AB
:103330008847606D00287DD0606DC00759D0206837
:10334000042184F83510B0422BD0404529D048459F
:1033500027D0504525D0584523D09D49884220D0BC
:103360009B49183188421CD099493031884218D085
:103370009849884215D097491831884211D095490B
:10338000303188420DD093494831884209D0914963
:103390006031884205D08F497831884201D08D490B
:1033A0009031016821F00101016020680099019AC3
:1033B000491C0091914202D80168C907F6D1006802
:1033C000C00710D003200FE0FFE70168C905ACD4A7
:1033D00003680121002223F01003036084F83510F4
:1033E00084F83420A1E7012084F83500002084F817
:1033F0003400E16C00291DD002B02046BDE8F05F2A
:103400000847754988421DD073491431884219D044
:1034100071492831884215D06F493C31884211D01A
:103420006D49503188420DD06B496431884209D0D2
:10343000694900E084E07831884203D066498C31E4
:1034400088427DD194F85C800427016808F01F0849
:1034500007FA08F717EA0C0F009746D04F0744D534
:1034600000980F04686003D5C8033CD4A16CC1E781
:10347000880638D42068B0422DD05549603988423A
:1034800029D0484527D0504525D0584523D050490C
:10349000884220D04E49183188421CD04C493031E6
:1034A000884218D04B49884215D04A491831884281
:1034B00011D04849303188420DD0464948318842C0
:1034C00009D0704507D0904205D0984203D04149B9
:1034D000A831884203D1016821F0080102E00168A7
:1034E00021F004010160216C84E7022707FA08F744
:1034F00017EA0C0F00974ED08F074CD500980F0499
:10350000686003D5C80344D4616C73E7880640D46F
:103510002068B0422FD02E49603988422BD04845D0
:1035200029D0504527D0584525D02949884222D056
:103530002749183188421ED025493031884200E0A1
:1035400044E018D02349884215D0224918318842D6
:1035500011D02049303188420DD01E49483188426F
:1035600009D0704507D0904205D0984203D0194940
:10357000A831884203D1016821F0140102E00168FA
:1035800021F00A010160012184F83510002084F83F
:103590003400E16B2EE7082202FA08F212EA0C0F5F
:1035A00014D0090712D5016821F00E01016094F8CA
:1035B0005C100120002201F01F0100FA01F1696096
:1035C000606584F8350084F8342012E7BDE8FC9F7C
:1035D0008800024010040240085402582DE9F05FB0
:1035E000044601F0FFFA002C07467DD0E34E02218D
:1035F00020684FF00308DFF888934FF00005DFF8EC
:1036000084A3B042DFF880B334D0DC4A1832904251
:1036100030D048452ED050452CD058452AD0DA4AD3
:103620001832904226D0D84A3032904222D0D64A20
:10363000483290421ED0D54A90421BD0D34A18320D
:10364000904217D0D14A3032904213D0CF4A4832FC
:1036500090420FD0CD4A603290420BD0CB4A7832A4
:10366000904207D0C94A9032904203D0C74AA8324C
:1036700090427DD184F83510B04284F834502ED079
:10368000BE49183188422AD0484528D0504526D016
:10369000584524D0BC491831884220D0BA4930312D
:1036A00088421CD0B8494831884218D0B74988426E
:1036B00015D0B6491831884211D0B449303188420A
:1036C0000DD0B2494831884209D0B04960318842B2
:1036D00005D0AE497831884201D0AC4990310168BB
:1036E00021F00101016008E027E100BF01F07AFA52
:1036F000C01B052801D920211CE120680068C007F3
:10370000F4D104F108002168D4E9053C8E4685C84F
:1037100009681043D4E907281F43636A38439C4F64
:1037200040EA0C001043394040EA0800042B40EA0C
:10373000010003D1D4E90B121143084395490968EC
:103740006FF30F01B1F1005F0FD36168A1F129029E
:10375000052A08D9163A032A05D9083A012A02D9B6
:103760004F39032901D840F48010CEF8000000E062
:1037700023E02068676A4069042F20F0070047EAC9
:1037800000070DD1D4E90A01074349B12046FDF7EE
:1037900017FC28B140206065012184F83510CCE089
:1037A000206847612046FDF729FB94F85C203F2103
:1037B00002F01F029140816054E0774A90421BD092
:1037C000754B1433984217D0734B2833984213D05B
:1037D000714B3C3398420FD06F4B503398420BD013
:1037E0006D4B6433984207D06B4B7833984203D0CB
:1037F000694B8C3398427DD184F8351084F834506D
:10380000664B0168A26801EA030E402A73D0802A41
:1038100072D00022D4E90378D4E9053142EAD70214
:1038200042EAD8085C4AD4E9077C48EAD30848EA67
:10383000D10141EAD701524241EA1C11142341EA65
:103840000E01016020681044B0FBF3F08000E065D9
:103850002046FDF7D3FA94F85C20012102F01F0204
:10386000914041602068B04257D0444918318842A5
:1038700053D0484551D050454FD058454DD042497E
:103880001831884249D040493031884245D03E49BC
:103890004831884241D03D4988423ED03B491831A9
:1038A00088423AD039493031884236D03749483198
:1038B000884232D03549603188422ED03349783140
:1038C00088422AD031499031884226D02F49A831E8
:1038D000884222D0304988421FD02F491431884273
:1038E0001BD02D492831884217D02B493C318842C2
:1038F00013D002E01DE017E018E02749503188425C
:103900000BD025496431884207D023497831884259
:1039100003D021498C31884229D12046FDF7C8FACD
:10392000A06880280CD00CE0102273E74FF480428E
:1039300070E74021616584F835800120BDE8F09F83
:103940006560216E20790860D4E9190141606068E2
:10395000401E072808D82046FDF7F8FAE06E0560FB
:10396000D4E91C01416002E0E56625676567012036
:10397000656584F835000020E0E700001000024093
:103980004000024058000240700002401004024013
:103990003F8010FE0010005C085402580F00FEFF2C
:1039A0002DE9F84F04008C464FF00000009014D031
:1039B00094F83400012812D094F8355001200021E9
:1039C00084F83400012D0CD0C00260650120009005
:1039D00084F834100098BDE8F88F0120FBE702203E
:1039E000F9E78C4D0226206884F83560A8428A4D9C
:1039F00061658A4E8A4FDFF82C82DFF82C92DFF85F
:103A00002CA2DFF82CB226D0A84224D0B04222D07B
:103A1000B84220D040451ED048451CD050451AD051
:103A2000584518D08349884215D0824918318842B8
:103A300011D08049303188420DD07E4948318842CA
:103A400009D07C496031884205D07A497831884272
:103A500001D078499031016821F00101016061468F
:103A60002046FDF7D7FA6B49206888422CD0A8423F
:103A70002AD0B04228D0B84226D0404524D048456C
:103A800022D0504520D058451ED06A4A90421BD0C3
:103A9000684A1832904217D0664A3032904213D0AA
:103AA000644A483290420FD0624A603290420BD052
:103AB000604A7832904207D05E4A9032904203D0FA
:103AC0005C4AA83290420CD1026822F01E0242F0F9
:103AD00016020260206C88B12068026842F0080279
:103AE0000BE0026822F00E0242F00A020260206C33
:103AF00020B12068026842F0040202602068884217
:103B00004BD0A84249D0B04247D0B84245D04045FA
:103B100043D0484541D050453FD058453DD0454A17
:103B200090423AD0434A1832904236D0414A30321D
:103B3000904232D03F4A483290422ED03D4A6032C5
:103B400090422AD03B4A7832904226D0394A90326D
:103B5000904222D0374AA83290421ED0364A904234
:103B60001BD0354A1432904217D0334A2832904243
:103B700013D0314A3C3290420FD02F4A50329042FB
:103B80000BD02D4A6432904207D02B4A78329042B3
:103B900003D0294A8C3290420DD1206E0268D203A4
:103BA00003D5026842F480720260E06E18B10268C8
:103BB00042F4807202602068884226D0A84224D055
:103BC000B04222D0B84220D040451ED048451CD03B
:103BD00050451AD0584518D01649884215D0154975
:103BE0001831884211D01349303188420DD0114923
:103BF0004831884209D00F496031884205D00D49CB
:103C00007831884201D00B499031016841F00101BF
:103C10000160DFE610000240280002404000024040
:103C2000580002407000024088000240A00002409C
:103C3000B8000240100402400854025810B590F831
:103C40009830012B09D0022B07D0D0F89C1041F0FE
:103C50000201C0F89C10012010BD03689C6D0C424D
:103C600003D1DC6D44F0010404E09C6D31EA0404EE
:103C70001FD00324DC658B0505D50368D3F8E0402D
:103C80001443C3F8E0404B0505D50368D3F8E4407E
:103C90001443C3F8E4400068084A01EA0203446D93
:103CA000074A1C434465106840EA91701060002088
:103CB00010BDDC6D44F00204DCE70000FFFFCF3FE5
:103CC00014A8004070B5044690F89800022804D06B
:103CD000D4F89C0040F008000DE02068D0F8C03017
:103CE00013F07C5F0BD0D0F8C4309B020CD5D4F815
:103CF0009C0040F40070C4F89C00012070BDD4F812
:103D00009C0040F02000F6E7D0F8C400C0F3044562
:103D100020462B46FDF772FC21680120A840C1F81F
:103D2000D000C4F89400002070BD704770B590F8C2
:103D30009820012A09D0022A07D0D0F89C1041F01F
:103D40000201C0F89C10012070BD0B68CA6883B1E5
:103D50000B69072A43EA427325D00C7A4A6942EA82
:103D600084724968006F00EBC100C0E90032002096
:103D700070BD072A0DD00C7AD6060D8A4B6943EA2E
:103D8000847246EA0543C06E49681A4340F8212010
:103D9000EDE70B8A4FF06055D1E9062442EA034271
:103DA00045EA0423EFE78A69DBE730B590F89850DD
:103DB000039C012D07D0D0F89C1041F00401C0F8FD
:103DC0009C10012030BD0D01016845EA820040EAE7
:103DD00043002043C1F88000002030BD00F001B84E
:103DE0007047D0F89C007047F0B590F898500024C8
:103DF000022D04D0D0F89C1041F0080129E04029A0
:103E000005D0412929D0056D8D4219D942E00568B8
:103E1000D5F8A06016F4FE0F12D0D5F8A46076068F
:103E200013D0D5F8A460F60105D5D5F8A06016F03A
:103E3000004F00D50124D5F8A470466F456C24E0EE
:103E4000D0F89C1041F0200103E0D0F89C1041F420
:103E50008071C0F89C100120F0BD0568D5F8B060F5
:103E600016F4FE0FECD0D5F8B4607606EDD0D5F898
:103E7000B460F60105D5D5F8B06016F0004F00D556
:103E80000124D5F8B470866FC56CC7F305273C4490
:103E9000654302E0456DC66F4D4306EB85052E6810
:103EA00016F0804656602E6836D026F060461660C2
:103EB000D5F800C000262E4F0CF0005CC2F808C0F8
:103EC000D5F800C00CF0004CC2F810C0B5F804C022
:103ED0001FFA8CFCC2F81CC0D5F804C0CCF3034C0C
:103EE000C2F80CC0D5F804C00CF4801CC2F814C091
:103EF000D5F804C00CF4001CC2F818C0D5F804C0F2
:103F0000CCF3066CC2F820C0D5F804C008354FEADF
:103F1000DC7CC2F824C008E0C6F38A46C7E700BFCD
:103F200015F806C003F806C0761CD2F80CC017F8C6
:103F30000CC0B445F4D840290AD041290CD020291E
:103F40004FF001020CD200688A40C0F898200DE0C2
:103F50000068C0F8A84009E00068C0F8B84005E073
:103F6000006801F01F018A40C0F89C200020F0BDCD
:103F700024091308704700002DE9FF5FDFF80CB338
:103F800004460BF10401DBF8000025680F68AA461F
:103F90008007D5F85090696DD5F850806E6D2A6D08
:103FA000D5F854C02B6D00EA8770009009F4704971
:103FB0006F6D286D01EA09010191DAF85410DAF801
:103FC0005490DAF8505008F00F0806EA08060296F6
:103FD00002F0F00203F071536FEA09061F4000F08F
:103FE00060700CEA020CCDF80CC0F20501EA000981
:103FF0000CD4E843C00509D400214FF48073CAF8FB
:104000005030CBF800102046FFF7B4FF700512D4F3
:10401000E84340050FD4206800234FF48068D0F8AF
:10402000DC20D0F8E410C0F85080CBF8003011400C
:10403000204600F0C7FADFF858A2009850B1226875
:10404000830F00EA0A001065CBF800302046009983
:10405000FFF76BFE019850B12268830F00EA0A0057
:104060001065CBF800302046019900F0ADFA0298B7
:1040700050B12268830F00EA0A001065CBF80030C7
:104080002046029900F068FA039850B12268830F25
:1040900000EA0A001065CBF800302046039900F0D2
:1040A00071FA30050CD4E843000509D423680020D8
:1040B0004FF400621A65CBF80000204600F085FA44
:1040C000B00512D4E84380050FD4206800234FF4D4
:1040D0000078D0F8D820D0F8E010C0F85080CBF8A5
:1040E00000301140204600F06EFA30030CD4E84353
:1040F000000309D4236800204FF400221A65CBF88E
:104100000000204600F026FAF0030CD4E843C00378
:1041100009D4236800204FF480321A65CBF80000E0
:10412000204600F04EFA70030CD4E843400309D453
:10413000226800204FF480231365CBF8000020464E
:1041400000F03EFAB0030FD4E84380030CD4236898
:1041500000204FF400321A65CBF80000D4F89C0020
:1041600040F08000C4F89C00B9F1000F0BD0226829
:104170004FEA997309EA0A001065CBF80030494606
:104180002046FFF72DFE5FB12268BB0F07EA0A0049
:104190001065CBF80030D4F89C003843C4F89C007C
:1041A0003C492068884268D1606881468068800701
:1041B00063D0D9F82060D9F82410D9F82080D9F834
:1041C0002400D9F820C0D9F82470D9F82030D9F8C3
:1041D0002450D9F8202003F4FC4306F00F0AD9F844
:1041E00024601D40D9F824B008F030080CF4C07CDD
:1041F00002F4F02211EA0A0100EA080807EA0C07B3
:1042000006EA0206D9F820A004D0C9F820102046FA
:1042100000F0D3F9B8F1000005D0616808624146AA
:10422000204600F0CCF96FEA0B0040060ED46FEA8E
:104230000A0040060AD460684021C36BC26B016269
:104240002046190C02F03F0200F0B8F92FB1606867
:1042500007623946204600F0AFF935B16068056263
:10426000D4F89C002843C4F89C0036B1606806620C
:10427000D4F89C003043C4F89C00D4F89C0000287B
:1042800002D02046FFF7AAFDBDE8FF9F10A800401E
:10429000FFFFCF3F00A000402DE9F04194B08D49D1
:1042A0004C2204466846FCF7A8F864B18A4D2068A1
:1042B000A84202D100F58070606094F898004FF039
:1042C000000820B108E0012014B0BDE8F0812046CC
:1042D00084F8998000F002F92068816921F01001CA
:1042E000816100F07FFC0327064604E000F07AFCC1
:1042F000801B0A2811D8206880690007F6D420683E
:10430000816941F00101816100F06CFC06460DE01D
:1043100000F068FC801B0A2808D9D4F89C0040F003
:104320000100C4F89C0084F89870CCE7206880698C
:10433000C007EDD02068816941F002018161207CD5
:1043400001282068816937D041F040018161607C9B
:1043500001282068816932D021F480418161A07CEC
:104360000128206881692DD041F480518161206845
:10437000A268816921F440711143816120688169DB
:1043800021F0A40181612068016921F0100101611F
:10439000E068012819D010B302281BD02068816979
:1043A00041F0800181612068016941F010010161E3
:1043B000E06803280ED012E021F04001C6E741F486
:1043C0008041CBE721F48051D0E72068816941F03A
:1043D000040103E02068816941F020018161207EB1
:1043E0006FF0FF02D4E90773A68A1102400602EBC0
:1043F0000727A0F10070384327685B1E184301EBC4
:1044000006463043F861A068B0F5407F11D104F151
:104410002800A68C6FF00F0C89C801EB0641401EE6
:1044200002EB0322104322680CEB071318430843E6
:10443000D060206E30B12068626ED0F8C010114399
:10444000C0F8C010D4E917126846D14209D02168DB
:10445000A36E51F8C82F50F8233022F007021A43F8
:104460000A60216C49B12168626C51F8BC3F50F878
:10447000226023F0070232430A60A16C51B1216827
:10448000E36C51F8BC2F50F8233022F0700242EA5E
:1044900003120A60216D51B12168626D51F8BC3F71
:1044A00050F8220023F4E06242EA0020086020680D
:1044B000A84204D16068816821F003018160C4F8DA
:1044C00094800121C4F89C8084F898102046FCF761
:1044D000B1FFF9E63409130800A0004010B586B01A
:1044E000044614216846FBF7A1FF1749206888425B
:1044F00028D11648016841F480710160006800F419
:104500008070059011480C38016841F0010101608C
:1045100000680923022200F00100059000204FF4FA
:10452000C05100916946CDE90120CDE90303084857
:1045300000F032FA00220521132000F02FFF132093
:1045400000F01FFF06B010BD00A00040EC44025870
:104550000000025870470000094B402110B5A3F13C
:104560003404221DFFF740FC6068B0F5926F06D15D
:10457000208ABDE8104081B201480AF021BE10BD7A
:10458000040C0024704790F89810012907D0D0F847
:104590009C1041F00401C0F89C10012070470221DA
:1045A00080F89810002201688B6923F001038B6169
:1045B000C0F89C201046704770477047704770479E
:1045C0007047704770477047704770472DE9F05F3C
:1045D0000446414888460026017D01291AD001225F
:1045E00002758146B246C0F818A02079C00706D0EF
:1045F00001214CF25030FDF7BBF800B101262079C3
:1046000080070AD502214CF25030FDF7B1F820B1F5
:1046100001265DE00220BDE8F09F6EBB20682F4DB3
:10462000012807D04FF0FF31C8F80010A76840F20A
:10463000047B48E061682069FDF74EF82079C007E7
:104640000AD001214CF25030FDF792F800B101265A
:10465000E86820F00800E8602079800738D502215A
:104660004CF25030FDF784F800B10126D5F80C016A
:1046700020F00800C5F80C012AE02269384661687C
:10468000FDF70AF82079C00709D001214CF250301B
:10469000FDF76EF8E968064621EA0B01E96020792A
:1046A00080070BD502214CF25030FDF761F8D5F8A8
:1046B0000C11064621EA0B01C5F80C1116B1C8F819
:1046C000007005E07F1CD4E902010844B842D4D848
:1046D000304689F814A09EE7681400240020005298
:1046E0000A48C16841F00101C160C168C9070BD027
:1046F000D0F80C1141F00101C0F80C11D0F80C01F8
:10470000C00701D0002070470120704700200052F0
:104710002DE9F05F2C48144608250E46027D012A3B
:1047200008D001230375A1F100621F05BA4204D22B
:10473000012707E00220BDE8F09FA6F10161B94220
:104740000DD202274FF0000A8146C0F818A04CF2A3
:10475000503B39465846FDF70BF810B127E00120D1
:10476000E9E7DFF86880012F404623D0D0F80C112C
:1047700041F00201C0F80C11BFF36F8FBFF34F8FF0
:1047800001CC6D1E15F0FF0501C6F9D1BFF36F8F87
:10479000BFF34F8F39465846FCF7EAFF012F4146D9
:1047A0000DD0D1F80C2122F00202C1F80C2189F8B9
:1047B00014A0C0E7C16841F00201C160DCE7CA682B
:1047C00022F00202CA60F2E76814002400200052BE
:1047D0000D480E4A0E49C368DB0704D042604160B1
:1047E000C368DB070BD1D0F80C31DB0709D0C0F868
:1047F0000421C0F80411D0F80C01C00701D0012039
:1048000070470020704700000020005223016745D8
:10481000AB89EFCD70B502282DED028B9FED4D8A4F
:1048200031D0012839D04FF4006188427ED14A4D01
:1048300095F8F500AA2879D140F2E630401EFDD265
:10484000464E304600F0BEF900287FD0444CB4F804
:104850000D00A4F81300D4F80F00C4F815000D34AF
:104860000BF070FE3F49C4F802000968496A89B23A
:104870002180A2680D3C801A41281DD900EE100A43
:104880009FED391B20E0002005F012FC0020B0EE67
:10489000480A05F0D3FA002008E0012005F008FCE2
:1048A0000120B0EE480A05F0C9FA0120BDEC028BE8
:1048B000BDE8704004F0B8BBB4F813009FED2C1BAA
:1048C000081A80B200EE100A227803214FF48023E8
:1048D000B8EE400B04EB820281EE002BB7EEC20B68
:1048E00010EE100AC2F801002078401CC0B2B0FBE4
:1048F000F1F201FB1200204A2070002004EB80013D
:10490000D1F801101144994208D8401C0328F5D36E
:104910002878AA2814D0E87EAA2811D017480022A7
:104920004FF4004100F053F9002200E00EE0BDEC2E
:10493000028B30464FF48061BDE8704000F047B90B
:10494000BDEC028BBDE8704005F084BDBDEC028B70
:1049500070BD0000000000002C0600240004025876
:1049600070020024100E00240000000000408F4060
:104970000000000080842E410000BABD00000258F3
:104980004FF0B04110B5D1F88820024203D0C1F8F1
:104990008800FFF73FFF10BD2DE9F84F03247D4D40
:1049A00000234FF001094FF0B04B4FF00F0AE9E040
:1049B00009FA03F73A4076D00E7906F00306012E85
:1049C00001D0022E18D1D0F808C04FEA430ECE68AD
:1049D00004FA0EF82CEA080C06FA0EF646EA0C0663
:1049E0008660D0F804C00E792CEA070CC6F30016D6
:1049F0009E4046EA0C0646600E79F643B6070BD099
:104A0000C6684FEA43088F6804FA08FC26EA0C06D9
:104A100007FA08F73743C7600E7906F00306022E3F
:104A200012D1DE080F694FEA437C00EB8606B646DA
:104A3000366A4FEADC6C0AFA0CF807FA0CF726EA39
:104A400008063743CEF820700F7906684FEA43080E
:104A500007F0030704FA08FC07FA08F726EA0C0631
:104A6000374307604E6816F4403F1CD04A4E376803
:104A700047F00207376036689F0706F00206009687
:104A800023F0030606F1B046B6463F0FD6F8086499
:104A9000DFF808810AFA07FC404526EA0C0603D134
:104AA0004FF0000C41E06CE0DFF8F4C0604502D14B
:104AB0004FF0010C39E0DFF8ECC0604502D14FF057
:104AC000020C32E0DFF8E0C0604502D14FF0030C89
:104AD0002BE0DFF8D8C0604502D14FF0040C24E091
:104AE000DFF8CCC0604502D14FF0050C1DE0DFF8C7
:104AF000C4C0604502D14FF0060C16E0DFF8B8C024
:104B0000604502D14FF0070C0FE0DFF8B0C0604500
:104B100002D14FF0080C08E0DFF8A4C0604502D1D4
:104B20004FF0090C01E04FF00A0C0CFA07FC4CEABC
:104B3000060CCEF808C44F68DBF80060FF0226EAD6
:104B4000020600D516435F46CBF80060D1F804C0DA
:104B5000DBF804605FEA8C2C26EA020600D51643D7
:104B60007E606E684F6826EA0206BF0300D51643D2
:104B70006E602E684F6826EA0206FF0300D51643D2
:104B80002E605B1C0A6832FA03F67FF411AFBDE8B1
:104B9000F88F000080000058F444025800000258CA
:104BA0000004025800080258000C02580010025875
:104BB0000014025800180258001C02580020025825
:104BC000002402580069084000D0012070470AB153
:104BD000816170470904FBE701480068000C7047D9
:104BE0000010005C0148806870470000C00000248D
:104BF00030B590F84120202A24D190F84020012A95
:104C000020D0012380F84030242280F84120202346
:104C100000240268156825F0010515600268156812
:104C200025F480551560026815680D43156001680C
:104C30000A6842F001020A6080F8413080F8404082
:104C4000002030BD022030BD30B590F84120202A30
:104C500022D190F84020012A1ED0012380F8403054
:104C6000242280F84120202400250268136823F0C4
:104C7000010313600268136823F4706343EA01219F
:104C8000116001680A6842F001020A6080F8414040
:104C900080F84050002030BD022030BD70B50400C7
:104CA00004D094F84100002510B106E0012070BD49
:104CB000204684F8405000F035FA242084F8410062
:104CC0002068016821F001010160D4E9001020F0A2
:104CD000706008612068816821F400418160E068AB
:104CE00021680128A06830D040F404408860E06862
:104CF0000228206841682BD021F4006141602068BF
:104D00002021154A4368134343602068C26822F497
:104D10000042C26054F8106B0DCC104340EA0320EF
:104D2000F06054F81C3CD4E900021043186054F8B9
:104D30001C0D026842F001020260656484F84110B3
:104D4000256384F84250002070BD40F40040CDE758
:104D500041F40061D2E70000008000022DE9F84F25
:104D6000044690F841001F469046DDF828A08B4687
:104D700020287ED194F8400001287AD0012084F8C0
:104D80004000FFF72FFF0122064619230090D103B0
:104D9000204604F00DF8E0BB0025222184F84110E4
:104DA000102084F8420065646785618DFF273248D2
:104DB0004FF00079C4F82480FF294FF080786563B4
:104DC00003D927853A46009039E0618D218500900E
:104DD0003AE05946204603F0D3FF13E004F026F8EA
:104DE000B8B92068616A406A0870606A401C6062F5
:104DF000208D401E81B22185608D401E6085608DB2
:104E000000B169B1608D3246514600282046E5D197
:104E100000E002E004F05EF8D0B10120BDE8F88FB8
:104E20000022534680212046009603F0C1FF00284F
:104E3000F3D1608DFF2804D927853A460095434673
:104E4000C7E7608D208500954B4694F82820C0E781
:104E500020682021094AC1612068436813404360EB
:104E600084F8411084F84250002084F84050D5E77F
:104E7000FFE70220D2E700000024008000E800FEE7
:104E80002DE9FF4F81B0044690F8410099469046C5
:104E9000DDF838B020287BD194F84000012877D085
:104EA000012084F84000FFF79DFE012206461923E9
:104EB0000090D103204603F07BFF002853D14149E5
:104EC00021220025C4F82480102084F84120FF27E7
:104ED00084F842006564A4F82A90608D4FF08079D0
:104EE0004FF0007A6563FF2802D94B46278505E01D
:104EF000608D534620850004000C10D0226898F87D
:104F000000009062606A401C6062608D401E608597
:104F1000208D401E2085401C0091C2B201E000227D
:104F200000910299204603F02BFF13E003F0FEFFEF
:104F3000C8B9606A216800788862606A401C606253
:104F4000608D401E6085208D401E80B22085618D61
:104F500001B160B1608D3246594600282046E5D146
:104F600003F0B8FFE0B1012005B0BDE8F08F0022EA
:104F70005B4680212046009603F01AFF0028F2D1FC
:104F8000608DFF2805D927853A464B460095C8E72E
:104F900016E0608D53462085009594F82820C0E7E0
:104FA00021682020084AC86121684B6813404B6083
:104FB00084F8410084F84250002084F84050D3E740
:104FC0000220D1E70020008000E800FE2DE9FF4F1D
:104FD00083B0044690F841009A469346DDE9108775
:104FE000DDF84890202871D15FEA080014D09FB105
:104FF00094F84000012869D0012084F84000FFF7B0
:10500000F1FD0122064619230090D103204603F04A
:10501000CFFE00286ED103E04FF40070606469E0B9
:105020000025C4F82480212184F84110402084F810
:10503000420065646785534665635A460499204675
:10504000CDE9009603F06AFE10B184F8405051E0BB
:10505000608DFF274FF08078FF284FF0007A04D949
:1050600027853A464346009505E0608D53462085E6
:10507000009594F828202046049903F081FE3246DA
:105080004946204603F052FFA0BB606A21680078C1
:105090008862606A401C6062608D401E6085208D61
:1050A000401E80B22085618DD9B1D0B900224B4617
:1050B00080212046009603F07BFED8B9608DFF2842
:1050C00005D927853A464346009506E026E0608DDF
:1050D00053462085009594F828202046049903F033
:1050E0004FFE608D0028CAD132464946204603F063
:1050F000F1FE18B1012007B0BDE8F08F2068202133
:10510000074AC161206843681340436084F8411036
:1051100084F84250002084F84050ECE70220EAE78F
:1051200000E800FE10B5B6B00446142130A8FBF725
:105130007DF9C0216846FBF779F918492068884253
:105140002AD10020219008210446CDE900106846AC
:1051500000F0DEFC08B1FCF757F91148016841F096
:1051600002010160006830AB122100F002003590AE
:10517000C020042283E813000A4830A9CDE9334255
:10518000FFF70AFC06480830016841F4001101608D
:10519000006800F40010359036B010BD0054004097
:1051A000E044025800040258024881680278114421
:1051B00081607047C0000024032010B500F00EF994
:1051C00001F01EFB0F4A104914681368C4F3032250
:1051D00003F00F038A5CC95C02F01F0201F01F019B
:1051E000D0400A4A20FA01F11160094908600F20F5
:1051F00000F010F808B1012010BD00F09FF8002069
:1052000010BD000018440258A8091308D00000245B
:10521000CC00002410B5102804468AB02CD20022FD
:105220000146362000F0BAF8362000F0AAF81748F8
:1052300004601748016841F010010160006809A985
:1052400000F010000890684601F066FA0598B0B1C9
:1052500001F0B2FA40000F4900220F4CB0FBF1F10F
:105260000E4840F2E7330460C0E90332491EC0E94A
:10527000011202F0C3FA28B101200AB010BD01F0FA
:105280009BFAE8E7054802F02BFBF6E7C400002490
:10529000E844025840420F00001000401C14002453
:1052A000154BF0B5083B427813491A600B680A1F8A
:1052B00023F001030B6043681360057BC67A827A92
:1052C000437B2D07847B45EA0665C77B90F809C0C0
:1052D000067A90F800E045EAC24040EA834040EA9E
:1052E000444040EA074040EA0C2040EA460040EAD9
:1052F0000E000860F0BD0000A0ED00E0BFF35F8F7E
:10530000044800210368034A23F4803303607032A9
:105310001160704724ED00E0074A40F001000649A3
:1053200070321060086840F480300860BFF34F8F1F
:10533000BFF36F8F7047000024ED00E0074882B094
:10534000016841F002010160006800220F2100F0B5
:1053500002000090901E02B000F020B8F444025801
:1053600000280DDB410900F01F028900012001F136
:10537000E0219040C1F88001BFF34F8FBFF36F8FE2
:105380007047002809DB410900F01F028900012055
:1053900001F1E0219040C1F8000170470E4BF0B4DC
:1053A0001B680D46C3F30223C3F10706042E00D980
:1053B0000426191D072901D2002300E0DB1E012469
:1053C00004FA06F19C40491E2940641E994014408D
:1053D0002143F0BC06F097BD0CED00E0064900F05B
:1053E000070210B54FF6FF040868044B204040EA5E
:1053F00002201843086010BD0CED00E00000FA0523
:10540000134970B50A68D243520705D5096801F0FF
:105410000701814213D118E00A6822F00702024313
:105420000A60FFF7DFFB0A4D4FF47A760446083D29
:1054300007E000BFFFF7D6FB001BB04201D90120F7
:1054400070BD2868C0438004F4D4002070BD000003
:105450000C48025810B501F08DF905490968054A54
:10546000C1F30211515C01F01F01C84010BD0000E2
:1054700020440258A80913084A4930B5494C0B1D6D
:105480000A680C3409681D68246802F0030305F0FB
:105490000102C1F30511C4F3CC04002914FB02F28C
:1054A00000EE102AF8EE400A76D0414A9FED3E1AEF
:1054B000DFED3E1AB7EE000A23B1012B5AD0022BC2
:1054C00018D15CE0374C283C23689B0612D5394B39
:1054D000246801EE901A1168C4F3C104F8EE612A41
:1054E000E34001EE903AC1F30801F8EE611A81EE53
:1054F000A22A07E002EE101A1168F8EE422A81EEA5
:10550000A22A45E001EE901A1168F8EE611A40EE09
:10551000811A71EE800A62EE200AC1F3462101EE83
:10552000101AB8EE411A31EE001AC0EE811ABCEE24
:10553000E11A80ED001A1168C1F3064101EE101A5C
:10554000B8EE411A31EE001AC0EE811ABCEEE11A33
:1055500080ED011A1168C1F3066101EE101AB8EE70
:10556000411A31EE000A80EE801ABCEEC10A80EDCD
:10557000020A30BD01EE901ADFED0F2A03E001EEC2
:10558000901ADFED0E2A1168F8EE611A82EEA12A58
:10559000C1F30801B6E7FFE70021016041608160C7
:1055A00030BD000028440258000000390024744C2B
:1055B000304402580090D0030024744A20BCBE4BF3
:1055C000494930B5484C0B1D0A68143409681D68F8
:1055D000246802F00303C5F30012C1F30531C4F3DC
:1055E000CC04002914FB02F200EE102AF8EE400A67
:1055F00075D03F4A9FED3D1AB7EE000A6BB1DFED63
:105600003D1A012B01D0022B64D002EE101A116852
:10561000F8EE422A81EEA22A21E0334C283C23688E
:105620009B0612D5344B246801EE901A1168C4F31E
:10563000C104F8EE612AE34001EE903AC1F308019B
:10564000F8EE611A81EEA22A0BE001EE901ADFED6E
:105650002B2A00BFF8EE611A116882EEA12AC1F36D
:10566000080101EE901A1168F8EE611A40EE811AF5
:1056700071EE800A62EE200AC1F3462101EE101A93
:10568000B8EE411A31EE001AC0EE811ABCEEE11AF2
:1056900080ED001A1168C1F3064101EE101AB8EE50
:1056A000411A31EE001AC0EE811ABCEEE11A80ED0B
:1056B000011A1168C1F3066101EE101AB8EE411A21
:1056C00031EE000A80EE801ABCEEC10A80ED020ABB
:1056D00030BD04E001EE901ADFED092ABAE700219F
:1056E000016041608160F3E72844025800000039FE
:1056F000384402580024744A0090D0030024744CAB
:1057000020BCBE4B494930B5484C0B1D0A681C34BF
:1057100009681D68246802F00303C5F30022C1F381
:105720000551C4F3CC04002914FB02F200EE102A48
:10573000F8EE400A75D03F4A9FED3D1AB7EE000AD9
:105740006BB1DFED3D1A012B01D0022B64D002EECC
:10575000101A1168F8EE422A81EEA22A21E0334C99
:10576000283C23689B0612D5344B246801EE901A1E
:105770001168C4F3C104F8EE612AE34001EE903AE7
:10578000C1F30801F8EE611A81EEA22A0BE001EEE6
:10579000901ADFED2B2A00BFF8EE611A116882EE35
:1057A000A12AC1F3080101EE901A1168F8EE611AFE
:1057B00040EE811A71EE800A62EE200AC1F34621A2
:1057C00001EE101AB8EE411A31EE001AC0EE811A3D
:1057D000BCEEE11A80ED001A1168C1F3064101EE3A
:1057E000101AB8EE411A31EE001AC0EE811ABCEE62
:1057F000E11A80ED011A1168C1F3066101EE101A79
:10580000B8EE411A31EE000A80EE801ABCEEC10AF1
:1058100080ED020A30BD04E001EE901ADFED092AA6
:10582000BAE70021016041608160F3E72844025833
:1058300000000039404402580024744A0090D0030C
:105840000024744C20BCBE4B2DE9F04FAC4A0546F9
:10585000DFF8A8A280F48070DFF8AC9289B0131151
:10586000AA4C0843A748AAF104064FF0805C4FF009
:1058700000582CD085F400770F4357D0DFF87CB266
:1058800085F480670F430BF1080B61D085F4006746
:105890000F4374D085F480570F436ED085F40057C2
:1058A0000F434FF480394FF4003E67D085F4002752
:1058B0000F4371D085F480370F436ED085F4804656
:1058C0000E436BD085F400420A4368D02AE0DAF830
:1058D000001001F00701052924D2DFE801F075BCB2
:1058E0007D25B10006A8FFF7C7FD079809B0BDE800
:1058F000F08F6846FFF764FE0098F7E703A8FFF70C
:1059000001FF0398F2E72068C0F3C10022FA00F01B
:10591000ECE72268D20571D561456FD11846E5E7FD
:105920004145E3D00020E1E74846DFE7DAF8001020
:1059300001F4E07180294FD004DC002944D04029D3
:10594000F0D188E0C029EFD0B1F5807FEAD177E0CF
:10595000DBF8001001F46001B1F5800F3CD004DCED
:1059600091B3B1F5001FDDD175E0B1F5C00FDBD00B
:10597000B1F5000FD6D163E001E018E030E0DBF8CC
:10598000001001F0E061B1F1007F25D008DCD9B151
:10599000B1F1807FC6D15EE049E06CE079E09CE047
:1059A000B1F1407FC0D0B1F1806FBBD148E0DAF8EF
:1059B000001001F4E041B1F5005F0DD005DC19B134
:1059C000B1F5805FAED146E094E0B1F5405FABD079
:1059D000B1F5804FA6D133E020688000A2D58DE7D5
:1059E000DAF8001001F4E021B1F5403F6CD006DC9C
:1059F00061B149457AD0714594D157E037E0B1F5AE
:105A0000802F65D0B1F5A02F8CD10CE000F0D4FE32
:105A10006CE76846FFF7D4FD019867E703A8FFF736
:105A200071FE049862E721688903F1D47AE7DBF814
:105A3000001011F440310ED0494510D07145F5D118
:105A40003168256801F040516D077FF562AF00298C
:105A50007FF45FAF57E720680001E7D549E720688A
:105A60008000E3D503A8FFF74DFE05983EE72268C6
:105A70009203DBD554E7306810F480303AD04845C3
:105A8000D4D120680001D1D56846FFF799FD02986E
:105A90002CE7DBF8001001F0E041B1F1405F13D0DA
:105AA00008DC71B1614521D04145BFD1206880003B
:105AB000B4D437E7B1F1804F0AD0B1F1A04FB2D0E2
:105AC00030E7FFF7C7FC11E720684007AED51AE7BB
:105AD0002068C005AAD521E708E0DAF8001011F027
:105AE0004051A0D0614505D041459FD120680001BB
:105AF0008FD417E72068800198D5F3E65044025808
:105B00000090D00340787D010080BB000044025823
:105B10002DE9FE4F0546DFF8E48350F8081B00240A
:105B2000F64FC943019005F12800264608F12408E4
:105B3000009008011DD4A86E50B1B0F5801F0CD0A4
:105B4000B0F5001F0ED0B0F5401F1ED001240FE0AD
:105B5000386840F40030386017E00198022104F002
:105B600047F803E00098022104F0D2F804000CD0BA
:105B700026462888C043C00523D4A86D05281ED218
:105B8000DFE800F00C11161B1B00AA6ED8F80010FD
:105B900021F440111143C8F80010EAE7386840F4D6
:105BA0000030386009E00198002104F021F803E09A
:105BB0000098002104F0ACF8044674B100E0012420
:105BC00026462888C043800528D4E86D80281ED04A
:105BD0000CDC90B140280ED114E0AA6DD8F800106A
:105BE00021F007011143C8F80010EAE7C02813D0DC
:105BF000B0F5807F10D001240FE0386840F4003009
:105C0000386009E00198002103F0F2FF03E00098FA
:105C1000002104F07DF804469CB126462888DFF870
:105C2000DC92C04309F12C0940052CD4D5F8A8001A
:105C3000B0F5800F20D00DDCA0B1B0F5001F0FD162
:105C400015E0EA6DD8F8001021F4E0711143C8F8AE
:105C50000010E3E7B0F5C00F13D0B0F5000F10D07F
:105C600001240FE0386840F40030386009E0019802
:105C7000002103F0BDFF03E00098002104F048F884
:105C800004467CB126462888C04300052DD4D5F8AB
:105C9000AC00B0F1007F21D00EDCA8B1B0F1807F64
:105CA00010D116E0D5F8A820D9F8001021F4600131
:105CB0001143C9F80010E6E7B0F1407F13D0B0F10E
:105CC000806F10D001240FE0386840F40030386055
:105CD00009E00198002103F08BFF03E00098002108
:105CE00004F016F8044674B126462868C0438001C3
:105CF0001FD4E86CD8B110280FD0202812D030283B
:105D000015D0012414E0D5F8AC20D9F8001021F00A
:105D1000E0611143C9F80010E7E7386840F400304B
:105D2000386004E00198022103F062FF044674B178
:105D300026462888C043C0042BD4286EB0F5005FE7
:105D400020D00DDCA0B1B0F5805F0FD115E06B481D
:105D5000EA6C2030016821F0300111430160E8E76E
:105D6000B0F5405F13D0B0F5804F10D001240FE0A4
:105D7000386840F40030386009E00198002103F0F1
:105D800037FF03E00098002103F0C2FF04468CB106
:105D900026462888C043800429D4686EB0F5403F69
:105DA00023D010DC08B3B0F5803F14D0B0F5003F2D
:105DB0000FD115E02A6ED8F8001021F4E04111430C
:105DC000C8F80010E5E7B0F5802F0ED0B0F5A02F91
:105DD0000BD001240AE00198012103F009FF03E040
:105DE0000098012103F094FF044694B126462888C8
:105DF000C04340042AD4D5F8B000B0F1405F23D0AE
:105E000010DC08B3B0F1805F14D0B0F1005F0FD1A7
:105E100015E06A6ED8F8001021F4E0211143C8F8AB
:105E20000010E4E7B0F1804F0ED0B0F1A04F0BD0DE
:105E300001240AE00198012103F0DAFE03E0009852
:105E4000012103F065FF044674B126462888C0434B
:105E500000041FD4286FD8B1B0F1805F0ED0B0F12C
:105E6000005F10D0012414E0D5F8B020D9F800105C
:105E700021F0E0411143C9F80010E7E7386840F429
:105E80000030386004E00198012103F0B1FE0446BF
:105E900074B126462868C043C0011ED4A86CD0B196
:105EA00001280ED0022811D0032814D0012413E0B9
:105EB0002A6FD8F8001021F040511143C8F80010A3
:105EC000E8E7386840F40030386004E001980221C7
:105ED00003F08EFE0446ACB126462868DFF81CB0FD
:105EE000C043ABF11C0B400252D40548016841F499
:105EF00080710160FEF776FE824611E02C44025864
:105F000000480258FA48AA6C016821F003011143C5
:105F10000160E2E7FEF766FEA0EB0A00642835D8D0
:105F2000F4480068C005F5D58CBBDFF8C4A3B5F80C
:105F3000B4100AF1240ADAF8000001F4407100F408
:105F40004070884211D0DAF80010DAF8002021F40D
:105F5000407142F48032CAF80020DAF8002022F4BE
:105F60008032CAF80020CAF80010D5F8B400B0F5A5
:105F7000807F1AD1FEF736FE029012E0FEF732FE65
:105F80000299411A41F2883081420AD903242646F7
:105F90002878DFF85CA3C0430AF1080AC00721D0C3
:105FA0003CE0DAF800008007E8D5D5F8B410C1F37A
:105FB0000120032858460DD0016821F47C5101606E
:105FC000B5F8B420DAF80010C2F30B021143CAF896
:105FD0000010DDE7C84A036802EA111223F47C517D
:105FE0001143ECE7E86F182816D005DCA0B10828AB
:105FF00008D0102804D10AE020280DD028280BD082
:1060000001240AE00198012103F0F2FD03E0009869
:10601000012103F07DFE044664B126462878C04382
:1060200080071ED4A86F062819D2DFE800F0160CEE
:1060300011161616EA6FDAF8001021F03801114334
:10604000CAF80010EAE70198012103F0D1FD03E04E
:106050000098012103F05CFE04467CB100E00124BD
:1060600026462878C04340071FD4D5F89400062858
:1060700019D2DFE800F0160C11161616AA6FDAF81E
:10608000001021F007011143CAF80010E9E7019858
:10609000012103F0ADFD03E00098012103F038FE7B
:1060A0000446A4B100E0012426462878C0438006B7
:1060B0002BD4D5F89000B0F1405F24D011DC10B3A0
:1060C000B0F1805F15D0B0F1005F10D116E0D5F8C7
:1060D0009420D9F8001021F007011143C9F80010ED
:1060E000E3E7B0F1804F0ED0B0F1A04F0BD0012408
:1060F0000AE00198002103F07BFD03E000980221F3
:1061000003F006FE044694B126462878C0434006B4
:106110002BD4D5F89C00B0F5406F24D011DC10B31F
:10612000B0F5806F15D0B0F5006F10D116E0D5F83E
:106130009020DAF8001021F0E0411143CAF8001075
:10614000E3E7B0F5805F0ED0B0F5A05F0BD001247F
:106150000AE00198002103F04BFD03E000980221C2
:1061600003F0D6FD044694B126462878C0430006C5
:106170002BD4D5F8A000B0F5C04F24D011DC10B35B
:10618000B0F5005F15D0B0F5804F10D116E0D5F80E
:106190009C20D9F8001021F4E0511143C9F80010F7
:1061A000E3E7B0F5004F0ED0B0F5204F0BD001243F
:1061B0000AE00198002103F01BFD03E00098022192
:1061C00003F0A6FD044654B126462878C0430007D4
:1061D0001ED4D5F88400B0F5805F0AD00FE0D5F862
:1061E000A020D9F8001021F460411143C9F8001033
:1061F000EBE70098022103F08BFD00B10126D5F8F2
:106200008420DAF8001021F440511143CAF800103C
:106210002878C043C00613D4D5F89800B0F5807F25
:1062200005D10098022103F073FD00B10126D5F8D5
:106230009820D9F8001021F440711143C9F80010DA
:106240002868C043000316D4D5F8A40038B1B0F5CF
:10625000803F09D0B0F5003F0BD001240AE001983F
:10626000002103F0C5FC03E00098022103F050FD7B
:1062700004468CB126462868C043400322D4D5F892
:106280008800B0F5801F11D0B0F5001F13D0B0F515
:10629000401F15D0012414E0D5F8A420D9F800102F
:1062A00021F440311143C9F80010E4E7386840F4A4
:1062B0000030386004E00098012103F029FD044615
:1062C0005CB126462868C043C00323D4286DA8B11A
:1062D000B0F5803F17D001241BE0D5F88820DAF80C
:1062E000001021F440111143CAF80010EAE7000041
:1062F0004C44025800480258CFFFFF00386840F471
:106300000030386004E00198022103F071FC04467B
:10631000E4B126462868C043800005D400980221D5
:1063200003F0F6FC00B101262868C04380031BD4AB
:10633000D5F88000B0B1B0F5807F0FD0B0F5007F08
:1063400010D0B0F5407F0DD001240CE05A482A6DE2
:10635000016821F4803111430160DBE7386840F4C3
:1063600000303860ECB326462868C043C00207D42A
:106370006A6FD8F8001021F000411143C8F80010EE
:106380002868C043C00008D4D5F8B820DBF8001056
:1063900021F480411143CBF800102868C0438002EB
:1063A00007D4EA6ED8F8001021F080711143C8F8C4
:1063B00000102868C04340000CD4DBF8001021F422
:1063C0000041CBF80010DBF80010D5F8BC201143D9
:1063D000CBF800102868C04308D437486A6D0168BC
:1063E00000E018E021F04051114301602868C043EB
:1063F000000208D4D5F88C20DAF8001021F440010E
:106400001143CAF8001028790024C04300F00100AD
:1064100020430AD00FE0D5F88020DAF8001021F4EC
:1064200040711143CAF800109EE70198002103F063
:10643000DFFB00B106462879C04300F0020020438C
:1064400005D10198012103F0D3FB00B1064628795C
:10645000C04300F00400204305D10198022103F05D
:10646000C7FB00B106462879C04300F0080020436E
:1064700005D10098002103F04BFC00B106462879B5
:10648000C04300F01000204305D10098012103F023
:106490003FFC00B106462879C04300F020000443C9
:1064A00004D10098022103F033FC00B916B1012099
:1064B000BDE8FE8F0020FBE74C4402582DE9F05F59
:1064C00004000F467ED0DFF83882D8F8000000F0D4
:1064D0000F00B8420CD2D8F8001021F00F01394358
:1064E000C8F80010D8F8000000F00F00B84269D1D9
:1064F0002078844D40070AD52069296801F0700191
:10650000884204D9296821F070010143296020786C
:106510007C4E361D00070AD56069316801F07001B4
:10652000884204D9316821F070010143316020783C
:10653000C0060AD5A069316801F4E061884204D937
:10654000316821F4E061014331602078DFF8B4B1B3
:1065500080060BF1080B0CD5E1695846DBF80020EA
:1065600002F07002914204D9026822F070020A43DC
:106570000260207880070AD5E068296801F00F01E1
:10658000884204D9296821F00F010143296020784D
:10659000C0073ED05B49A2682868183920F47060B3
:1065A000104328606068022818D0032819D00968B1
:1065B000012819D0490700294ADADFF848A1AAF1D1
:1065C000080A00E044E0DAF8002022F00702024363
:1065D000CAF80020FEF706FB814612E0096889032D
:1065E000E9E709688901E6E7C905E4E7FEF7FAFA91
:1065F000A0EB090141F28830814202D90320BDE8B5
:10660000F09F6168DAF8000000F03800B0EBC10FCD
:10661000ECD1207880070AD5E068296801F00F01E5
:10662000884204D2296821F00F0101432960D8F87B
:106630000010404601F00F01B9420BD9016821F06A
:106640000F0139430160006800F00F00B84201D02B
:106650000120D4E7207840070AD52069296801F095
:106660007001884204D2296821F070010143296039
:10667000207800070AD56069316801F0700188420E
:1066800004D2316821F07001014331602078C006E6
:106690000AD5A069316801F4E061884204D231680A
:1066A00021F4E06101433160207880060CD5E16976
:1066B0005846DBF8002002F07002914204D20268D2
:1066C00022F070020A43026000F09AF80E492A682C
:1066D0002B68C2F3032203F00F038A5CC95C02F04B
:1066E0001F0201F01F01D040084A20FA01F1116099
:1066F0000749086007480068BDE8F05FFEF78ABDFB
:106700000020005218440258A8091308D0000024A1
:10671000CC000024C400002470B5144C3F22026059
:10672000124A24680832131D114D04F00704446016
:1067300016681C1D06F470668660166806F00F0663
:10674000C660126802F0700202611A6802F07002FC
:1067500042611A6802F4E0628261226802F070020B
:10676000C261286800F00F00086070BD1044025834
:106770000020005230B500F043F80B4A0B490C4B97
:1067800015681468C5F3032204F00F048A5C095DE0
:1067900002F01F0201F01F01D040064A20FA01F169
:1067A00019601060084630BD18440258A809130843
:1067B000D0000024CC00002400B5FFF7DBFF054922
:1067C0000968054AC1F30211515C01F01F01C8407C
:1067D00000BD00001C440258A809130800B5FFF7CB
:1067E000C9FF05490968054AC1F30221515C01F05E
:1067F0001F01C84000BD00001C440258A80913082E
:10680000454970B545480968434B103B11F03802C3
:1068100008D00111082A03D0102A0BD0182A0BD057
:10682000084670BD19688906FBD51968C1F3C10116
:10683000C84070BD3A4870BD3749374D18310C1DFE
:1068400024350A68096826682D6802F0030406F0FA
:106850000102C1F30511C5F3CC0515FB02F200EEF0
:10686000102AB8EE400AE9B32F4ADFED2E0AB7EE40
:10687000001A6CB1DFED2D1A012C01D0022C43D08F
:1068800002EE101A1068F8EE422A81EEA22A1EE0EB
:106890001C68A40611D51B6801EE901A1168C3F399
:1068A000C103F8EE612AD84001EE900AC1F3080056
:1068B000F8EE611A81EEA22A0BE001EE901ADFEDEC
:1068C0001C2A00BFF8EE611A106882EEA12AC0F3FC
:1068D000080001EE900AF8EE611A40EE201A31EE3F
:1068E000810A00E015E022EE000A1068C0F346209D
:1068F000401C00EE900AF8EE600A80EE201ABCEE12
:10690000C10A10EE100A70BD01EE901ADFED092ADF
:10691000D8E7002070BD0000104402580090D0035A
:1069200040787D0100000039304402580024744A48
:106930000024744C20BCBE4B2DE9F05F04007DD0D8
:10694000FF4F2078FE4D1837DFF8F493103DC00755
:1069500048D0D9F80000396800F03800102815D068
:10696000182803D101F0030002280FD06068B0F5A9
:10697000803F12D010B1B0F5A02F18D0286820F4B5
:1069800080302860286820F4802009E0286880038F
:1069900028D560680028D2D024E0286840F48030F0
:1069A0002860606888B1FEF71DF9064609E028688E
:1069B00040F480202860F0E7FEF714F9801B64287B
:1069C0006FD828688003F7D50CE0FEF70BF9064670
:1069D00005E000BFFEF706F9801B6428F0D82868A0
:1069E0008003F7D4207841F20308D54E0C3E80078F
:1069F00069D5D9F80000396810F038000ED0182891
:106A000001D188070AD0E06890B3296821F0190104
:106A100001432960FEF7E6F8824631E02868400726
:106A200002D5E06800288AD0E168286820F01900C3
:106A300008432860FEF7D6F8824607E0DFE000BF93
:106A4000FEF7D0F8A0EB0A000228B9D82868400762
:106A5000F6D500BFFEF7C0F840451BD82069402896
:106A600012D0316821F47C3141EA003030602AE0F4
:106A700018E000BFFEF7B6F8A0EB0A0002289FD886
:106A800028684007F6D5E5E7306820F47C3040F40C
:106A90000030EBE7207C316821F0FE4141EA0060E4
:106AA000E4E70DE1286820F001002860FEF79AF87D
:106AB000824605E0FEF796F8A0EB0A0002288DD882
:106AC00028684007F6D42078C0065DD5D9F80000C4
:106AD000DFF86CB2396800F03800ABF1040B08281D
:106AE00010D0182803D101F0030001280AD0E06972
:106AF0000028286838D040F080002860FEF772F83F
:106B0000824623E02868C00523D5E069802876D135
:106B10001FE0206A202821D0316821F0F84141EAA5
:106B20008060306030E000BF94F82010DBF8002077
:106B300022F07C5242EA0161CBF8001024E000BF51
:106B4000FEF750F8A0EB0A00022898D82868C00584
:106B5000F6D5FEF741F84045E6D8DAE7306820F090
:106B6000F84040F08040DCE720F080002860FEF72D
:106B700039F8064605E000BFFEF734F8801B02280E
:106B80009DD82868C005F7D42078000729D56C481F
:106B90006169643000298046016811D041F001012B
:106BA0000160FEF71FF8064605E000BFFEF71AF881
:106BB000801B0228C9D8D8F800008007F6D510E05D
:106BC00021F001010160FEF70DF8064605E000BF67
:106BD000FEF708F8801B022872D8D8F8000080075A
:106BE000F6D42078800623D5A0690028286810D024
:106BF00040F480502860FDF7F5FF064605E036E1D9
:106C0000FDF7F0FF801B02285AD828688004F7D5CA
:106C10000EE020F480502860FDF7E4FF064604E013
:106C2000FDF7E0FF801B02284AD828688004F7D4CB
:106C3000207840074FD5DFF80C81D8F8001041F4D8
:106C40008071C8F80010FDF7CDFF064605E000BFD3
:106C5000FDF7C8FF801B642832D8D8F80000C005B3
:106C6000F6D5374EA068603601280AD008B105284D
:106C700013D0306820F001003060306820F004004C
:106C800002E0306840F001003060A06841F2883ACC
:106C900090B1FDF7A7FF80460AE0306840F004009D
:106CA0003060EEE7FDF79EFFA0EB0801514507D8E5
:106CB00030688007F6D50EE0FDF794FF804607E0C8
:106CC00084E000BFFDF78EFFA0EB080151457DD8A1
:106CD00030688007F6D4606AB0B3DFF86480D9F812
:106CE000001008F120084FF6F87B08F10409C1F301
:106CF000C2010329A8F1040A69D00228286820F0FB
:106D00008070286003D0FDF76DFF044684E0FDF736
:106D100069FF064605E000BFFDF764FF801B0228FF
:106D200077D828688001F7D4E26A40F2F3313868F6
:106D300054F8283F884340EA02101843386004E0C2
:106D40001044025800480258B5E0217B434622898E
:106D50004FF4FE0C208A4FF0FE474902267D521E5A
:106D6000401EA1F50071C2F308088AB2761E0CEA33
:106D7000004042EA08020243504607EA06610A431D
:106D80001A60DAF8002022F00102CAF80020D9F8CF
:106D90000020266A22EA0B0242EAC602C9F8002055
:106DA000DAF80010A26921F00C011143CAF80010B2
:106DB0000168E26921F0020111430160016841F4B8
:106DC00080310160016841F4003101E021E027E0F9
:106DD0000160016841F480210160016841F0010116
:106DE0000160286840F080702860FDF7FBFE0446D3
:106DF00005E000BFFDF7F6FE001B022809D8286851
:106E00008001F7D557E000BFFDF7ECFE001B02281C
:106E100002D90320BDE8F09F28688001F4D44AE03D
:106E200039680128D8F8000021D0A26A01F00303D4
:106E300093421CD1E26AC1F305118A4217D1216B3A
:106E4000C0F30802491E8A4211D1616BC0F3462289
:106E5000491E91420BD1A16BC0F30642491E9142DB
:106E600005D1E16BC0F30660491E814201D00120CB
:106E7000D0E7A16C4E46D9F80000C0F3CC008142A7
:106E800019D0DAF80000554620F00100CAF80000D9
:106E9000FDF7A8FE4FEA0007FDF7A4FEB842FBD0BD
:106EA000A26C306820EA0B0040EAC200306028681B
:106EB00040F0010028600020ACE700002DE9F04719
:106EC000040029D0594A4FF000092068584B594D09
:106ED0009042C4F8289006D0984204D0A84202D02C
:106EE000E1680F2918D8E1684FF0010AE76B083113
:106EF000C9080AEB57167143904205D0984203D057
:106F0000A84201D0082907D8904203D0984201D066
:106F1000A84204D1102902D90120BDE8F08794F8D5
:106F2000810020B9204684F8809000F085F8022086
:106F300084F881002068016821F001010160206867
:106F4000A1698268B1F1806F02F4F81110D1626812
:106F5000B2F5800F01D01AB10AE0A26B22B107E0AE
:106F6000A26BB2F1805F03D1026842F480520260EA
:106F70006068400209D5E068072806D32068236DC1
:106F8000026822F480721A4303E02068026822F447
:106F900080720260A66AE069E26B25683043E368AC
:106FA0000A4310431843A860D4E90D02D4E90581CF
:106FB000636A25691843D4F820C00A432668104341
:106FC0002843A56DD4E90172D4E9123140EA0800E2
:106FD00040EA0C0038430843104318432843F0604C
:106FE000606868B92068816821F4C05141F400618B
:106FF00081602068816821F4C06141F48061816012
:107000002068016D21F0010101656068400206D52C
:107010002068626DC16821F000411143C160C4F86D
:10702000849084F881A0002077E7000000300140C0
:1070300000380040003C0040F0B5B7B004461421D1
:1070400030A8F9F7F3F9C0216846F9F7EFF92D49AF
:107050000226206805272A4D0024884224D1811465
:1070600018940020CDE900106846FEF751FD08B1E4
:10707000FAF7CAF922480830016841F480410160FA
:10708000006800F480403590286840F002002860D5
:10709000286830A900F0020035904FF4204030906D
:1070A0001948CDE9316425E01849884226D14114B8
:1070B00019940020CDE900106846FEF729FD08B1BB
:1070C000FAF7A2F90E481030016841F4005101604E
:1070D000006800F400503590286840F010002860E7
:1070E000286830A900F010003590642030900848DE
:1070F000CDE93164CDE93347FDF74EFC37B0F0BD43
:10710000E0440258003800400004025800340140B6
:10711000001002582DE9F84F0446006899461746BA
:1071200000F1200B8A46FDF75DFD064694F88100CC
:10713000012839D1BAF1000F7ED0002FFCD094F88D
:107140008000012830D0A26800254FF0010884F8A3
:107150008080032184F88110C4F88450C4F85CA0B6
:107160006566A4F86850656725672C34B2F5C02FB2
:10717000A786E786E58754F82C0D18D0C16821F45E
:10718000C02141F40031C160206841686FF30F01F4
:10719000394341602068016841F001010160606885
:1071A000B0F5800F08D00CE00220BDE8F88F016830
:1071B00041F400610160E7E72068016841F4007173
:1071C0000160E0680F281CD820E020684169890729
:1071D0000BD5E16D09680162E06D001DE065B4F852
:1071E0006200401EA4F862000BE0FDF7FBFC811B6F
:1071F000494503D3B9F1FF3F03D09DE0B9F1000F3A
:1072000032D0B4F862000028DFD179E007282FD807
:1072100072E02068416989071ED5B4F8621001291F
:107220000DD9E16B59B1E16D09680162E06D001D96
:10723000E065B4F8620000E07CE0801E09E0E06DEB
:107240000188ABF80010E06D801CE065B4F86200C6
:10725000401EA4F862000BE0FDF7C4FC811B494509
:1072600003D3B9F1FF3F03D066E0B9F1000F63D05B
:10727000B4F862000028CCD142E020684169890757
:107280002ED5B4F8621003290CD9E16B402909D935
:10729000E16D09680162E06D001DE065B4F862000F
:1072A000001F1AE0B4F8621001290CD9E16B51B14A
:1072B000E06D0188ABF80010E06D801CE065B4F86B
:1072C0006200801E09E0E16D097880F82010E06D11
:1072D000401CE065B4F86200401EA4F862000BE0B8
:1072E000FDF780FC811B494503D3B9F1FF3F03D073
:1072F00022E0B9F1000F1FD0B4F862000028BCD121
:1073000000224B4608212046009603F037F828B1AA
:10731000D4F8840040F02000C4F88400204602F035
:10732000CFFF84F88180D4F8840084F8805000284E
:107330003FF43BAF012038E7204602F0C1FFD4F80C
:10734000841084F8805041F48071C4F8841084F86B
:107350008180032029E700002DE9FF4F0446C06B20
:1073600017461D4683B042092068521C00F12001D7
:1073700030301FFA82FBCDE90001FDF733FC824675
:1073800094F881002E46012835D1049800287CD03D
:10739000002FFCD0002DFAD094F8800001282AD0CC
:1073A0004FF0010984F8809005224FF0000884F81E
:1073B0008120C4F884806766A4F86A50A4F86850F5
:1073C0000499E165A4F86250A4F86050C4F8708094
:1073D000C4F874802068C16821F4C021C160AD493F
:1073E0002068884205D0AC49884202D0AB49884227
:1073F00005D1102704E0022007B0BDE8F08F082770
:1074000041686FF30F01294341602068016841F032
:10741000010101606068B0F5800F04D12068016847
:1074200041F400710160E0680F284CD9BF0838E0D2
:1074300020684169890710D57EB1F119A9420CD99C
:10744000E16D09680162E06D001DE065B4F862005D
:10745000401EA4F86200B4F862602068416905B378
:107460004269D20703D15D4510D209040ED5006BE5
:10747000616E0860606E001D6066B4F86A00401EB0
:10748000A4F86A00B4F86A500BE0F0E0FDF7AAFB3C
:10749000A0EB0A011098814202D3401C01D004E005
:1074A00018B156EA0500C3D1C8E0204602F008FF33
:1074B000D4F8840084F8808040F48070C4F884009C
:1074C00084F88190E2E007287BD97F084EE02068AD
:1074D0004069800711D586B1F019A8420DD9E06D39
:1074E000018801980180E06D801CE065B4F86200BD
:1074F000401EA4F86200B4F86260216848692DB3A8
:107500004969C9070AD000980088616E0880606EDA
:10751000801C6066B4F86A00401E13E05D4516D218
:10752000010414D500980088616E0880606E801C8C
:107530006066009909880180606E801C6066B4F8FE
:107540006A00801EA4F86A00B4F86A500EE0012DAB
:1075500001D18004D7D4FDF745FBA0EB0A011098B8
:10756000814202D3401C01D083E058B356EA0500A3
:10757000ADD163E020684169890711D586B1F11961
:10758000A9420DD9E16D097880F82010E06D401C0A
:10759000E065B4F86200401EA4F86200B4F86260CE
:1075A000206841696DB14269D2070CD090F8300073
:1075B000616E0870606E401C6066B4F86A00401E20
:1075C00024E038E055E05D4525D20A0423D590F843
:1075D0003000616E0870606E401C6066216891F832
:1075E00030100170606E401C6066216891F83010A8
:1075F0000170606E401C6066216891F83010017067
:10760000606E401C6066B4F86A00001FA4F86A004F
:10761000B4F86A500FE0042D02D211F4C04FC5D166
:10762000FDF7E0FAA0EB0A011098814202D3401C5A
:1076300001D01EE0E8B156EA05009BD1109B002264
:1076400008212046CDF800A002F098FE28B1D4F819
:10765000840040F02000C4F88400204602F030FE90
:1076600084F88190D4F8841084F8808081B101205E
:10767000C2E6204602F024FED4F8842084F88080FC
:1076800042F48072C4F8842084F881900320B3E629
:107690000020B1E60030014000380040003C0040CE
:1076A000024A136883430B43136070470404005875
:1076B00070477047704700002DE9F04390F83C2078
:1076C000012A42D0012280F83C2051F80C4BDFF80F
:1076D00080804FF0000991E8680051E9022723F407
:1076E0004073B1F80CC03B43CF6923F4806313436C
:1076F000026823F40063234323F4805343EA050321
:1077000023F4005343EA060323F4804343EA0703C8
:107710000C3923F47023424543EA0C4302D00D4C4C
:10772000A2420CD18D8C23F47006D1E9073446EACD
:10773000055121F08071194321F0007323435364F4
:1077400080F83C900020BDE8F0830220FBE70000B9
:107750000000014000040140F0B590F83C20012AEF
:107760003BD01F4E012480F83C40022280F83D208F
:1077700002681C4D5368B242D2F808C001D0AA4238
:1077800003D14F6823F470033B430F6823F0700369
:107790001F4357600268B24213D0B2F1804F10D03D
:1077A000114B9A420DD0114B9A420AD0104B9A427B
:1077B00007D0AA4205D00F4B9A4202D00E4B9A42F4
:1077C00004D189682CF0800319439160002180F86E
:1077D0003D4080F83C100846F0BD0220F0BD00009E
:1077E0000000014000040140000400400008004087
:1077F000000C0040001800400040014010B504009B
:1078000003D094F83D0010B107E0012010BD002026
:1078100084F83C00204600F022F8022084F83D0065
:107820002068211D03F0A8F9012084F8480084F89D
:107830003E0084F83F0084F8400084F8410084F85A
:10784000420084F8430084F8440084F8450084F83A
:10785000460084F8470084F83D00002010BD7047C2
:1078600090F83D10012901D001207047144B0222ED
:10787000016880F83D20994214D0B1F1804F11D0B9
:10788000104881420ED0104881420BD00F488142EF
:1078900008D00F48814205D00E48814202D00E48E0
:1078A000814207D188680D4A1040062806D0B0F5FD
:1078B000803F03D0086840F0010008600020704756
:1078C000000001400004004000080040000C00409F
:1078D0000004014000180040004001400700010082
:1078E00090F83D10012901D001207047174A02216C
:1078F00080F83D100168CB6843F00103CB6000685D
:10790000904214D0B0F1804F11D0114988420ED06E
:10791000104988420BD01049884208D00F4988424C
:1079200005D00F49884202D00E49884207D18168AC
:107930000D4A1140062906D0B1F5803F03D00168F9
:1079400041F001010160002070470000000001408B
:107950000004004000080040000C0040000401400A
:10796000001800400040014007000100016841F29A
:107970001113CA6822F00102CA6001680A6A1A4239
:1079800007D10A6A9B101A4203D10A6822F0010249
:107990000A60012180F83D10002070477047704751
:1079A0002DE9F041044600680027C6680569A9076B
:1079B00013D5B10711D5FA1E026101212177206884
:1079C00080698007204602D0FFF7E9FF04E000F05D
:1079D000D7F9204600F088FC2777680716D570078E
:1079E00014D5226802206FF004011161207720680D
:1079F000806910F4407F204602D0FFF7D0FF04E0FA
:107A000000F0BEF9204600F06FFC2777280715D557
:107A1000300713D5226804206FF008011161207728
:107A20002068C0698007204602D0FFF7B8FF04E055
:107A300000F0A6F9204600F057FC2777E80616D597
:107A4000F00614D5226808206FF01001116120772C
:107A50002068C06910F4407F204602D0FFF79FFFE6
:107A600004E000F08DF9204600F03EFC2777E8079F
:107A700008D0F00706D021686FF0010008612046A9
:107A800000F054FC280601D4A80408D5300606D519
:107A900021686FF4025008612046FFF70AFEE805EE
:107AA00008D5300606D521686FF48070086120463D
:107AB000FFF7FEFD680608D5700606D521686FF051
:107AC00040000861204600F047FCA8060AD5B00631
:107AD00008D521686FF0200008612046BDE8F0411C
:107AE000FFF7E8BDBDE8F08130B587B0044614214A
:107AF0006846F8F79BFC224A4FF0010521680224F2
:107B00002048914211D1016841F0100101600068E4
:107B100000F0100005900020511500916946CDE954
:107B20000140CDE90305184826E0B1F1804F25D189
:107B3000016841F002010160016801F00201059154
:107B4000016841F00101016000686946029400F09B
:107B5000010005904FF48060CDE900040B48CDE9A9
:107B60000345FCF719FF4FF400400294CDE90004EF
:107B700007486946CDE90345FCF70EFF07B030BD65
:107B800000000140E044025800100258000402586E
:107B90000000025870B5044690F83C00002501280A
:107BA0000BD0012084F83C000C2A1ED007DC82B1E7
:107BB000042A12D0082A06D113E0022070BD102A30
:107BC00017D0142A19D00125002084F83C0028463B
:107BD00070BD206803F0B8F8F6E7206803F006F9F6
:107BE000F2E7206803F04EF9EEE7206803F096F91B
:107BF000EAE7206803F0CEF9E6E7206803F004FA2C
:107C0000E2E700002DE9F0410D00174604464FF071
:107C1000000610D0042D15D0082D1AD00C2D1FD021
:107C2000102D24D094F84300022827D094F8430064
:107C3000012826D07DE094F83E0002281ED094F85A
:107C40003E00F5E794F83F00022817D094F83F0073
:107C5000EEE794F84000022810D094F84000E7E7DF
:107C600094F84100022809D094F84100E0E794F824
:107C70004200022802D094F84200D9E70220BDE871
:107C8000F081A7B39BB33B494FF002003A4ADFF8BB
:107C9000ECC055B1042D19D0082D29D00C2D38D0A9
:107CA000102D48D084F8430047E084F83E00606A15
:107CB000C1633946606A0264606AC0F84CC02268D9
:107CC000606A3432FBF76CFE88B939E084F83F0013
:107CD000A06AC1633946A06A0264A06AC0F84CC0B9
:107CE0002268A06A3832FBF75BFE00B92DE020E085
:107CF00084F84000E06AC1633946E06A0264E06AE1
:107D0000C0F84CC02268E06A3C32FBF749FE80B9FB
:107D100020E084F84100206BC1633946206B026487
:107D2000206BC0F84CC02268206B4032FBF738FE55
:107D3000A8B10120A3E784F84200012630469EE75F
:107D40002068C16841F400710DE02068C16841F409
:107D5000806108E02068C16841F4006103E02068A8
:107D6000C16841F48051C16020680122294602F0B7
:107D700069FFE3E75FAC1208BDAC1208F5AC12086E
:107D8000134A10B50168126891421CD1007F012886
:107D900019D1104890F8F510552914D10E4C61787E
:107DA000890702D4A17889070DD590F8F6005528E7
:107DB0000AD02078002806D102F004FB207820F0B9
:107DC0000C00001D207010BDBDE8104002F042BB49
:107DD0005C0E00242C0600245800002410B504007A
:107DE00003D094F83D0010B107E0012010BD002041
:107DF00084F83C00204600F023F8022084F83D007F
:107E00002068211D02F0B8FE012084F8480084F8A3
:107E10003E0084F83F0084F8400084F8410084F874
:107E2000420084F8430084F8440084F8450084F854
:107E3000460084F8470084F83D00002010BD000093
:107E40002DE9F84F016807463A48B1F1804F11D04B
:107E5000394A914256D1016841F00201016000683F
:107E60000022052100F0020000901D20FDF796FA87
:107E70001D2058E0016841F0010101600068002602
:107E80002E4D4FF4806900F00100009005F10C01C7
:107E90004FF040084FF4805A4FF0120C4FF4804BD3
:107EA000C5F8088081E8400EEE6128462E62244C19
:107EB0006E62C5E9004CFBF791FB08B1F9F7A4FA33
:107EC0001E4C4FF0140C7D627834AF6304F10C004B
:107ED0001B4BC4F80880183380E8400EE66120464A
:107EE00026626662C4E9003CFBF778FB08B1F9F74B
:107EF0008BFAFC6200220521A7631C20FDF74EFAD5
:107F00001C2010E00F4A914211D1016841F0040198
:107F1000016000680022052100F0040000901E208E
:107F2000FDF73CFA1E20BDE8F84FFDF72ABABDE880
:107F3000F88F0000E844025800040040A80E002416
:107F4000400402400008004070B504464FF00202B1
:107F50004FF0000569B1042916D008295BD00C291F
:107F600064D0102969D094F8430001286CD0012016
:107F700070BD94F83E000128F9D184F83E202068B5
:107F8000C26842F0020209E094F83F000128EED1F5
:107F900084F83F202068C26842F00402C260206872
:107FA000012202F04FFE2E4920682E4A2E4B8842B5
:107FB00009D0904207D0984205D02C4EB04202D052
:107FC0002B4EB04203D1466C46F40046466420680E
:107FD000884212D0B0F1804F0FD0264988420CD091
:107FE0002549884209D02549884206D0904204D0CC
:107FF0002349884201D0984207D18168214A114023
:10800000062906D0B1F5803F03D0016841F0010197
:108010000160284670BD94F840000128A7D184F87B
:1080200040202068C26842F00802B7E794F8410097
:1080300001289CD184F8412008E094F842000128EE
:1080400095D184F8422003E084F843200C2901D024
:108050000125DEE72068C26842F010029EE70000BA
:108060000000014000040140004001400044014084
:10807000004801400004004000080040000C00409F
:10808000001800400700010030B5002204460068D7
:108090000D4602F0D7FD41F21111224B20688A10E3
:1080A00098420BD0204B984208D0204B984205D0E4
:1080B0001F4B984202D01F4B984209D1036A0B42D2
:1080C00006D1036A134203D1436C23F40043436493
:1080D0002068036A0B4206D1016A114203D101688C
:1080E00021F0010101604FF001005DB1042D0CD0C1
:1080F000082D0DD00C2D0ED0102D0FD084F843007C
:10810000002030BD84F83E00FAE784F83F00F7E72E
:1081100084F84000F4E784F84100F1E784F8420075
:10812000EEE7000000000140000401400040014073
:10813000004401400048014070B5044690F83C00FE
:1081400000260D4601280BD0012084F83C000C2AA3
:108150004AD007DC82B1042A20D0082A06D131E0B7
:10816000022070BD102A53D0142A63D001260020AB
:1081700084F83C00304670BD206802F0E5FD2068C0
:10818000816941F0080181612068816921F0040161
:10819000816120682A698169114311E0206802F039
:1081A00025FE2068816941F4006181612068816950
:1081B00021F48061816120682969826942EA012194
:1081C0008161D4E7206802F05DFE2068C16941F05A
:1081D0000801C1612068C16921F00401C161206802
:1081E0002A69C169114311E0206802F097FE2068F6
:1081F000C16941F40061C1612068C16921F48061F5
:10820000C16120682969C26942EA0121C161AEE702
:10821000206802F0BFFE2068416D41F00801416511
:108220002068416D21F00401416520682A69416D93
:10823000114311E0206802F0E7FE2068416D41F42F
:10824000006141652068416D21F4806141652068CD
:108250002969426D42EA0121416588E710B50400B1
:1082600003D094F83D0010B107E0012010BD0020BC
:1082700084F83C00204600F023F8022084F83D00FA
:108280002068211D02F078FC012084F8480084F861
:108290003E0084F83F0084F8400084F8410084F8F0
:1082A000420084F8430084F8440084F8450084F8D0
:1082B000460084F8470084F83D00002010BD00000F
:1082C00008B500680649884208D10648016841F0AF
:1082D00001010160006800F00100009008BD00008D
:1082E00000000140F04402580C4910B504460068F3
:1082F0000968884211D1207F012804D10022C103DE
:108300000748FCF764FC207F042806D10022BDE862
:10831000104001020348FCF75ABC10BDC40D0024F4
:1083200000000258000402587047000010B50849C8
:1083300004460068884201D1FCF736FF05492068F1
:108340000968884203D1BDE8104006F0F5BE10BDB3
:1083500000100040C40D0024704730B590F8841020
:10836000012918D0012280F884202421C0F8881027
:108370000022202401680B680D6823F0005325F0CB
:1083800001050D60426601680B60C0F8884080F806
:108390008420104630BD022030BD10B50446D0F810
:1083A0008C00202801D0022010BD61B15AB10123F8
:1083B000E36600202067204603F060FC0028F3D12C
:1083C000E16E012901D0012010BD22681021116247
:1083D000226852E8001F41F0100142E80013002B10
:1083E000F6D110BD0F4AF0B400681268904216D161
:1083F0000D4A00200D4C4FF4967509E01388AB42EE
:1084000008D21388265C5F1C17801344401C1E7121
:108410008842F3D301209070F0BCF8F79BBFF0BC0A
:108420007047000004120024FC040024D81000242B
:10843000704770B5044690F8840001281DD00122D1
:1084400084F884202420C4F8880020680568026825
:1084500022F0010202602068826822F060620A4312
:108460008260204602F00AFE22682021002015606A
:10847000C4F8881084F8840070BD022070BD70B507
:10848000044690F8840001281DD0012284F884203D
:108490002420C4F8880020680568026822F00102E0
:1084A00002602068826822F060420A4382602046AF
:1084B00002F0E4FD2268202100201560C4F8881035
:1084C00084F8840070BD022070BD704770470000C2
:1084D000044900680968884203D102210162F8F763
:1084E00039BF7047041200242DE9F04107680025C8
:1084F000044640F60F030226F8693968BA68184244
:108500000AD183067ED501F0200302F0805C53EA95
:108510000C0377D0616F7EE1D44BDFF854C3134076
:1085200001EA0C0C53EA0C0C6CD05FEAC07C0CD056
:108530005FEAC15C09D54FF0010CC7F820C0D4F840
:10854000907047F00107C4F89070870709D5D707E6
:1085500007D027683E62D4F8906046F00406C4F85D
:10856000906046070AD5D60708D0276804263E62E1
:10857000D4F8906046F00206C4F8906006070CD567
:1085800001F020061E4308D0266808233362D4F881
:10859000903043F00803C4F8903003050BD54B012D
:1085A00009D526684FF400633362D4F8903043F065
:1085B0002003C4F89030D4F89030002B3DD08006D2
:1085C00009D501F0200002F08051084303D0616F0B
:1085D00009B1204688472168D4F890008968490687
:1085E00002D410F0280F2AD0204602F0C7FE2068DF
:1085F000806840061ED52068083050E8001F21F032
:10860000400100E021E040E80012002AF3D1D4F854
:10861000800078B197490165D4F88000FAF724FB0F
:1086200000280AD0D4F88000016D00E02046BDE8A3
:10863000F04108472046FFF74BFFBDE8F081204698
:10864000FFF746FFC4F89050F7E7D4F86CC020233A
:10865000BCF1010F7ED15FEAC06C7BD55FEAC16CD3
:1086600078D51020386220688068400673D5D4F829
:10867000802081491068884234D07F49183188426F
:1086800030D07D49303188422CD07B4948318842F6
:1086900028D079496031884224D07749783188429E
:1086A00020D07549903188421CD07349A831884246
:1086B00018D07249884215D070491831884211D0BB
:1086C0006E49303188420DD06C494831884209D01A
:1086D0006A496031884205D068497831884201D0C2
:1086E0006649903140684FF480770004000C40D018
:1086F000B4F85C1081423CD9A4F85E00D069B8425D
:108700002FD0216851E8000F20F4807041E800026A
:10871000002AF6D12068083050E8001F21F001013E
:1087200040E80012002AF5D12068083050E8001F08
:1087300021F0400140E80012002AF5D1C4F88C3045
:10874000E566206850E8001F21F0100140E80012A3
:10875000002A01E04AE019E0F3D1D4F88000FAF7EA
:10876000D3F82667B4F85C00B4F85E10401A81B202
:1087700008E0B4F85C1081427FF466AFD069B8427B
:10878000FAD126672046FFF72DFE56E7B4F85C00C5
:10879000B4F85E10B4F85E20401A81B2002AF4D01A
:1087A0000029F2D0226852E8000F20F4907042E8CD
:1087B0000007002FF6D1324F206800F1080050E882
:1087C000002F02EA070240E8002CBCF1000FF3D1B1
:1087D000C4F88C30E5666567226852E8000F20F027
:1087E000100042E80003002BF6D1CAE7C60209D503
:1087F000560207D54FF4801038622046BDE8F0419C
:10880000FFF764BE06060AD501F0800602F40002F6
:10881000164304D0A16F00297FF408AF0DE742068C
:1088200011D54A060FD52046016851E8002F22F0E5
:10883000400241E80024002CF6D1C0F8883085675A
:1088400000F082F9F9E6020206D54A0004D5204676
:10885000BDE8F041FFF739BEC00196D5002994DA92
:108860002046BDE8F041FFF7E3BD00000100001025
:108870002001000433B2120810000240100402402C
:10888000FEFFFFEF10B5040003D0D4F8880010B14C
:1088900007E0012010BD002084F88400204600F08D
:1088A00027F82420C4F888002068016821F001011D
:1088B0000160A06A10B1204602F002FC204603F0DD
:1088C00007F80128E6D02068416821F49041416012
:1088D0002068816821F02A0181602068016841F0E8
:1088E000010101602046BDE8104002F04DBC0000CF
:1088F0002DE9F041B6B00746142130A8F7F796FDF0
:10890000C0216846F7F792FD4A49022538680024DD
:10891000474E4FF0070888425ED100201F94012186
:10892000CDE900106846FDF7F3F808B1F8F76CFDE3
:108930003F481030016841F010010160006800F00C
:1089400010003590306840F00100306030684FF41E
:10895000C061309130A900F00100CDE93154339469
:10896000CDE934803448FCF717F8344E29223449D5
:108970004FF48068304686E81600C6E90348746103
:10898000B461F46134627462FAF728FE08B1F8F752
:108990003BFD2A4D2A222A4940237835C7F88060BA
:1089A0001831B763284685E81E016C61AC61EC6143
:1089B0002C626C62FAF712FE08B1F8F725FDFD672C
:1089C00000220521AF632520FCF7E8FC2520FCF7F9
:1089D000D8FC36B0BDE8F0811A498842F9D10020B0
:1089E0001E940221CDE900106846FDF791F808B108
:1089F000F8F70AFD0E480830016841F400310160C3
:108A0000006800F400303590306840F008003060B5
:108A100030686021309130A900F00800CDE9315470
:108A20003394CDE934800848FBF7B6FFD1E7000066
:108A3000E044025800100140000002582C130024AA
:108A40001004024000440040000C025830B4D0F83A
:108A50008C30202B02D0022030BC7047A9B1A2B1CB
:108A60000B4D00240368C466AB420BD05B681B024D
:108A700008D5046854E8003F43F0806344E80035BB
:108A8000002DF6D130BC03F04DB90120E4E7000021
:108A9000000C0058054900680968884204D104495F
:108AA00001220248FFF7D2BF70470000981200244D
:108AB000BC0000247047000070B50446D0F8880060
:108AC000202801D0022070BD39B332B3E06F0023FB
:108AD00021652125A4F85420A4F85620C4F890302C
:108AE000C4F88850D8B11549C163E16F14480864CF
:108AF000E16F1448C864E06F036513462068E56FB2
:108B000000F12802216D2846FAF74AFF38B11021FA
:108B1000C4F890102020C4F88800012070BD21689E
:108B2000402008622068083050E8001F41F08001B2
:108B300040E80012002AF5D1002070BD33B31208BE
:108B400073B3120843B2120870477047FEE7000083
:108B50001E4810B51E491F4C006E884227D900EEF2
:108B6000100AFBEE0E0A201D30EEC00A80ED050A49
:108B700005F0A2FEDFED180A184980EE201A94EDE8
:108B8000000A31EE000A10EE100A84ED000A884255
:108B900001DDC4ED000A94ED000ABDE81040104864
:108BA0000021BCEEC00A10EE102A01F0B1BC002278
:108BB0000B48114601F0ACFC0648001D01F038F9E5
:108BC0009FED080A84ED000A10BD00004E07002446
:108BD0000000F0C1240000240000C8420000C84288
:108BE000780D00240000000001688A69D2439207D2
:108BF00001D400228A6200688169C943C90703D091
:108C0000816941F001018161704700002DE9F04761
:108C1000044600680026894617464FF0200835466E
:108C20008169C90641D51021C1612FE0B9F1FF3F2B
:108C30002CD0FBF7D7FFC11B494502D8B9F1000F73
:108C400024D12068426894F84210836902F480427B
:108C5000DB431B0415D4B2F5804F12D0202910D06D
:108C6000416841F480414160FBF7BCFF074608E0E2
:108C7000FBF7B8FFC01B192803D9012645F02005D2
:108C800004E020688069C0438006F1D420688069D0
:108C9000C043800602D5002EC8D003E016B9216873
:108CA000C1F81C80012645F0040521688869C205C9
:108CB00005D54FF48072CA6145F0010501264105D2
:108CC0000AD5216880054FF4806245F00805CA6125
:108CD0004FF0010602D40AE0800507D5206801267E
:108CE0004FF4007145F00205C16100E08EB12046ED
:108CF000FFF77AFF20680021074F43683B4043603D
:108D0000606C2843606484F8418084F8421084F8E1
:108D100040103046BDE8F08700E800FE2DE9F8433A
:108D20000446164817461E46DAB20090C302204693
:108D3000DDE9089800F024F842464946204600F054
:108D4000F5F8B8B9012EFDB208D02068390A816261
:108D500042464946204600F0E9F858B92068856245
:108D6000002280214B462046CDF8008000F020F8FC
:108D7000002800D00120BDE8F8830000002000801A
:108D800070B50068C1F3090141EA0241074D049C36
:108D900019434FF480664268214306EA54532B433B
:108DA0009A4321F000410A43426070BDFF63FF0314
:108DB0002DE9F0411D4617460E460446DDF81880A1
:108DC00028E0424629462046FFF720FF10B1012047
:108DD000BDE8F081681C1DD0FBF704FFA0EB080084
:108DE000A84200D8B5B92068806936EA00000FD0E3
:108DF0000020B8420ED1626C002084F8400020218F
:108E000042F02002626484F8411084F84200DEE7F8
:108E10000120EEE72068806936EA000004D00020D7
:108E2000B842CED00020D3E70120F9E72DE9F04782
:108E30000026914620278846044635463DE04A46AE
:108E400041462046FFF7E2FE00B101252068816916
:108E5000C943890619D4C5B981698169C943C9065D
:108E600012D41021C16104221949626401252068CD
:108E7000C761206842680A40426084F8417084F803
:108E8000426084F8406000E06664FBF7ABFEA0EB54
:108E90000901414502D8B8F1000F0ED16DB9206823
:108EA0008069C043400708D5606C012584F84060A4
:108EB00040F02000606484F8417020688069C043FD
:108EC000400701D5002DBAD02846BDE8F087000044
:108ED00000E800FE70B516460D4604461FE0324617
:108EE00029462046FFF792FE08B1012070BDFBF72E
:108EF00079FE801BA84200D88DB920688069C043E4
:108F000080060CD5626C002084F84000202142F0DD
:108F10002002626484F8411084F84200E5E720688A
:108F20008069C0438006DAD4002070BD70B5164653
:108F30000D46044621E0324629462046FFF766FEEC
:108F400008B1012070BD681C17D0FBF74BFE801BD9
:108F5000A84200D88DB920688069C04380070CD52D
:108F6000626C002084F84000202142F020026264FC
:108F700084F8411084F84200E3E720688069C04328
:108F80008007D8D4002070BD0146C003C00B4FF04D
:108F9000000005D14914A1F580610F2900D80120F6
:108FA0007047000070B5044608785525AA28B1F826
:108FB00005001AD18A78C2B94A78022A15D1B1F8C7
:108FC000032092B190420ED000EE102AB2EE041BA4
:108FD0002046A1F80520B8EE400B80EE012BB7EE3D
:108FE000C20B00F02BFFAA2511E080B10B482044F2
:108FF000407880070BD4002620469FED090AA1F88F
:10900000056000F01BFF074904EB84000E5429465D
:109010002046BDE8704000F08BBF000058000024DF
:10902000000000008902002400EBC000074A55231D
:1090300000EB4000002113541044827842F00102FA
:109040008270A0F80510A0F8031070472C060024C9
:109050008068C0F3C00070478068C0F3800070472C
:109060008068C0F380007047C06810F4406F01D082
:1090700000207047012070470C4B60B101280DD0D3
:109080000B4B02280DD003280FD10A464FF40041A4
:109090001846FBF79CBD0A460821F9E70A4610214D
:1090A000F6E70A464FF48041F2E770470010025895
:1090B0000008025810B500240721E0B200F012F8B1
:1090C0000021E0B200F00EF840F002020021E0B210
:1090D00000F03AF80721E0B200F004F8641C042C18
:1090E000EAD310BD3EB505460C4600200121019093
:1090F0002846FFF7C1FF00212846FFF7BDFFC82122
:10910000009104F07F008DF804000648022302AAB3
:1091100001A9FEF721F901212846FFF7ADFF9DF8CF
:1091200009003EBDF00C002470B500240546002166
:109130002A46E0B200F008F80021E0B2FFF7D2FFC3
:10914000641C042CF3D370BDF8B515460C46012100
:109150000646FFF791FF00213046FFF78DFF44F0F0
:1091600080008DF8000007482C43C823694602227E
:109170008DF80140FDF7CEFF01213046FFF77CFF5F
:10918000F8BD0000F00C002430B58BB00024684618
:109190001C21079408940994F7F748F92F484FF4D5
:1091A000101201212C4B04250561C0E90032C0E9F1
:1091B00002410475032241750B0385610477446203
:1091C000C0E90A42C0E90C3480F83840C163F9F7BD
:1091D000FDF808B1F8F718F9204807A90794F8F73F
:1091E000A9FC08B1F8F710F906201D4940F2FF72FA
:1091F000CDE90010CDE9020218486946CDE90454D2
:109200008DF81940F8F72AFD08B1F8F7FDF80C21A0
:109210001448CDE9000111486946F8F71FFD08B16F
:10922000F8F7F2F812211048CDE900010B48694621
:10923000F8F714FD08B1F8F7E7F818210B48CDE965
:10924000000106486946F8F709FD002801D0F8F743
:10925000DBF80BB030BD0000002002409C08002469
:1092600000002143000052470040C03A0080F03E19
:1092700070B588B01C216846F7F7D8F84448002438
:10928000424A042501214FF4101302600822C0E96C
:109290000134C0E903150475032341750E0382618F
:1092A00004774462C0E90A43C0E90C6480F838409E
:1092B000C163F9F78BF808B1F8F7A6F8062035492D
:1092C00040F2FF72CDE90010CDE902023048694654
:1092D000CDE904548DF81940F8F7C0FC08B1F8F74F
:1092E00093F80C212C48CDE9000129486946F8F78C
:1092F000B5FC08B1F8F788F812212848CDE900013B
:1093000023486946F8F7AAFC08B1F8F77DF8182158
:109310002348CDE900011E486946F8F79FFC08B1D3
:10932000F8F772F84FF480711E48CDE90001184833
:109330006946F8F793FC08B1F8F766F84FF48371C3
:109340001948CDE9000112486946F8F787FC08B1D1
:10935000F8F75AF84FF486711448CDE900010C482B
:109360006946F8F77BFC08B1F8F74EF84FF48971BD
:109370000F48CDE9000106486946F8F76FFC002860
:1093800001D0F8F741F808B070BD0000002102409C
:10939000000900240000844B0000B84F0800900C26
:1093A0008000501D1000C010000180210002B02577
:1093B0002000F01470B588B01C216846F7F736F825
:1093C0002A480024284A012504264FF4101104C01D
:1093D0002A0380E872000474032145744661047610
:1093E0000462C0E90941C0E90B2480F83440856378
:1093F000001FF8F7EBFF08B1F8F706F806201C4944
:1094000040F2FF72CDE90010CDE90202174869462B
:10941000CDE904648DF81940F8F720FC08B1F7F79E
:10942000F3FF0C211348CDE9000110486946F8F715
:1094300015FC08B1F7F7E8FF12206946CDE90050A6
:109440000A48F8F70BFC08B1F7F7DEFF18210A48C5
:10945000CDE9000105486946F8F700FC002801D075
:10946000F7F7D2FF08B070BD00600258640900240D
:109470000004002A0008302E02003004254808B5F8
:10948000016841F001010160016801F001010091F2
:10949000016841F00201016000680022052100F02E
:1094A000020000900B20FBF779FF0B20FBF769FF10
:1094B000002205210C20FBF771FF0C20FBF761FF58
:1094C000002205210D20FBF769FF0D20FBF759FF56
:1094D000002205213820FBF761FF3820FBF751FF00
:1094E000002205213920FBF759FF3920FBF749FFFE
:1094F000002205213A20FBF751FF3A20FBF741FFFC
:10950000002205213B20FBF749FFBDE808403B2036
:10951000FBF737BFD84402582B480421F0B5294F38
:10952000002489B0846007601422C4601B23047483
:109530000225447401268474C361C0E90521C0E991
:10954000081200F13002C0E90A1382E85200C0E9B3
:109550000F45C0E91114C0E91314C0E91514C0E99E
:109560001745C0E91941FAF797FE08B1F7F74CFF24
:1095700002A901944FF4926081E87000CDE90504DE
:10958000114801A9FAF7D2FB08B1F7F73DFF022213
:109590000D48002311460094FAF707FC08B1F7F7CD
:1095A00033FF094800220121FAF748FB08B1F7F719
:1095B0002BFF0548FAF7E7FF002801D0F7F724FF53
:1095C00009B0F0BD00A00040300B0024094810B5E0
:1095D00005F088F8084CE0600648103005F082F885
:1095E000044A0021206105486C3A05F0B3F8206078
:1095F00010BD0000FC0813086000002491A51208AB
:109600002DE9F04F87B014216846F6F70FFF564852
:10961000016841F010010160016801F0100105913D
:10962000016841F004010160016801F00401059145
:10963000016841F080010160016801F0800105913D
:10964000016841F001010160016801F0010105912B
:10965000016841F002010160016801F00201059119
:10966000016841F008010160006840F21B16DFF854
:10967000FC90002200F00800314605904846FBF7B8
:10968000A6FADFF8ECA000224CF240115046FBF79E
:109690009EFADFF8E0B045F23837002239465846E6
:1096A000FBF795FA48F28008334800224146FBF761
:1096B0008EFA00240096012569464846CDE90154FA
:1096C0000394FBF769F94FF441400090CDE9015450
:1096D000694650460394FBF75FF94FF488166946D4
:1096E000E8020294CDE900065846FBF755F90097C9
:1096F0006946CDE9015458460394FBF74DF9CDF87E
:1097000000806946CDE901541B480394FBF744F9F6
:1097100040206946CDE90005CDE902545046FBF7EB
:109720003BF903206946CDE9000613480294FBF794
:1097300033F9002205210620FBF730FE0620FBF757
:1097400020FE002205210720FBF728FE0720FBF75B
:1097500018FE002205212820FBF720FE2820FBF719
:1097600010FE07B0BDE8F08FE04402580010025828
:109770000008025800040258000C02581348002147
:1097800010B5114C0123124A0460C0E90121C0E95F
:10979000033141618161C1610162FBF77FFA08B168
:1097A000F7F732FE09480021FBF722FA08B1F7F774
:1097B0002BFE06480021FBF747FA002803D0BDE83E
:1097C0001040F7F721BE10BD00540040140C0024D7
:1097D000EE3A30704FF0804215482DE9F0411311F8
:1097E000124C00211512C0E90513C0E9072141629E
:1097F000072781624FF4C026C1624FF0007CC0E9A8
:109800000D21C163016441648164C16401654165E6
:10981000816580E8F010FDF751FB002803D0BDE81A
:10982000F041F7F7F1BDBDE8F081000000380040DD
:10983000680C00242DE9F041164807264FF08042BD
:10984000DFF84CC00021551105611311C0E9021663
:10985000C0E907214162171281629411C162C0E917
:109860000D21C163016441648164C1640165416586
:109870008165C0E90543C0E900C7FDF71FFB00286B
:1098800003D0BDE8F041F7F7BFBDBDE8F0810000AF
:1098900000340140F00C002410B596B000241C21C7
:1098A0000BA8129413941494F6F7C0FD2C2168466B
:1098B000F6F7BCFD2248EF2220494FF6FF7380E8FF
:1098C0001600C0E9033444618461FEF7C7FC08B1A7
:1098D000F7F79AFD1A4812A9129413941494FDF7FD
:1098E0003BFF08B1F7F790FD6020CDE90B04144869
:1098F00000220BA90D940E940F9410941194FEF76E
:109900001BFC08B1F7F780FD4FF400500094019460
:1099100001030294CDE9044003940694CDE9074184
:109920000748694609940A94FDF7C6FE08B1F7F79F
:109930006BFD0348FEF7D8F816B010BD00000140DB
:10994000780D002410B58AB0002468461C210794C5
:1099500008940994F6F76AFD1948611E17224FF022
:109960008043C0E9024104618461C0E90032FEF72E
:1099700035FA08B1F7F748FD114807A9079409948B
:10998000FDF7EAFE08B1F7F73FFD3020049402210D
:109990000291CDE900040A4800226946FEF7FAF870
:1099A00008B1F7F731FD064808226946FEF7F2F8DC
:1099B00008B1F7F729FD0248FEF796F80AB010BD86
:1099C000C40D002410B58AB0002468461C210794F9
:1099D00008940994F6F72AFD15484FF6FF71EF2217
:1099E000124BC0E9024104618461C0E90032FEF714
:1099F000F5F908B1F7F708FD0D4807A90794099490
:109A0000FDF7AAFE08B1F7F7FFFC02200094002240
:109A10006946CDE9014006480494FEF7BBF80028EA
:109A200001D0F7F7F1FC0AB010BD000000040040BF
:109A3000100E002410B58AB0002468461C2107943B
:109A400008940994F6F7F2FC18484FF6FF71EF22DC
:109A5000154BC0E9024104618461C0E90032FEF7A0
:109A6000BDF908B1F7F7D0FC104807A9079409948D
:109A7000FDF772FE08B1F7F7C7FC0C4800226946F3
:109A80000094019402940494FEF784F808B1F7F767
:109A9000BBFC064804226946FEF77CF8002801D08A
:109AA000F7F7B2FC0AB010BD000800405C0E0024BD
:109AB000194800212DE9F041164A0C24C0E905415E
:109AC000C1614FF461230162951441625614171568
:109AD000816280E8EC00FEF7D5FE08B1F7F794FC50
:109AE0000D480021FEF7CBFC08B1F7F78DFC0A48C2
:109AF0000021FEF79EFC08B1F7F786FC0648FEF74A
:109B00002CFC002803D0BDE8F041F7F77DBCBDE890
:109B1000F0810000001001400412002418480021C8
:109B200010B5164C0C224FF4E1330460C0E901314A
:109B3000C160C0E904128161C16101624162816258
:109B4000FEF7A0FE08B1F7F75FFC0D480021FEF715
:109B500096FC08B1F7F758FC09480021FEF769FCAC
:109B600008B1F7F751FC0648FEF7F7FB002803D0D1
:109B7000BDE81040F7F748BC10BD000000440040AD
:109B80009812002470B501210446FFF7ABFAC50115
:109B900020460221FFF7A6FA45EA50002146BDE81B
:109BA000704003F007BCFEE7FEE7F0B5B1B0C0219E
:109BB0006846F6F73BFC002304240A254FF40822EC
:109BC0008DE83C0002202993C026049002071C92D5
:109BD00020270590CDE90606CDE908736846FBF716
:109BE00097FF002801D072B6FEE731B0F0BD00004B
:109BF0002DE9F047454D044689464FF0000A286894
:109C0000C04380070AD0414E283E306820F0806073
:109C10003060FAF7E7FF0746B04608E00120BDE8EC
:109C2000F08700BFFAF7DEFFC01B022867D8D8F81C
:109C300000000001F6D4206829684FF4FE0721F4E3
:109C40007C313E0241EA00302860207AA389B4F8D2
:109C500004C040022D4D2D495B1E227CACF1010C4D
:109C60001035091DA0F5007080B2521ECCF3080C0F
:109C700007EA034340EA0C00184306EA0262104375
:109C800028600868626920F0C000104308600A6814
:109C9000A06922F0200202430A60281D0A6822F00F
:109CA00010020A6002684FF6F873E4699A4342EAC8
:109CB000C40202600868B9F1000F40F010020A60A7
:109CC00011D00868B9F1010F11D040F400100860FC
:109CD000D8F80000444640F08060C8F80000FAF769
:109CE00081FF05460DE0086840F40020EFE740F4EE
:109CF0008010ECE7FAF776FF401B022801D9032019
:109D00008DE720680001F5D5504688E728440258C1
:109D10002DE9F047454D044689464FF0000A286872
:109D2000C04380070AD0414E283E306820F0805062
:109D30003060FAF757FF0746B04608E00120BDE85B
:109D4000F08700BFFAF74EFFC01B022867D8D8F88B
:109D500000008000F6D4208829684FF4FE0721F027
:109D60007C713E0241EA00502860207AA389B4F851
:109D700004C040022D4D2D495B1E227CACF1010C2C
:109D80001835091DA0F5007080B2521ECCF3080CE6
:109D900007EA034340EA0C00184306EA0262104354
:109DA00028600868626920F44060104308600A680F
:109DB000A06922F4007202430A60281D0A6822F496
:109DC00080720A6002684FF6F873E4699A4342EAC7
:109DD000C40202600868B9F1000F40F480720A60A2
:109DE00011D00868B9F1010F11D040F080700860FF
:109DF000D8F80000444640F08050C8F80000FAF758
:109E0000F1FE05460DE0086840F48000EFE740F4FD
:109E10000000ECE7FAF7E6FE401B022801D9032018
:109E20008DE720688000F5D5504688E72844025821
:109E300000214161C16001617047000000EBC00278
:109E40001A4902EB42021144D1F80F20D1F80B104D
:109E500000EE902A01EE101A40EE010AF5EEC00A5B
:109E6000F1EE10FA01D2DFED120A9FED120AB0EE08
:109E7000041B9FED112B20EE800A9FED113BB7EEE6
:109E8000C00A80EE014B24EE020B20EE030BBCEE69
:109E9000C00B10EE101A8AB228B1012805D1032197
:109EA0000120F6F757BF0221FAE770472C0600247D
:109EB0000000000000FF7F47FA7E6ABC7493683F91
:109EC0000000000000004940B5EEC00AF1EE10FAB3
:109ED00001D29FED110ADFED110AB0EE042B9FEDC8
:109EE000103B20EE200A9FED101BB7EEC00A80EE5B
:109EF000024B24EE030B20EE010BBCEEC00B10EE68
:109F0000101A8AB228B1012805D105210120F6F7DF
:109F100021BF0421FAE770470000000000FF7F47DF
:109F2000FA7E6ABC7493683F00000000000049405C
:109F30002DE9F05F06465A4A5A48AA2906EB8607D9
:109F4000DFF864B102EB06044FF0010A00EB4705AD
:109F50004FF000081AD06979814600296AD006F0CE
:109F6000F1FAD5F80610401AC8280DD34FF00102B7
:109F70004EB34E48802100BFFAF729FE85F80580D0
:109F8000607820F002006070BDE8F09F814610F814
:109F90001700D8B106F0D6FAD5F801104D46401A90
:109FA000B0F5FA6FF0D34FF000024EB13F48802178
:109FB000FAF70DFE05F81780607840F00200E2E73E
:109FC00008215846F4E708215846D5E74FF001022A
:109FD0008EB110215846FAF7FAFD607840F0010082
:109FE000607056B131488021FAF7ECFD40B119F8A4
:109FF000170040B118E02021ECE708215846F3E7AC
:10A0000009F8178010E04FF0010286B1274880213F
:10A01000FAF7DDFD627822F00202627009F817A0FB
:10A0200006F090FAC5F8010085F80580ACE7082134
:10A030005846EDE74FF00002A6B110215846FAF756
:10A04000C6FD607820F0010060706EB11748802175
:10A05000FAF7B8FD58B185F80580607820F0020065
:10A06000607017E02021E9E708215846F0E7687999
:10A0700080B94FF0000286B10C488021FAF7A7FDA5
:10A08000617841F00201617085F805A006F05AFA86
:10A09000C5F8060009F8178076E708215846EDE76D
:10A0A000580000249302002400040258000C0258B7
:10A0B00070B5104D04004FF0010216D00E488021FB
:10A0C000FAF785FD0D48002C4FF00002044460783B
:10A0D00020F0020060700BD010212846FAF777FDBF
:10A0E000607820F00100607070BD08212846E7E725
:10A0F0002021F2E700040258000C02585800002406
:10A10000B7EEC02A9FED1B1B9FED1C3B9FED1D0B67
:10A110001E4A32EE412B82EE034B34EE412B02EE0F
:10A12000401BB7EEC10BB5EEC00AF1EE10FA02D239
:10A130009FED170A05E010EE101A914201DDB0EE16
:10A14000040ADFED140AB0EE041B20EE200AB7EE7D
:10A15000C00A80EE012BBCEEC20B10EE101A8AB2C0
:10A1600028B1012805D101210120F6F7F3BD002116
:10A17000FAE770479A9999999999E93F0000000088
:10A18000000042403333333333331B400000204060
:10A190000000000000FF7F47B5EEC00A10B5F1EEE9
:10A1A00010FA02DDF0EE400A01E0F1EE400A9FED08
:10A1B0002D1BB7EEE04AB2EE0C3BB7EE082B34EEA7
:10A1C000414B84EE035B35EE413B03EE421BF7EE61
:10A1D000C10BF5EEC00AF1EE10FA01D2DFED230A51
:10A1E0009FED232AB5EEC00AB0EE041BF1EE10FA83
:10A1F00020EE820A4FF6FF71B7EEC00A80EE012B07
:10A20000BCEEC20B10EE102A94B202DD22460C46C0
:10A2100000E00A4680B1012815D002281AD0032890
:10A220001FD107210020F6F795FD05212246BDE844
:10A2300010400020F6F78EBD02210020F6F78AFDBF
:10A2400000212246F3E706210020F6F783FD0421D2
:10A250002246ECE703210020F6F77CFD012122468F
:10A26000E5E710BD9A9999999999E93F0000000096
:10A2700000FF7F47AA29034630B40AD000220E4CC3
:10A280004BB1012B0AD00D4C022B0AD003280FD161
:10A290000BE00122F3E70221204609E001212046DC
:10A2A00006E04FF40071204602E04FF48071204632
:10A2B00030BCFAF78CBC00000010025800040258B1
:10A2C00010B5026840F26F335169946944F0080494
:10A2D00094610268946944F01004946102681468FF
:10A2E00024F001041460026814699C43146102683C
:10A2F000936823F44043936090F88120042A0CD0A3
:10A300008A060AD5D0F8842042F08002C0F8842062
:10A310000268936943F02003936190F88120032A37
:10A320000CD04A060AD5D0F8842042F00402C0F8C6
:10A3300084200268936943F0400393618A050AD53B
:10A34000D0F8842042F00102C0F8842002689369AA
:10A3500043F400739361C9050AD5D0F8841041F025
:10A360000801C0F8841001688A6942F480728A6129
:10A370000021A0F86210A0F86A1010BD2DE9F0418C
:10A380001C4616460D460746DDF818800AE000BF59
:10A39000FAF728FCA0EB0800A04202D3601C01D011
:10A3A0000BE054B13868406935EA000007D000205E
:10A3B000B042EDD00020BDE8F0810320FBE7012092
:10A3C000F6E700001548002110B5FDF75DFE1348C3
:10A3D0000821FDF759FE1148FDF7C8FA0F49002082
:10A3E0009FED0F1B0A6850620F480A68B0F8F7002B
:10A3F00000EE100AB8EE400B81EE002BBCEEC20B53
:10A4000010EE100A401ED062C860F6F7A7FB00F0FD
:10A410000DF8BDE810400148FDF762BAC40D0024F4
:10A4200000000000D01263412C060024074A0223DA
:10A430000748002110B5FDF7E5FB044A0223BDE8FB
:10A440001040083202480821FDF7DCBBAC000024B4
:10A45000C40D00242DE9F041284D2878002846D16C
:10A46000274C0021274AA2F5EA702388FDF7CAFB92
:10A47000DFF89480254E234F98F8F200AA2810D0D8
:10A4800030680022082100F0DDFB2088326807EBED
:10A49000800050F8041C6331D16250F8040C633022
:10A4A00018E0184A0821638818486032FDF7AAFBB3
:10A4B00021886288134807EB8101603000EB82003D
:10A4C00051F8041C50F8040C814200D90846316848
:10A4D0006330C862F0600D48FDF702FA98F8F500A5
:10A4E0005528287805D020F0300010302870BDE8BD
:10A4F000F08120F00300401CF8E700005800002421
:10A50000A8000024980F00242C060024C40D002469
:10A5100010B5C3686424006803F1010303FB02F370
:10A52000B3FBF4F249B1042909D0082909D00C2958
:10A5300009D0102909D0C26510BD426310BD8263E5
:10A5400010BDC26310BD026410BD826510BD000065
:10A55000044A0021044810B504F0FCF8034988605F
:10A5600010BD0000D808130845A61208600000249A
:10A57000044A0021044810B504F0ECF8034948608F
:10A5800010BD0000B4081308B9A51208600000242B
:10A5900003F0B2FF00F05EF8C120FEF7C5FDFEF744
:10A5A00089FD02F0D5FD05F08BF9F6F7D3FEFFF734
:10A5B000CFFF04F0CBF80000204A8AB0204C0226DE
:10A5C00002F11000099004F1360008905E3004900A
:10A5D000793802F11C09009004F1650A02F128089B
:10A5E00002F1340502F1080704F1C30B03F0FAFC91
:10A5F0000020DDE9081200F05DF901204A465146CD
:10A6000000F058F904990220424600F053F9032063
:10A610002A46594600F04EF966700020074A08495C
:10A620002677FEF7BFFC009901203A46FEF7BAFCF8
:10A63000FEF78EFA012004F019F8D7E74E07002440
:10A640002C06002402F0EEFC04F0CCF8012004F00B
:10A650000DF8F7E70B491C2210B501F1E000F8F7FF
:10A66000CFF808493822383101F58670F8F7C8F874
:10A6700004491C22BDE81040A83101F58070F8F7AC
:10A68000BFB80000BC0700244FF0E02010B50069FF
:10A6900005F04AFF012803D0BDE8104005F036BCA4
:10A6A00010BD000070B59CB04C216846F5F7BEFEA9
:10A6B000202113A8F5F7BAFE0220FAF7A1FE2148DF
:10A6C00000242149026842F44042026002680A689C
:10A6D00042F001020A60096801F001011B91016862
:10A6E0008904FCD5022000904025049501210391A6
:10A6F00004220B923C23CDE90904CDE90C300FABC9
:10A7000005260E960C2183E8130068461294FCF788
:10A7100013F908B172B6FEE708221A95CDE916259D
:10A72000D30113AA3F200321CDE9185382E8130077
:10A73000042113A8FBF7C2FE002801D072B6FEE781
:10A740001CB070BD184802582C0400583348F0B5AE
:10A75000334A016841F470010160106800F00F0095
:10A76000072804D2106820F00F00C01D10602D498A
:10A7700000202C4C10340B682B4D43F001030B6070
:10A7800020600B682B400B60136803F00F03072B4E
:10A7900004D9136823F00F03DB1D1360214C234AF7
:10A7A0001834234B261D371D20601E4C214D2834A4
:10A7B0003060261D3860371D23603B1D35601C1D31
:10A7C0003A60251D2E1D1860331D226028603260FE
:10A7D00018600A68134B184C22F4802260330A6018
:10A7E000186020686FF30F00B0F1005F03D21349C7
:10A7F0000120C1F808010B48D4300168C9040BD40A
:10A80000026843F2D2010E4B42F48052026019609A
:10A81000016821F480510160F0BD000088ED00E086
:10A8200000200052004402587FEDF6EA8002010148
:10A83000000202020000FF010010005C00800051D5
:10A8400000400052B0F90300B2EE041B00EE100A03
:10A850000968B0EE082BB8EEC04B00EE101A84EE7B
:10A86000013BB7EEC00A33EE021BB4EEC01BF1EEA3
:10A8700010FA01D20120704700207047B0F90300A0
:10A88000B2EE041B00EE100A0968B0EE082BB8EE19
:10A89000C04B00EE101A84EE013BB7EEC00A33EE57
:10A8A000421BB4EEC01BF1EE10FA01DD012070472F
:10A8B000002070472DE9F04792460C46054600F00F
:10A8C00093F83D4B0022207805EB850503F128061F
:10A8D000552803F1140702D172555A557A55705D07
:10A8E00030B101284FF003080DD002285AD12FE0D3
:10A8F0002078AA2856D10120705505F023FEA91909
:10A90000C1F801004EE051462046FFF79BFF20B9F9
:10A9100051462046FFF7B2FFB8B1274849F2E0316F
:10A92000283004F00EFF03283CD151462046FFF7A3
:10A9300089FF0028A07802D040F0020001E040F03A
:10A940000400A07006F805802CE00220705529E074
:10A9500051462046FFF776FF4EF6602958B116485B
:10A96000494604F0EEFE03281CD106F80580A078C5
:10A9700040F0020015E05A55A078514620F0020040
:10A98000A0702046FFF77AFF80B10B48494614308B
:10A9900004F0D7FE032805D106F80580A07840F022
:10A9A0000400A070785D6070BDE8F0877A55A078EB
:10A9B00020F00400F5E70000A80200244968094AD5
:10A9C00000EE101A02EB8000D0ED000AB0EEC00AD3
:10A9D000B4EEE00AF1EE10FA01DB0120704700202E
:10A9E00070470000080000242DE9F0410C4609786A
:10A9F00004F10F081646AA29054601D1A07880B1B6
:10AA000055212846FFF736FC00209FED4A0AC4F87E
:10AA10002B002846FFF7C0FB4046BDE8F041FFF79A
:10AA200007BAAA212846FFF725FC05F08BFD424F07
:10AA300057F82510401AC8287AD905F083FD47F841
:10AA40002500B4F90300B2EE041B00EE100A3168D1
:10AA5000B8EEC02B00EE101A82EE013BB7EEC00A32
:10AA600033EE400BB7EEC00B10EE100AC4F8230013
:10AA7000404603F021FFDFED310A80EE201A11EE8F
:10AA8000100AB0F1804F02DDB0EE001A06E011EEC0
:10AA9000100AB0F1404F01D9B8EE001A31462846ED
:10AAA000FFF78CFF70B1D4F82B1000EE101A70EE87
:10AAB000010AB0EEC00AF0EEE00AF4EEC00AF1EED0
:10AAC00010FA2CDC54F82B0F00EE100A30EE010ABD
:10AAD00010EE100A2060284603F0B0F8B7EEC01A56
:10AAE0009FED170B01F0CCFBB7EEC00B54F82B1900
:10AAF00001EE101AF1EE400AB4EEE01AF1EE10FA8F
:10AB000002D210EE900A08E000EE901AF4EEC00AAD
:10AB1000F1EE10FA03DD10EE100AC4F82B00D4F8A1
:10AB20002B0000EE100A2846BDE8F041FFF734BBC9
:10AB3000BDE8F08100000000E40200240000C842EB
:10AB400000000000008033400148FCF729BF0000EE
:10AB5000C40D00240148FCF723BF0000100E0024A0
:10AB60000148FCF71DBF00005C0E00240148FCF703
:10AB700017BF00001C1400242DE9F047294B4FF0AB
:10AB8000804A294D02689842284E294F294C09D005
:10AB9000504507D0A84205D0B04203D0B84201D0FA
:10ABA000A04205D1D1F804C022F070024CEA0202A2
:10ABB000DFF884C0DFF884809842DFF884900FD0FB
:10ABC00050450DD0A8420BD0B04209D0B84207D0B2
:10ABD000A04205D0604503D0404501D0484503D18F
:10ABE000CD6822F440722A438E684D6922F08002BB
:10ABF000C6620E682A439842866207D0A04205D0FA
:10AC0000604503D0404501D0484501D10969016341
:10AC10000368012143F00403036041610260BDE861
:10AC2000F0870000000001400004004000080040E0
:10AC3000000C00400004014000400140004401407D
:10AC40000048014010B5046A012301F01F018B4048
:10AC50009C4304628A40016A1143016210BD10B531
:10AC6000846B0121626A824205D12177C069F8B9FB
:10AC700084F83E101CE0A26A824206D102222277AA
:10AC8000C069A8B984F83F1012E0E26A824206D196
:10AC900004222277C06958B984F8401008E0226B7A
:10ACA000824205D108222277C06908B984F8411090
:10ACB0002046FDF719FB0020207710BD10B5846BEE
:10ACC000616A814201D101200DE0A16A814201D176
:10ACD000022008E0E16A814201D1042003E0216BF7
:10ACE000814201D1082020772046FDF71DFB00207E
:10ACF000207710BD10B5846B0121626A824203D1B6
:10AD0000217784F83E1019E0A26A824204D1022021
:10AD1000207784F83F1011E0E26A824204D10420D7
:10AD2000207784F8401009E0226B824204D1082089
:10AD3000207784F8411001E084F83D102046FCF7AC
:10AD40002DFE0020207710BD2DE9F04FDFF8848024
:10AD5000214EDFF88890DFF888B0026A036AB042BB
:10AD6000DFF880A022F0020C1F4F23F001020262E4
:10AD7000426885698B680C6805EA080525F00305BB
:10AD800043EA0C0344EA050407D0484505D058457A
:10AD900003D0504501D0B84205D1CD6823F0080357
:10ADA0001D4325F00403B04207D0484505D058455F
:10ADB00003D0504501D0B84205D122F44076D1E904
:10ADC000055235432A434260846149684163036206
:10ADD000BDE8F08F8FFFFEFF00000140000401403E
:10ADE000004001400044014000480140F0B5DFF858
:10ADF0007CE01F4C1F4D026A036AA04222F020062D
:10AE000023F01003036242688369D1F808C00F6819
:10AE100003EA0E0323F4407E46EA0C134EEA0726AB
:10AE200001D0A84206D1CF6823F0800343EA07137C
:10AE300023F04003A0420AD0A84208D00E4CA04202
:10AE400005D00E4CA04202D00D4CA04207D1D1E952
:10AE5000054522F4406242EA840242EA85024260E9
:10AE60008661496881630362F0BD0000FF8FFFFEC9
:10AE70000000014000040140004001400044014046
:10AE800000480140F0B5DFF87CE01F4D1F4E026A1C
:10AE9000036AA84222F4007723F4807303624368B4
:10AEA000C269D1F808C002EA0E020C6822F0030E53
:10AEB00047EA0C2244EA0E0401D0B04206D1CF6822
:10AEC00022F4006242EA072222F48062A8420AD0F9
:10AED000B04208D00E4DA84205D00E4DA84202D077
:10AEE0000D4DA84207D1D1E9055623F4405343EA5A
:10AEF000051343EA06134360C4614968C1630262F3
:10AF0000F0BD00008FFFFEFF000001400004014083
:10AF1000004001400044014000480140F0B5046A8F
:10AF2000026A22F4805202624268C36924F4005427
:10AF3000DFF848C08E680D6803EA0C03104F23F455
:10AF4000407344EA0634B84243EA05230BD00D4D62
:10AF5000A84208D00C4DA84205D00C4DA84202D002
:10AF60000B4DA84204D14D6922F4804242EA851279
:10AF70004260C361496801640462F0BDFF8FFFFE57
:10AF80000000014000040140004001400044014035
:10AF900000480140F0B5164F164B026A046A984209
:10AFA00022F4003524F4803303624268436D0E8935
:10AFB0000C6803EA070344EA030445EA06430BD09E
:10AFC0000D4DA84208D00D4DA84205D00C4DA84209
:10AFD00002D00C4DA84204D14D6922F4803242EADD
:10AFE000052242604465496881650362F0BD000046
:10AFF0008FFFFEFF000001400004014000400140BF
:10B000000044014000480140F0B5164F164B026A5B
:10B01000046A984224F48013036222F40014426804
:10B02000436D0E890D6803EA070344EA065443EAB8
:10B0300005230BD00D4DA84208D00D4DA84205D0D8
:10B040000C4DA84202D00C4DA84204D14D6922F407
:10B05000802242EA8522426043654968C1650462F4
:10B06000F0BD0000FF8FFFFE000001400004014022
:10B0700000400140004401400048014030B5416EAD
:10B08000B9B101680D4B03F108048A688968C2F3FD
:10B090004262490F5D5C615C2D01B5FBF1F1A0F8E6
:10B0A0006A10995CA25C0901B1FBF2F1A0F868108A
:10B0B00030BD0121A0F86A10F8E7000098091308D4
:10B0C00090F82810090706D50168836B4A6822F4B6
:10B0D00000421A434A6090F82810C90706D0016858
:10B0E000C36A4A6822F400321A434A6090F8281072
:10B0F000890706D50168036B4A6822F480321A4337
:10B100004A6090F82810490706D50168436B4A68E1
:10B1100022F480221A434A6090F82810C90606D506
:10B120000168C36B8A6822F480521A438A6090F8DF
:10B130002810890606D50168036C8A6822F400523B
:10B140001A438A6090F82810490611D50168436CAB
:10B150004A6822F480121A434A60416CB1F5801F9C
:10B1600006D10168836C4A6822F4C0021A434A601F
:10B1700090F82810090606D50168C26C486820F4CA
:10B1800000201043486070472DE9F843002504462D
:10B19000C0F89050F9F726FD8046206820266FF011
:10B1A0007E470068000713D500224346310420463D
:10B1B000009700F03FFE58B1216851E8000F20F0E1
:10B1C000800041E80002002AF6D1C4F8886021E03E
:10B1D00020680068400722D5002243464FF48001D2
:10B1E0002046009700F026FEC8B1206850E8001FF6
:10B1F00021F4907140E80012002AF6D1206808304E
:10B2000050E8001F21F0010140E80012002AF5D1AA
:10B21000C4F88C60032084F88450BDE8F883C4F837
:10B220008860C4F88C60E5662567002084F8845047
:10B23000F3E710B5806B0021A0F85E10FDF748F928
:10B2400010BD70B5846B00252168D4F88800D4F84F
:10B250008C608968090606D5212804D1A4F85650C7
:10B26000204600F0B5F820688068400606D5222EFA
:10B2700004D1A4F85E50204600F080F8D4F8900085
:10B2800040F01000C4F890002046FDF721F970BD91
:10B2900010B5C1690022806BB1F5807F2DD0A0F878
:10B2A0005E20036853E8001F21F4807143E8001416
:10B2B000002CF6D10168083151E8003F23F001036A
:10B2C00041E80034002CF5D10168083151E8003F15
:10B2D00023F0400341E80034002CF5D12021C0F8D0
:10B2E0008C10C16E012908D1016851E8003F23F09C
:10B2F000100341E80034002CF6D10267C16E012929
:10B3000002D0FDF7C7FB10BDB0F85C10FDF76AF87E
:10B3100010BD10B5806B01210167C16E012902D0FB
:10B32000FDF7C8FB10BDB0F85C104908FDF75AF8EE
:10B3300010BD10B5C169806BB1F5807F16D00021BA
:10B34000A0F856100168083151E8002F22F0800261
:10B3500041E80023002BF5D1026852E8001F41F0BC
:10B36000400142E80013002BF6D110BDFDF7ECFBC5
:10B3700010BD10B5806BFDF7E8FB10BD10B502687D
:10B3800052E8001F21F4907142E80013002BF6D11F
:10B390000E4B0268083252E8001F194042E80014C0
:10B3A000002CF6D1C16E012908D1026852E8001FB5
:10B3B00021F0100142E80013002BF6D100212022D9
:10B3C000C0F88C20C166416710BD0000FEFFFFEF92
:10B3D000026852E8001F21F0C00142E80013002B70
:10B3E000F6D10168083151E8002F22F4000241E84B
:10B3F0000023002BF5D12021C0F8881070470000F1
:10B4000010B5D0F88C10B0F860202229016804D063
:10B41000886940F00800886110BD496A836D114059
:10B420001980816D891C8165B0F85E10491EA0F8F5
:10B430005E10B0F85E100029EED1016851E8002FCF
:10B4400022F4907241E80023002BF6D10168083104
:10B4500051E8002F22F0010241E80023002BF5D132
:10B46000184B002102682024C0F88C404167016716
:10B470009A420BD05268120208D5036853E8002F95
:10B4800022F0806243E80024002CF6D1C26E012A2B
:10B4900002D0FDF7FFFA10BDC166026852E8001F36
:10B4A00021F0100142E80013002BF6D10168CA69AF
:10B4B000D243D20601D410220A62B0F85C10FCF725
:10B4C00091FF10BD000C00582DE9F04704460068BC
:10B4D000C569D0F800A0D0F80890D4F88C10B4F862
:10B4E0006060222905D0816941F008018161BDE8D1
:10B4F000F087B4F868704FF0000844E02068A16D50
:10B50000406A30400880A06D801CA065B4F85E00E1
:10B51000401EA4F85E002068C569690730D0E907BD
:10B520000AD05FEACA5107D501210162D4F8900020
:10B5300040F00100C4F89000A8070BD55FEAC9707D
:10B5400008D0216802200862D4F8900040F004007E
:10B55000C4F8900068070BD55FEAC97008D021686D
:10B5600004200862D4F8900040F00200C4F8900073
:10B57000D4F8900020B12046FCF7AAFFC4F89080D0
:10B58000B4F85E0000B30FB1A806B7D4B4F85E00FB
:10B590000028ACD0B4F868108142A8D920680830DF
:10B5A00050E8001F21F0805140E80012002AF5D138
:10B5B0002A486067216851E8000F40F0200041E808
:10B5C0000002002AF6D192E7216851E8000F20F42A
:10B5D000807041E80002002AF6D1214A2068083034
:10B5E00050E8001F114040E80013002BF6D11D4A1F
:10B5F000202321684046C4F88C30C4F87480C4F815
:10B60000708091420BD04968090208D5226852E83F
:10B61000001F21F0806142E80013002BF6D1E16E9B
:10B62000012903D02046FDF735FAAFE7E06621682F
:10B6300051E8000F20F0100041E80002002AF6D186
:10B640002068C169C943C90601D410210162B4F858
:10B650005C102046FCF7C6FE98E7000001B4120813
:10B66000FEFFFFEF000C005810B5D0F88C10B0F8BA
:10B6700060202229016804D0886940F008008861B0
:10B6800010BD496A836D11401970816D491C816537
:10B69000B0F85E10491EA0F85E10B0F85E100029E8
:10B6A000EED1026852E8001F21F4907142E80013C5
:10B6B000002BF6D10168083151E8002F22F0010279
:10B6C00041E80023002BF5D1184B0021026820240B
:10B6D000C0F88C40416701679A420BD05268120251
:10B6E00008D5026852E8003F23F0806342E8003446
:10B6F000002CF6D1C26E012A02D0FDF7CBF910BDA5
:10B70000C166026852E8001F21F0100142E80013F0
:10B71000002BF6D10168CA69D243D20601D41022A7
:10B720000A62B0F85C10FCF75DFE10BD000C00581A
:10B730002DE9F04704460068C569D0F800A0D0F8AC
:10B740000890D4F88C10B4F86060222905D0816983
:10B7500041F008018161BDE8F087B4F868704FF0EE
:10B76000000844E02068A16D406A30400870A06D78
:10B77000401CA065B4F85E00401EA4F85E0020687E
:10B78000C569690730D0E9070AD05FEACA5107D511
:10B7900001210162D4F8900040F00100C4F890004B
:10B7A000A8070BD55FEAC97008D02168022008629B
:10B7B000D4F8900040F00400C4F8900068070BD55E
:10B7C0005FEAC97008D0216804200862D4F89000AC
:10B7D00040F00200C4F89000D4F8900020B1204658
:10B7E000FCF776FEC4F89080B4F85E0000B30FB1A9
:10B7F000A806B7D4B4F85E000028ACD0B4F868103E
:10B800008142A8D92068083050E8001F21F08051FB
:10B8100040E80012002AF5D12A486067206850E805
:10B82000001F41F0200140E80012002AF6D192E703
:10B83000216851E8000F20F4807041E80002002ADE
:10B84000F6D1214A2068083050E8001F114040E836
:10B850000013002BF6D11D4A202321684046C4F86E
:10B860008C30C4F87480C4F8708091420BD0496861
:10B87000090208D5226852E8001F21F0806142E8E1
:10B880000013002BF6D1E16E012903D02046FDF70D
:10B8900001F9AFE7E066206850E8001F21F01001D1
:10B8A00040E80012002AF6D12068C169C943C906E0
:10B8B00001D410210162B4F85C102046FCF792FD1F
:10B8C00098E7000069B61208FEFFFFEF000C005871
:10B8D0002DE9F04304468068D84E87B0D84B2168E4
:10B8E000D4E90427D4F81CC010430A68002547EAAD
:10B8F0000C073843324002430A602068E26841681E
:10B9000021F44051114341602268A1699A4201D05B
:10B91000206A01439768DFF82CC3CB4ECB4807EA77
:10B920000C070F4397602168676ACA6A22F00F020A
:10B930003A43CA622268B2420ED1006800F0380071
:10B94000182873D047DCB8B3082879D010286FD1F5
:10B9500078E028287ED17BE0BD498A4209D1006881
:10B9600000F00700062875D2DFE800F0546A6C6E1C
:10B970007072B8498A4209D1006800F007000628B1
:10B9800068D2DFE800F0475D5F616365B2498A42D3
:10B9900009D1006800F0070006285BD2DFE800F05C
:10B9A0003A5052545658AD498A420BD1006800F0C3
:10B9B000070006284ED200E010E0DFE800F02B413F
:10B9C00043454749A6498A420AD1006800F0380039
:10B9D000182839D0B7DD2028BBD13CE001203AE05F
:10B9E000A0498A4209D1006800F00700062831D238
:10B9F000DFE800F01026282A2C2E9B498A420BD122
:10BA0000006800F00700062824D2DFE800F00319E0
:10BA10001B1D1F2100201EE09A421BD18B48001DD8
:10BA2000006800F00700062814D202E00CE007E0EE
:10BA300010E0DFE800F0030507090B0D02200AE023
:10BA4000042008E0082006E0102004E0202002E0A6
:10BA5000402000E080208549DFF814829A42854A20
:10BA60004FF400434FEA21174FF000064ED1102843
:10BA70001AD006DC022809D004280BD008287CD173
:10BA80000DE020283ED0402877D13DE0F9F7E2FCD8
:10BA9000014610E06846F9F793FD01990BE003A811
:10BAA000F9F730FE049906E01068800605D51068A5
:10BAB000C0F3C100C140002970D0606A676838F8DF
:10BAC000102007EB4703B1FBF2F0834255D8B0EBEF
:10BAD000073F52D8002308461946F4F75DFC02469A
:10BAE0007808130E120243EA012110183A467141F8
:10BAF0000023F4F751FC604AA0F5407191423CD814
:10BB000021688FE03946D8E71946D6E7D4F81CC03B
:10BB10004FF6EF799C4546D1082819D005DC58B17D
:10BB200001280CD0042875D10DE0102815D020284C
:10BB300035D040286ED134E0FAF73EFE01E0FAF746
:10BB40004DFE014610E06846F9F73AFD01990BE019
:10BB500003A8F9F7D7FD049906E01068800604D51C
:10BB60001068C0F3C100C140C1B1636A606838F8B1
:10BB70001330B1FBF3F1490000E04BE001EB500161
:10BB8000B1FBF0F0A0F11001494543D84FF6F07336
:10BB90002168C0F342021840104343E043E03946B5
:10BBA000E3E71946E1E7082819D005DC58B1012878
:10BBB0000CD004282ED10DE0102815D020282BD031
:10BBC000402827D12AE0FAF7F7FD01E0FAF706FE50
:10BBD000014610E06846F9F7F3FC01990BE003A871
:10BBE000F9F790FD049906E01068800604D5106806
:10BBF000C0F3C100C140B1B1636A606838F8133066
:10BC0000B1FBF3F101EB5001B1FBF0F0A0F1100139
:10BC1000494505D9012506E03946EDE71946EBE728
:10BC2000216880B2C8600120A4F86A00A4F8680006
:10BC300028466667A66707B0BDE8F083F369FFCFC3
:10BC4000000C0058FFF4FF1100100140544402584A
:10BC50000044004000480040004C004000500040BC
:10BC60000014014000780040007C00400090D003A8
:10BC70008009130800440258FFFC0F0070B5044609
:10BC8000D0F8800000232225A165A4F85C20C4F828
:10BC90009030C4F88C50F0B11F49C163D4F88010C3
:10BCA0001E480864D4F880101D48C864D4F8800089
:10BCB00003651346A56D2168D4F880002A46243117
:10BCC000F7F76EFE38B11021C4F890102020C4F8A8
:10BCD0008C00012070BD206940B1216851E8000F3F
:10BCE00040F4807041E80002002AF6D12068083054
:10BCF00050E8001F41F0010140E80012002AF5D190
:10BD00002068083050E8001F41F0400140E8001270
:10BD1000002AF5D1002070BD91B2120813B31208A9
:10BD200043B2120870B58368002481654FF48056D1
:10BD3000A0F85C20B342A0F85E204FF0FF014467FA
:10BD400004D1036903BB40F2FF111DE04FF07F05F2
:10BD5000C3B1B3F1805F1AD0A0F860402221C0F8CF
:10BD60009040C0F88C100168083151E8003F43F062
:10BD7000010341E80034002CF5D1416EB1F1005FC0
:10BD80000CD02FE0036933B9A0F86010E6E7016931
:10BD900009B13F21F8E7A0F86050DFE7B0F868107C
:10BDA00091421FD88168B14201D10169B9B11D49E1
:10BDB0000269416742B1026852E8001F41F4807194
:10BDC00042E80013002BF6D10168083151E8002F3A
:10BDD00042F0805241E80023002BF5D120E01249C7
:10BDE0004167F1E78168B14201D1016969B10F4949
:10BDF000026941675AB1016851E8002F42F490721C
:10BE000041E80023002BF6D10AE0094941670268A6
:10BE100052E8001F41F0200142E80013002BF6D148
:10BE2000002070BD31B71208C9B4120869B61208F3
:10BE300001B412082DE9F047994617460D4604460D
:10BE4000089E4FF0000833E0701C31D0F8F7CAFEAE
:10BE5000A0EB0900B04218D8BEB1206801684907BC
:10BE600026D5802D24D0402D22D0C169C943090791
:10BE70000DD4082505622046FFF780FAC4F89050DB
:10BE8000012084F88480BDE8F0870320FBE7C069C7
:10BE9000C04300050CD421684FF4006008622046BE
:10BEA000FFF76CFA2021C4F8901084F88480ECE746
:10BEB0002068C06935EA000004D00020B842C3D031
:10BEC0000020E0E70120F9E70148FCF70DBB000086
:10BED00004120024FEE703B401984100009850EAE0
:10BEE000C12018BF04204A0D18BF40F0010040F2E5
:10BEF000FF72B2EB515F08BF40F00200012808BF9B
:10BF0000052002B07047090700284FEA116104DBE1
:10BF100000F1E02080F80014704700F00F0000F1FD
:10BF2000E02080F8141D70472DED020B9FED340BBF
:10BF3000DDE90010C0F30A529FED331BA2F2FF327D
:10BF4000142A2DDA9DED002B9FED2D0B002A32EEE9
:10BF5000000B10DAB4EEC01BF1EE10FA49D2002843
:10BF6000BCBF4FF00040002143DB50EA010218BF84
:10BF7000274813D13DE0274BD34000EA030C5CEA8D
:10BF8000010C17D0B4EEC10BF1EE10FA31DD002830
:10BF900003DD4FF48011D14008449843002128E08C
:10BFA000332A07DCA2F114034FF0FF3C2CFA03F311
:10BFB000194203D19DED000B02B070479DED002B9F
:10BFC00030EE420BB4EEC10BF1EE10FA11DD002899
:10BFD0000EDD142A08BF401C0AD0C2F134024FF013
:10BFE000010C0CFA02F20A448A4238BF401C114686
:10BFF0009943CDE900109DED000B02B070470000A1
:10C000009C7500883CE4377E0000000000000000C2
:10C010000000F03FFFFF0F0010B5794A2DED020B35
:10C020002DED088B82B00B99C80F21F00041914291
:10C0300042D3744A8A4219D80A9AC1F313011143B0
:10C0400009D09DED0A0B02B0BDEC088B02B0BDE833
:10C05000104000F07DBF002814BF9FED6B0B9DEDDD
:10C060000A0B02B0BDEC088B02B010BD9DED0A0BAF
:10C070009FED671BB4EEC10BF1EE10FA0ADD022052
:10C0800000F0A2FF02B0BDEC088B02B0BDE810408A
:10C0900000F072BF9FED601BB4EEC10BF1EE10FA21
:10C0A0000AD2022000F090FF02B0BDEC088B02B073
:10C0B000BDE8104000F06CBF594A9FED5B9B8A427F
:10C0C00039D25B4A914213D25A49794401EBC001FB
:10C0D0009DED0A1B91ED000B574931EE408B7944E1
:10C0E00001EBC00191ED00ABC0F101010C1A1DE0A4
:10C0F0005249794401EBC0009DED0A1B90ED000B05
:10C100009FED4F2B9DED0A8B01EE020BBDEEC00B98
:10C1100010EE104A00EE104AB8EEC00B9FED4A1B1D
:10C1200000EE418B9FED4A1B20EE01AB38EE4A0B2F
:10C130008DED0A0B15E0484888420FD99DED0A0B9A
:10C140009FED471B30EE010BB4EEC90BF1EE10FA78
:10C15000C4BF9DED0A0B30EE090B82DC9DED0A0B8E
:10C1600000244148052120EE00BBB0EE4B0B784483
:10C1700000F0A6FE9DED0A1B9DED0A2B0BEE401B69
:10C180009FED3B0B22EE012BBCB130EE411B6FF457
:10C190007F70844282EE010B3AEE400B30EE480B8A
:10C1A00039EE400B10EE900A8DED000B10DB00EB2A
:10C1B000045001909DED000B53E731EE401B82EEE1
:10C1C000010B9DED0A1B30EE410B39EE400B48E7A9
:10C1D0004FF07A5101EB0451084401909DED001B92
:10C1E0009FED250B21EE008B51EC180BFFF773FE32
:10C1F000042808BF00F0CCFEB0EE480B31E7000089
:10C20000422E86400000F07F000000000000000089
:10C21000EF39FAFE422E864051302DD5104987C0A5
:10C22000422ED63F00000000000000000000F03F5A
:10C23000B2A2F03FFA480000F6480000C2480000F1
:10C24000FE822B654715F73F0000E0FE422EE63FD9
:10C25000763C7935EF39EA3D0000303E00000000C1
:10C260009C7500883CE4377E7648000000000000A2
:10C27000000000000000004000000000000070010D
:10C2800000B52DED048BB0EE418BB0EE409B83B03A
:10C2900053EC182B51EC190BF4F74EF900F07040E9
:10C2A000B0F1004F17D018EE101A18EE900A8DED6D
:10C2B000008B002918BF0121084320F00040C0F185
:10C2C0007F6000F1E040C00F01BFB0EE480B03B04B
:10C2D000BDEC048B00BDB0EE490B03B0BDEC048B8C
:10C2E00000BD00000000000070B5DFF8DCC10022D6
:10C2F0002DED020B2DED108BDDE91010604505DAF8
:10C3000020F00043634501D809D141B19DED100BE8
:10C31000BDEC108B02B0BDE8704000F019BEB0F566
:10C32000801F24DA19430BD0002814DA012000F012
:10C330004BFEBDEC108B02B0BDE8704000F010BEAB
:10C34000022000F041FE00F0F3FDB1EE400BBDEC29
:10C35000108B02B070BD9DED100B6FF035029FED9C
:10C360005C1B20EE010B10EE900A8DED100B02EB22
:10C370002051A1F2FF325849C0F31300014401F4E7
:10C38000801181F07F6383F04053034311939DED4F
:10C39000100B02EB21549FED521B811CC1F31301C2
:10C3A00030EE418B9FED50BB9FED51CB032931D235
:10C3B0005148784490ED000BB4EE408BF1EE10FA4A
:10C3C0000ED1002C02BFBDEC108B02B070BD00EE90
:10C3D000104AB8EEC01B21EE0B0B01EE0C0BB6E7BA
:10C3E00028EE081B9FED462B9FED470B002C08EE17
:10C3F000420B21EE000B08BF38EE400BA7D001EE38
:10C40000104AB8EEC11B01EE4C0B30EE480B11EE9A
:10C410000B0B9CE79FED3E0B3F49C0F1510638EEF8
:10C42000000B45183D4806F5D726032188EE009BF2
:10C4300000EE104AB8EEC0AB29EE09DB2DEE0DEB95
:10C44000B0EE4E0B784400F03BFD20EE0EFB34487E
:10C45000B0EE4E0B0421784400F032FD20EE0D0BBF
:10C4600045EA0600002830EE0F1B1ADD002C9FED78
:10C47000260B28EE000B20EE080B30EE011B04BF4C
:10C4800009EE410B38EE400B3FF461AF21EE091B82
:10C490000AEE0C1B30EE410B30EE480B1AEE0B0B84
:10C4A00055E754B138EE410B20EE090B0AEE4C0B68
:10C4B00030EE480B1AEE0B0B49E738EE411BB0EE9D
:10C4C000480B09EE410B42E70000F07F000000003E
:10C4D0000000000000005043645F090000000000FD
:10C4E000000000000000F03F0000E0FE422EE63FAA
:10C4F000763C7935EF39EA3D1A470000000000002C
:10C50000555555555555D53F000000000000E03FFA
:10C51000000000000000004086EBF9FFC845000065
:10C52000CE450000000000002DE9F04D2DED040B7C
:10C530002DED0A8B9AB0DDE92550279CDDF890A0FF
:10C5400025F0004624F00048BAF1000F14BF012185
:10C55000002101EB4502F84953184A1093422AD3AF
:10C56000002814BF0123002303EB44030B44F349C9
:10C570008B4220D358EA00019FEDF19B72D0DFF887
:10C58000C8B35D4503D1BAF1000F05D184E0BAF11B
:10C59000000F08BF002100D0012101EB450111F57A
:10C5A000001F08D8002814BF0121002101EB44011D
:10C5B00011F5001F0BD99DED261B9DED240B1AB024
:10C5C000BDEC0A8B04B0BDE8F04D00F0C4BC002700
:10C5D000002DBCBFDD49884521DADD498845A8BF6B
:10C5E00002271CDAC3451ADCDA4901EB2851142969
:10C5F00008DDC1F1340220FA02F101FA02F28242AE
:10C600000DD108E058B9C1F1140228FA02F101FA7B
:10C6100002F2424503D101F00101C1F1020756EADD
:10C620000A0120D1002C1EDA002D18BF022F01D0E4
:10C63000012F0AD0022000F0C7FC1AB0BDEC0A8B13
:10C6400004B0BDE8F04D00F073BC022000F0BCFC6B
:10C6500000F06EFCB1EE400B1AB0BDEC0A8B04B0DA
:10C66000BDE8F08D18E09FEDBCAB9FEDBD8B0028C1
:10C670007DD1B64880451CD105F1804010F5801071
:10C6800008BFBAF1000F07D0B34508DC002CA8BFE3
:10C690009DED260BE0DA07E0B0EE490BDCE7002C5D
:10C6A000B8BF9DED260BD5DBAF48784490ED000B6D
:10C6B000D2E7D84548D1002C43DA2EB186423AD190
:10C6C000BAF1000F3DD126E0BAF1000F13D00220DD
:10C6D00000F07AFC00F050FC8DED020B9DED240B78
:10C6E0008DED000B10EE900A039961F31E0003908C
:10C6F0009DED020BB0E78DED02AB9DED240B1AEE24
:10C70000901A10EE900A8DED000B61F31E0003905D
:10C710009DED020BA0E78DED028B9DED240B18EE35
:10C72000901A10EE900A8DED000B61F31E0003903D
:10C730009DED020B90E704DA9DED241B89EE010BC1
:10C740008AE79DED240B87E786421ADAB4F1804F21
:10C7500004BF9DED240B20EE000B3FF47DAFA4F150
:10C760000050B0F1FF500CD1002D0ADB00E008E0D2
:10C770009DED240B51EC100B02F0AEFF41EC100BC1
:10C780006AE79DED240B51EC100B01F01BFABAF196
:10C79000000FCDE90E0140D19FED750B46B3A6F118
:10C7A000E040B0F17F600ED05E4536D1002D00DA5A
:10C7B00097B3022F0CBF01204FF0FF3000EE100A9C
:10C7C000B8EEC00B48E7002D01DD002C0DDA002D7E
:10C7D00001DD002C1DDB002D14DA002C12DB012FF3
:10C7E00008BF9FED650B3FF437AFB0EE4A0B33E760
:10C7F000022F18BF002D0CD0012F0AD1002DFFF6FB
:10C800002BAF06E0002DB8BF002C06DA012F3FF455
:10C8100023AFB0EE480B1FE719E0012000EBE570F5
:10C8200050EA070113D0791EB0EE498B084308BFC8
:10C830009FED538B5448002580457ADD5349544879
:10C84000884514DDB0420DDB002C19DB2CE0012003
:10C8500000F0BAFB1AB0BDEC0A8B04B0BDE8F04D95
:10C8600000F07EBBB34502DC002C09DC1CE08642F4
:10C8700002DA002C18DA03E05E4528DD002C13DD17
:10C88000022000F0A1FB00F077FB8DED020B28EEFB
:10C890000A0B8DED000B10EE900A039961F31E0058
:10C8A00003909DED020BD7E6022000F08DFB00F017
:10C8B0006FFB10EE901A18EE900A8DED020B8DEDC5
:10C8C000008B61F31E0003909DED020BC4E69DED0D
:10C8D0000E0B9FED313B30EE490B8DED040B20EE3E
:10C8E000002B9DED041B9FED2E0B01EE430B9DEDE8
:10C8F000043B9FED2D1B03EE401B9DED040B9FEDB4
:10C900002E3B22EE012B9FED2A1B20EE011B20EE79
:10C91000030B9FED2B3B02EE430B31EE002B8DED15
:10C92000022B02959DED022B32EE411B30EE411B96
:10C9300021E149E000000000FFFF1F00FFFF0F00A2
:10C94000000000000000F03F0000F03F0000F07F1A
:10C950000000404301FCFFFF000000000000F07FEA
:10C960000000000000000000224400000000000061
:10C970000000000000000080000000000000F0FF48
:10C98000000000000000F0BF0000E0410000F043A4
:10C99000FFFFEF3F00000000000000000000D03F5C
:10C9A000555555555555D53F000000000000E03F56
:10C9B000000000604715F73F44DF5DF80BAE543EC2
:10C9C000FE822B654715F73F0020B6F5801F0BDA76
:10C9D0009DED0E0B9FEDEC1B6FF0340020EE010B74
:10C9E00010EE906A8DED0E0BE94A00EB2650C6F36F
:10C9F0001301A0F2FF3741F07F6040F040509142B8
:10CA0000D8BF002408DDE34A8A42C8BF012403DC02
:10CA10000024A0F580107F1CDF49794401EBC4019C
:10CA20000F9091ED001B9DED0E2B9DED0E0BDB4944
:10CA300031EE023B30EE410B89EE032B20EE02ABD0
:10CA40008DED02AB7944029591ED003B4FF0005122
:10CA500041EA600000EB84408DED043B00F50020CE
:10CA600005909DED043B9DED044B2AEE0ACB33EE81
:10CA7000411B9DED0E3BCA48062133EE411B9DED47
:10CA8000023B03EE440B03EE410B20EE02BBB0EE83
:10CA90004C0B784400F014FA2CEE0C1B20EE010B2A
:10CAA0009DED021B31EE0A1B0BEE010B9DED021BEF
:10CAB00021EE011B9FEDBC2B31EE023B33EE003B20
:10CAC0008DED043B04959DED043B33EE422B32EE9D
:10CAD000411B30EE412B9DED020B9DED041B20EE22
:10CAE000011B9DED040B2BEE000B02EE0A0B31EE49
:10CAF000002B8DED022B02959DED022B32EE411B9A
:10CB000030EE410B9DED021B9FEDA92B21EE021B88
:10CB10009DED022B9FEDA83B22EE032B9FEDA83B42
:10CB2000A94800EE032B784400EBC40090ED000B05
:10CB3000A64832EE000B02EE107AB8EEC22B8DED55
:10CB4000042B31EE003B784400EBC4009DED044B18
:10CB500090ED002B33EE023B33EE043B8DED023BB8
:10CB600002959DED023B33EE443B33EE422B32EE19
:10CB7000411B30EE411B9DED260B954A8DED000BC0
:10CB800000959DED260B9DED002B30EE420B9DEDAB
:10CB9000022B20EE020B9DED262B02EE010B9DEDEC
:10CBA000001B9DED022B21EE021B8DED021B30EED2
:10CBB000011B11EE900A11EE101A8DED001B904230
:10CBC00024DB821A11430ED19FED831B9DED002BB8
:10CBD0009DED023B30EE011B32EE432BB4EEC21B47
:10CBE000F1EE10FA26DD022000F0EEF900F0C4F9B3
:10CBF00010EE901A18EE900A8DED020B8DED008B61
:10CC000061F31E0003909DED020B25E5744B20F0AF
:10CC100000429A420ED3734A024411437FF444AE59
:10CC20009DED022B31EE421BB4EEC01BF1EE10FA6B
:10CC3000BFF63AAE20F000416B4A6C4B002402EB89
:10CC400021529942D8BF9DED021B27DD511C4FF4A4
:10CC5000801222FA01F10144654BC1F30A527B4470
:10CC6000A2F2FF3293ED001B624B8DED041BD3400B
:10CC700021EA0303C1F3130141F48011C2F114024C
:10CC800021FA02F405930028B8BF64429DED021B0F
:10CC90009DED042B31EE421B8DED021B30EE011B8E
:10CCA0008DED041B04959DED041B9FED532B9DED15
:10CCB000023B21EE021B9DED042B32EE432B30EEA6
:10CCC000420B9FED4F2B20EE020B9DED042B9FEDB1
:10CCD0004E3B4F48052102EE030B31EE002B8DED4C
:10CCE000002B32EE411B30EE41AB9DED000B20EEF0
:10CCF000000B8DED040B784400F0E2F89DED001B75
:10CD00009DED042B02EE401B8DED021B9DED000BF3
:10CD100020EE010B9FED402B31EE422B80EE021BEB
:10CD20009DED002BB0EE4A0B02EE0A0B31EE400BEC
:10CD30009DED001B30EE410B39EE400B10EE900ADA
:10CD40008DED000B00EB045001150029C8BF0190C8
:10CD500013DC224651EC100BF3F792FBFFF7BBF804
:10CD6000042808BF00F014F922469DED000B51EC99
:10CD7000100BF3F785FBCDE900019DED000B28EECC
:10CD8000000B69E4000000000000000000004043C8
:10CD90008E9803007AB60B002A40000088400000FD
:10CDA000E23F00000000000000000000000008401A
:10CDB000000000E009C7EE3FF5015B14E02F3EBE26
:10CDC000FD033ADC09C7EE3F3E3F00000E3F000086
:10CDD0000000904000000000FE822B654715973C44
:10CDE00000CC904000346F3F01FCFFFF0000E03FAB
:10CDF0006E3E0000FFFF0F0000000000432EE63FE4
:10CE0000EF39FAFE422EE63F396CA80C615C20BE79
:10CE1000AE3D0000000000000000000000000040E7
:10CE200010B52DED020B84B09DED040B51EC100BF1
:10CE3000F3F73EFB41EC100B9DED041B05989FEDB5
:10CE40001A2B31EE401B9FED1A3B9FED1B4B10F050
:10CE5000004F0AD0B4EEC41BF1EE10FA0AD9B4EEBA
:10CE6000C31BF1EE10FA0FDD0CE0B4EEC41BF1EEC3
:10CE700010FA02D230EE420B06E0B4EEC31BF1EE24
:10CE800010FA01DB30EE020B8DED020B9DED040B71
:10CE90008DED000B10EE900A039961F31E000390D4
:10CEA0009DED020B06B010BD000000000000F03F39
:10CEB000000000000000E03F000000000000E0BFB4
:10CEC000491E00EBC102B0EE401B92ED000B31F0A9
:10CED00006020DD0491E00EBC102B0EE403B92EDC0
:10CEE000002B31F00602B0EE420B03EE010BF1D144
:10CEF000022914D004290AD0062918BF704790EDE2
:10CF00000A2B00EE012B90ED080B02EE010B90EDC9
:10CF1000062B00EE012B90ED040B02EE010B90EDC1
:10CF2000022B00EE012B90ED000B02EE010B70477F
:10CF30009FED031B9FED042B81EE020B7047000059
:10CF4000000000000000F03F0000000000000000B2
:10CF500030EE000B704730EE010B70470000000010
:10CF60009FED031B81EE010B7047000000000000E5
:10CF700000000000000000009FED030B20EE000BFE
:10CF8000704700000000000000000000000000707A
:10CF90009FED030B20EE000B704700000000000027
:10CFA000000000000000001002E008C8121F08C1C5
:10CFB000002AFAD170477047002001E001C1121F1A
:10CFC000002AFBD17047000001490860704700004B
:10CFD0006C01002410B5D0F81330847B002B01D0F5
:10CFE000C27D01E04FF0070202D023F8141002E0E6
:10CFF00000EB44031980837B017C03F10103B3FB45
:10D00000F2F4914202FB1433837302D2491C01747F
:10D0100010BDC17B491CB1FBF2F302FB1311C173BC
:10D0200010BD0000484A4948F0B592F83630817882
:10D03000AA2B6DD021F00801817092F86530AA2BDF
:10D0400069D021F01001817092F89430AA2B65D03C
:10D0500021F02001817092F8C330AA2B61D021F019
:10D0600040013A4B81701478DB78AA2C5CD023F015
:10D070000103C370D47EAA2C59D023F00203C370DD
:10D0800092F8F240AA2C55D021F08001817092F8DC
:10D09000F510AA2951D023F00401C17092F8F6309E
:10D0A000AA2B4DD021F00801C17093780178547FEC
:10D0B0005D0865F30001650863F3410165F38201D2
:10D0C00064F3C301017092F83840417892F86730F8
:10D0D0004FEA940C92F89650640892F8C5206CF3CD
:10D0E00000019E0864F341015B0866F382014FEA88
:10D0F000950C63F3C3016D086CF30411970865F395
:10D100004511520867F3861162F3C7114170F0BDF3
:10D1100041F0080190E741F0100194E741F020014F
:10D1200098E741F040019CE743F00103A1E743F099
:10D130000203A4E741F08001A8E743F00401ACE753
:10D1400041F00801B0E700002C0600245B00002439
:10D1500070B501252DED028B02F0FCF80646072084
:10D16000F8F7FEF80620F8F7FBF82820F8F7F8F8AB
:10D17000494801224021F7F72AFD484800222902A8
:10D18000F7F725FDF4F7BCF80020FCF791FF01202C
:10D19000FCF78EFF00245521E0B2FDF76BF8641C0C
:10D1A000042CF8D316B1022E09D00CE0F4F744F8A1
:10D1B0003B480025817841F00101817003E0F4F7DC
:10D1C0003BF802F005F9374C5522002000EBC00176
:10D1D000401C01EB410102286254F7D35FF00001CB
:10D1E000C1EB011000EB4110204490F83630AA2B1F
:10D1F00001D080F83620491C0429F1D3B4F8090085
:10D20000B2EE048B00EE100A0020B8EE400B80EE68
:10D21000081BB7EEC10BFCF757FEA08C00EE100AFE
:10D220000120B8EE400B80EE081BB7EEC10BFCF7F7
:10D230004BFEB4F8070000EE100A0020B8EE400ADA
:10D24000FCF75EFF608C00EE100A0120B8EE400A89
:10D25000FCF756FFF3F7D0FCF3F780FC01F052FF28
:10D26000FDF7B0F8002684F82161FDF781F9072069
:10D27000F8F787F80620F8F784F82820F8F781F8FF
:10D280000948FAF7EDFA0948467086700670284694
:10D29000BDEC028B70BD000000080258001002585F
:10D2A0005B0000242C060024100E002458000024EB
:10D2B000F0B54C1E002314E0CE1A0022761E0CE0BE
:10D2C00000EB420730F81250B7F802C0654502D9AA
:10D2D00020F812C07D80521CD2B29642F0DC5B1C5A
:10D2E000DBB2A342E8DBF0BD2DE9F04106462DEDAF
:10D2F000028B047C44B1D6F81310707CB57C9FED92
:10D300002C8A31B1F17D05E00020BDEC028BBDE837
:10D31000F08107218442884600D30446600001F072
:10D320006FF900210746B07B13E040B1B0F1010076
:10D33000D6F81320C0B22AB132F8102005E0A8F1C7
:10D340000100F5E706EB400212884B1C27F811207C
:10D35000D9B2A142E9D321463846FFF7A9FFB4EB81
:10D36000450F03D8384600F041FCCDE76842611B09
:10D3700004EB4000C0B209E037F815206D1CEDB297
:10D3800000EE102AB8EE400A30EE088AA942F3DC1B
:10D3900000EE100AB8EE400AC8EE000ABCEEE00A41
:10D3A00010EE100A84B2384600F020FC2046ACE7AC
:10D3B0000000000000EE100A0D48DFED0A1AB8EE7A
:10D3C000400A00EB8100DFED080A9FED081A20EE0D
:10D3D000210AD0ED001A20EE210A70EE600A80EEDC
:10D3E000810A70470000003800007A44696F764077
:10D3F000D40000242DE9FC5FCE4D0B46CE49962883
:10D40000B2EE040A04467DD07DDCCA48552C00F1FA
:10D41000360600F1650077D036DC392C75D020DC7B
:10D42000332C73D015DC302C71D00ADC102C6FD06B
:10D43000112C6ED0122C6DD11846BDE8FC5F02F0A5
:10D44000A7B8312C66D0322C64D11888A5F8F70023
:10D45000DFE0343C052C5DD2DFE804F0D6DFE9EFF5
:10D46000EE003F2C72D007DCA4F13A04032C74D2F6
:10D47000DFE804F0E6E5E400503C052C6DD2DFE87F
:10D4800004F0F0EFEEEDEC00712C7CD046DC5B2C70
:10D490007AD008DCA4F15604052C5ED2DFE804F053
:10D4A000F6F5F4F3F2005E2C6FD016DC5C2C6DD038
:10D4B0005D2C52D1086C00EE900A20EE800AB7EE87
:10D4C000C00AFFF7ADFCBDEEC00B0222694610EEAC
:10D4D000100AADF80000C020DFE25F2C5FD0702C96
:10D4E0003BD1886900EE900A20EE800AB7EEC00AB0
:10D4F000FFF796FCBDEEC00B022210EE100AADF84D
:10D50000000008E0A2E02AE042E1C0E078E073E039
:10D5100047E34BE321E0C3206946BEE2772C3FD0CE
:10D5200008DCA4F17204052C17D2DFE804F0EEED5C
:10D53000ECEBEA007A2C7DD009DC782C72D0792CC7
:10D540000BD17C490122F631D12025E3CAE07B2CA6
:10D5500071D0902C01D11888E883BDE8FC9FA0F120
:10D560009804744800F1940201922F3200927E3A9E
:10D5700000F10B0E00F1260900F1130C00F12E074B
:10D5800000F2131603E0ADE14DE185E171E100F138
:10D59000740B00F1A30AD2304F2CDED201E08EE1F1
:10D5A00074E2DFE804F07C84919428282828282855
:10D5B00028282828282828282828282828282828EB
:10D5C00028BC28FDF3F2F128F0EF282828EEEDEC36
:10D5D000EBEAE9E8E7E6E5E4E3E2E1E02828DFDE7C
:10D5E000DDDCDBDAD9D8D7D6D5D4D3D2D128D0CF89
:10D5F000CECDCCCBC600B0E71888A5F80300ACE7C9
:10D600001888A5F8F90002E01888A5F8F300F3F7E8
:10D61000F3FABDE8FC5FF3F7A1BA1878BDE8FC5F48
:10D6200001F0A6BF1878BDE8FC5F02F039B81878A1
:10D63000552806E034E237E21CE013E04DE041E01B
:10D640003DE001D0AA2888D1287086E718785528AF
:10D6500001D0AA2881D1E8767FE765E05BE055E05C
:10D660004AE044E01878552801D0AA28C7D185F8A7
:10D67000F20072E71878552801D0AA28BFD185F8A2
:10D6800036006AE7A9E0A2E095E091E084E018782E
:10D69000552801D0AA28B2D185F865005DE7187831
:10D6A000552801D0AA28AAD185F8940055E7187802
:10D6B000552801D0AA28A2D185F8C3004DE7194604
:10D6C000304606E0194604E00198194601E000984A
:10D6D0001946BDE8FC5F01F0F3BF1846BDE8FC5FEA
:10D6E00001F0AEBF13490222F731A22054E21149E2
:10D6F0000222F931A3204FE20E490222F331A42085
:10D700004AE2BDE1B6E1AFE1AAE1FEE0094901224A
:10D71000F531A52040E20222E91CA0203CE20549A7
:10D7200002221E31F02037E202490122F231A72005
:10D7300032E282E12C0600244E0700246AE156E121
:10D7400042E12EE11AE106E122E21DE216E212E2D6
:10D750000EE20AE203E2FFE1FBE1F7E1F3E1EDE1D2
:10D76000E7E1E1E1DCE1D6E1D0E1CCE1C8E1C4E10F
:10D77000BDE1B9E1B5E1B1E1ADE1A6E1A2E19BE135
:10D7800097E1D5E062E03BE01BE017E00CE007E04A
:10D7900001223146A820FFE101220146A920FBE138
:10D7A00001220199F820F7E101220099F920F3E123
:10D7B000AA20314607E00146AB2004E00199FA2097
:10D7C00001E00099FB20BDE8FC5F00F041BEBDE830
:10D7D000FC5FF849AC2000F0F1BC086800EE900A4C
:10D7E00020EE800AB7EEC00AFFF71AFBBCEEC00BB2
:10D7F0000222694610EE100AADF80000AD204CE19F
:10D80000886800EE900A20EE800AB7EEC00AFFF7A3
:10D8100007FBBCEEC00B0222694610EE100AADF801
:10D820000000FD2039E1486800EE900A20EE800AF1
:10D83000B7EEC00AFFF7F4FABCEEC00B022269464D
:10D8400010EE100AADF80000AE2026E1C86800EE28
:10D85000900A20EE800AB7EEC00AFFF7E1FABCEEAC
:10D86000C00B0222694610EE100AADF80000EE204F
:10D8700013E1086E00EE900A20EE800AB7EEC00AAF
:10D88000FFF7CEFABDEEC00B0222694610EE100A79
:10D89000ADF80000AF2000E1486C00EE900A20EEE9
:10D8A000800AB7EEC00AFFF7BBFABDEEC00B02223A
:10D8B000694610EE100AADF80000C120EDE00869DD
:10D8C00000EE900A20EE800AB7EEC00AFFF7A8FA31
:10D8D000BDEEC00B0222694610EE100AADF8000042
:10D8E000C220DAE0C86900EE900A20EE800AB7EEA6
:10D8F000C00AFFF795FABDEEC00B0222694610EE92
:10D90000100AADF80000C420C7E0486A00EE900A93
:10D9100020EE800AB7EEC00AFFF782FABDEEC00B18
:10D920000222694610EE100AADF80000C520B4E0EE
:10D93000886A00EE900A20EE800AB7EEC00AFFF770
:10D940006FFABDEEC00B0222694610EE100AADF868
:10D9500000001220A1E0086B00EE900A20EE800A81
:10D96000B7EEC00AFFF75CFABDEEC00B02226946B3
:10D9700010EE100AADF8000013208EE0486B00EEA8
:10D98000900A20EE800AB7EEC00AFFF749FABDEE12
:10D99000C00B0222694610EE100AADF800001420F8
:10D9A0007BE0C86B00EE900A20EE800AB7EEC00A5A
:10D9B000FFF736FABDEEC00B0222694610EE100AE0
:10D9C000ADF80000152068E0486900EE900A20EEEE
:10D9D000800AB7EEC00AFFF723FABDEEC00B0222A1
:10D9E000694610EE100AADF80000162055E0086AEE
:10D9F00000EE900A20EE800AB7EEC00AFFF710FA98
:10DA0000BDEEC00B0222694610EE100AADF8000010
:10DA1000172042E0C86A00EE900A20EE800AB7EEB6
:10DA2000C00AFFF7FDF9BDEEC00B0222694610EEF9
:10DA3000100AADF8000018202FE0886B00EE900A65
:10DA400020EE800AB7EEC00AFFF7EAF9BDEEC00B80
:10DA50000222694610EE100AADF8000019201CE001
:10DA600004225549C62097E0BDE8FC5F5149C72014
:10DA700000F0DAB9BDE8FC5F5049CF2000F0F4B8FF
:10DA800091B21846BDE8FC5F01F0B2BE00F0EEFCBA
:10DA9000012269468DF80000D02000F0FDFE5CE513
:10DAA00001224449A62077E0424901221B31F62099
:10DAB00072E00020194601E001201946BDE8FC5F34
:10DAC00001F02EBD0020194601E001201946BDE8F5
:10DAD000FC5F01F0F9BC194670460AE01946484659
:10DAE00007E01946604604E01946384601E0194649
:10DAF0003046BDE8FC5F01F053BD1946104606E014
:10DB00001946584603E01946504600E01946BDE85C
:10DB1000FC5F01F067BD1846BDE8FC5F01F078BC12
:10DB20000222E91D202037E0224902222231212051
:10DB300032E020490222093122202DE01D49022233
:10DB40002431232028E0242071460AE0252049467C
:10DB500007E02620614604E02720394601E028201E
:10DB60003146BDE8FC5F00F0A1B92920114607E06D
:10DB70002A20594604E02B20514601E001462C2082
:10DB8000BDE8FC5F00F0DABA06220D492D2003E063
:10DB90000A49092264312E2002B0BDE8F05F00F08E
:10DBA0007BBEBDE8FC5FE02001F022BCBDE8FC5F6D
:10DBB000F3F7A8B82C0600245B0000244E070024CD
:10DBC0004707002482B0CDE9000121F00040019018
:10DBD0009DED000B02B051EC100B70470368011D66
:10DBE00000F128021846F6F76DB8000010B50028BD
:10DBF00021D0114B0022001F196803E0814203D895
:10DC00000A4649680029F9D152B11368841A9C4226
:10DC100004D1006818441060104602E0506000E033
:10DC2000186039B102680B1A934203D10B681A4489
:10DC300002604968416010BD64010024C0EB00111E
:10DC400001EB40100749B2EE041B0844B0F83B005A
:10DC500000EE100AB8EE400B80EE012BB7EEC20BBF
:10DC6000704700002C0600242DE9F04782460C4640
:10DC70002DED028BB2EE048A08688EB000EE100A19
:10DC800020EE080AB7EEC00AFFF7CAF8BCEEC00BD8
:10DC900010EE100AADF80000A06800EE100A20EEA9
:10DCA000080AB7EEC00AFFF7BBF8BCEEC00B10EED7
:10DCB000100AADF80200606800EE100A20EE080AB3
:10DCC000B7EEC00AFFF7ACF8BCEEC00B10EE100ABE
:10DCD000ADF80400E06800EE100A20EE080AB7EE86
:10DCE000C00AFFF79DF8BCEEC00B10EE100AADF8AD
:10DCF0000600206E00EE100A20EE080AB7EEC00AF9
:10DD0000FFF78EF8BDEEC00B10EE100AADF808005C
:10DD1000206C00EE100A20EE080AB7EEC00AFFF7EA
:10DD20007FF8BCEEC00B10EE100AADF80A00606C74
:10DD300000EE100A20EE080AB7EEC00AFFF770F8EE
:10DD4000BDEEC00BDFF8D8900025E84610EE100AB3
:10DD5000ADF80C0005EB450704EB8706306900EED3
:10DD6000100A20EE080AB7EEC00AFFF759F8BDEE18
:10DD7000C00B08EB470710EE100AF881B06900EEFF
:10DD8000100A20EE080AB7EEC00AFFF749F8BDEE08
:10DD9000C00B10EE100A3882706900EE100A20EEF7
:10DDA000080AB7EEC00AFFF73BF8BDEEC00B10EE55
:10DDB000100A788208EB050019F805106D1C042D77
:10DDC00080F82E10C6D3E06C00EE100A20EE080A90
:10DDD000B7EEC00AFFF724F8BCEEC00B10EE100A35
:10DDE000ADF82600A06C00EE100A20EE080AB7EE8F
:10DDF000C00AFFF715F8BCEEC00B3222694610EEE0
:10DE0000100AADF8280007480068CDF82A005046EF
:10DE100000F042FD0EB0BDEC028BBDE8F0870000C3
:10DE2000020000245B00002470B590B0B1F803201C
:10DE30006B46ADF80020CA8BADF80220B1F8F72090
:10DE4000ADF80620B1F8F920ADF80820B1F8F320BC
:10DE5000ADF80A205FF00002C2EB021505EB421597
:10DE600002EB42040D4403EB4404521C35F8396FB5
:10DE7000A681042A6D88E581EED3B1F8FB20ADF8C8
:10DE80002420002208E000BF01EB420503EB42041E
:10DE9000521CB5F8FD50E584BDF824409442F3D8F7
:10DEA0003C22194600F0F8FC10B070BD30B50546B4
:10DEB0000C462DED028B81B008689FED148A00EEB0
:10DEC000100A20EE080AB7EEC00AFEF7A9FFBDEE61
:10DED000C00B10EE101AADF80010606800EE100ACA
:10DEE00020EE080AB7EEC00AFEF79AFFBDEEC00B9F
:10DEF0000422694610EE100AADF80200284600F030
:10DF0000CBFC01B0BDEC028B30BD00000000C8426C
:10DF100010B50446164900EB440001EB0010FFF772
:10DF2000E3F900EE100AB0EE044B9FED121BB8EEC1
:10DF3000400B9FED122B9FED133B04EBC4011348E4
:10DF400020EE044B01EB41010844D0F81710D0F843
:10DF5000130084EE010B80EE021B00EE101A81EE1E
:10DF6000032B01EE100AF7EEC20B00EE810A10BD82
:10DF7000F402002400000000E0FFEF40FA7E6ABCDB
:10DF80007493683F00000000000049402C06002404
:10DF90000F4900EB400010B501EB00101830FFF7FF
:10DFA000A3F900EE100AB0EE042B9FED0A3BB8EE89
:10DFB000400B9FED0A4BB6EE001B20EE020B80EEED
:10DFC000032B22EE040B20EE010BB7EEC00B10BDAD
:10DFD000F402002400000000E0FFEF400000000019
:10DFE000008041402DE9F0412DED048B9FED418BE8
:10DFF000424F0024424DE0B2FBF7C4FD04EB440164
:10E0000010EE100A05EB81063061E0B200F0F0F985
:10E01000B7EEC00AC4EB041000EB4411394430EEF3
:10E02000480BB7EEC00B10EE100A7061D1F861100A
:10E0300000EE100A00EE901A20EE200AB0EEC00AA0
:10E0400010EE100AB061E0B200F0FEF805EB8401BA
:10E0500010EE100A641C042C0865CCD300249FED3C
:10E06000298BB5EE009AE0B2FFF752FF30EE490A75
:10E0700005EBC40610EE100A3060E0B2FFF788FF2F
:10E08000B7EEC00A641C022C30EE480BB7EEC00B92
:10E0900010EE100A7060E6D300F038F810EE100AA7
:10E0A000286400F03FF810EE100A686400F0A2F84F
:10E0B00010EE100AA86400F075F910EE100AE8647A
:10E0C000286D00EE100A012005EB8001096D00EEBD
:10E0D000901AF4EEC00AF1EE10FA01DD00EE101A0B
:10E0E000401C0428F0D310EE100A2866BDEC048B07
:10E0F000BDE8F081CDCCCCCCCCCCE43F2C060024C8
:10E100004E070024666666666666E63F044810B5FC
:10E11000FFF7EAF800EE100AB8EE400A10BD000062
:10E12000B4030024044810B5FFF7DEF800EE100A2F
:10E13000B8EE400A10BD0000CC03002430B50546FF
:10E140000C462DED028B83B008689FED1B8A00EE14
:10E15000100A20EE080AB7EEC00AFEF761FEBDEE17
:10E16000C00B10EE101AADF80010606800EE100A37
:10E1700020EE080AB7EEC00AFEF752FEBDEEC00B55
:10E1800010EE100AADF80200A06800EE100A20EEB2
:10E19000080AB7EEC00AFEF743FEBDEEC00B06222A
:10E1A000694610EE100AADF80400284600F074FB32
:10E1B00003B0BDEC028B30BD0000C84230B587B063
:10E1C000B1F8FB206B46ADF80020002208E000BF4C
:10E1D00001EB420503EB4204521CB5F8FD5065808B
:10E1E000BDF800409442F3D81822194600F054FBC1
:10E1F00007B030BD0D4810B5FFF776F800EE100AF5
:10E20000B0EE042B9FED0A3BB8EE400B9FED0A4B9E
:10E210009FED0B1B20EE020B80EE032B22EE040B76
:10E2200080EE012BB7EEC20B10BD0000E40300240A
:10E2300000000000E0FFEF400000000000407F40D1
:10E24000000000000000494010B53D4900EB4000CF
:10E2500001EBC0002DED068B6030FFF745F800EEB6
:10E26000100ADFED380AB0EE043AB8EE400A9FED2E
:10E27000361BB0EE042BC0EE203A23EE830AB7EE35
:10E28000C00A20EE011B32EE400B81EE002BB7EEF0
:10E29000C20BB7EEC00AB0EE40ABFEF725F89FED1B
:10E2A0002C9B9FED2D2B9FED2E3B9FED2F1B00EE0A
:10E2B000092B83EE020B30EE410BB7EEC00BB7EE2D
:10E2C000C08A38EE010BB0EE001BFEF72DF99FED72
:10E2D000283B9FED291B9FED2A2B20EE030B08EE18
:10E2E000010B30EE020BB7EEC08BB0EE4A0BFDF720
:10E2F000FBFF20EE099BB7EE000BFDF78DFEFDF74F
:10E30000F3FF89EE002BB7EEC83A9FED1F1A9FED81
:10E310001F4B9FED206B28EE010A9FED205BB7EEAF
:10E32000C00ABDEC068B32EE031B31EE441B80EEBF
:10E33000012B32EE460B80EE051BB7EEC10B10BD74
:10E34000F402002400FF7F470000000000E7E840DF
:10E350006666666666A2724067B8019FBFCF92404C
:10E36000000000805CF831416666666666127140A6
:10E370007BA35698BED780BF492EFF21FDB61C4017
:10E38000166A4DF38E64B14000EEE846D6C56D3492
:10E390002074A54000000000C0ACDA40000000007E
:10E3A000000059400D4810B5FEF79EFF00EE100A20
:10E3B000B0EE042B9FED0A3BB8EE400B9FED0A4BED
:10E3C000B6EE001B20EE020B80EE032B22EE040BB8
:10E3D00020EE010BB7EEC00B10BD0000FC030024C3
:10E3E00000000000E0FFEF409A99999999193C408C
:10E3F000124900EB400010B501EBC00000F5907031
:10E40000FEF772FF00EE100AB0EE043B9FED0C4BDE
:10E41000B8EE400BB7EE045B9FED0B1BB3EE042B85
:10E4200020EE030B80EE043B33EE453B83EE010B05
:10E4300080EE021BB7EEC10B10BD0000F4020024F9
:10E4400000000000E0FFEF40FA7E6ABC7493683F72
:10E450001CB5B1F80320ADF800200622B1F8051074
:10E46000ADF80210694600F017FA1CBD0148007BA8
:10E4700070470000D80400240222072100F025B8CC
:10E4800030B40C00029D07D032B10BB1934209D9D0
:10E49000072A06D3072305E02A46194630BC00F0B8
:10E4A00014B813464374857400218173C1730174D9
:10E4B000C0F81340C275084603E000BF24F81010EE
:10E4C000401C9042FADB30BC704710B509B10729F7
:10E4D00000D9072141748274002383730724C37316
:10E4E00019460374C0F81330C47500EB4102491C8F
:10E4F00007291380F9DB10BD38B50B4D5FF0000420
:10E5000004EB440005EBC000FFF7B6FF641C102CC1
:10E51000F6D306490520282300903222A1F190006D
:10E52000FFF7AEFF38BD0000F4020024740400249D
:10E530001FB5002080F3108800F01CFF2D49142225
:10E540002D48F1F75AFF2B4801682C4841F0006133
:10E55000016000240094019402940394F6F7CEFE27
:10E5600001208DF80C001F218DF8081087228DF8EE
:10E5700009208DF80D008DF8000068468DF80A40DE
:10E580008DF80E408DF8014001948DF80B408DF808
:10E590000F40F6F785FE0420F6F7BEFEF6F70CFEF8
:10E5A000FCF780F8FBF701FBFBF72AF8FAF766FFA8
:10E5B000FBF77EFAFAF7B0FFFAF7E6FDFBF70AF988
:10E5C000FBF738F9FBF768F9FBF7FCF9FBF7A6FA5C
:10E5D000FAF74EFEFBF7D2F8FAF7ECFEFBF7B2F9CA
:10E5E000FBF728FA00F050F8FAF7F0FF00F05EF8B9
:10E5F000FEE7000044000024E804002408ED00E0E9
:10E60000F0B50B30154D20F007010024144A0FE03F
:10E6100003688B420BD38B4205D95E1A43184768B7
:10E62000C3E9006700E04368136002C004E0021D14
:10E6300010680028ECD12046002802D1286808B1D3
:10E640000020F0BD064A07481060074A121A22F05F
:10E650000702C0E9002401202860D7E768010024F0
:10E66000640100245C5D0024585F002410B5EFF3C2
:10E67000058111B16FF0050404E04FF0000408B10A
:10E6800001F06AFA204610BDEFF3058010B16FF07B
:10E69000050070470449086810B14FF0FF3070471B
:10E6A00001220A60002070473401002410B5EFF306
:10E6B000058010B16FF0050010BD08480168012900
:10E6C00002D04FF0FF3010BD054A002182F8141D22
:10E6D0000221016001F0F0FA002010BD3401002495
:10E6E0000BE000E070B505464FF00004EFF3058045
:10E6F00050BB0DB1686800E00020C10701D00126C1
:10E7000000E0002600071FD46DB1D5E9021021B149
:10E71000502819D31EB1042002E020B114E00120DA
:10E7200001F015FC05E00EB1042000E0012001F02D
:10E7300003FC040008D00DB1296800E0002101F0BD
:10E74000D5F90EB144F00104204670BD002001F05F
:10E7500029FAFEE72DE9FF414FEA01034FF00005DA
:10E76000EFF30581039561BB58B34FF080064FF07E
:10E7700018014FF000044AB3176807B13C46976987
:10E780001FB139467F1E382F02D21779FF0703D0F9
:10E79000002004B0BDE8F081576907B1BE08D2F887
:10E7A00008C0BCF1000F0DD0D5685C2D18D31269DC
:10E7B0003AB137B18DE806103246214601F089FEA4
:10E7C00003900DE0D7685FB912694AB903AACDE991
:10E7D0000012B2B2214601F04FFE012800D003958D
:10E7E0000398D6E72DE9F0412A4FB87800284ED09B
:10E7F000388809284BD3002635462EE07819041DA9
:10E800008288A2F5A8415A3926D1A178142923D1AA
:10E81000E1781C2920D161793B8801F109029B1B19
:10E82000934219D30A3000F0A9FF627905F10A0377
:10E83000D119CB5C98420FD105F10B00085AA0F515
:10E840007E435A3B08D12079A11DFEF7D3FD6079A4
:10E8500008350544681C86B26D1C3888A842CDD89E
:10E86000388800253C46B0420AD92088A119091DE4
:10E87000821B201DF1F7C1FD2088801B208000E055
:10E8800025802088B0F5967F00D12580A570BDE851
:10E89000F0810000FC04002470B514460D460646C5
:10E8A000F2F718FA002806D0224629463046BDE87D
:10E8B000704000F06FBF70BDF0B50169426900EEB5
:10E8C000101A00EE902A9FED1F1A30EE200A10EE6B
:10E8D000101A0161446800EE101A01EE904A0568B2
:10E8E000C36821EE803A02EE105A02EE903A866832
:10E8F00083EE010A30EEE21A01EE906A876902EEB9
:10E90000907A02EE200A01EE810AF0EEC00AF4EEDF
:10E91000E20AF1EE10FA0BD200EE101A00EE902A85
:10E9200030EE600A10EE101A9FED070A0161F0BD8B
:10E93000064B994202DC064B994200D90361C26042
:10E94000F0BD00000000C842000000000000C84206
:10E950000000C8C22DE9F041134C0F460546E66899
:10E960002068001D00F0C2FF681C07D137B1216884
:10E97000BDE8F0410D48091D01F00AB82068354492
:10E98000B5424560216805D2A06B091DBDE8F04184
:10E9900000F0E6BF606B091D00F0E2FFA06A85424F
:10E9A00000D2A562BDE8F081E400002474190024BF
:10E9B0002DE9F041054600F0F7FF2D4C2D4FA068E2
:10E9C000401CA060206810B1606930B32BE0256066
:10E9D000A068012827D1002606EB860007EB8000FF
:10E9E00000F0B0FF761C382EF6D3234800F0AAFFC3
:10E9F0002148143000F0A6FF1F48283000F0A2FF85
:10EA00001D483C3000F09EFF1B48503000F09AFF3C
:10EA1000194860631430A06305E0E86A2168C96A98
:10EA2000814200D82560606A401C60626864E86AC0
:10EA30002169884200D9206100EB8000291D07EB85
:10EA4000800000F0A5FF00F0CFFF606900280CD027
:10EA50002068E96AC06A884207D208494FF08050AE
:10EA60000860BFF34F8FBFF36F8FBDE8F0810000E8
:10EA7000E4000024C41400242419002404ED00E060
:10EA800038B500F091FF104C2068C8B90F4800F06D
:10EA900059FF0E48143000F055FF0C490020E1608A
:10EAA00014312161A1F582730090A1F1B40210210B
:10EAB0000A2001F07AFA206010B105A101F016F8E1
:10EAC000BDE8384000F090BF20010024781A0024EF
:10EAD000546D72510000000030B4026C0B46002AE5
:10EAE0000BD0D0E902411144C160A14201D30168B9
:10EAF000C160184630BCF1F780BC30BC70472DE9CE
:10EB0000F041856B1746026C0446002682B1C7B1FE
:10EB1000E068F1F772FCE168206C2268091AE16094
:10EB2000914202D2A168081AE060022F16D017E0C5
:10EB30002068A8B9A06801F06FFD06460020A0601B
:10EB40000EE06068F1F759FCD4E90101226C104431
:10EB50006060884204D32068606001E005B16D1EEA
:10EB60006D1CA5633046BDE8F08110B5044690F8F1
:10EB7000590058B101280CD002280FD0502080F342
:10EB80001188BFF34F8FBFF36F8FFEE7206B00F04C
:10EB90003FFF2046BDE8104000F03ABF10BD000026
:10EBA00011484FF4705110B5420706D00E49C01DF0
:10EBB00020F00700411AC1F570510C4C00230144AC
:10EBC0000839A4F1180221F00701C4E900030C1A66
:10EBD00011604B600B60C0E9001494604FF000417D
:10EBE0005460516110BD00005821002450010024E0
:10EBF000144E4FF08058144CDFF85090A6F29C470A
:10EC000012E000BF00F0D0FEF068C568281D00F0DB
:10EC10006DFEA068401EA0606068401E606000F04D
:10EC2000E3FE2846FFF7A1FF60680028EAD13868B4
:10EC30000128F9D9C9F80080BFF34F8FBFF36F8F58
:10EC4000F2E7000060190024E400002404ED00E075
:10EC5000002807D00021816001600B460A46C16090
:10EC600001F020BA7047000070B51D46049C51B1F8
:10EC7000C4F80020C4E90F010121204601F0C8F9C1
:10EC800084F84C5070BD2460F4E72DE9F05F8846AD
:10EC90009A4691001546DDE90B940A9EA52283460B
:10ECA000206BF1F7BCFB206B6FF0030101EB8501DA
:10ECB000084420F00707780707D0502080F3118818
:10ECC000BFF34F8FBFF36F8FFEE7B8F1000F4FF028
:10ECD00000050ED00020221818F8001082F8341019
:10ECE00018F8001011B1401C1028F4D384F84350D8
:10ECF00001E084F83450382E00D33726E662201D18
:10ED0000C4E9136500F029FE04F1180000F025FEA7
:10ED10006565C6F13800A06184F8585052462461F8
:10ED200059463846646200F0FDFAB9F1000F2060E0
:10ED300001D0C9F80040BDE8F09F000030B511498E
:10ED400000E011460A688242FBD34B685C1884429B
:10ED500003D14468084623444B6043681D1895421C
:10ED600009D1084C183C2468A24209D052681A44C0
:10ED700042600A6812680260814200D0086030BDBB
:10ED80000460F9E75001002470B50D4D91424160D7
:10ED90004FF00004006106D88169D21A8A4206D277
:10EDA000011D286907E09A4203D2994201D3012448
:10EDB00003E0011DE86800F0D3FD204670BD0000AF
:10EDC0002001002410B5044600F0EEFDA06B28B130
:10EDD0005FF0000400F008FE204610BD0124F9E7B2
:10EDE00030B53C4D89B06BE00498002806DA059AEE
:10EDF000DDE9060190470498002861DB069C606904
:10EE000010B1201D00F072FD03A800F0D5F80246F5
:10EE100004980A2854D2DFE800F00505052D304794
:10EE200005052D3094F8280040F0010084F82800F2
:10EE3000A06905990B4601442046FFF7A5FF50B392
:10EE4000216A2046884794F82800400738D50020DA
:10EE5000009005980023A16942181946204601F048
:10EE6000E3FCC0B9502080F31188BFF34F8FBFF38C
:10EE70006F8FFEE794F828001EE094F8280040F019
:10EE8000010084F828000598A06128B18118134674
:10EE90002046FFF779FF13E0502080F31188BFF37D
:10EEA0004F8FBFF36F8FFEE794F82800810703D4DC
:10EEB000204600F0ADFD03E020F0010084F82800BA
:10EEC0002868002204A901F0FDF900288CD109B0BE
:10EED00030BD0000200100242DE9FC410F4605460D
:10EEE00000F02EFF01A800F067F80446019818B161
:10EEF00001F008FCBDE8FC81254EAFB13069006827
:10EF0000D0B300273068291B3A4600F003FE01F019
:10EF1000F9FB0028EED11F494FF080500860BFF385
:10EF20004F8FBFF36F8FE5E7A542EBD801F0EAFB07
:10EF3000F0682746C068C468201D00F0D7FC94F82C
:10EF40002800410719D5A0692B463A4641192046A9
:10EF5000FFF71AFFA8B100202A4603460146009099
:10EF6000204601F061FC60B9502080F31188BFF3A6
:10EF70004F8FBFF36F8FFEE707E020F0010084F8AA
:10EF80002800216A20468847B4E70127BAE7000035
:10EF90002001002404ED00E00648416B096829B116
:10EFA000416BC968C9684968816270474FF0FF3199
:10EFB000FAE70000E400002470B5054601F0C2FA4B
:10EFC000064E0446B068844203D200F009F80120DE
:10EFD00000E0002028602046B46070BD20010024BD
:10EFE000F8B5194D20E0C068C4680668201D00F01F
:10EFF0007DFC216A2046884794F82800400713D5F5
:10F00000A0693044B04206D92461211D6060E868DF
:10F0100000F0A6FC08E000203246034601460090BE
:10F02000204601F001FC38B1E86801680029DAD116
:10F030002969C5E90310F8BD502080F31188BFF39A
:10F040004F8FBFF36F8FFEE7200100240848406810
:10F05000401C4FF0500080F3118804D0BFF34F8F55
:10F06000BFF36F8FFEE7BFF34F8FBFF36F8FFEE7E6
:10F0700058010024074CE068016841B1C0680021D4
:10F08000D0F80000FFF728FFFFF7AAFEF3E7012101
:10F090000020F7E7200100242DE9F041044600F0AC
:10F0A00083FC94F9455004F1240609E0606A48B1F4
:10F0B000304601F0EFFA08B100F0C4FD6D1E6DB2EC
:10F0C000002DF3DC4FF0FF3684F8456000F08CFC37
:10F0D00000F06AFC94F9445004F1100709E020693B
:10F0E00048B1384601F0D6FA08B100F0ABFD6D1E0C
:10F0F0006DB2002DF3DC84F84460BDE8F04100F00F
:10F1000073BC00000B4B00210948642210B5197034
:10F1100044F61F6103685A630268D162C16000212E
:10F12000F8F712FFBDE810400148F8F799BB00005E
:10F130005C0E0024580000242DE9F0411D4E0025EE
:10F140001D4C1E4F96F8F5102078552920F00C0024
:10F150000ED196F8F610AA290AD16178890702D44F
:10F16000A178890704D5001D2070FBF75FF90DE039
:10F17000207000211148F8F787FF10480821F8F7A0
:10F1800083FF0E48F8F7F2FB3868456296F8F60000
:10F1900055280DD109480021F8F776FF07480821C6
:10F1A000F8F772FF0548F8F7E1FB2570386845620B
:10F1B000BDE8F0812C06002458000024C40D002472
:10F1C000F0B5082923D31349028853BA0B808278FB
:10F1D0008A70012AB0F8032052BAA1F803204479BA
:10F1E0004C7190F906608E71C579CD7110D055279C
:10F1F000094806EB860180F86470A0F8653080F855
:10F200006940A0F86720A0F86A1080F86C50F0BD43
:10F21000AA27EDE7180000244E0700240949002220
:10F220008A62CA620288120A81F82820027881F86C
:10F230002920827881F82A20C07881F82F0008469A
:10F24000FEF7CCBC780000242DE9F04100270446ED
:10F2500000F076FD324E306808B9FFF7A1FC706906
:10F2600004424ED1C4B3083460070ED004F0070046
:10F27000C0F108000444600707D0502080F31188D3
:10F28000BFF34F8FBFF36F8FFEE72CB370688442DC
:10F2900037D82348183001460D6801E028460D464E
:10F2A0006968A14202D229680029F7D131688D42EC
:10F2B00027D007682968016008376868011B102992
:10F2C0000FD92819420708D0502080F31188BFF3C6
:10F2D0004F8FBFF36F8FFEE713E041606C60FFF765
:10F2E0002DFD69687068401A7060B268904200D263
:10F2F000B060002072691143C5E90001F068401C4C
:10F30000F06001F0FFF9780707D0502080F31188F2
:10F31000BFF34F8FBFF36F8FFEE73846BDE8F08134
:10F320003801002470B5041F094E231F4FF080756B
:10F3300021F0010125601C1F1960A0F120010B1FA5
:10F34000266044380A606FF002051D6070BD000041
:10F350004DF0120810B5F1F7EBFA0128044605D17B
:10F36000034900204FF49172F1F70BFB204610BDCA
:10F370002C06002410B5F2F72DFB07480088002862
:10F3800008D006491422BDE8104001EB40100449A2
:10F3900000F008B810BD000000000024E0FF0F08D6
:10F3A00044000024001D00B5F2F7D4F9002000BD90
:10F3B00010B5F1F7BDFA002806D0044904224FF435
:10F3C0009170F1F777FB012010BD000002000024CE
:10F3D00010B5F1F7ADFA002806D0044900204FF42B
:10F3E0009172F1F767FB012010BD00002C0600248C
:10F3F00038B5044600208DF80000FFF7E9FF012230
:10F4000069468DF800002046FFF746FA38BD000037
:10F410001CB502685524284B4FF4004100928088A7
:10F42000ADF804009DF80000AA2803D000228DF852
:10F43000004000E001221846F5F7C9FB9DF80410D2
:10F440001E48AA2903D001228DF8044000E00022C2
:10F450004021F5F7BCFB9DF80100AA2801D08DF8EA
:10F46000014047F23050BDF80210814201D9ADF899
:10F4700002009DF80500FA2802D9FA208DF805004F
:10F480000F480099C0F81B11BDF80410A0F81F1117
:10F490009DF80100AA280CD000210A4881709DF82F
:10F4A0000510C170BDF802100180BDE81C40FFF7D7
:10F4B000B5BE0121F1E70000000C02580008025817
:10F4C0002C060024200000240A8800EBC0039FEDD6
:10F4D000121B00EE102A0F4903EB4303B8EE400B5A
:10F4E0001944B4EEC10BA1F80920F1EE10FA02DDC7
:10F4F000A622A1F80920B1F80910B2EE041B00EE13
:10F50000101AB8EE400B80EE012BB7EEC20BFAF7E3
:10F51000DBBC00002C0600243333333333D3644088
:10F5200030B400EBC005114B0A884FF4A97405EB09
:10F5300045011944A242A1F8072002D9A1F80740C9
:10F5400004E0CE2A02D2CE22A1F80720B1F807109B
:10F55000B2EE041B00EE101A30BCB8EE400B80EE89
:10F56000012BB7EEC20BFAF7CBBD00002C0600242E
:10F5700006490A78AA2A08D0CA7EAA2A05D05528A0
:10F5800001D0AA2801D181F8F50070472C0600248B
:10F59000016802480160FFF70BBF00000200002471
:10F5A000B1F900209FED0D0B01EE102AB8EEC11B42
:10F5B00081EE002BB7EEC21B11EE102A0260B1F9EA
:10F5C000021001EE101AB8EEC11B81EE002BB7EE4F
:10F5D000C20B10EE101A41607047000000000000DE
:10F5E00000005940B1F900209FED130B01EE102AE5
:10F5F000B8EEC11B81EE002BB7EEC21B11EE102A34
:10F600000260B1F9022001EE102AB8EEC11B81EEB2
:10F61000002BB7EEC21B11EE102A4260B1F90410A4
:10F6200001EE101AB8EEC11B81EE002BB7EEC20B33
:10F6300010EE101A81607047000000000000594071
:10F6400030B4038800220B2B26D800214FF4D2754A
:10F6500009E000BF00EB410464882244F03C92B210
:10F66000AC4219D8491C8B42F4D841F288318A4205
:10F6700012D80A4A0021A2F8FB3007E000EB41044F
:10F6800002EB4103491C6488A3F8FD4003888B42C8
:10F69000F4D830BCF1F7B0BA30BC70472C06002467
:10F6A00006490A78AA2A08D0CA7EAA2A05D055286F
:10F6B00001D0AA2801D181F8F60070472C06002459
:10F6C0000A88963AB2F5FA7F02D80A88A0F8032091
:10F6D0004988A0F80510704700B541EC100B2DEDDE
:10F6E000028B83B0B1EEC08B18EE100A18EE901AA0
:10F6F0008DED008B002818BF0120084320F000404A
:10F70000C0F17F6000F1E040C00F14D010EE101A7D
:10F7100010EE900A8DED000B002918BF012108435F
:10F7200020F00040C0F17F6000F1E040C00F04BF56
:10F730000120FDF749FC51EC180B03B0BDEC028B26
:10F7400000BD70B50446007801250E4620B10128A1
:10F7500009D00325284670BD0120207000F0F2FE7C
:10F76000C4F80100F6E700F0EDFED4F80110401AED
:10F77000B042EFD9032020700546EBE70346002096
:10F78000024610B503E09C5C521C2044C0B28A4281
:10F79000F9D310BD70B50D46134945F25A464FF0E6
:10F7A0001C0314004FF014020E800E4608718B707B
:10F7B000CA704C7104D0B01D22462946F0F71DFED8
:10F7C00021462846FFF7DAFF31195A2304F10902CE
:10F7D0008871FE24CB71D2B20C72BDE87040024930
:10F7E0000248F9F769B900007001002404120024EE
:10F7F0002DE9F0470D1F002D51DD2E4C2289638924
:10F80000521C934201D1012600E00026277BDFF83D
:10F81000A89001214FF0000867B1022F0AD0478855
:10F82000BB4204D103889A4201D1EA060CD0C6B18A
:10F83000032019E042886281A4F80880012A236825
:10F8400063600CD0002621732173011D6368AAB286
:10F850001846F1F7F3FFA0B12EB1042004E0012611
:10F86000F1E7062000E0072014492073D9F80020B2
:10F8700009688A4213D0C9F80010BDE8F04700F0CB
:10F8800099BA76B12168C9F8001000F093FA022005
:10F89000207320686060A4F80880A4F80A80BDE89E
:10F8A000F087052020736068284460602089401C30
:10F8B0002081F4E7D804002444000024E804002454
:10F8C00008480022084910B502730C688B689C42F6
:10F8D00002D1C968016001E01946036041600281FC
:10F8E000428110BDD8040024E8040024D0E901328C
:10F8F00001699A60D0E901235A604A68824201D1C5
:10F9000082684A60002202610868401E0860086838
:10F910007047000010B5044C8023046004F15C00C3
:10F920000860136010BD0000A01A002410B5044C3C
:10F930004FF48073046004F15C000860136010BD34
:10F94000FC1C00244FF0FF3300F108010022C0E945
:10F9500001130260C16001617047002101617047BD
:10F9600030B50B685A1C02D000F1080202E00269AF
:10F9700004E02246546825689D42FAD953684B60DA
:10F9800099608A60516008610168491C016030BD5E
:10F9900042684A6093688B6093685960916008611F
:10F9A0000168491C01607047502080F31188BFF343
:10F9B0004F8FBFF36F8F0A494868401C4860012889
:10F9C0000CD10848006810F0FF0F07D0502080F3DA
:10F9D0001188BFF34F8FBFF36F8FFEE770470000B2
:10F9E0005801002404ED00E00849486828B1401E91
:10F9F000486001D180F311887047502080F311884E
:10FA0000BFF34F8FBFF36F8FFEE700005801002454
:10FA100070B500282AD0164DA0F108046168686905
:10FA2000014207D1502080F31188BFF34F8FBFF3FD
:10FA30006F8FFEE722683AB1502080F31188BFF340
:10FA40004F8FBFF36F8FFEE78143616000F078F95D
:10FA500060686968084468602046FFF76FF92869A4
:10FA6000401C2861BDE8704000F04CBE70BD000035
:10FA7000380100244FF0E020002101614FF47A7238
:10FA80008161072303490968B1FBF2F1491E416115
:10FA900003617047CC00002410B5F0F763FC1149F6
:10FAA00010280ED300F1E0200A7890F8F00390427D
:10FAB00007D2502080F31188BFF34F8FBFF36F8FB1
:10FAC000FEE709488968006800F4E060884207D9C9
:10FAD000502080F31188BFF34F8FBFF36F8FFEE785
:10FAE00010BD0000580100240CED00E0084B5FF051
:10FAF000000210B553F832401CB1521C082AF9D349
:10FB000010BD03EBC20443F83210606010BD00006A
:10FB10008414002470B515460E460446FFF744FFD2
:10FB200094F944100020491C01D184F8440094F950
:10FB30004510491C01D184F84500FFF755FFA06B23
:10FB400028B904F124002A46314600F099F82046ED
:10FB5000BDE87040FFF7A0BA020010B514D00F48FE
:10FB6000006B38B1502080F31188BFF34F8FBFF383
:10FB70006F8FFEE700F0E4F800211046FEF7EAFE82
:10FB800000F0C0FD002807D105494FF08050086003
:10FB9000BFF34F8FBFF36F8F10BD0000E400002450
:10FBA00004ED00E070B50546FFF7FEFE1E4C05B9FA
:10FBB0002568281DFFF79AFEA86A18B105F11800FC
:10FBC000FFF794FE606A401C60622068854207D19E
:10FBD0001648291DFFF7DCFE6068401C606007E0E6
:10FBE000A068401EA0602846FEF7BFFFFFF7D4F9CB
:10FBF000FFF7FAFE6069002814D02068854211D111
:10FC0000206B38B1502080F31188BFF34F8FBFF3C2
:10FC10006F8FFEE706494FF080500860BFF34F8FAB
:10FC2000BFF36F8F70BD0000E40000246019002452
:10FC300004ED00E002490A6A0260C9684160704749
:10FC4000E400002401490120C8617047E400002459
:10FC500010B50C4650B1094909681831FFF780FE0C
:10FC60002046BDE810400121FEF774BE502080F30D
:10FC70001188BFF34F8FBFF36F8FFEE7E4000024BE
:10FC800070B514460D4668B10A4909681831FFF786
:10FC90007FFE0CB14FF0FF3521462846BDE870408D
:10FCA000FEF758BE502080F31188BFF34F8FBFF38B
:10FCB0006F8FFEE7E400002430B587B0002405AA6A
:10FCC00004A9039403A80494FFF724FEDDE90301CB
:10FCD00000940023CDE90110174815A1059A00F002
:10FCE000F8FB164D0028E8621FD000F06DFD0128DA
:10FCF00009D0401C19D1502080F31188BFF34F8FD9
:10FD0000BFF36F8FFEE7502080F31188BFF34F8F52
:10FD1000BFF36F8F01214FF0FF30A8626961EC6083
:10FD200007B0BDE8304000F077B807B030BD000044
:10FD300049444C4500000000F1EB1208E4000024A7
:10FD40000248016B491C016370470000E400002475
:10FD5000164810B5016B11B10121C16110BD002120
:10FD6000C161134A016901E0B9B1491E01EB810388
:10FD700052F82330002BF7D001EB810302EB830212
:10FD800002F1080453685B685360A34201D15B68C9
:10FD90005360DA680260016110BD502080F3118861
:10FDA000BFF34F8FBFF36F8FFEE70000E400002426
:10FDB000C4140024024914224FF00160F1F794BDED
:10FDC000440000247CB514460D46A022C0F3022155
:10FDD0008DF805004FF480639C4242EA41018DF8A2
:10FDE000041000D91C4602199A4201D94042C4B2FB
:10FDF0000848FF26009601230DF10502F5F740F8AB
:10FE00009DF80410234603482A460096F4F7A6FFFF
:10FE10007CBD0000140C002437481CB5374902682B
:10FE20008A4207D1502080F31188BFF34F8FBFF370
:10FE30006F8FFEE731490068491E884207D1502084
:10FE400080F31188BFF34F8FBFF36F8FFEE72C490C
:10FE5000FF200A780192087008788DF800009DF85C
:10FE600000209DF8000002F0F002824207D05020EE
:10FE700080F31188BFF34F8FBFF36F8FFEE79DF8BC
:10FE8000002007201F4C02F050022270A06005E005
:10FE90009DF8002052008DF80020401E9DF80020A3
:10FEA0001206F5D40328A06007D0502080F31188F3
:10FEB000BFF34F8FBFF36F8FFEE74FF44070A0602A
:10FEC000019808700C482030016841F4700101600D
:10FED000016841F070410160FFF7CCFD00206060D7
:10FEE000F0F708FA0848016841F040410160F0F776
:10FEF000EDF900201CBD000000ED00E071C20F41D3
:10FF000000E400E05801002434EF00E0502010B578
:10FF100080F31188BFF34F8FBFF36F8F00F018FB92
:10FF200018B104494FF080500860002080F3118818
:10FF300010BD000004ED00E000210246012010B5D4
:10FF400000F012F80446FEF783FE204610BD38B5D7
:10FF500000220B4611460090012000F026F80446CE
:10FF6000FEF776FE204638BDF8B5050017460E466A
:10FF700013D005FB06F05030FFF766F904000AD0F5
:10FF8000002084F8460004F150023B4631462846E2
:10FF90000094FEF769FE2046F8BD502080F31188DA
:10FFA000BFF34F8FBFF36F8FFEE7F8B5069D18B113
:10FFB00053B1CAB181B120E0502080F31188BFF362
:10FFC0004F8FBFF36F8FFEE7502080F31188BFF390
:10FFD0004F8FBFF36F8FFEE7502080F31188BFF380
:10FFE0004F8FBFF36F8FFEE739B1502080F3118838
:10FFF000BFF34F8FBFF36F8FFEE750241C460126DF
:020000040813DF
:1000000083F8466000932B46FEF72EFE2046F8BD8F
:100010002DE9F04704008A4629D0FFF7C5FC216886
:100020000025D4E90F23D4F840C004F1100810468D
:100030000E46401E4FF0FF3902FB031200FB0C106E
:10004000BAF1000FA563666084F8449084F8459087
:10005000C4E9022013D04046FFF774FC04F12400E9
:10006000FFF770FCFFF7C0FC0120BDE8F0875020CF
:1000700080F31188BFF34F8FBFF36F8FFEE72069C6
:100080000028EFD0404600F005FB0028EAD00449E4
:100090004FF080500860BFF34F8FBFF36F8FE1E7E1
:1000A00004ED00E02DE9FF4704001D4682B08A46BA
:1000B0004FF0000803D0BAF1000F08D011E0502033
:1000C00080F31188BFF34F8FBFF36F8FFEE7206C73
:1000D00038B1502080F31188BFF34F8FBFF36F8F7B
:1000E000FEE7022D0AD1E06B012807D0502080F3F3
:1000F0001188BFF34F8FBFF36F8FFEE700F014FA44
:100100003F4F4FF080564FF0000948B9049838B17E
:10011000502080F31188BFF34F8FBFF36F8FFEE73E
:10012000FFF742FCA06BE16B884207D3022D05D09C
:100130000498D0B1B8F1000F1AD01EE02A465146FB
:100140002046FEF7DCFC616A19B104F1240000F0DE
:10015000A1FA20B13E60BFF34F8FBFF36F8FFFF75F
:1001600043FC012006B0BDE8F087FFF73DFC22E02C
:100170006846FFF75FFD4FF00108FFF735FCFFF71A
:10018000DFFDFFF711FC94F94400401C01D184F815
:10019000449094F94500401C01D184F84590FFF744
:1001A00023FC04A9684600F02BF930B12046FEF785
:1001B00073FF00F0A7FA0020D4E7FFF7F5FBA06B70
:1001C000E16B884213D1FFF70FFC049904F1100092
:1001D000FFF73EFD2046FEF75FFF00F093FA002890
:1001E0009ED13E60BFF34F8FBFF36F8F98E7FFF74D
:1001F000FBFB2046FEF750FF00F084FA90E700007A
:1002000004ED00E02DE9F04704001F4690468946C2
:1002100003D0B9F1000F08D011E0502080F311880D
:10022000BFF34F8FBFF36F8FFEE7206C38B15020C4
:1002300080F31188BFF34F8FBFF36F8FFEE7022F5C
:100240000AD1E06B012807D0502080F31188BFF35A
:100250004F8FBFF36F8FFEE7FFF71EFC5020EFF3C9
:10026000118680F31188BFF34F8FBFF36F8FA06BA0
:10027000E16B884206D3022F04D0002086F3118858
:10028000BDE8F08794F94550A06B3A4649462046B0
:10029000FEF735FC681C04D06D1C84F84550012025
:1002A000ECE7606A0028FAD004F1240000F0F2F9CB
:1002B0000028F4D0B8F1000FF1D00121C8F80010E7
:1002C000EDE700002DE9F74704008A4683B04FF0C0
:1002D000000603D0BAF1000F08D011E0502080F3DF
:1002E0001188BFF34F8FBFF36F8FFEE7206C38B1DB
:1002F000502080F31188BFF34F8FBFF36F8FFEE75D
:1003000000F012F9DFF8F4804FF080574FF0000949
:1003100048B9059838B1502080F31188BFF34F8F4A
:10032000BFF36F8FFEE7FFF73FFBA56BC5B15146EB
:100330002046FEF7D1FB6D1EA563206950B104F184
:10034000100000F0A7F928B1C8F80070BFF34F8F74
:10035000BFF36F8FFFF748FB012006B0BDE8F087C1
:10036000059808B11EB106E0FFF73EFB27E068469E
:10037000FFF760FC0126FFF737FBFFF7E1FCFFF713
:1003800013FB94F94400401C01D184F8449094F983
:100390004500401C01D184F84590FFF725FB05A9D5
:1003A000684600F02DF8002820460AD0FEF774FEBB
:1003B00000F0A8F92046FEF705FD0028B3D0002084
:1003C000CBE7FEF7FFFC90B1059904F12400FFF79D
:1003D0003FFC2046FEF760FE00F094F90028A2D111
:1003E000C8F80070BFF34F8FBFF36F8F9BE72046B5
:1003F000FEF752FE00F086F995E7000004ED00E0FC
:100400002DE9F04105000C4612D0CCB1FFF7CCFA33
:10041000184E2068F268471C6B68A2EB030117D0E6
:100420002F68366AB74215D0934213D801251CE0D5
:10043000502080F31188BFF34F8FBFF36F8FFEE71B
:10044000502080F31188BFF34F8FBFF36F8FFEE70B
:1004500000250AE0884205D9401A20602846FFF7A7
:10046000E9FBF5E7002020600125FFF7BDFA2846EB
:10047000BDE8F081E40000242DE9FF5F99461646AF
:100480008A4683469000DDE90E87FEF7DDFE050013
:100490001CD05C20FEF7D8FE040014D00020256399
:1004A00084F859004B46CDE90087CDE90240324639
:1004B00051465846FEF7E9FB2046FEF779FA01203F
:1004C00004B0BDE8F09F2846FFF7A2FA4FF0FF30D6
:1004D000F6E7F0B585B0DDE90B740A9DA7B1DCB194
:1004E0005C262763022684F85960002703970DF1E4
:1004F000100C0095CDE901C4FEF7C7FB2046FEF7BE
:1005000057FA049805B0F0BD502080F31188BFF36E
:100510004F8FBFF36F8FFEE7502080F31188BFF33A
:100520004F8FBFF36F8FFEE70548416919B1006B2C
:1005300018B100207047012070470220704700006A
:10054000E40000240148C06870470000E400002473
:100550002DE9F0412E4C206B002728B1A069401CEA
:10056000A0613846BDE8F081E668761CE66013D1EC
:10057000606B006838B1502080F31188BFF34F8F53
:10058000BFF36F8FFEE7606BA16B6163A063206AAE
:10059000401C2062FEF700FDDFF87880A06A8642EA
:1005A00009D3606B0068A0B1606BC068C5686868FB
:1005B000864211D2A0622068C06A00EB800158F820
:1005C0002100012800D90127E0690028C9D00127AE
:1005D000C7E74FF0FF30EDE7281DFFF787F9A86A5E
:1005E00018B105F11800FFF781F9E86A216988421E
:1005F00000D9206100EB800108EB8100291DFFF785
:10060000C7F92068E96AC06A8142CAD30127C8E7EE
:10061000E4000024C414002470B504464FF0000127
:1006200090B31A4D2868844207D0502080F3118877
:10063000BFF34F8FBFF36F8FFEE7206D38B1E36CD0
:10064000401EE26A20659A421ED040B11CE0502054
:1006500080F31188BFF34F8FBFF36F8FFEE7201D2C
:10066000FFF744F9E06CC0F13801A161E06229694B
:10067000884200D9286100EB8000054901EB800029
:10068000211DFFF785F90121084670BDE400002413
:10069000C414002470B5C068C46854B104F11800D3
:1006A0000646FFF723F9144D286B50B11348314625
:1006B00015E0502080F31188BFF34F8FBFF36F8F89
:1006C000FEE7201DFFF712F9E06A2969884200D988
:1006D000286100EB80000A4901EB8000211DFFF733
:1006E00057F9E06A2968C96A884203D90121E9619A
:1006F000084670BD002070BDE40000244C190024A1
:10070000C41400242DE9F0472C4D286B0024274603
:1007100038B1FFF749F9286B401E2863286B40B1B8
:1007200047E0502080F31188BFF34F8FBFF36F8FE6
:10073000FEE7234E0120A968D9B3A6F5916980464A
:100740003068E0B1F068C46804F11800FFF7CEF833
:10075000201DFFF7CBF8E06A2969884200D928619B
:1007600000EB800109EB8100211DFFF711F9E06A20
:100770002968C96A8842E3D3C5F81C80E0E70CB158
:10078000FEF70AFCAC694CB14FEA0806FFF7E0FE41
:1007900000B1EE61641EF9D10020A861E86940B1A2
:1007A000084901274FF080500860BFF34F8FBFF317
:1007B0006F8FFFF719F93846BDE8F087E400002491
:1007C0004C19002404ED00E010B586B0FEF758F98E
:1007D000114C2068B8B10020039005AA049004A928
:1007E00003A8FFF7A3F8DDE90321022000238DE829
:1007F00007000C4809A1059AFFF76BFE606010B175
:1008000006B0012010BD502080F31188BFF34F8F38
:10081000BFF36F8FFEE7000020010024546D7220AB
:100820005376630075F012082DE9FF411E4613460A
:1008300002004FF000000A9D16D0144C2768002FCC
:100840000FD006290292CDE9001317DAFFF76CFEEC
:1008500002284FF000030FD0002220686946FFF7FE
:1008600021FC04B0BDE8F081502080F31188BFF373
:100870004F8FBFF36F8FFEE72A46EEE70023324625
:1008800069463846FFF7BEFCEBE700002001002474
:10089000080B13080000000000000000000000002A
:1008A000000000000002000018000000000000002E
:1008B00000000000E40A130800000000000000002F
:1008C000000000000000000000020000180000000E
:1008D0000000000000000000FC0A130800000000F7
:1008E0000000000000000000000000000002000006
:1008F000180000000000000000000000D80A1308E3
:10090000000000000000000000000000F00A1308D2
:1009100000000000000000000000000000061016AB
:10092000000610160001020304050607080C101447
:10093000182030400000000000000000000000000F
:1009400000000000000000000100000002000000A4
:10095000030000000400000000000000050000008B
:100960000000000000000000000000000600000081
:100970000000000000000000000000000700000070
:10098000010002000400060008000A000C0010002C
:100990002000400080000001010101030701000068
:1009A0000804020408010101000000000102030420
:1009B0000102030406070809000000000000E03FF0
:1009C000000000000000E0BF0000E0FE422EE63F15
:1009D0000000E0FE422EE6BF763C7935EF39EA3D75
:1009E000763C7935EF39EABD3E5555555555C53FED
:1009F00093BDBE166CC166BF2CDE25AF6A56113F93
:100A0000F16BD2C541BDBBBED0A4BE726937663E94
:100A100004FA97999999D93FAF788E1DC571CC3F4B
:100A20009FC678D0099AC33F935555555555E53F14
:100A3000599322942449D23FDE03CB966446C73FA4
:100A400044523EDF12F1C23F000000000000F03FC0
:100A5000000000000000F83F00000000000000005F
:100A60000000004003B8E23F00000000000000006A
:100A700006D0CF43EBFD4C3E033333333333E33FF8
:100A8000FFAB6FDBB66DDB3F4D268F515555D53F24
:100A900001411DA96074D13F65DBC9934A86CD3FF2
:100AA000EF4E454A287ECA3F3E5555555555C53FE0
:100AB00093BDBE166CC166BF2CDE25AF6A56113FD2
:100AC000F16BD2C541BDBBBED0A4BE726937663ED4
:100AD00000000000000000006D794D7574657830ED
:100AE000310000006D795461736B303200000000FA
:100AF0006D794D7574657830320000006D79546100
:100B0000736B30330000000064656661756C74546B
:100B100061736B00340B13080000002470010000A7
:100B200076061208740B130870010024E8610000B7
:100B3000B8CF12085142034B6041044BE04004011E
:100B400011061B3F0AD7233C22081A02041A12047A
:100B50001A1004011E13300BBC2495043D013532DC
:100B60000182103C90D00304BCC073450401771A85
:040B7000AA010110C5
:040000050812029942
:00000001FF
